{"type":"Topology","bbox":[-81.73562055599996,-4.2294064659999435,-66.84721542699998,13.394727762000059],"transform":{"scale":[0.0014889894118411818,0.001762589681768177],"translate":[-81.73562055599996,-4.2294064659999435]},"objects":{"municipios":{"type":"GeometryCollection","geometries":[{"type":"Polygon","arcs":[[0,1,2,3]],"properties":{"pcode":"CO91","name":"Amazonas"}},{"type":"Polygon","arcs":[[4,5,6,7,8,9,10,11]],"properties":{"pcode":"CO05","name":"Antioquia"}},{"type":"Polygon","arcs":[[12,13,14,15]],"properties":{"pcode":"CO81","name":"Arauca"}},{"type":"MultiPolygon","arcs":[[[16]],[[17]],[[18]],[[19]],[[20]],[[21]]],"properties":{"pcode":"CO88","name":"Archipiélago de San Andrés, Providencia y Santa Catalina"}},{"type":"Polygon","arcs":[[22,23,24]],"properties":{"pcode":"CO08","name":"Atlántico"}},{"type":"Polygon","arcs":[[25,26,27]],"properties":{"pcode":"CO11","name":"Bogotá, D.C."}},{"type":"MultiPolygon","arcs":[[[28]],[[29]],[[30]],[[31]],[[32]],[[33]],[[34]],[[35]],[[36]],[[37]],[[38]],[[39]],[[40]],[[41]],[[42]],[[43]],[[44]],[[45]],[[46]],[[47]],[[48]],[[49]],[[50]],[[51]],[[52]],[[53]],[[54]],[[55]],[[56]],[[57]],[[58]],[[59]],[[60]],[[61]],[[62]],[[63]],[[64]],[[65]],[[66]],[[67]],[[68]],[[69]],[[70]],[[71]],[[72]],[[73]],[[74]],[[75]],[[76]],[[-23,77,78,79,-5,80,81,82]]],"properties":{"pcode":"CO13","name":"Bolívar"}},{"type":"Polygon","arcs":[[83,-15,84,85,86,-7,87,88]],"properties":{"pcode":"CO15","name":"Boyacá"}},{"type":"Polygon","arcs":[[-87,89,90,91,-8]],"properties":{"pcode":"CO17","name":"Caldas"}},{"type":"Polygon","arcs":[[92,93,-3,94,95,96,97]],"properties":{"pcode":"CO18","name":"Caquetá"}},{"type":"Polygon","arcs":[[98,99,-85,-14]],"properties":{"pcode":"CO85","name":"Casanare"}},{"type":"Polygon","arcs":[[100,101,-96,102,103,104,105]],"properties":{"pcode":"CO19","name":"Cauca"}},{"type":"Polygon","arcs":[[106,107,108,-79,109,110]],"properties":{"pcode":"CO20","name":"Cesar"}},{"type":"Polygon","arcs":[[-10,111,112,113]],"properties":{"pcode":"CO27","name":"Chocó"}},{"type":"Polygon","arcs":[[114,-81,-12,115]],"properties":{"pcode":"CO23","name":"Córdoba"}},{"type":"Polygon","arcs":[[116,-28,117,118,-90,-86]],"properties":{"pcode":"CO25","name":"Cundinamarca"}},{"type":"Polygon","arcs":[[119,120,121,122]],"properties":{"pcode":"CO94","name":"Guainía"}},{"type":"Polygon","arcs":[[123,-121,124,-93,125]],"properties":{"pcode":"CO95","name":"Guaviare"}},{"type":"Polygon","arcs":[[-27,126,-97,-102,127,-118]],"properties":{"pcode":"CO41","name":"Huila"}},{"type":"Polygon","arcs":[[-111,128,129]],"properties":{"pcode":"CO44","name":"La Guajira"}},{"type":"Polygon","arcs":[[-129,-110,-78,-25,130]],"properties":{"pcode":"CO47","name":"Magdalena"}},{"type":"Polygon","arcs":[[131,-126,-98,-127,-26,-117,-100]],"properties":{"pcode":"CO50","name":"Meta"}},{"type":"MultiPolygon","arcs":[[[132]],[[-104,133,134]]],"properties":{"pcode":"CO52","name":"Nariño"}},{"type":"Polygon","arcs":[[-89,135,-108,136]],"properties":{"pcode":"CO54","name":"Norte de Santander"}},{"type":"Polygon","arcs":[[-95,-2,137,-134,-103]],"properties":{"pcode":"CO86","name":"Putumayo"}},{"type":"Polygon","arcs":[[138,139,140]],"properties":{"pcode":"CO63","name":"Quindio"}},{"type":"Polygon","arcs":[[-92,141,-141,142,-112,-9]],"properties":{"pcode":"CO66","name":"Risaralda"}},{"type":"Polygon","arcs":[[-136,-88,-6,-80,-109]],"properties":{"pcode":"CO68","name":"Santander"}},{"type":"Polygon","arcs":[[-115,143,-82]],"properties":{"pcode":"CO70","name":"Sucre"}},{"type":"Polygon","arcs":[[-119,-128,-101,144,-139,-142,-91]],"properties":{"pcode":"CO73","name":"Tolima"}},{"type":"MultiPolygon","arcs":[[[145]],[[-140,-145,-106,146,-113,-143]]],"properties":{"pcode":"CO76","name":"Valle del Cauca"}},{"type":"Polygon","arcs":[[-120,147,-4,-94,-125]],"properties":{"pcode":"CO97","name":"Vaupés"}},{"type":"Polygon","arcs":[[-122,-124,-132,-99,-13,148]],"properties":{"pcode":"CO99","name":"Vichada"}}]}},"arcs":[[[8262,1793],[0,-1],[5,-3],[4,-4],[4,-5],[5,-5],[4,-5],[2,-3],[2,-4],[-1,-8],[-3,-4],[-5,-2],[-3,-4],[-1,-3],[0,-4],[-1,-11],[-1,-1],[-1,-4],[-2,-4],[-3,-2],[-2,-4],[-1,-4],[1,-9],[1,-4],[1,-4],[3,-5],[5,-6],[4,-7],[1,-5],[0,-4],[-1,-5],[-1,-5],[1,-8],[4,-9],[3,-6],[0,-4],[-1,-3],[-2,-1],[-10,-3],[-4,-3],[-3,-5],[-3,-5],[-2,-4],[0,-4],[0,-11],[2,-8],[0,-5],[-2,-5],[-2,-1],[-4,-4],[-5,-4],[-3,-6],[0,-9],[0,-6],[1,-3],[2,-4],[0,-7],[-45,-213],[-24,-109],[0,-1],[-64,-300],[-28,-132],[-1,-9],[-58,-269],[-15,-71],[-55,-258],[0,-1],[-17,-81],[-13,-58],[-2,-10],[-2,-8],[-1,0],[-4,-3],[-6,-3],[0,4],[-4,7],[-3,2],[-6,5],[-4,1],[-5,3],[-3,4],[-1,2],[-5,7],[-5,5],[-3,3],[-6,6],[-11,6],[-8,8],[-7,16],[-6,5],[-16,9],[-5,1],[-4,0],[-8,0],[-6,0],[-6,0],[-9,1],[-9,3],[-6,3],[-4,5],[-2,4],[0,15],[1,7],[2,5],[0,9],[-2,11],[-2,6],[-3,8],[-6,3],[-4,1],[-11,2],[-5,1],[-2,1],[-6,4],[-10,7],[-5,7],[-4,8],[-3,8],[-3,8],[-2,3],[-3,4],[-7,4],[-13,5],[-11,2],[-11,3],[-5,1],[-4,0],[-4,-2],[-6,-5],[-5,-5],[-3,-1],[-2,-1],[-9,0],[-7,0],[-4,0],[-4,-2],[-4,-5],[-2,-2],[-14,-10],[-14,-6],[-11,-4],[-14,-1],[-9,-1],[-7,1],[-5,6],[-3,2],[-2,5],[-3,3],[-3,8],[-2,3],[-4,4],[-6,3],[-5,1],[-3,0],[-5,-2],[-8,-4],[-5,-5],[-4,-2],[-3,0],[-4,4],[-3,1],[-6,-1],[-4,1],[-4,1],[-1,1],[-4,4],[-3,4],[-6,5],[-6,5],[-3,2],[-6,0],[-4,0],[-4,-1],[-3,-1],[118,158],[65,88],[153,205],[68,90],[21,27],[2,1],[2,1],[7,14],[2,4],[-4,3],[-2,2],[-2,4],[-1,6],[-1,7],[1,5],[1,5],[0,8],[1,4],[-1,4],[-1,3],[-1,3],[-3,1],[-14,0],[-2,-1],[0,-2],[0,-6],[0,-2],[-2,-3],[-4,-6],[-3,-2],[-3,-2],[-7,-1],[-5,-5],[-5,-1],[-6,0],[-5,2],[0,2],[-3,4],[-1,5],[3,9],[3,3],[1,3],[0,2],[-2,5],[-1,2],[-2,5],[-2,3],[-3,2],[-3,1],[-1,-1],[-1,-4],[-2,-6],[-2,-3],[-4,-3],[-5,-1],[-6,2],[-7,2],[-1,3],[-4,5],[-2,9],[0,3],[0,2],[1,1],[-1,2],[1,1],[0,3],[-1,7],[-1,5],[-4,4],[-3,10],[-1,1],[-4,2],[-2,0],[-6,0],[-2,0],[-10,-3],[-2,-1],[-11,-7],[-5,-2],[-8,-2],[-7,-1],[-3,1],[-7,2],[-6,3],[-4,3],[-3,5],[0,4],[2,3],[3,3],[4,2],[7,2],[5,0],[8,0],[3,1],[4,1],[3,1],[2,2],[2,2],[0,5],[-1,3],[-1,1],[-2,0],[-8,-3],[-3,0],[-5,1],[-3,4],[-5,2],[-4,0],[-1,1],[-7,1],[-6,0],[-4,-1],[-8,-5],[-2,-2],[-3,-4],[-3,-3],[-8,-4],[-6,-2],[-5,0],[-5,2],[-4,1],[-5,5],[-3,4],[-2,5],[-1,5],[0,3],[0,4],[-1,2],[-5,8],[-4,4],[-1,0],[-1,0],[-4,-5],[-6,-4],[-4,-3],[-6,-1],[-7,1],[-3,1],[-4,4],[-2,2],[-4,6],[-3,6],[-3,5],[-6,5],[-4,2],[-6,2],[-8,-1],[-5,-2],[0,-2],[2,-2],[7,-1],[5,-2],[8,-4],[3,-2],[2,-3],[0,-4],[-2,-4],[-6,-5],[-2,-2],[-6,-3],[-4,-1],[-2,0],[-8,-1],[-6,0],[-8,0],[-6,2],[-7,3],[-3,2],[-4,3],[-3,4],[-1,5],[1,4],[2,5],[6,10],[1,6],[2,4],[0,3],[-2,0],[-5,-7],[-3,-2],[-4,0],[-7,0],[-5,0],[-5,0],[-3,2],[-3,4],[0,4],[2,4],[7,8],[4,5],[0,2],[0,2],[-5,2],[-7,3],[-3,3],[-3,1],[-6,1],[-4,-1],[-6,3],[-8,1],[-6,0],[-7,1],[-3,1],[-5,3],[-3,2],[-2,5],[-2,7],[-2,2],[-3,0],[-9,2],[-4,0],[-11,-2],[-3,0],[-7,1],[-5,1],[-5,3],[-2,2],[-1,3],[-1,5],[-4,11],[-2,6],[-3,4],[-3,3],[-3,2],[-3,0],[-4,2],[-5,0],[-3,-1],[-6,-2],[-2,-1],[-1,-4],[-4,-4],[-4,-4],[-6,-2],[-4,-1],[-3,0],[-5,1],[-5,2],[-4,3],[-5,3],[-5,4],[-1,2],[-2,7],[-4,2],[-2,0],[-5,2],[-7,0],[-2,-1],[-3,-4],[-2,-4],[2,-7],[3,-3],[3,-5],[0,-5],[4,-5],[2,-3],[0,-2],[4,-6],[0,-4],[-2,-4],[-5,-3],[-5,0],[-3,2],[-7,4],[-3,5],[-1,4],[-4,2],[-4,2],[-5,1],[-3,0],[-5,1],[-2,0],[-3,0],[-7,-2],[-7,-2],[-6,-3],[-2,0],[-6,1],[-4,0],[-7,-1],[-7,-2],[-2,-1],[-3,-6],[0,-2],[6,-7],[1,-2],[1,-6],[0,-4],[-2,-3],[-5,-2],[-2,1],[-4,3],[-3,1],[-5,-1],[-2,-1],[-4,-2],[0,-9],[0,-4],[-1,-6],[-1,-1],[-5,-2],[-5,0],[-5,0],[-3,2],[-7,5],[-2,1],[-3,3],[0,3],[-1,3],[-5,3],[-3,0],[-3,-1],[-5,-1],[-3,-2],[-5,0],[-4,-3],[-4,-8],[-2,-4],[-2,-2],[-2,-1],[-5,-1],[-4,1],[-2,2],[-2,2],[0,2],[2,3],[5,5],[2,1],[2,3],[0,2],[-5,3],[-7,0],[-4,-1],[-3,-2],[-1,-2],[-1,-4],[-1,-4],[-2,-3],[-3,-3],[-4,-2],[-5,-1],[-5,1],[-9,-4],[-7,-1],[-2,1],[-3,-1],[-5,-6],[-5,-3],[-4,-1],[-3,-1],[-4,2],[-2,2],[-2,2],[-2,5],[0,3],[0,3],[2,3],[4,6],[1,4],[0,1],[-7,5],[-2,7],[-7,3],[-4,2],[-2,3],[-2,4],[-3,6],[-3,3],[0,3],[-4,5],[-4,3],[-5,3],[-2,1],[-3,-1],[-5,-4],[-3,-4],[-2,-4],[-2,-3],[0,-2],[3,-4],[2,-6],[2,-4],[0,-4],[0,-4],[-1,-3],[-3,-3],[-5,-1],[-5,0],[-3,2],[-2,3],[-5,6],[-2,3],[-3,1],[-3,5],[1,3],[1,2],[1,1],[-4,3],[2,3],[1,2],[1,4],[1,4],[2,13],[-1,3],[-1,1],[-7,0],[-10,1],[-2,0],[-5,1],[-7,-1],[-4,0],[-5,2],[-5,3],[-7,0],[-7,2],[-4,2],[-4,5],[-4,5],[-2,3],[-3,2],[-4,1],[-7,1],[-3,1],[-3,-1],[-7,-2],[-3,-1],[-2,-1],[-7,-5],[-4,-3],[-7,-3],[-5,-1],[-2,0],[-5,1],[-6,2],[-1,1],[-2,6],[0,4],[1,6],[2,4],[4,6],[2,6],[1,3],[-1,3],[-1,2],[-8,2],[-5,3],[-4,-2],[2,-4],[1,-3],[-1,-4],[-3,-3],[-3,-1],[-7,1],[-3,-3],[-3,-2],[-7,-2],[-4,-1],[-1,-1],[0,-5],[-2,-3],[-4,-2],[-5,0],[-2,1],[-2,3],[-3,0],[2,0],[0,2],[-3,-1],[-6,1],[-2,1],[-2,-1],[-2,-5],[-3,-8],[-3,-8],[-3,-5],[-2,-3],[-4,-7],[0,-6],[-3,-8],[-3,-5],[-4,-4],[-3,-3],[-1,-3],[-2,-1],[-4,-1],[-6,0],[-5,1],[-4,0],[-5,1],[-4,-1],[-2,-3],[-1,-2],[-2,-3],[0,-2],[2,-3],[4,-8],[3,-4],[2,-6],[0,-3],[-2,-3],[-3,-2],[-3,-1],[-4,1],[-6,4],[-3,1],[-4,4],[-4,1],[0,3],[-1,0],[-4,-4],[-5,-2],[-7,0],[-2,-2],[-7,0],[-2,1],[-10,2],[-4,4],[-2,4],[-2,1],[0,3],[-3,1],[-3,2],[-4,2],[-4,0],[-4,-2],[-7,-5],[-5,-7],[-3,-2],[-3,-4],[-3,-4],[-4,-2],[-3,-4],[-10,-5],[-3,-2],[-4,-1],[-1,-1],[-4,-4],[-2,-5],[1,-3],[0,-6],[-1,-4],[-2,-2],[0,-2],[-4,-8],[-1,-2],[-6,-4],[-4,-2],[-5,0],[-3,1],[-2,4],[1,11],[-4,5],[-6,1],[-1,1],[0,3],[-6,-4],[-7,-4],[-4,0],[-7,0],[-4,0],[-2,2],[-5,6],[-3,1],[-2,1],[-7,0],[-3,-2],[1,-2],[4,-4],[1,-3],[0,-2],[-2,-3],[-2,0],[-6,0],[-8,3],[-3,0],[-1,-1],[0,-5],[0,-2],[-3,-3],[-4,-2],[-6,-1],[-4,2],[-2,0],[-6,-2],[-4,-2],[-4,0],[-7,0],[-5,-1],[-4,-3],[-5,-2],[-5,0],[-4,2],[-2,4],[-1,3],[-3,3],[-4,-1],[-2,1],[-1,1],[-1,3],[-2,2],[-2,7],[0,3],[3,2],[1,1],[-1,2],[-3,7],[-1,4],[-2,0],[-1,-4],[-2,-4],[-6,-5],[-4,-1],[-5,-1],[-3,0],[-2,1],[-2,2],[-3,1],[-8,5],[-3,2],[-2,0],[-4,1],[-6,-1],[-4,1],[-3,2],[-2,-1],[-4,-3],[-4,-1],[-5,0],[-3,1],[-1,1],[-5,7],[-3,0],[-6,3],[-5,0],[-2,-1],[-6,0],[-2,1],[-5,4],[-3,2],[-3,6],[-5,5],[0,2],[-4,2],[-3,1],[-4,2],[-9,-1],[-4,3],[-2,0],[-6,-2],[0,-1],[2,-4],[2,-3],[0,-3],[-1,-4],[-2,-3],[-11,-7],[-4,-7],[-1,-4],[1,-5],[0,-1],[-2,-3],[-3,-2],[-8,-4],[-3,-1],[-6,1],[-1,4],[0,4],[1,4],[-2,4],[-4,3],[-2,2],[1,3],[3,3],[0,1],[-2,2],[-1,1],[-6,0],[-5,-1],[-6,0],[-1,-1],[1,-3],[0,-6],[-1,-2],[-3,-3],[-3,-1],[-6,0],[-2,-1],[-2,1],[-2,2],[-3,7],[0,6],[0,1],[-4,2],[-3,1],[-3,0],[-2,-2],[-4,1],[-2,-2],[-3,-5],[-3,-1],[-5,-3],[-5,-1],[-5,-2],[-4,-2],[-1,-2],[-3,-2],[-3,0],[-4,-2],[-7,-2],[-4,-1],[-8,-1],[-4,2],[-2,0],[-5,-3],[-7,-1],[-6,1],[-3,-1],[-3,-1],[-4,-2],[-3,-3],[-2,-1],[-3,0],[-2,1],[-2,3],[0,6],[4,4],[0,4],[-1,3],[0,3],[-1,1],[-7,2],[-3,2],[-1,2],[-3,6],[-1,4],[0,5],[-3,3],[-5,5],[0,3],[-1,5],[-3,2],[-4,1],[-3,-5],[-3,-4],[-4,-2],[-3,0],[-3,1],[-4,3],[-4,4],[-1,4],[0,5],[-2,1],[-5,0],[-3,0],[-3,2],[-2,-1],[0,-4],[2,-4],[0,-3],[-1,-3],[-3,-4],[-6,-3],[-2,0],[-6,2],[-2,1],[-1,2],[0,4],[-2,4],[-3,2],[-5,3],[-2,0],[-4,2],[-3,2],[-4,1],[-3,-1],[-7,-1],[-4,2],[-1,2],[-1,3],[1,1],[0,5],[1,2],[0,4],[-5,3],[-2,2],[-3,5],[-5,7],[-6,4],[-2,2],[-2,4],[-2,4],[-5,12],[1,3],[0,6],[0,2],[-3,2],[1,3],[2,3],[3,2],[4,0],[3,-1],[6,0],[6,1],[4,2],[4,6],[1,2],[1,7],[1,3],[2,9],[4,5],[2,1],[10,3],[4,3],[6,2],[3,1],[3,5],[1,4],[0,3],[-2,0],[-3,0],[-5,0],[-10,0],[-4,0],[-3,2],[-3,4],[0,3],[2,3],[3,4],[5,4],[1,2],[0,-1],[2,2],[1,2],[0,4],[-3,3],[-4,1],[-7,2],[-5,4],[-1,2],[-1,2],[0,4],[-1,2],[-2,2],[0,4],[1,2],[2,1],[0,1],[3,4],[2,1],[0,5],[1,4],[1,2],[0,13],[-2,2],[-2,5],[0,4],[1,3],[5,5],[1,3],[1,4],[-1,4],[-2,1],[-4,1],[-7,-1],[-7,1],[-3,1],[-3,2],[-4,4],[-2,4],[1,3],[5,8],[-1,2],[2,8],[1,2],[-1,5],[-4,0],[-7,0],[-5,1],[-6,-3],[-4,0],[-2,3],[0,2],[-3,3],[-2,2],[-3,6],[-2,4],[0,2],[-4,6],[-2,3],[-4,2],[-4,-2],[-2,-1],[0,-3],[0,-7],[1,-9],[0,-2],[-2,-4],[-2,-2],[-9,-3],[-6,-1],[-3,2],[-1,3],[2,3],[3,1],[2,0],[3,1],[2,2],[-2,3],[-4,1],[-5,-2],[-4,0],[-6,0],[-6,3],[-3,-1],[-6,-4],[-6,-7],[-1,-2],[1,-1],[5,-5],[1,-2],[-1,-4],[-4,-2],[-3,-1],[-5,1],[-5,2],[-2,2],[-1,4],[-2,2],[2,-1],[-1,1],[-2,2],[-2,2],[-8,2],[-4,0],[-2,1],[-3,2],[-5,4],[-5,2],[-4,2],[-3,0],[-4,-1],[-5,-3],[-7,0],[-5,-1],[-4,-1],[-4,0],[-7,4],[3,-1],[-2,4],[0,2],[0,7],[-2,1],[-3,2],[-3,3],[-2,2],[-4,2],[-6,2],[-3,2],[-4,1],[-7,1],[-7,1],[-5,1],[-3,2],[-3,3],[-13,9],[-4,5],[-1,3],[1,4],[2,2],[4,4],[5,2],[1,2],[3,4],[1,3],[-1,3],[0,5],[1,2],[1,2],[3,5],[4,4],[4,3],[5,3],[4,3],[10,5],[4,3],[2,4],[2,2],[0,4],[-1,1],[0,-2],[-3,2],[-2,0],[-2,-1],[0,-2],[-3,-2],[-3,0],[-4,1],[-3,3],[-4,1],[-3,4],[0,3],[0,2],[2,2],[2,2],[5,2],[2,2],[2,3],[1,3],[-1,3],[-1,1],[-4,0],[-4,1],[-1,2],[-1,3],[1,3],[4,4],[1,4],[-2,4],[-4,-1],[-3,0],[-4,0],[-5,2],[-9,2],[-2,0],[-2,4],[0,4],[2,3],[0,5],[-1,5],[-1,3],[-4,3],[-5,-2],[-5,1],[-3,1],[-6,0],[-5,1],[-5,2],[-3,2],[0,1],[0,3],[4,2],[2,1],[3,-1],[5,-3],[2,0],[3,0],[4,5],[1,3],[0,1],[-2,3],[-2,7],[-3,2],[-5,-1],[-3,0],[-3,1],[-2,3],[-1,3],[2,5],[1,2],[0,3],[-2,3],[0,4],[1,2],[7,3],[0,4],[-1,2],[-2,1],[-2,-2],[-3,-3],[-2,-1],[-7,-1],[-2,1],[-7,4],[-3,2],[-2,3],[-1,4],[0,4],[-2,5],[0,4],[1,3],[0,8],[-2,0],[-2,-2],[-4,-2],[-4,0],[-5,1],[-2,1],[-6,3],[-3,2],[-1,4],[-4,4],[-4,2],[-6,0],[-4,-2],[-3,-2],[-2,-2],[-8,-2],[-4,0],[-5,1],[-4,0],[-4,2],[-2,2],[-3,4],[-2,5],[0,5],[-1,7],[1,5],[-2,0],[-2,-1],[-1,-3],[0,-5],[1,-9],[-1,-4],[-4,-3],[0,-4],[-3,-4],[-5,-2],[-3,0],[-7,3],[0,2],[1,2],[0,3],[-4,2],[-1,0],[-2,-3],[-2,-2],[-3,-1],[-9,1],[-3,3],[-3,1],[-9,3],[-7,0],[-2,1],[-8,3],[-3,2],[-2,2],[-1,3],[1,5],[-2,4],[-3,5],[-6,4],[-3,3],[-2,4],[-3,3],[-1,4],[1,6],[-3,6],[-2,7],[-2,2],[-7,2],[-3,-1],[-6,-4],[-3,-2],[-4,0],[-4,0],[-3,0],[-4,1],[-3,1],[-5,3],[0,2],[2,4],[3,3],[2,3],[4,2],[1,4],[-3,4],[-5,1],[-4,-2],[-2,-2],[0,-5],[-4,-4],[-2,-1],[-2,0],[-6,1],[-6,3],[-6,3],[-2,4],[0,1],[-4,5],[-3,7],[-1,2],[-1,4],[2,3],[-1,2],[0,3],[2,5],[4,5],[2,4],[-1,1],[-2,3],[-3,3],[-2,0],[-2,-1],[-3,-4],[-1,-2],[0,-3],[1,-3],[-1,-4],[-5,-6],[-2,-3],[-5,-3],[-4,0],[-5,1],[-6,2],[-3,-2],[-4,0],[-2,1],[-5,1],[-3,3],[-2,0],[-6,2],[-3,2],[-12,6],[-7,3],[-6,5],[-7,3],[-6,1],[-8,-2],[-9,-1],[-6,1],[-8,0],[-3,1],[-7,3],[-3,0],[-5,3],[-2,2],[-5,2],[0,1],[-4,3],[-7,3],[-2,3],[0,7],[1,2],[5,2],[2,2],[1,4],[0,1],[-3,2],[-2,3],[-2,4],[0,4],[0,4],[-2,3],[-6,2],[-4,2],[-3,2],[-2,1],[-4,-1],[-3,-1],[-3,1],[-3,2],[-2,4],[0,4],[2,3],[1,1],[5,4],[5,1],[2,0],[6,-2],[4,-2],[2,-3],[2,-2],[2,-1],[3,1],[2,2],[0,2],[-1,5],[-3,4],[1,2],[2,4],[1,3],[7,4],[2,6],[-1,1],[-7,-4],[-4,-2],[-3,0],[-2,1],[-7,4],[-2,2],[0,5],[2,3],[1,3],[2,4],[-3,5],[-1,2],[-1,0],[-2,-6],[-1,-1],[-3,-2],[-4,0],[-2,1],[-3,-2],[-2,2],[-2,4],[1,4],[1,2],[4,2],[-1,3],[-2,1],[-2,0],[-4,3],[-1,2],[-5,-2],[-4,-1],[-4,2],[-5,2],[-4,5],[-2,1],[-4,2],[-3,2],[-1,2],[-2,6],[-2,2],[2,4],[5,3],[4,0],[6,2],[3,0],[6,4],[0,3],[-1,0],[-3,3],[0,5],[0,2],[-4,2],[-10,4],[-3,3],[-1,4],[1,3],[-2,2],[-1,2],[2,3],[3,3],[4,2],[1,2],[-1,3],[-1,1],[-6,2],[-3,2],[-2,5],[-6,4],[-2,2],[-1,4],[1,3],[3,4],[1,6],[0,2]],[[4934,2085],[209,51],[159,38]],[[5302,2174],[7,-5],[3,-1],[5,-2],[6,0],[7,1],[2,0],[5,1],[7,0],[9,0],[5,1],[3,3],[5,4],[5,6],[3,1],[2,1],[8,-1],[5,-1],[2,-2],[5,-5],[4,-7],[3,-4],[3,-1],[6,-2],[9,-1],[2,1],[6,2],[5,1],[2,-1],[3,-3],[1,-4],[-1,-3],[-3,-3],[-4,-3],[-4,-4],[0,-1],[2,-2],[3,1],[2,1],[5,1],[7,3],[3,2],[4,2],[4,0],[6,1],[4,-2],[6,-4],[3,-4],[1,-3],[0,-11],[4,-4],[2,-4],[1,-4],[-2,-6],[0,-2],[5,-1],[3,0],[7,2],[2,2],[3,5],[2,5],[2,3],[3,-1],[1,-2],[1,-5],[4,-8],[4,-3],[4,-2],[2,0],[13,-2],[5,1],[4,2],[7,1],[8,3],[6,2],[6,1],[6,-1],[4,-1],[8,-3],[2,-1],[6,-5],[3,-2],[9,-2],[2,1],[2,1],[4,6],[2,2],[6,3],[7,2],[5,2],[3,0],[2,-2],[2,-6],[2,-2],[5,-4],[10,-5],[1,-1],[3,0],[10,-2],[8,-4],[3,-3],[2,-4],[2,-7],[3,-3],[7,-2],[2,0],[5,-6],[3,-2],[5,-3],[1,-1],[2,-6],[4,-4],[4,-1],[5,0],[11,2],[7,0],[5,2],[2,1],[3,2],[5,2],[7,2],[10,2],[6,0],[9,-4],[3,-2],[5,-4],[2,-1],[4,0],[3,1],[1,2],[0,4],[2,10],[4,6],[2,4],[1,7],[1,4],[3,5],[4,6],[2,1],[12,5],[7,0],[18,-6],[7,-4],[7,-4],[6,-5],[2,-2],[4,-5],[4,-7],[2,-7],[3,-5],[5,-3],[8,-3],[6,0],[5,0],[7,0],[9,-1],[10,2],[6,1],[6,4],[6,3],[3,1],[7,-1],[3,1],[4,1],[2,6],[4,4],[4,2],[4,0],[9,-1],[1,1],[4,5],[4,3],[6,4],[3,0],[2,-2],[1,-1],[0,-6],[1,-3],[2,-3],[3,-1],[2,-1],[3,1],[5,-3],[5,-1],[8,-8],[2,-1],[3,-3],[1,0],[6,-2],[2,0],[3,-2],[-1,-4],[1,-4],[3,-2],[6,-4],[4,-1],[3,-3],[10,-4],[5,-3],[6,-5],[6,-4],[6,-4],[8,-5],[15,-5],[4,-2],[5,0],[2,3],[2,2],[4,5],[4,7],[2,2],[5,4],[4,2],[5,3],[10,12],[7,6],[3,3],[6,5],[4,5],[7,6],[3,2],[6,5],[8,7],[6,3],[3,0],[6,-1],[2,-3],[2,-4],[1,-4],[0,-2],[-2,-2],[-1,-3],[0,-2],[2,-2],[3,-2],[3,-4],[2,-1],[5,-1],[-1,-1],[5,-1],[7,-2],[6,-6],[2,-1],[5,-2],[9,-2],[3,-1],[8,-4],[2,0],[5,0],[5,1],[4,1],[3,2],[3,4],[0,2],[2,2],[4,2],[4,1],[7,1],[2,1],[3,3],[4,1],[4,5],[-1,5],[-1,6],[1,7],[3,7],[1,8],[0,5],[1,5],[3,4],[0,3],[-1,3],[0,2],[3,3],[0,6],[3,2],[7,1],[5,2],[4,2],[0,3],[4,4],[5,1],[3,3],[4,5],[3,5],[4,5],[1,5],[1,4],[1,4],[5,3],[4,4],[1,4],[-4,1],[-2,2],[-1,3],[0,1],[0,7],[1,2],[2,5],[2,1],[5,-2],[1,2],[-1,2],[0,2],[4,1],[7,2],[1,2],[1,-1],[2,0],[6,4],[6,1],[4,1],[3,0],[2,-1],[3,-4],[2,0],[4,2],[3,5],[1,0],[5,0],[2,2],[2,3],[0,4],[-1,3],[-1,2],[-1,2],[2,2],[6,4],[2,2],[1,5],[2,3],[4,1],[7,1],[4,1],[5,-1],[2,-3],[8,-3],[7,-2],[3,0],[1,1],[1,2],[3,2],[4,1],[5,-1],[6,2],[6,0],[5,0],[6,1],[3,0],[7,-2],[2,-3],[4,0],[4,0],[5,2],[5,-1],[3,1],[4,0],[2,-1],[3,-1],[5,1],[4,-1],[2,-1],[3,0],[2,2],[3,-2],[2,0],[2,0],[7,1],[5,3],[1,3],[3,0],[6,-1],[4,-3],[2,0],[4,3],[5,0],[2,1],[0,4],[5,1],[6,1],[7,0],[4,2],[1,1],[0,3],[5,1],[1,2],[-1,2],[3,2],[3,-3],[5,0],[2,1],[1,1],[-1,4],[-1,5],[-1,3],[0,4],[-2,3],[-2,3],[-1,6],[-3,3],[-3,4],[-3,2],[0,2],[-1,5],[3,6],[2,3],[0,2],[2,4],[0,2],[1,2],[4,1],[1,2],[0,2],[2,2],[3,1],[5,3],[1,2],[1,3],[-1,3],[-2,8],[0,3],[1,2],[3,0],[8,0],[6,1],[4,2],[2,2],[8,5],[2,2],[4,3],[4,1],[5,0],[6,1],[3,2],[7,4],[6,2],[5,3],[5,4],[4,2],[2,2],[-2,4],[-1,2],[3,3],[7,3],[6,1],[6,0],[5,-2],[2,-1],[3,-1],[8,-3],[5,-2],[10,-3],[10,-5],[7,-2],[3,0],[3,2],[2,0],[5,-2],[3,0],[1,3],[-1,3],[2,2],[6,2],[5,0],[5,0],[3,-1],[6,0],[5,0],[2,1],[3,3],[5,1],[2,1],[-1,5],[1,1],[10,3],[6,1],[3,-2],[3,-3],[3,-1],[4,-2],[10,0],[8,1],[3,3],[2,2],[3,2],[7,0],[5,3],[2,0],[8,-2],[2,2],[3,2],[1,2],[0,4],[2,2],[4,2]],[[7040,2433],[2,-1],[1,1],[3,2],[3,2],[3,0],[2,-1],[2,-2],[1,-3],[1,-1],[5,5],[2,2],[7,3],[3,2],[1,2],[3,1],[5,0],[1,1],[-1,3],[-3,2],[0,3],[3,1],[2,0],[5,-2],[5,-3],[4,-4],[3,-4],[2,-2],[4,-2],[3,-3],[1,-3],[-1,-3],[-2,-5],[0,-2],[2,-4],[3,-4],[1,-2],[1,-4],[1,-4],[2,-2],[3,-1],[4,1],[4,2],[1,2],[1,6],[2,2],[2,0],[3,0],[3,-1],[1,-3],[0,-5],[-1,-6],[2,-4],[3,0],[2,1],[3,3],[2,1],[3,0],[3,-1],[3,-4],[2,-1],[3,0],[5,2],[4,2],[4,-1],[3,-1],[1,-1],[0,-2],[-3,-4],[-2,-1],[-5,-2],[-2,-1],[1,-3],[1,-2],[4,-2],[5,-3],[6,-3],[5,0],[4,2],[2,3],[0,1],[-4,5],[-1,4],[0,2],[2,3],[7,3],[3,2],[2,1],[5,0],[6,-1],[4,-1],[4,-1],[1,-3],[-2,-3],[-1,-5],[5,-3],[2,-3],[2,-2],[5,1],[7,-2],[4,-4],[2,-1],[2,1],[2,-1],[1,-3],[-2,-2],[0,-3],[2,-2],[-3,-4],[4,-2],[0,-2],[-2,-1],[1,-3],[3,-3],[3,-2],[9,0],[4,-2],[2,-3],[1,-3],[0,-1],[-4,-7],[-2,-3],[-3,1],[-4,4],[-2,1],[-3,0],[-4,-2],[-6,-3],[-7,-6],[-2,-4],[1,-3],[1,-3],[3,-4],[4,-4],[2,-1],[7,-3],[3,-2],[0,-2],[0,-5],[2,-4],[4,0],[6,-1],[5,-1],[4,-2],[2,-3],[-2,-3],[1,-4],[1,-1],[4,-4],[1,-2],[1,-7],[1,-5],[-1,-2],[-2,-3],[-1,-3],[0,-2],[2,-3],[4,-3],[1,-3],[1,-6],[1,-2],[4,-4],[3,-2],[8,-4],[0,-4],[2,-3],[3,-2],[2,-2],[0,-7],[3,-3],[4,-1],[6,0],[3,2],[0,7],[1,2],[8,2],[7,1],[9,3],[6,3],[2,2],[1,2],[-1,2],[-2,1],[-11,0],[-2,1],[1,2],[3,5],[2,2],[4,2],[4,2],[5,1],[4,0],[5,3],[3,0],[3,-2],[2,-3],[3,-3],[2,-2],[3,-3],[7,-5],[3,-1],[4,-3],[4,-4],[2,-6],[2,-3],[3,-2],[4,0],[5,1],[1,1],[2,6],[3,2],[5,3],[6,4],[1,1],[5,0],[3,-2],[3,-3],[2,-3],[2,-3],[4,-1],[2,-2],[1,-4],[3,-5],[2,-5],[3,-4],[2,-4],[3,-3],[4,-2],[5,0],[2,1],[2,3],[1,5],[1,3],[2,3],[4,2],[3,0],[5,-1],[3,-3],[3,-3],[3,0],[0,2],[-1,3],[1,3],[2,2],[3,0],[3,-2],[2,-4],[2,-2],[10,-9],[5,-3],[5,-2],[3,-3],[3,-5],[2,-4],[9,-8],[3,-5],[2,-5],[1,-3],[-1,-4],[-1,-2],[-7,-4],[-1,-3],[-1,-2],[0,-3],[1,-3],[2,-2],[3,-1],[2,1],[2,1],[5,6],[3,2],[3,1],[10,5],[8,3],[2,0],[4,0],[2,-1],[4,-2],[3,-7],[0,-5],[3,-4],[1,-1],[3,0],[3,0],[5,0],[5,-1],[7,-1],[4,1],[2,0],[7,4],[2,3],[1,4],[0,3],[-1,3],[-1,1],[-4,0],[-4,-2],[-5,-1],[-6,0],[-7,3],[-3,2],[-1,3],[1,3],[3,2],[6,0],[4,1],[5,4],[3,2],[3,0],[6,-3],[1,0],[7,1],[2,2],[3,5],[2,6],[3,2],[4,1],[4,0],[6,-1],[4,-2],[6,-6],[2,-2],[2,-3],[3,-4],[3,-1],[2,1],[4,2],[2,1],[6,2],[4,0],[3,-2],[2,-1],[6,-9],[1,-3],[-1,-4],[-2,-3],[-4,-1],[-1,0],[-2,1],[-4,2],[-8,2],[-6,0],[-3,-1],[-2,-4],[-3,-4],[-3,-4],[-4,-4],[-4,-1],[-6,-2],[-5,-2],[-4,-3],[-4,-4],[-5,-6],[-10,-11],[-3,-5],[-1,-6],[0,-4],[0,-2],[2,-2],[4,-3],[4,-1],[3,0],[2,2],[2,2],[0,3],[-2,4],[1,4],[1,2],[3,2],[1,0],[5,0],[4,-1],[2,-4],[8,-7],[1,-2],[2,-9],[4,-4],[-2,-3],[-1,-4],[4,-6],[-1,-9],[-1,-2],[-3,-4],[2,-3],[3,-4],[1,-4],[-1,-4],[-3,-6],[-1,-4],[-1,-5],[0,-4],[1,-3],[1,-2],[4,-3],[2,-2],[1,-5],[-3,-3],[-4,-1],[-5,0],[-6,1],[-5,-1],[-5,-3],[-3,-5],[0,-2],[-1,-8],[-1,-4],[0,-4],[3,-5],[1,-4],[4,-3],[5,-4],[10,-5],[3,-2],[4,-4],[2,-3],[4,-7],[6,-7],[7,-6],[1,-1],[1,-3],[0,-2],[-2,-2],[-10,-5],[-8,-4],[-1,-2],[-2,-8],[-1,-3],[-2,-3],[-4,-1],[-3,0],[-9,4],[-4,0],[-4,-2],[-2,-2],[-3,-5],[-2,-5],[-1,-4],[2,-5],[1,-2],[12,-12],[8,-6],[4,-3],[9,-3],[6,-1],[4,1],[5,3],[1,1],[1,8],[3,5],[3,3],[6,1],[4,0],[5,-1],[2,-4],[-1,-2],[-2,-5],[-1,-4],[-4,-3],[-7,-4],[-5,-5],[-2,-3],[-1,-5],[1,-2],[2,-4],[2,-3],[2,-2],[7,-2],[7,-2],[10,0],[4,-2],[0,-2],[-1,-2],[0,-7],[0,-2],[2,-4],[4,-4],[3,-1],[3,-1],[7,0],[9,1],[4,1],[3,2],[3,4],[1,2],[2,8],[2,4],[7,6],[6,5],[5,4],[5,6],[1,3],[0,2],[-1,5],[-2,4],[-3,2],[-6,1],[-3,0],[-6,-1],[-4,-3],[-4,-2],[-4,0],[-3,1],[-3,4],[-2,5],[0,3],[2,4],[9,11],[3,2],[8,7],[4,2],[7,2],[7,1],[3,0],[3,-1],[3,-2],[3,-3],[3,-4],[3,-4],[1,-1],[5,-3],[2,-1],[3,0],[6,2],[3,3],[0,3],[-1,6],[-1,4],[0,3],[2,3],[4,1],[5,-1],[5,-3],[1,-2],[0,-2],[-1,-2],[-4,-4],[0,-2],[1,-3],[4,-3],[2,0],[7,0],[8,1],[10,3],[3,1],[1,2],[2,4],[2,2],[2,2],[3,1],[2,0],[4,-1],[7,-3],[9,-5],[4,-4],[1,-2],[-1,-2],[-2,-2],[-3,1],[-4,4],[-3,0],[-12,-7],[-8,-4],[-2,-1],[-1,-3],[0,-4],[2,-4],[5,-5],[2,-3],[0,-4],[-2,-3],[-3,-1],[-4,-3],[-5,-4],[-3,-4],[-2,-3],[-1,-3],[0,-5],[2,-3],[3,-3],[4,-3],[4,-1],[3,0],[5,0],[2,1],[6,3],[8,4],[4,1],[3,1],[3,-1],[8,0],[9,2],[4,2],[4,6],[3,7],[4,7],[3,3],[4,2],[2,1],[7,0],[5,0],[5,-4],[11,-16],[4,-6],[2,-2],[3,-5],[5,-3],[6,-2],[8,-2],[7,1],[2,0],[3,2],[2,2],[1,2],[0,2],[-1,2],[-3,1],[-4,1],[-4,0],[-1,0],[-3,2],[-4,5],[-1,2],[-3,8],[-3,3],[1,2],[9,2],[7,4],[3,-2],[1,-3],[3,-3],[2,-1],[3,2],[5,0],[8,-2],[5,-3],[4,-4],[8,-10],[4,-6],[7,-7],[7,-4],[5,-5],[2,-2],[1,-6],[-1,-3],[-1,-1],[-2,-1],[-3,4],[-1,5],[-1,1],[-2,0],[-3,1],[-5,-1],[-2,-1],[-1,-3],[1,-8],[1,-9],[-2,-13],[0,-7],[0,-8],[2,-4],[4,-6],[5,-3],[5,-1],[5,1],[4,2],[2,2],[2,4],[1,2],[1,6],[-2,11],[1,4],[2,3],[2,1],[3,0],[4,0],[4,1],[4,3],[6,5],[5,1],[4,-1],[3,-2],[2,-2],[0,-4],[3,-6],[2,-2],[0,-3],[3,-5],[3,-2],[4,1],[2,-2],[2,3],[2,0],[5,-1],[3,-1],[4,-2],[1,-2],[7,-5],[4,-3],[4,-1],[3,0],[7,0],[6,2],[5,3],[4,5],[1,3],[1,3],[0,3],[-1,7],[-3,4],[-3,3],[-8,2],[-1,2],[1,2],[3,2],[5,0],[3,-1],[2,0],[4,3],[2,4],[-1,4],[-3,7],[-2,3],[-2,5],[0,4],[2,5],[3,4],[5,3],[3,1],[4,1],[8,0]],[[4637,7052],[5,-1],[1,-3],[2,-2],[2,0],[0,-1],[3,-3],[1,-2],[-2,-6],[4,-2],[6,-3],[1,-2],[1,-5],[4,-4],[0,-2],[1,-2],[2,-1],[2,0],[5,-4],[1,-2],[1,0],[3,2],[2,0],[2,1],[0,2],[4,-2],[3,0],[4,-2],[3,-3],[2,-1],[4,2],[4,-2],[1,-3],[1,-3],[3,-4],[2,0],[2,1],[2,-2],[1,-3],[3,-1],[3,-1],[1,2],[4,0],[2,-1],[1,-2],[3,-1],[1,-3],[2,0],[2,0],[1,-3],[4,-4],[-1,-2],[1,-2],[4,-1],[1,-1],[6,-2],[1,0],[2,1],[1,1],[2,1],[4,-2],[3,0],[2,-2],[1,-4],[1,-2],[0,-2],[1,-1],[4,0],[3,-2],[3,1],[3,2],[2,1],[-1,-3],[1,-2],[3,-3],[0,-4],[2,-3],[1,-1],[1,-3],[5,-2],[3,-3],[0,-4],[3,-2],[0,-2],[1,-2],[3,-1],[2,-3],[3,-1],[1,-4],[2,-2],[2,-1],[4,-4],[5,-1],[1,-1],[1,-4],[1,-4],[-1,-1],[1,-3],[-1,-4],[2,-2],[6,-2],[3,-3],[1,-3],[-2,-2],[0,-2],[-1,-6],[1,-2],[1,-5],[-1,-4],[-1,-2],[-1,-3],[-1,-1],[0,-9],[3,-5],[2,-3],[2,-5],[0,-7],[-5,-6],[0,-5],[2,-1],[4,1],[1,-1],[1,-7],[1,-3],[-1,-7],[1,-5],[1,-7],[0,-1],[2,-3],[2,-1],[1,-3],[3,-2],[3,1],[4,0],[1,-3],[4,0],[2,-1],[1,-1],[-1,-2],[-1,-3],[1,-4],[0,-4],[-4,-1],[-4,-3],[-1,0],[-4,2],[-5,-1],[-3,1],[-6,-1],[-1,-2],[-3,-1],[-5,0],[-2,-1],[-3,-3],[-2,-1],[-2,-4],[-5,-3],[-3,-1],[-4,-1],[0,-1],[-2,-3],[0,-6],[-1,-7],[2,-4],[0,-3],[-2,-4],[-1,-5],[1,-2],[-3,-4],[0,-5],[0,-9],[2,-6],[0,-2],[-2,-3],[0,-5],[2,-3],[-2,-3],[-2,0],[-9,0],[-2,-2],[0,-3],[-2,-4],[0,-5],[1,-2],[2,0],[0,-2],[-5,-6],[-1,-2],[-1,-4],[6,-8],[1,-1],[4,2],[0,-3],[-2,-2],[3,-2],[1,-2],[6,-2],[5,2],[1,-2],[1,-7],[1,-2],[2,0],[5,-2],[3,-3],[6,-3],[5,-6],[2,-1],[4,-2],[2,-2],[4,-3],[1,-2],[1,-4],[1,-2],[2,-2],[4,-6],[1,-2],[2,0],[9,0],[6,2],[1,3],[0,4],[1,1],[9,3],[1,3],[2,3],[2,1],[5,1],[1,-1],[4,1],[3,0],[2,2],[3,2],[3,7],[1,3],[-2,4],[0,5],[2,7],[1,4],[-6,0],[-1,0],[0,1],[3,4],[3,6],[2,0],[6,0],[4,1],[6,1],[5,2],[2,2],[3,5],[3,0],[2,-2],[2,1],[3,-4],[0,-3],[2,-2],[3,1],[4,-1],[3,-2],[2,1],[2,-2],[3,-2],[1,-2],[2,-1],[3,-4],[-4,-4],[-3,-1],[1,-2],[-1,-1],[-4,-4],[-2,-1],[-1,-3],[-2,0],[-3,-6],[-2,-1],[-1,0],[-4,-1],[0,-1],[-2,-1],[0,-3],[-2,-2],[-1,-2],[-2,-2],[-2,-1],[-2,-2],[1,-4],[-1,-1],[-4,-1],[-2,-1],[-3,0],[-1,-1],[0,-3],[-2,-1],[-3,-1],[-1,-2],[0,-2],[-2,-4],[0,-7],[-1,0],[1,-3],[0,-4],[1,-1],[3,0],[0,-3],[2,-2],[3,0],[1,-2],[-2,-1],[1,-1],[-1,-4],[1,-1],[-1,-3],[1,0],[0,-3],[-2,-1],[0,-2],[1,-3],[-2,-1],[0,-1],[-3,-3],[0,-2],[-1,-3],[1,-1],[-2,-6],[-1,-2],[-3,-2],[1,-1],[-1,-1],[1,-1],[-3,-1],[0,-3],[3,-3],[-1,-2],[-1,1],[-2,-3],[1,-1],[0,-3],[-1,-1],[3,-3],[4,0],[1,-4],[-1,-2],[2,-1],[0,-3],[2,2],[0,-3],[3,-3],[0,-1],[2,-1],[2,-4],[0,-2],[4,-4],[0,-4],[0,-2],[4,-3],[1,-3],[-2,-2],[2,-2],[-1,-3],[1,-2],[-2,-1],[0,-3],[4,-5],[2,1],[1,-4],[1,2],[2,0],[2,0],[0,-1],[2,-3],[-1,-6],[1,-2],[-1,-2],[2,-4],[-1,-8],[-1,-4],[0,-2],[-1,-1],[1,-4],[-2,-1],[0,-6],[4,1],[4,-1],[3,1],[3,0],[4,-1],[1,2],[2,1],[2,2],[1,-1],[2,-2],[2,-2],[0,-3],[3,1],[1,-1],[-1,-1],[1,-2],[2,-1],[1,2],[2,1],[4,0],[2,1],[0,-1],[3,-1],[2,1],[-1,2],[6,3],[3,0],[1,-1],[7,-1],[1,-3],[6,0],[1,-1],[2,0],[26,20],[86,65],[93,69],[-1,-3],[2,4],[16,12]],[[5252,6539],[-1,-6],[-3,-5],[-2,-5],[0,-7],[1,-2],[2,-6],[0,-4],[-2,-2],[0,-7],[-1,-6],[-4,-5],[-2,-4],[-2,-2],[-2,-4],[1,-6],[3,-4],[1,-3],[1,-4],[-1,-8],[-1,-3],[0,-4],[3,-6],[2,-2],[5,-4],[4,-5],[9,-6],[4,-3],[-1,0],[4,-5],[1,-2],[-1,-4],[2,-10],[1,-5],[0,-4],[2,-4],[0,-4],[-3,-6],[-4,-4],[-4,-5],[-5,-4],[-7,-6],[-6,-1],[-2,-1],[-2,-3],[-4,-3],[-4,0],[-4,-1],[-5,-3],[-5,-2],[-8,-4],[-8,-4],[-3,-1],[-4,-5],[-3,-1],[-3,0],[-3,-2],[-4,-5],[-2,-5],[-2,-3],[-3,-2],[-8,-6],[-5,-3],[-3,-1],[-5,-4],[-4,-3],[-2,-4],[-3,-3],[-4,-2],[-1,-1],[0,-6],[0,-2],[-3,-5],[-4,-4],[-4,-4],[0,-3],[-2,-2],[-2,-2],[-4,-6],[-1,-2],[-3,-1],[-1,-2],[0,-3],[-3,-1],[-2,-2],[-2,0],[-5,-3],[-7,1],[-2,-3],[-5,-5],[-1,-2],[-3,-2],[-6,-1],[-2,-2],[-2,-2],[-2,-1],[-10,-3],[-4,1],[-5,0],[-9,-2],[-4,-3],[-4,-1],[-3,-4],[-3,-2],[-4,-4],[-3,-6],[-4,-4],[-3,-2],[-4,-1],[-2,-2],[-5,-2],[-5,-1],[-6,-2],[-4,-1],[-5,0],[-3,-1],[-4,-3],[-2,-4],[-5,-6],[-3,-1],[-4,2],[-5,1],[-7,-1],[-2,0],[-6,-6],[-2,-1],[-4,-2],[-2,-1],[-2,-3],[-3,-4],[-2,-1],[-6,-2],[-4,-2],[-1,-2],[-1,-3],[0,-6],[4,-4],[-1,-4],[-2,-7],[0,-4],[2,-3],[1,-5],[2,-6],[3,-6],[1,-5],[-1,-2],[-1,-3],[-5,-7],[-1,-3],[4,-6],[2,-5],[4,-5],[7,-5],[4,-3],[3,-4],[1,-4],[-2,-3],[-1,-2],[-4,-3],[-8,-4],[-5,0],[-5,-1],[-6,1],[-4,-1],[-2,-1],[-2,-2],[-3,-3],[-3,-3],[-3,-2],[-1,-5],[-3,-4],[1,-3],[-1,-2],[-1,-4],[-2,-5],[-4,-3],[-4,-4],[-7,-5],[-5,-2],[-3,-1],[-9,-6],[-2,-3],[-3,-2],[-4,-1],[-3,-1],[-4,-4],[-3,-1]],[[4842,5959],[-5,-2],[-4,-3],[-3,-8],[-1,-3],[-5,-4],[-4,-4],[-2,-1],[-4,-4],[-2,-2],[-2,-2],[0,-3],[2,-2],[-1,-4],[-2,-4],[-3,-3],[-3,-6],[-2,-3],[-1,-3],[-2,-1],[-4,-3],[-2,-3],[-1,-5],[-4,-4],[-2,-3],[-1,-4],[2,-3],[4,-5],[4,-3],[9,-10],[5,-4],[7,0],[3,-2],[0,-3],[-1,-3],[-4,-9],[-1,-5],[-1,-5],[1,-4],[2,-6],[2,-3],[1,-5],[-1,-5],[-1,-2],[-2,-2],[-6,-2],[-5,0],[-6,2],[-3,-3],[-3,0],[-5,-5],[-1,-1],[0,-3],[1,-4],[2,-2],[0,-5],[1,-2],[3,-2],[2,-3],[1,-2],[5,-1],[2,-1],[1,-1],[1,-7],[-1,-5],[-2,-4],[-1,-1],[-4,-1],[-7,-1],[-4,-1],[-8,-4],[-7,-5],[-2,-4],[-2,-4],[-2,-5],[-2,-5],[-3,-5],[-1,-3],[1,-2],[1,-3],[2,-6],[-1,-2],[-2,-7],[-2,-3],[-5,-5],[-2,-6]],[[4749,5672],[-4,0],[-1,3],[-2,0],[-3,3],[-4,0],[-2,-1],[-3,-2],[-4,-1],[-5,-1],[-3,2],[-2,-1],[-1,-1],[2,-6],[-1,-3],[-4,2],[-1,-1],[0,-3],[-1,-1],[-3,-2],[0,-4],[1,-3],[0,-5],[-5,-5],[3,-2],[-1,-3],[-1,-1],[-2,1],[-2,0],[-2,-1],[1,-3],[-7,-1],[-2,-1],[-4,2],[-3,-1],[-1,1],[-2,0],[-2,-3],[0,-2],[-2,0],[-3,1],[-4,2],[-5,0],[-4,4],[-1,0],[-5,-2],[-3,3],[-1,3],[-6,-1],[-4,2],[-1,1],[-4,3],[1,4],[-1,1],[-2,1],[0,3],[-3,2],[-2,0],[-7,4],[-7,1],[-5,0],[-5,-1],[-4,-3],[-3,0],[-5,-1],[-1,-1],[-7,0],[-3,0],[-2,-1],[-6,-1],[-2,1],[-3,-2],[-3,-2],[-2,-1],[-4,0],[-3,-2],[0,-1],[-6,-1],[-5,-1],[-2,-1],[-6,1],[-5,-1],[-4,0],[0,-2],[1,-2],[0,-1],[-3,-1],[-3,-2],[0,-2],[0,-2],[-3,-4],[-2,-2],[-5,-3],[-5,0],[-4,-2],[-2,-3],[-5,-1],[-4,-3],[-2,-1],[-1,1],[-1,2],[-6,0],[-4,0],[-1,-1],[-4,-3],[-2,-1],[-3,2],[-4,0],[-3,-3],[-1,0],[0,-2],[-2,-1],[0,-2],[-2,-2],[1,-2],[0,-1],[1,-1],[0,-1],[2,-1],[1,-3],[-1,-2],[1,-2],[2,-3],[-1,-2],[-4,-1],[1,-2],[-1,-1],[2,0],[3,-1],[1,-2],[-1,-2],[-1,-1],[-1,-2],[0,-2],[-2,-2],[-4,-2],[-2,-3],[-2,0],[0,-1],[-1,1],[-3,-1],[-1,-4],[-3,0],[-2,-3],[-3,-1],[-3,-3],[-2,-5],[1,-4],[-2,-1],[-1,-4],[-1,-1],[-6,1],[-1,1],[-5,0],[-3,-1],[-3,0],[-3,-1],[-8,-2],[-3,-2],[-3,0],[-3,0],[-5,-2],[-1,-3],[-2,-2],[-2,-1],[-1,1],[-7,-2],[0,-3],[-3,-1],[-3,-4],[-3,-5],[-1,-1],[-2,-3],[-2,-4],[-2,-2],[-3,-2],[-1,-2],[-2,-2],[0,-2],[-8,-10],[-2,-3],[-5,-4],[-2,0],[-1,3],[0,2],[1,6],[-3,2],[-1,4],[-1,1],[1,3],[-1,2],[2,4],[1,4],[0,1],[-4,-2],[-2,2],[-4,-1],[-5,-5],[-2,1],[-4,-1],[-2,-2],[-1,3],[1,3],[1,2],[0,1],[0,2],[1,1],[-3,2],[2,1],[-1,3],[1,5],[1,2],[2,1],[-1,2],[-2,0],[0,3],[-3,1],[-1,0],[-3,3],[-2,1],[0,2],[-1,3],[0,3],[2,2],[-4,1],[-1,3],[1,2],[2,0],[2,2],[-2,3],[-4,3],[-2,1],[0,2],[-1,4],[-1,3],[-3,1],[2,5],[2,1],[0,3],[-2,2],[-1,-1],[-5,-2],[-1,1],[-4,0],[-2,-1],[-3,1],[-3,4],[-1,0],[-4,3],[0,2],[-2,1],[-1,2],[0,2],[3,1],[1,2],[3,1],[1,2],[2,1],[-1,5],[2,4],[-2,3],[-3,4],[-2,4],[-2,1],[-5,0],[-6,1],[-3,2],[-3,0],[-5,7],[-2,1],[-3,1],[-3,-1],[-3,0],[-3,-2],[-3,0],[-2,-4],[-6,-1],[-3,-1],[-2,-3],[-2,-1],[0,-1],[-4,-3],[-4,0],[-4,-2],[-2,3],[-2,0],[-3,5],[-8,2],[-1,2],[-2,0],[0,-3],[-2,1],[-2,2],[-4,3],[-2,3],[-2,-1],[-2,0],[-2,0],[-2,-3],[-2,2],[0,2],[-2,1],[-4,6],[3,3],[-3,4],[-3,0],[-3,2],[-6,1],[-2,-2],[-3,2],[-2,-1],[-4,3],[-3,1],[-3,2],[-8,2],[0,-6],[0,-2],[0,-2],[0,-3],[3,-2],[-2,-3],[-1,-5],[0,-6],[1,-2],[-1,-1],[2,-2],[5,-2],[5,-1],[5,-2],[1,-3],[0,-1],[-5,-3],[-3,-1],[0,-1],[-2,-1],[-1,-3],[0,-3],[1,-3],[1,0],[1,-2],[1,-4],[-1,-2],[0,-2],[3,-5],[0,-2],[-1,-2],[1,-6],[3,-6],[-1,-1],[1,-3],[-1,-5],[1,-4],[0,-5],[1,-2],[2,-1],[1,-2],[0,-3],[0,-7],[-1,-1],[-4,-3],[-3,2],[-6,-1],[-1,1],[-3,-1],[-1,1],[-2,1],[-3,3],[-4,1],[-4,2],[-3,-2],[-4,-1],[-5,0],[-1,1],[-4,1],[-4,0],[-3,0],[-2,-3],[-3,1],[-1,1],[-2,-1],[-4,2],[-5,-2],[-3,-2],[-1,-1],[-3,-1],[-3,4],[-5,3],[-1,2],[-2,2],[-2,1],[-1,2],[-2,1],[-3,3],[-2,0],[-2,2],[-2,1],[-3,4],[-4,-3],[-6,-3],[-5,-1],[-1,1],[-7,-3],[-1,-3],[-4,-3],[-3,2],[-4,0],[-4,-2],[-2,-3],[-3,-2],[-2,-2],[-4,-2],[-1,-4],[-7,-1],[-1,-2],[-3,-4],[-2,-3],[-3,-3],[-1,-1],[-6,1],[-6,1],[-3,1],[-1,3],[-2,2],[-2,1],[-1,0],[-3,-4],[0,-5]],[[3941,5514],[-5,1],[-1,-2],[-5,-2],[-3,-1],[-1,1],[-7,-2],[-3,0],[-2,2],[-1,2],[-5,1],[-1,1],[-3,1],[-3,5],[-3,2],[1,1],[-4,2],[-8,-1],[-4,0],[-4,-2],[-3,4],[-3,0],[-4,2],[-5,2],[-4,5],[0,3],[0,2],[-3,0],[-2,2],[-2,0],[-2,5],[-1,6],[-4,2],[0,2]],[[3846,5558],[0,2],[1,2],[1,4],[-2,4],[-2,2],[0,2],[4,2],[3,1],[-1,1],[-3,5],[0,2],[2,2],[0,2],[-4,2],[-1,3],[-4,1],[-3,2],[-1,3],[-2,1],[-3,2],[-3,3],[-2,0],[-4,1],[-6,5],[-8,3],[0,2],[-4,2],[-2,2],[-2,2],[-3,1],[-3,3],[2,5],[2,4],[0,2],[3,3],[2,0],[1,2],[1,2],[5,4],[-3,5],[-3,3],[1,2],[3,3],[2,1],[1,3],[-3,2],[0,2],[-3,0],[-3,-2],[-2,2],[-2,1],[0,2],[3,2],[1,2],[2,1],[0,2],[-3,1],[-6,4],[-1,3],[3,1],[1,6],[-2,2],[1,2],[-3,2],[-1,2],[-5,3],[-3,2],[0,3],[1,7],[2,3],[2,4],[3,3],[4,5],[0,3],[3,3],[2,1],[5,-1],[1,1],[3,-1],[1,3],[2,2],[-1,2],[0,3],[1,5],[-1,1],[-1,3],[-1,1],[0,2],[2,1],[3,3],[-1,3],[-1,3],[1,2],[3,2],[0,1],[-4,3],[-4,2],[-3,0],[0,2],[0,4],[0,4],[-2,2],[-1,2],[-5,2],[-4,-1],[-2,2],[-1,3],[0,3],[-2,1],[-3,0],[-3,4],[-1,3],[-1,2],[-3,0],[-3,2],[-4,-1],[-2,0],[-1,-1],[-1,-4],[-3,-2],[-2,-4],[-6,-1],[-2,-1],[-3,3],[-2,0],[-3,1],[-2,0],[-4,2],[-2,4],[-3,1],[1,3],[1,2],[-2,3],[0,3],[-1,4],[-2,1],[-4,2],[-1,2],[-3,3],[-2,1],[0,4],[-1,2],[-1,4],[-1,2],[-1,10],[1,3],[0,1],[-1,3],[-1,2],[-2,5],[-1,7],[2,4],[-3,2],[0,2],[3,4],[0,3],[-1,1],[-7,2],[0,3],[-1,1],[1,2],[2,0],[0,4],[-3,2],[-2,0],[-4,0],[-1,1],[0,2],[-5,4],[-2,4],[-2,1],[-5,-2],[-3,-1],[-3,1],[-1,2],[-3,0],[-3,0],[-3,-3],[-3,-1],[-3,-3],[-5,-2],[-5,4],[-2,0],[-4,0],[-5,0],[-5,1],[-6,1],[-3,-4],[-3,0],[-3,0],[-2,0],[-6,0],[-8,-2],[-3,0],[-2,0],[-5,0],[-8,-1],[-4,-2],[-6,-1],[-2,-3],[0,-4],[-2,-2],[-3,-1],[-3,-1],[-8,0],[-4,2],[-3,-1],[-5,0],[-9,4],[-4,1],[-3,-1],[-1,-2],[0,-6],[-4,0],[-2,1],[-4,4],[-3,1],[-4,2],[-5,-1],[-3,1],[-4,2],[-3,1],[-2,-1],[-4,-1],[-3,1],[-4,0],[-2,0],[-5,0],[-5,1],[-5,2],[-3,1],[-4,0],[-3,2],[0,2],[-2,0],[-2,-3],[-2,1],[-4,-1],[-3,3],[-2,0],[-5,-3],[-4,0],[-2,-3],[-4,1],[-2,-3],[-1,1],[-3,-3],[-3,-1],[-2,-3],[-1,0],[-4,1],[-3,2],[-3,0],[-3,-2],[-2,1],[-1,-1],[-2,3],[-1,-3],[-2,2],[-6,-2],[3,0],[-2,-2],[-1,-2],[-3,0],[0,2],[-3,-2],[-6,3],[-9,2],[-1,1],[-2,2],[1,4],[3,3],[1,2],[-4,2],[-1,1],[0,4],[2,6],[-2,2],[-3,2],[-1,2],[2,6],[-6,0],[-5,2],[-5,2],[-6,4],[-1,2],[-1,3],[0,2],[3,3],[4,3],[0,3],[-4,3],[-2,1],[-8,-1],[-5,1],[-3,1],[-1,3],[-1,4],[1,5],[-2,3],[-2,3],[0,3],[1,1],[6,0],[1,2],[-4,3],[-5,2],[0,4],[2,3],[2,2],[5,1],[2,1],[2,2],[-1,4],[-1,0],[-6,1],[-3,2],[0,2],[2,2],[4,0],[5,-1],[2,1],[2,2],[0,2],[-1,4],[-2,1],[-4,2],[-5,2],[-6,3],[-2,2],[0,3],[1,2],[1,1],[4,0],[6,-1],[3,-1],[2,1],[3,2],[2,4],[-2,3],[-1,1],[-3,0],[-5,-3],[-3,-1],[-4,0],[-2,1],[-3,2],[1,3],[1,5],[2,1],[4,3],[2,3],[0,1],[-1,4],[2,1],[2,-1],[0,-3],[1,-1],[4,0],[2,2],[0,4],[-1,1],[-6,6],[-3,2],[-5,1],[-2,1],[-3,5],[-3,2],[-3,-1],[-4,-6],[-2,-3],[-1,-2],[-3,0],[-1,1],[1,4],[-2,5],[0,4],[2,4],[1,3],[-1,1],[-5,0],[-6,-3],[-2,-1],[-1,2],[-3,4],[-1,5],[-1,9],[-2,4],[-2,2],[-7,4],[-3,0],[-4,-1],[-4,-5],[-3,0],[-3,3],[-6,8],[0,4],[2,4],[4,5],[1,2],[3,1],[6,0],[5,-1],[3,1],[2,1],[2,3],[0,2],[-2,3],[-3,2],[-7,1],[-4,0],[-9,-3],[-5,0],[-3,1],[-1,2],[-3,3],[0,2],[2,3],[1,2],[6,4],[2,3],[1,2],[-1,2],[-4,3],[-4,-1],[-2,-2],[-4,-4],[-2,-6],[-3,-1],[-4,1],[-3,1],[-2,2],[0,7],[-1,6],[1,4],[-2,1],[-2,-3],[-3,-3],[-4,-1],[-3,1],[-3,2],[-1,3],[1,2],[3,1],[3,0],[2,1],[3,2],[2,5],[1,1],[6,3],[-2,5],[-2,2],[-4,1],[-6,-1],[-2,1],[-1,2],[-2,4],[-2,3],[-2,2],[1,2],[2,5],[1,4],[-2,6],[0,3],[0,2],[4,4],[1,2],[-2,1],[-4,0],[-4,1],[-1,3],[1,4],[2,2],[5,2],[5,0],[7,-1],[4,-2],[3,0],[1,1],[2,6],[2,3],[2,5],[2,3],[4,2],[-1,-2],[2,0],[3,-1],[6,-4],[-2,-1],[2,-2],[2,3],[1,2],[3,0],[1,2],[3,4],[3,0],[1,2],[2,0],[4,-2],[1,-2],[3,0],[2,1],[4,0],[2,-2],[1,-4],[2,-2],[3,0],[5,-2],[0,1],[-1,3],[1,1],[3,1],[3,-1],[4,-1],[1,0],[1,1],[0,3],[-1,2],[-5,3],[-4,2],[1,2],[1,0],[6,0],[6,1],[4,1],[5,-1],[3,2],[2,4],[3,3],[0,2],[-1,6],[-3,2],[-2,1],[-1,4],[0,3],[-1,4],[0,6],[1,4],[0,1],[-2,3],[0,5],[-4,0],[-2,0],[-1,3],[-1,4],[-1,1],[-2,0],[-3,-1],[-2,-3],[-3,0],[0,1],[3,4],[3,5],[-1,2],[-1,0],[-2,0],[-3,-3],[-1,1],[1,4],[-2,5],[-4,-1],[-3,0],[2,2],[3,5],[3,1],[4,2],[79,11],[5,0],[2,-1],[5,0],[3,-1],[4,2],[2,3],[2,-1],[2,-3],[7,-2],[3,-1],[2,-3],[0,-1],[5,-1],[1,1],[1,1],[5,1],[2,0],[2,1],[5,-1],[3,1],[4,-1],[1,-3],[2,0],[2,-5],[3,3],[1,2],[1,2],[3,-1],[1,-5],[0,-2],[2,-3],[1,-1],[1,-5],[4,-1],[3,0],[2,0],[2,2],[2,1],[1,2],[1,0],[5,3],[4,4],[1,5],[-2,3],[3,2],[2,4],[2,3],[0,2],[3,2],[-1,6],[3,3],[1,3],[-2,2],[-3,1],[-1,2],[2,3],[4,3],[-1,2],[0,6],[2,2],[4,1],[-1,1],[0,3],[3,2],[3,1],[4,5],[0,6],[0,2],[1,3],[1,0],[2,-1],[3,0],[2,-2],[2,-1],[2,1],[4,-1],[-1,2],[-3,2],[-2,3],[-2,1],[-2,5],[2,1],[-3,3],[0,3],[-1,1],[-1,2],[-1,1],[0,2],[-1,2],[-1,1],[0,2],[1,1],[0,2],[1,1],[0,1],[-2,1],[0,2],[-4,3],[1,1],[-2,1],[-2,9],[-4,2],[1,1],[-1,3],[-1,1],[0,3],[-1,2],[-2,5],[-1,0],[-2,3],[0,-3],[-2,0],[-3,2],[-1,-1],[-2,1],[-1,2],[-1,0],[-3,3],[-2,0],[-4,3],[-3,4],[-1,5],[-3,5],[-4,4],[-3,-2],[0,-2],[-2,0],[0,2],[-3,1],[0,-1],[-3,0],[0,1],[-3,3],[-3,0],[0,3],[-3,-1],[-4,0],[0,2],[-3,0],[-1,5],[-13,35],[-5,13],[-3,8],[-5,12],[-1,3],[-8,5],[-6,5],[-12,9],[-13,10],[-17,12],[-15,11],[-14,11],[-9,6],[-13,4],[-4,2],[-39,0],[-25,0],[-10,1],[-5,3],[-1,2],[0,3],[-1,1],[-2,7],[-2,2],[-3,8],[-1,2],[0,2],[-1,2],[-16,10],[-10,6],[-15,12],[-12,9],[-7,6],[-7,6],[-36,31],[0,2],[-3,1],[-3,2],[-1,3],[0,7],[-2,8],[0,3],[2,3],[2,0],[3,-1],[8,-4],[4,0],[2,1],[3,2],[2,2],[4,6],[1,1],[4,2],[8,1],[3,1],[8,8],[8,6],[4,5],[2,3],[1,6],[2,5],[4,7],[1,3],[1,4],[0,2],[-6,5],[0,2],[2,0],[7,1],[3,1],[2,3],[0,2],[-3,4],[0,2],[0,7],[1,7],[3,7],[2,5],[2,4],[4,3],[3,0],[8,0],[3,1],[4,2],[4,3],[5,5],[4,5],[1,2],[1,3],[-2,5],[0,6],[-2,4],[-4,1],[-1,2],[0,5],[-3,7],[0,2],[1,4],[0,8],[1,4],[1,4],[1,7],[-4,5],[-7,6],[-2,5],[-3,10],[-3,5],[-1,6],[0,6],[0,4]],[[3194,7083],[4,1],[8,0],[8,-2],[3,-1],[1,-1],[-1,-1],[-3,2],[-2,-2],[-1,-3],[0,-3],[-2,-1],[-1,2],[-3,0],[-1,1],[0,2],[-1,0],[-1,-1],[0,-2],[0,-3],[0,-3],[1,-1],[1,-3],[-1,-5],[3,-10],[1,-1],[1,-4],[2,-1],[4,-1],[1,2],[2,-1],[1,-3],[3,1],[1,2],[2,2],[0,4],[1,1],[-4,2],[0,1],[-2,2],[-1,3],[5,-2],[1,-2],[3,0],[2,-1],[0,2],[-2,0],[-1,1],[4,0],[1,-1],[-1,-2],[-3,-4],[3,-2],[2,2],[2,1],[5,-2],[1,-2],[-2,1],[1,0],[-2,1],[-1,0],[-3,0],[-2,-1],[3,-2],[0,-1],[-2,2],[-3,0],[0,-5],[1,2],[3,0],[2,-2],[2,1],[3,-1],[1,-1],[0,-1],[-3,0],[-2,-1],[-4,1],[1,-3],[-2,0],[-2,1],[-3,0],[-1,-2],[3,-2],[2,-3],[-2,1],[-1,-2],[-3,0],[0,3],[-2,0],[-2,1],[-1,0],[-1,-1],[1,-2],[-2,-1],[1,-3],[-4,-5],[0,-1],[0,-2],[0,-3],[-1,-1],[-1,-3],[2,-4],[3,-1],[3,-2],[4,-3],[-1,-1],[1,-3],[0,-1],[-4,0],[1,-1],[3,0],[0,-1],[2,-4],[2,0],[5,1],[3,1],[4,1],[3,2],[4,1],[3,5],[5,2],[1,1],[-1,4],[-1,3],[-3,2],[1,0],[7,-1],[6,0],[4,1],[10,2],[7,1],[8,2],[1,0],[-3,-2],[-1,-1],[2,1],[6,1],[2,0],[4,-2],[1,-2],[-5,0],[-5,-2],[-2,-2],[-3,1],[-2,-2],[-3,1],[-5,-2],[-1,0],[-2,-1],[1,-2],[-2,-1],[3,-4],[-2,-1],[5,-4],[-2,0],[-1,1],[-3,-3],[3,-3],[2,-1],[3,1],[1,1],[4,1],[0,-2],[1,1],[-2,3],[4,-2],[4,1],[1,0],[-2,-3],[-2,0],[-2,-3],[0,-2],[-2,0],[-1,1],[-2,0],[-2,-2],[-6,-2],[-4,0],[-1,-2],[-4,1],[-1,-2],[-2,1],[-1,-3],[3,0],[1,1],[0,-2],[1,-2],[3,1],[1,-1],[4,0],[1,-1],[3,0],[5,0],[4,-4],[3,-1],[0,-2],[-2,2],[-2,-1],[2,-1],[-2,-1],[-1,-2],[-1,1],[0,2],[-2,2],[0,-2],[-4,1],[1,1],[-3,2],[-2,2],[-3,0],[-2,-1],[-6,0],[-1,-1],[0,-3],[1,-1],[2,4],[1,-5],[3,-1],[2,0],[-1,-3],[-2,1],[1,-2],[2,-1],[2,0],[3,-1],[2,-1],[0,-2],[3,-1],[1,-1],[4,0],[1,-2],[-6,-3],[-3,2],[0,1],[-3,1],[-5,0],[-2,-1],[-2,0],[2,2],[-3,1],[-3,-2],[-2,-1],[0,5],[-1,1],[-3,4],[-2,3],[-5,1],[-7,0],[-3,0],[-6,-3],[-3,-4],[1,-3],[-2,1],[-3,-3],[0,-2],[-1,-2],[1,-3],[-3,-3],[2,-1],[4,-3],[-1,-2],[-2,-1],[-2,-2],[-1,-5],[1,-2],[-1,-4],[1,-2],[-2,-5],[0,-3],[-1,-1],[0,-6],[1,-5],[6,-8],[7,-4],[7,-1],[10,-2],[5,-1],[8,0],[3,-2],[1,2],[2,0],[4,0],[16,-1],[8,0],[13,1],[12,2],[7,1],[8,3],[4,3],[1,1],[1,4],[-2,3],[-2,1],[3,2],[3,0],[2,2],[2,2],[-2,3],[-3,3],[0,2],[1,1],[8,5],[4,6],[0,2],[-3,7],[-3,1],[0,3],[-3,1],[-1,-1],[1,5],[0,2],[-3,1],[4,1],[0,2],[2,-2],[4,3],[1,3],[-5,3],[4,1],[3,-2],[2,1],[3,3],[0,3],[2,3],[0,7],[-3,4],[-2,5],[-2,1],[-2,3],[-1,-1],[-2,2],[-2,1],[-1,-2],[2,-5],[0,-2],[1,-3],[-2,-2],[-2,0],[0,-1],[-4,0],[2,6],[-1,1],[1,3],[-1,2],[1,5],[1,1],[3,1],[-2,2],[0,6],[-1,2],[-3,0],[-1,-3],[1,-2],[2,-3],[-2,1],[-2,4],[-2,1],[-2,4],[-2,1],[1,2],[4,3],[3,4],[2,6],[2,7],[0,5],[0,3],[-2,2],[-1,3],[-1,2],[0,3],[-2,3],[0,5],[-1,2],[-1,5],[-2,2],[0,4],[0,4],[-1,0],[-1,3],[-2,2],[-1,4],[-1,2],[-6,2],[-2,4],[0,1],[2,3],[4,10],[4,7],[3,7],[1,6],[0,6],[0,3],[-2,2],[-2,2],[-1,2],[1,7],[1,10],[0,5],[-2,5],[-3,5],[-2,4],[-3,3],[-10,0],[-1,3],[-3,5],[-1,6],[-2,7],[-2,2],[-2,5],[-3,5],[-5,5],[-5,4],[-4,3],[-5,3],[-9,4],[-20,5],[-9,3],[-6,3],[-4,1],[-1,0],[-3,1],[-2,2],[1,4],[-1,0],[-4,-2],[-1,1],[-2,-1],[-5,3],[0,-1],[2,-5],[4,-3],[1,-1],[1,-1],[5,4],[4,-1],[2,-1],[-5,0],[-6,-3],[-3,0],[-5,6],[-1,3],[-1,5],[1,3],[6,4],[13,7],[6,4],[4,4],[3,3],[2,5],[-1,3],[1,4],[0,3],[0,1],[20,0],[7,1],[17,2],[15,2],[13,2],[13,3],[8,2],[16,2],[6,1],[15,3],[10,2],[7,3],[3,1],[9,3],[3,2],[3,5],[0,1],[3,2],[1,1],[1,4],[-4,7],[-1,0],[5,2],[3,4],[1,1],[0,3],[-3,1],[0,1],[6,1],[2,1],[7,2],[0,2],[8,1],[9,2],[1,1],[3,0],[12,4],[10,4],[14,6],[6,4],[1,2],[0,3],[1,3],[0,2],[1,3],[2,1],[4,2],[9,5],[1,1],[3,2],[2,2],[11,5],[11,5],[4,1],[7,4],[5,3],[3,3],[2,3],[1,3]],[[3574,7434],[22,-45],[-4,-5],[-2,-1],[-6,-2],[-6,-6],[-5,-4],[-2,-3],[-1,-1],[3,-4],[4,-1],[7,0],[3,-3],[3,-2],[2,-1],[6,-5],[3,-1],[4,-3],[0,-3],[3,-3],[1,-4],[3,-4],[1,-2],[0,-5],[2,-3],[1,-1],[1,-6],[0,-5],[0,-1],[1,-2],[2,-5],[0,-2],[4,1],[2,2],[2,1],[4,3],[6,2],[3,1],[1,-2],[7,-1],[2,-1],[1,1],[2,1],[6,-3],[3,0],[-1,-2],[4,-1],[3,-2],[4,0],[-2,-6],[0,-1],[1,-3],[2,-2],[5,-1],[4,-2],[0,-3],[-2,-3],[0,-5],[-1,-1],[-3,-1],[-1,-2],[-2,-1],[7,-4],[3,-2],[4,-1],[2,0],[6,0],[6,1],[1,-1],[-1,-5],[0,-1],[-6,-1],[-2,0],[-1,0],[0,-4],[2,-2],[3,-2],[1,-2],[6,-6],[2,-1],[1,-2],[3,-2],[0,-11],[1,-1],[-1,-15],[-2,-2],[0,-6],[-3,-4],[-1,-6],[4,-4],[0,-2],[1,-2],[2,-1],[2,-1],[2,-1],[2,0],[2,0],[2,-4],[3,-4],[0,-2],[4,-3],[2,-1],[0,-2],[-2,-2],[-6,0],[-2,-1],[-3,-2],[-4,0],[-5,-1],[-3,-1],[-2,-1],[-4,-1],[-3,-2],[-4,-4],[-4,0],[-4,-3],[-1,-1],[-5,-3],[-3,0],[-4,-3],[0,-1],[-3,-3],[-3,-3],[-6,-6],[-1,0],[-2,-4],[-3,-4],[-6,-2],[0,-2],[2,-4],[1,-1],[-2,-2],[-1,-4],[0,-2],[-3,-1],[-2,-1],[0,-2],[-2,-2],[0,-2],[-4,-1],[-3,-2],[0,-2],[0,-5],[-1,-1],[-2,-4],[0,-2],[-3,-2],[0,-3],[-2,-5],[-2,-2],[-2,-3],[0,-2],[-3,-1],[-3,-3],[-2,-7],[1,-5],[2,-6],[6,-4],[2,-3],[4,-2],[1,-3],[-3,-2],[-3,1],[-6,3],[-1,0],[-2,-4],[-3,-1],[-3,1],[-4,3],[-2,-2],[-1,-2],[0,-5],[-1,-8],[-1,-6],[-1,-2],[-5,-1],[-5,-1],[-7,-2],[-4,-1],[0,-5],[1,-2],[-2,-3],[1,-2],[0,-3],[-4,-1],[-2,0],[-2,2],[-3,-1],[1,-1],[0,-3],[-1,-1],[0,-2],[0,-2],[-3,0],[0,-3],[1,-2],[-1,-3],[1,-1],[0,-2],[-1,-1],[2,-2],[2,-2],[0,-1],[-2,-3],[-1,-2],[3,-2],[3,0],[4,-3],[1,-2],[-2,-3],[-2,-11],[0,-12],[1,-3],[-2,-2],[-3,-1],[2,-13],[0,-3],[-2,-1],[1,-2],[0,-3],[-3,-2],[-5,1],[-3,-3],[-1,-2],[-4,-4],[-2,-4],[0,-3],[-1,-1],[-2,-1],[-2,-1],[-3,0],[-3,-2],[0,-6],[1,-2],[-2,-3],[1,-2],[-2,-3],[-4,-3],[-3,-6],[-1,-1],[-1,-3],[1,-5],[-3,-5],[1,-1],[0,-5],[0,-2],[0,-4],[1,-3],[-1,-6],[-1,-5],[-3,-1],[-3,-2],[-3,-2],[1,-4],[1,-4],[2,-3],[1,-4],[-1,-3],[2,-1],[0,-2],[-1,-2],[0,-3],[1,-1],[1,-5],[1,-2],[-2,-3],[0,-6],[-1,-6],[-1,-2],[-2,-1],[-1,-3],[1,-2],[1,-3],[0,-2],[-4,-3],[-2,-4],[0,-3],[-2,-3],[-3,-1],[-2,-3],[3,-2],[0,-2],[-2,-2],[-2,-5],[-1,-2],[3,-3],[3,-6],[0,-2],[3,-7],[1,-1],[5,-2],[1,-1],[-2,-4],[2,0],[2,-2],[3,1],[3,-1],[2,-3],[1,-6],[3,-2],[3,0],[2,-1],[1,-4],[2,-2],[2,-1],[2,-2],[-1,-5],[1,-2],[-2,-1],[1,-2],[3,-1],[3,-1],[3,-4],[2,-3],[-1,-1],[1,-3],[0,-2],[2,0],[2,-3],[3,-1],[0,-2],[3,-3],[-1,-4],[2,-3],[2,-1],[1,-5],[3,-2],[3,0],[3,-1],[1,-1],[6,-5],[2,-3],[4,-2],[2,-1],[219,-15],[141,-10],[0,4],[2,2],[2,4],[4,4],[-2,4],[1,4],[-1,2],[3,7],[1,3],[5,2],[2,1],[1,2],[-2,4],[-1,1],[-3,0],[0,4],[2,3],[0,3],[2,1],[4,0],[3,2],[6,-1],[4,3],[1,1],[2,1],[3,3],[0,3],[-1,5],[2,3],[3,3],[-1,3],[5,7],[-4,1],[-4,4],[1,1],[6,6],[4,0],[2,1],[1,2],[-2,3],[-2,0],[0,4],[-3,2],[2,1],[1,4],[-1,4],[0,3],[4,0],[2,4],[3,3],[-1,5],[1,1],[-4,6],[1,1],[2,1],[1,1],[4,2],[2,2],[0,1],[6,-1],[2,-1],[1,-2],[4,-3],[3,-3],[4,-4],[3,-1],[4,-3],[3,0],[6,0],[3,1],[4,1],[3,-1],[1,1],[3,5],[4,2],[2,-2],[6,-1],[4,0],[1,-1],[1,-1],[3,-2],[3,1],[5,-2],[10,0],[3,0],[2,1],[4,0],[3,3],[0,2],[-1,3],[1,2],[3,0],[3,1],[4,3],[1,1],[6,3],[3,5],[5,0],[4,-1],[2,0],[1,2],[1,3],[-2,4],[-2,1],[0,1],[4,0],[2,1],[0,1],[-1,2],[-1,2],[1,4],[0,2],[-1,1],[2,3],[2,2],[4,2],[0,2],[3,2],[1,3],[-2,1],[0,3],[2,2],[-1,3],[-1,2],[-1,3],[2,1],[1,3],[2,1],[8,1],[4,-2],[2,-1],[5,-1],[2,0],[3,1],[4,5],[2,3],[2,5],[2,2],[1,4],[-1,2],[1,4],[1,5],[2,2],[3,1],[6,4],[3,3],[1,3],[1,4],[-1,3],[-3,2],[-5,3],[0,2],[0,3],[6,4],[3,-1],[5,-1],[7,-6],[5,-1],[4,1],[2,2],[2,4],[-1,3],[1,2],[5,0],[2,2],[-1,4],[0,2],[2,2],[6,3],[3,1],[10,0],[6,1],[2,2],[7,0],[5,3],[2,4],[-1,6],[2,3],[0,2],[3,1],[2,4],[-1,4],[0,2],[5,4],[0,4],[-1,2],[-4,0],[-1,1],[0,3],[1,1],[5,0],[1,-2],[4,3],[2,0],[2,-2],[4,1],[0,2],[4,2],[1,2],[4,1],[3,1],[2,2],[-1,2],[2,4],[3,2],[2,2],[2,4],[1,2],[4,0],[1,3],[1,1],[5,1],[2,0],[2,0],[2,1],[4,3],[2,6],[0,2],[3,2],[0,1],[-1,2],[-4,1],[-1,2],[-2,1],[1,3],[5,2],[1,1],[3,1],[2,2],[0,2],[2,3],[3,2],[2,0],[0,1],[1,-1],[1,-2],[3,-2],[3,-2],[4,0],[4,0],[1,-3],[1,-2],[4,-2],[1,0],[2,2],[1,0],[1,2],[4,0],[1,1],[4,1],[2,-1],[3,2],[2,-1],[1,-2],[5,0],[2,1],[2,0],[3,1],[3,0],[1,-2],[-1,-4],[3,-2],[1,0],[3,1],[4,4],[5,2],[1,0],[4,2],[2,3],[2,5],[3,0],[1,-4],[4,1],[1,-1],[0,-5],[4,-1],[4,0],[5,-2],[4,0],[5,-4],[2,2],[2,3],[2,0],[3,1],[5,0],[2,1],[3,3],[2,3],[3,3],[7,3],[8,0],[4,2],[4,1],[4,3],[2,2],[2,0],[2,-1],[5,-5],[2,0],[6,0],[1,-1],[3,0],[5,-1],[2,0],[2,1],[0,2],[2,2],[0,3],[2,2],[3,2],[2,4],[4,1],[2,1],[2,3],[4,2],[0,3],[2,3],[3,3],[2,4],[5,7],[1,2],[4,2],[2,3],[-3,2],[0,1],[2,3],[0,3],[-1,5],[0,5],[2,2],[3,0],[10,1],[8,0],[2,-1]],[[8266,5864],[-3,1],[-3,-2],[-3,-5],[-3,-3],[-5,-4],[-7,-3],[-4,-2],[-11,-3],[-4,-2],[-5,-2],[-3,-2],[-7,-3],[-4,-1],[-5,-1],[-6,-3],[-4,-1],[-3,0],[-2,1],[-9,0],[-5,0],[-9,-2],[-2,-1],[-5,0],[-13,-2],[-8,0],[-6,1],[-3,-1],[-13,2],[-7,-1],[-9,0],[-5,1],[-10,4],[-5,0],[-5,-1],[-8,0],[-5,-1],[-3,0],[-5,1],[-3,2],[-10,2],[-7,4],[-3,0],[-8,-1],[-5,-1],[-11,-4],[-6,-3],[-4,-1]],[[7992,5827],[-15,0],[-7,0],[-3,1],[-10,4],[-3,2],[-3,3],[-2,2],[0,3],[-3,3],[0,6],[3,4],[0,3],[-2,2],[-6,3],[-5,2],[-4,2],[-5,3],[-3,6],[-2,4],[-3,3],[-3,1],[-3,1],[-4,0],[-1,-1],[-4,-3],[-5,-1],[-2,0],[-5,1],[-2,2],[1,5],[2,3],[0,3],[0,2],[-2,1],[-4,1],[-2,-3],[-1,-4],[-2,-2],[-2,-1],[-3,0],[-5,3],[-4,1],[-3,1],[-4,2],[-2,0],[-4,-3],[-1,0],[-7,0],[-4,2],[-3,2],[0,4],[2,2],[4,1],[4,0],[4,2],[1,3],[-1,1],[-5,0],[-4,-1],[-3,0],[-3,2],[0,2],[0,10],[-2,2],[-10,3],[-4,4],[-1,1],[-4,3],[-2,1],[-5,0],[-3,0],[-3,0],[-3,2],[-1,2],[0,4],[-1,6],[0,2],[-2,2],[-7,3],[-2,0],[-4,-1],[-3,0],[-2,1],[-2,3],[-1,6],[0,1],[3,2],[0,2],[-2,1],[-6,1],[-2,-2],[0,-2],[-1,-4],[-3,-2],[-3,-1],[-3,0],[-3,2],[-6,6],[-2,1],[-1,0],[-5,-4],[-2,0],[-4,1],[-4,2],[-2,0],[-2,-2],[-2,-1],[-3,2],[-1,0],[-2,-3],[-2,0],[-3,1],[-5,-1],[-7,-2],[-2,-4],[-4,-1],[-4,3],[-7,3],[-3,0],[-1,-2],[-2,-2],[-2,1],[-5,5],[-2,-1],[2,-2],[-2,-2],[-7,0],[0,3],[0,2],[-5,3],[-6,0],[-2,1],[-6,0],[-3,1],[-8,3],[-2,0],[-2,-2],[-2,1],[-3,1],[-2,-1],[-2,-2],[-3,-2],[-4,0],[-7,-1],[-4,1],[-3,-1],[-4,0],[-5,0],[-1,-2],[1,-1],[2,-1],[0,-3],[-7,-2],[-2,0],[-5,-1],[-4,-3],[-3,-1],[-4,-1],[-6,0],[-2,-1],[-1,-4],[-2,-3],[-4,-1],[-2,0],[-6,0],[-2,-1],[-7,-4],[-3,-3],[-9,-3],[-1,2],[-1,3],[-2,3],[-2,1],[-2,0],[-3,-2],[-2,-2],[-3,0],[-1,1],[0,3],[-1,0],[-3,0],[-4,-3],[-3,0],[-2,1],[0,3],[-3,1],[-1,-1],[-1,-4],[-3,-1],[-3,1],[-3,1],[-2,-1],[-1,-2],[-2,0],[-2,1],[-2,1],[-2,-1],[-3,-3],[-5,1],[-2,-3],[-2,-2],[-2,2],[-1,2],[-2,1],[-2,0],[-5,-2],[-4,-1],[-4,0],[-5,-2],[-2,0],[-5,-3],[-3,0],[-1,2],[-3,2],[-2,0],[-5,-3],[-4,-1],[-4,2],[-2,0],[-3,-1],[-1,-2],[-2,-1],[-4,0],[-2,2],[0,4],[-2,0],[-3,-1],[-4,-1],[-3,2],[-3,2],[-3,0],[-4,-2],[-3,0],[-2,2],[0,1],[2,5],[-2,1],[-3,0],[-2,-1],[-2,0],[-1,3],[-2,2],[-6,1],[-3,0],[-4,-1],[-2,-3],[-4,4],[-4,0],[-1,-3],[-3,-2],[-2,-3],[-2,0],[-3,1],[-3,-1],[-4,-1],[-5,1],[-5,0],[-1,-1],[1,-7],[-2,-1],[-2,-1],[-2,1],[-2,4],[-3,1],[-3,-1],[-4,0],[-4,3],[-3,0],[-4,-2],[-6,2],[-5,-1],[-5,-2],[-4,-2],[-5,1],[-6,4],[-3,0],[-4,0],[-6,0],[-3,-1],[-1,-1],[-4,-2],[-3,1],[-5,4],[0,1],[-7,6],[-4,3],[-5,0],[-4,1],[-2,3],[-4,2],[-2,0],[0,-1],[2,-3],[-1,-2],[-3,0],[-2,1],[-6,0],[-5,-1],[-3,1],[-5,5],[-2,-1],[-6,3],[-4,5],[-2,1],[-3,-1],[-4,-4],[-3,-2],[-3,-1],[-3,0],[-1,4],[-1,1],[-2,1],[-3,-2],[0,-4],[-2,-2],[-2,-1],[-6,3],[-4,0],[-4,-1],[-3,0],[-1,1],[0,3],[-3,2],[-1,-1],[-6,2],[-5,3],[-2,1],[-1,-2],[-3,0],[-5,3],[-3,0],[-4,2],[-1,3],[-3,2],[-3,1],[-4,-2],[0,-2],[3,0],[3,-3],[-3,-1],[-5,-1],[-3,-2],[-2,-4],[2,-4],[0,-1],[-3,0],[-4,3],[-6,2],[-2,1],[-1,3],[-6,3],[-3,-1],[0,-2],[-1,-1],[0,-3],[0,-5],[-1,-1],[-2,0],[0,3],[0,3],[-3,1],[-4,1],[-7,-2],[-4,-2],[-4,-4],[-2,-3],[-2,-1],[-3,-1],[-8,3],[-2,-2],[2,-3],[-1,-3],[-7,0],[-1,-1],[0,-4],[-1,-2],[-3,-1],[-3,0],[-6,-1],[-2,1],[-3,3],[-2,0],[-1,-2],[-1,-3],[-1,-1],[-2,2],[1,5],[-1,3],[-4,0],[-5,-3],[-2,0],[-4,3],[-5,1],[-4,-1],[-1,-3],[1,-3],[0,-3],[-3,-1],[-3,1],[-2,2],[0,1],[-2,2],[0,1],[-2,2],[-2,0],[-2,2],[-4,1],[-2,0],[0,-2],[5,-4],[2,-3],[1,-3],[0,-3],[-2,-3],[-3,0],[-4,3],[-2,2],[-1,0],[-3,-2],[0,-2],[-1,-2],[-3,-1],[-3,1],[-4,-2],[-2,-2],[-5,-2],[-3,2],[-1,5],[-3,2],[-2,-2],[-1,-1],[0,-4],[-1,-3],[-4,-1],[-2,2],[-1,2],[-2,2],[-3,0],[-2,1],[-2,3],[-2,1],[-1,2],[-1,2],[-2,1],[-2,-2],[4,-5],[-1,-2],[-3,0],[-5,1],[-3,0],[-1,-1],[0,-3],[1,-2],[0,-2],[-2,-1],[-3,1],[-2,1],[-1,4],[-2,2],[-2,1],[-4,-1],[0,-3],[3,-4],[1,-2],[-2,-2],[-2,0],[-3,1],[-4,4],[-3,5],[-4,2],[-6,-1],[-4,-1],[-1,1],[-1,2],[2,4],[0,2],[-2,1],[-5,2],[-4,-3],[-3,0],[-2,2],[-3,0],[2,-3],[-3,0],[-2,-1],[-1,-3],[0,-2],[0,-3],[-2,-1],[-1,-2],[-3,0],[-1,-2],[-3,0],[-2,-1],[-3,-3],[-4,-1],[-3,1],[-3,1],[-3,-1],[-5,0],[-8,1],[-4,0],[-4,0],[-7,0],[-4,0],[-3,0],[-4,-1],[-5,0],[-5,1],[-12,0],[-5,0],[-4,-2],[-4,0],[-5,0],[-7,-1],[-5,0],[-3,0],[-3,-1],[-5,-4],[-4,-4],[-6,-3],[-6,-2],[-6,-2],[-6,0],[-16,0],[-4,1],[-11,3],[-7,2],[-9,0],[-7,-2],[-4,-2],[-15,-8],[-6,-5],[-4,-2],[-5,-4],[-2,0],[-3,-2],[-5,-1],[-5,-1],[-3,-1],[-2,1],[-5,0],[-2,0],[-6,-3],[-5,-1],[-7,-1],[-2,-3],[-1,-1],[-5,-4],[-1,-3],[-3,-2],[-2,-1],[-4,-3],[-1,-2],[-3,-1],[-1,-1],[-4,-2],[-5,-3],[-5,0],[-3,-1],[-3,1],[-2,0],[-2,1],[-6,1],[-4,2],[-3,2],[-3,1],[-3,2],[-2,0],[-1,2],[-4,1],[-3,3],[-2,2],[-3,0],[-2,1],[-1,0],[-7,3],[-3,-1],[-4,1],[-5,3],[-2,1],[-3,0],[-4,2],[-3,1],[-3,2],[-2,1],[-3,0],[-8,5],[-1,2],[-2,1],[-1,3],[1,2],[-1,3],[1,1],[-1,3],[-7,3],[0,4],[3,2],[1,0],[1,2],[-2,2],[-2,5],[1,2],[1,2],[-1,2],[-3,2],[-1,0],[-5,1],[-3,0],[-4,1],[-2,0],[-3,1],[-1,0],[-4,1],[0,1],[1,2],[-2,2],[-2,1],[-3,0],[-3,0],[-4,3],[0,5],[-2,3],[0,2],[0,1],[-3,2],[0,1],[-4,4],[-2,2],[-1,2],[0,2],[-1,1],[0,3],[1,0],[0,2],[1,1],[1,2],[-1,2],[-1,1],[-1,6],[-2,4],[1,2],[2,2],[3,1],[1,1],[3,2],[0,3],[0,3],[2,2],[2,0],[0,3],[5,3]],[[6311,6000],[3,-5],[6,-1],[1,-2],[4,2],[0,2],[2,3],[-1,2],[0,2],[0,2],[1,2],[9,0],[-1,2],[3,2],[2,3],[0,2],[2,2],[6,0],[2,3],[0,3],[0,3],[-4,1],[1,3],[-1,2],[2,0],[1,3],[0,1],[0,3],[2,2],[2,1],[3,-2],[2,0],[-1,3],[-1,2],[0,5],[3,3],[1,1],[3,0],[3,-4],[3,-2],[3,-2],[-1,-3],[2,-2],[3,1],[4,0],[2,1],[2,3],[2,1],[5,4],[3,5],[-2,1],[1,4],[2,2],[-1,3],[1,1],[5,1],[2,1],[3,-1],[1,-1],[2,0],[3,-2],[3,-1],[2,-1],[5,2],[-1,2],[0,3],[2,2],[0,3],[-2,3],[0,4],[-1,2],[3,3],[4,0],[4,3],[0,2],[6,2],[1,1],[1,-1],[7,0],[4,2],[1,2],[2,2],[2,7],[1,2],[0,6],[2,3],[0,3],[1,3],[1,4],[-1,1],[1,2],[2,2],[1,3],[1,2],[0,3],[-1,3],[1,6],[2,1],[1,2],[3,3],[1,3],[5,4],[2,8],[-3,8],[1,2],[-2,3],[0,3],[-1,1],[3,3],[0,1],[-2,3],[0,2],[-1,1],[0,6],[-1,1],[1,3],[-1,2],[0,3],[3,2],[1,2],[-2,2],[0,2],[-2,5],[1,1],[3,1],[1,2],[4,0],[1,0],[5,-1],[2,1],[2,3],[4,2],[4,3],[3,0],[3,1],[0,2],[2,1],[0,4],[3,1],[0,2],[4,4],[0,2],[0,2],[1,1],[-1,2],[-1,1],[1,2],[-1,2],[1,2],[1,3],[1,3],[2,2],[3,6],[3,4],[1,2],[2,4],[1,2],[0,2],[2,5],[3,3],[1,3],[2,2],[1,2],[3,6],[2,2],[1,7],[1,4],[1,2],[3,4],[0,1],[2,5],[2,3],[2,6],[2,4],[3,3],[3,4],[1,1],[2,2],[1,3],[1,1],[-1,3],[3,2],[3,1],[2,2]],[[6573,6377],[3,0],[1,-1],[3,-2],[5,2],[2,0],[4,2],[0,1],[4,2],[2,-1],[3,0],[3,1],[3,-1],[1,2],[3,0],[3,1],[4,-1],[3,-1],[2,2],[3,0],[2,0],[3,-1],[1,1],[4,3],[4,1],[2,-2],[5,1],[3,0],[2,1],[3,1],[3,2],[1,2],[0,2],[-2,2],[-1,5],[0,2],[4,1],[3,0],[0,1],[3,1],[4,1],[7,0],[9,1],[5,0],[5,1],[5,-1],[9,0],[4,-1],[3,-3],[8,-1],[4,-1],[1,-4],[0,-6],[1,-1],[7,-2],[1,1],[4,2],[4,0],[5,0],[4,1],[8,-2],[1,-1],[3,0],[3,2],[4,4],[1,4],[5,1],[6,-1],[4,-4],[6,-1],[8,1],[3,1],[3,1],[2,4],[3,0],[3,-2],[0,-2],[0,-3],[-2,-3],[-4,-2],[0,-2],[1,-4],[0,-2],[3,-2],[3,2],[5,4],[4,1],[3,0],[2,-1],[4,0],[4,2],[6,3],[4,0],[4,-2],[5,-2],[2,-3],[3,-1],[3,1],[3,5],[3,2],[2,0],[2,-1],[2,-1],[1,-4],[2,-2],[1,-3],[3,-1],[3,1],[5,4],[0,3],[-2,3],[0,2],[2,2],[3,1],[3,-2],[1,-1],[0,-5],[1,-3],[-2,-2],[1,-3],[2,-2],[4,0],[0,2],[0,6],[2,2],[6,-2],[2,0],[2,5],[2,2],[3,1],[5,-2],[4,0],[7,1],[6,-1],[2,0],[2,-3],[2,-5],[2,-2],[5,-1],[3,0],[6,2],[6,0],[6,-1],[5,0],[8,1],[8,2],[7,3],[3,0],[6,-2],[2,0],[6,2],[3,2],[3,0],[2,-1],[1,-4],[1,-2],[7,0],[3,-4],[3,0],[2,1],[2,6],[4,2],[3,-1],[4,-3],[3,-1],[5,1],[2,2],[4,-1],[2,-2],[4,1],[3,0],[5,2],[7,1],[4,0],[3,0],[3,0],[2,1],[2,2],[1,1],[4,-1],[3,1],[3,-1],[1,-1],[2,-4],[-1,-3],[1,-2],[2,-2],[3,0],[3,1],[3,-1],[2,-1],[0,-3],[-4,-1],[-2,3],[-1,-1],[2,-3],[0,-2],[-2,-2],[2,-2],[10,-1],[4,-2],[3,0],[3,0],[3,-2],[4,1],[4,-1],[3,1],[4,-1],[9,1],[3,-1],[3,-2],[5,-2],[2,0],[5,2],[5,1],[3,1],[5,1],[2,2],[1,3],[3,2],[1,3],[3,0],[2,1],[2,1],[0,4],[1,2],[2,1],[5,1],[2,-1],[7,0],[5,-2],[2,0],[1,3],[3,2],[6,1],[3,2],[0,2],[-3,1],[-1,1],[0,4],[-1,3],[4,3],[4,1],[1,-4],[2,-2],[2,-1],[3,3],[4,4],[1,4],[5,2],[3,1],[8,-1],[1,0],[1,-3],[3,-2],[2,0],[7,1],[2,1],[-3,1],[1,3],[4,2],[-2,2],[-3,-2],[-3,0],[0,2],[1,2],[2,1],[3,-2],[3,1],[2,1],[4,0],[1,-2],[4,0],[4,-2],[2,5],[3,0],[3,0],[4,1],[4,1],[7,0],[1,-1],[2,-2],[3,-1],[3,3],[3,4],[3,2],[0,1],[2,2],[2,0],[6,-3],[2,0],[3,-2],[6,0],[5,1],[1,1],[6,1],[4,0],[4,0],[4,0],[2,2],[3,4],[4,0],[2,-3],[1,-4],[3,-2],[3,-2],[6,-1],[2,-1],[4,-1],[5,-1],[1,-2],[1,-2],[1,-1],[5,1],[2,-1],[4,1],[2,-1],[6,-1],[3,-2],[8,2],[3,0],[5,1],[-1,3],[3,1],[4,0],[2,2],[3,1],[3,-2],[2,0],[3,1],[1,-2],[4,-1],[1,-2],[3,-2],[1,-3],[1,-1],[3,-4],[-2,-2],[-2,1],[0,-1],[2,-2],[2,1],[2,0],[0,-2],[-3,-1],[-1,-1],[5,0],[2,1],[1,-3],[3,-1],[4,-2],[2,-2],[1,0],[0,-3],[-2,-1],[4,-2],[0,-2],[3,-2],[1,-3],[5,1],[2,-1],[0,2],[1,0],[5,-1],[5,-3],[6,-1],[1,2],[4,-1],[1,4],[2,2],[2,-1],[1,-2],[-2,-1],[-1,-1],[3,0],[2,-1],[3,1],[2,2],[1,0],[1,-3],[1,3],[3,0],[1,-3],[2,-2],[-1,-3],[3,-1],[0,-3],[4,-3],[2,0],[3,1],[1,2],[2,0],[1,1],[1,0],[3,-3],[1,-1],[6,3],[2,0],[3,-3],[5,0],[1,0],[0,-5],[3,-1],[1,-2],[3,0],[-1,-3],[1,-3],[2,0],[2,1],[3,-1],[-3,-2],[1,-1],[3,1],[3,-5],[5,0],[4,-2],[2,0],[1,0],[2,-3],[1,0],[7,1],[2,0],[5,0],[3,-1],[2,0],[5,1],[1,2],[2,0],[3,-1],[3,1],[5,1],[6,3],[2,2],[3,2],[-1,1],[1,2],[4,0],[9,3],[1,1],[0,2],[3,3],[5,0],[3,-1],[2,1],[3,2],[2,-2],[4,2],[2,-1],[3,1],[3,-1],[3,1],[4,-1],[2,1],[3,0],[4,1],[2,0],[5,2],[2,-1],[1,-2],[2,0],[1,-1],[2,0],[3,-1],[4,2],[6,0],[12,-11],[73,-78],[107,-114],[115,-124],[80,-85],[77,-82],[0,-1]],[[31,9520],[0,0]],[[32,9521],[0,0]],[[21,9545],[3,-2],[0,-2],[8,-3],[1,-1],[-2,0],[-4,0],[-5,-3],[2,-3],[-2,-1],[-2,1],[1,0],[-2,1],[0,-1],[2,-1],[3,-1],[0,-1],[-5,-1],[0,-1],[2,0],[1,-3],[-1,-4],[0,-3],[-1,-1],[-1,-4],[0,-1],[-1,-3],[-3,-2],[-1,-4],[-1,-7],[-1,-2],[-1,-2],[-3,-5],[-3,-4],[-2,-1],[-1,2],[-2,4],[0,4],[4,4],[0,2],[0,2],[1,6],[-1,2],[-3,1],[-1,2],[2,3],[1,5],[1,2],[-1,0],[-1,4],[1,2],[6,5],[0,6],[2,3],[3,1],[4,4],[3,1]],[[31,9548],[0,0]],[[249,9994],[2,-3],[1,-1],[3,0],[1,-1],[-3,-3],[2,-4],[1,-2],[3,0],[0,-2],[-5,-3],[1,-4],[0,-3],[-3,-4],[-6,-1],[-5,-4],[-3,0],[-4,-2],[-2,0],[-2,3],[2,3],[-2,3],[-2,2],[1,2],[1,3],[0,2],[1,4],[1,1],[1,3],[3,2],[3,1],[3,-1],[3,1],[1,1],[0,5],[2,0],[0,2],[1,0]],[[245,9999],[1,-1],[-1,-1],[0,-2],[2,-1],[-2,-2],[-4,-1],[-2,2],[-1,2],[2,3],[5,1]],[[4584,8217],[-2,3],[-5,4],[-2,3],[-15,16],[-13,15],[-3,2],[-9,8],[-5,2],[-7,6],[-3,1],[-8,2],[-6,0],[-3,2],[-2,2],[-7,3],[-6,4],[-2,2],[-5,7],[-5,4],[-2,2],[-6,2],[-4,-1],[-12,-4],[-9,-1],[-5,-2],[-4,4],[1,1],[-5,2],[0,1],[-2,0],[-1,3],[-1,1],[-5,2],[0,2],[0,3],[0,2],[-3,1],[-1,3],[-5,3],[-1,2],[-5,2],[-1,0],[-3,2],[-1,1],[-3,2],[-2,2],[-2,1],[-4,1],[-5,0],[0,2],[-2,0],[-2,0],[-3,1],[-3,2],[-2,0],[-2,-2],[-2,2],[-2,0],[0,3],[-2,3],[-1,2],[-2,1],[-1,3],[1,2],[3,5],[-1,1],[-2,3],[1,5],[3,3],[-1,1],[2,1],[1,2],[2,2],[0,2],[2,2],[2,1],[-1,2],[0,1],[-3,0],[-5,5],[-1,1],[2,3],[4,4],[1,2],[0,3],[-1,1],[0,4],[1,2],[0,2],[1,2],[-1,3],[-1,2],[2,5],[1,2],[-2,4],[-1,4],[-5,3],[-4,2],[-1,6],[1,14],[-4,5],[1,2],[-2,1],[2,3],[0,3],[1,2],[-2,1],[-1,2],[3,5],[1,5],[2,2],[0,2],[4,3],[3,2],[1,2],[0,3],[4,4],[1,0],[1,3],[-3,2],[-3,0],[-1,1],[1,3],[3,1],[2,2],[-1,1],[-1,1]],[[4373,8525],[2,0],[3,3],[0,3],[3,4],[2,2],[9,0],[2,1],[3,3],[2,0],[3,3],[5,0],[6,0],[5,1],[5,3],[2,6],[3,3],[5,1],[3,2],[0,2],[4,0],[3,1],[6,1],[5,1],[2,1],[0,2],[5,1],[6,2],[1,3],[1,2],[8,0],[6,2],[1,1],[4,1],[5,3],[1,1],[1,6],[6,8],[3,6],[1,3],[1,1],[0,2],[-2,2],[-1,1],[-3,-1],[-1,-1],[-2,-2],[-3,0],[-1,-3],[-2,3],[3,4],[8,3],[2,1],[9,8],[7,4],[16,2],[6,1],[6,2],[3,1],[2,2],[1,4],[1,3],[2,2],[2,0],[3,4],[0,1],[3,0],[5,2],[4,2],[2,2],[1,2],[-1,4],[0,3],[1,0],[9,-1],[3,0],[6,0],[6,1],[5,1],[11,3],[7,2],[3,2],[1,2],[-1,2],[-6,22],[2,0]],[[4623,8700],[3,-7],[1,-10],[2,-5],[2,-4],[4,-3],[5,-4],[5,-2],[4,-3],[7,-3],[2,-1],[5,-5],[5,-2],[4,-4],[5,-4],[3,-3],[3,-4],[2,-3],[1,-4],[1,-5],[1,-5],[-1,-5],[-1,-3],[1,-4],[2,-3],[6,-4],[2,-2],[4,-3],[8,-3],[1,-1],[3,-2],[-2,-3],[-7,-4],[-2,-2],[-2,-3],[-1,-6],[1,-7],[0,-3],[-2,-4],[-1,-4],[0,-5],[1,-5],[2,-12],[1,-4],[1,-3],[5,-8],[1,-3],[0,-5],[-1,-4],[-1,-2],[1,-8],[1,-3],[0,-17],[0,-2],[0,-8],[2,-7],[-1,-6],[-6,-2],[-7,-5],[-2,-1],[0,-3],[1,-2],[3,-5],[2,-1],[3,0],[2,-2],[3,-5],[1,-4],[-1,-6],[0,-1],[-3,-1],[-3,-4],[-1,-4],[-1,-1],[-1,-2],[1,-7],[1,-4],[0,-6],[-2,-4],[-4,-3],[-8,-3],[-7,-2],[-10,-8],[-3,-3],[-6,-6],[-2,-1],[-3,-5],[1,0],[-3,-3],[-3,-4],[-1,-6],[0,-13],[-2,-6],[-2,-4],[-5,-5],[-1,-3],[-3,0],[-3,0],[-8,-4],[-4,-3],[-3,-3],[-3,-4],[-2,-4],[0,-4],[2,-5],[1,-5],[-1,-2],[-3,-5],[-9,-13],[-10,-13],[-2,-5],[-3,-7],[-3,-10],[-1,-2],[-1,0]],[[5094,4672],[-2,1],[0,3],[-4,3],[-4,0],[-3,-1],[-4,1],[-2,-2],[-1,-1],[-2,-2],[-7,3],[-1,1],[-2,0],[-3,-1],[-3,0],[-3,-2],[-4,0],[0,-1],[-4,-5],[-4,-3],[0,-4],[-3,-4],[1,-1],[-2,-2],[-3,-4],[0,-2],[-2,-4],[-1,-2],[-3,-2],[-1,-2],[-5,1],[-1,-1],[1,-3],[1,-5],[0,-3],[-6,1],[-5,-2],[-1,-1],[-1,-5],[0,-2],[-2,-3],[-2,-3],[-2,-2],[-6,-6],[-3,-2],[-4,-1],[-4,4],[-5,-6],[2,-3],[1,-4],[3,-4],[2,-2],[1,-3],[-2,-6],[2,0],[3,0],[3,-4],[1,-2],[-1,-4],[-1,-2],[-1,0],[-4,-1],[-2,1],[-5,-2],[-2,0],[-1,5],[-5,2],[-1,-1],[-1,-2],[-4,0],[0,-3],[-1,-3],[-1,-1],[-4,2],[-3,-3],[-3,0],[1,-2],[0,-3],[-4,-2],[-3,-3],[-1,-2],[-3,0],[-6,-2],[0,-3],[-3,-1],[-2,-1],[-6,-3],[3,-4],[1,-1],[0,-4],[-3,-2],[-2,2],[-2,0],[-1,-1],[1,-4],[-2,-4],[-3,0],[-5,2],[-2,0]],[[4916,4522],[-1,1],[-5,-1],[-3,-2],[-7,-4]],[[4900,4516],[-4,3],[-3,4],[0,4],[2,3],[2,1],[2,1],[2,2],[3,1],[0,4],[1,3],[-1,2],[1,2],[2,1],[3,0],[3,3],[0,1],[3,1],[2,3],[0,3],[5,3],[2,3],[3,4],[2,1],[1,5],[1,2],[0,2],[1,1],[1,5],[2,3],[0,1],[1,2],[-1,1],[1,3],[2,0],[0,2],[4,3],[1,1],[2,4],[0,1],[2,4],[2,2],[1,3],[0,3],[2,0],[1,3],[-1,2],[1,1],[1,6],[1,3],[1,2],[0,4],[-1,1],[0,3],[0,1],[0,4],[0,5],[-6,7],[-2,-1],[-2,2],[-2,1],[2,2],[0,3],[3,4],[2,2],[1,4],[-1,6],[-1,4],[1,1],[-2,3],[2,3],[2,3],[4,2],[3,3],[0,2],[-1,4],[2,3],[-1,1],[2,4],[1,3],[1,1],[0,3],[2,3],[-1,2],[3,0],[0,2],[1,1],[4,7],[0,2],[1,1],[0,3],[3,-2],[4,0],[1,-2],[4,-4],[2,-1],[3,-3],[3,-1],[0,-1],[5,-1],[8,-1],[3,-2],[2,0],[2,-2],[3,-2],[4,0],[3,2],[1,3],[5,2],[1,1],[-1,4],[1,4],[0,4],[1,3],[-1,3],[1,9],[0,3],[1,6],[1,1],[0,2],[-1,4],[4,11],[1,0],[2,9],[2,3],[3,0],[2,2],[2,6],[7,3],[0,4],[2,2],[-1,3],[-1,3],[1,2],[0,1],[-3,2],[-5,1],[0,2],[-3,3],[4,3],[1,2],[-1,6],[2,3],[-1,7],[0,7],[-1,2],[0,4],[-1,2],[2,6],[-2,1],[0,2],[1,2],[1,3],[1,2],[-1,4],[2,0],[1,3],[-1,4],[2,5],[0,3],[2,3],[1,1],[0,2],[2,2],[2,3],[3,0],[-1,4],[3,5],[1,4],[2,1],[0,6],[2,1],[1,7],[0,2],[3,4],[-1,1],[0,4],[-2,5],[5,2],[-3,3],[-2,0],[-1,3],[0,2],[-3,4],[3,2],[-1,2],[3,0],[5,3],[-1,2],[-2,1],[2,1],[0,2],[-2,1],[0,4],[-1,2],[0,3],[2,1],[1,2],[-2,2],[-1,-1],[-1,6],[-2,5],[-14,3],[0,-1],[-6,7],[-5,4],[-1,1],[1,2],[-2,1],[2,3],[2,-1],[1,1],[-1,2],[3,0],[2,1],[-1,2],[2,0],[2,1],[-1,3],[4,-2],[-1,2],[5,2],[1,3],[1,0],[4,-2],[2,0],[-2,-3],[3,1],[1,2],[3,1],[3,2],[3,-1],[0,2],[3,0],[0,2],[2,0],[-1,1],[1,1],[-7,2],[-1,3],[-2,1],[0,3],[5,3],[-2,1],[-2,4],[3,3],[-4,0],[-1,1],[3,1],[1,2],[-1,2],[1,2],[6,2],[2,3],[1,0],[3,-1],[2,2],[4,1],[4,2],[1,-2],[3,2],[1,-3],[3,2],[-2,4],[-2,1],[1,4],[3,1],[-1,2],[2,-1],[-1,3],[3,0],[0,3],[3,1],[1,3],[-2,0],[2,3],[0,1],[0,3],[0,4],[1,2],[2,-1],[2,0],[0,2],[2,3],[2,1],[4,0],[0,-3],[1,-1],[3,1],[2,2],[-3,0],[2,1],[0,3],[6,3],[-3,2],[1,1],[-3,1],[0,3],[2,0],[1,-3],[2,3],[-1,3],[-4,3],[4,2],[4,1],[2,-2],[1,-3],[2,0],[0,3],[1,1],[2,-2],[1,-2],[3,0],[2,2],[3,-1],[0,3],[2,-3],[2,1],[2,-2],[0,-1],[4,-1],[0,-2],[1,0],[1,1],[8,0],[2,-1],[5,0],[2,1],[2,-5],[-2,-2],[5,-3],[0,-2],[-4,-1],[-1,-1],[-4,0],[-2,-4],[-1,-4],[1,-5],[-2,-4],[0,-3],[3,-2],[3,-3],[0,-2],[1,-2],[0,-5],[-1,-3],[2,-3],[-1,-2],[0,-3],[0,-2],[-2,0],[0,-4],[-2,-6],[0,-2],[2,0],[-1,-1],[1,-3],[-1,-1],[1,-2],[4,-1],[2,-3],[-1,-2],[-2,-2],[-1,-2],[-3,-1],[-1,1],[-2,-2],[-5,1],[-1,-2],[0,-1],[-2,-2],[0,-3],[-2,-1],[1,-2],[1,0],[4,-1],[5,-1],[4,-1],[-1,-4],[1,-3],[1,0],[3,1],[3,0],[4,1],[4,0],[0,-1],[-3,-2],[-1,-2],[1,-2],[-3,-2],[1,-2],[-2,-2],[2,-3],[-2,-4],[-3,0],[1,-2],[0,-1],[-2,-2],[0,-4],[-1,-4],[1,-1],[-2,-1],[1,-2],[0,-2],[-3,0],[-3,-1],[-1,2],[-4,-2],[-5,0],[-1,-2],[1,-2],[-1,-2],[-1,-2],[0,-3],[-3,-2],[-2,-5],[-2,-8],[-7,0],[-2,-2],[-12,2],[0,-3],[0,-3],[-1,-3],[0,-3],[0,-3],[0,-2],[-1,-5],[1,-1],[-1,-5],[-2,-1],[-1,-2],[-3,-1],[-5,1],[-1,-1],[-5,-2],[-4,-4],[-1,-2],[-2,-5],[-1,-5],[1,-5],[-1,-2],[-1,-2],[-1,-1],[0,-2],[1,-1],[1,-4],[-1,-5],[2,0],[4,-4],[2,0],[4,0],[0,-4],[2,-3],[0,-2],[-2,-4],[-1,-6],[-1,-2],[-2,-2],[-2,-1],[1,-2],[-1,-3],[-3,0],[-1,-2],[0,-3],[-2,-1],[1,-2],[-2,-1],[-4,-2],[-2,-5],[-1,-4],[-2,-5],[-2,-3],[-2,-3],[-7,-5],[-4,-5],[0,-3],[2,-2],[3,-1],[0,-3],[2,-4],[4,-2],[0,-1],[-2,-4],[1,-4],[1,-1],[-1,-2],[2,-2],[1,0],[0,-2],[2,-2],[2,-1],[2,0],[-1,-2],[0,-3],[1,-1],[0,-2],[4,-1],[2,1],[3,0],[-1,-2],[2,-2],[0,-3],[-2,-3],[-2,-7],[1,0],[0,-3],[1,-2],[2,-5],[-4,-3],[-3,-2],[-3,0],[-2,1],[-1,-1],[-1,-3],[0,-2],[-1,-7],[2,-2],[6,-2],[-5,-1],[-2,-2],[-1,-4],[-1,-2],[1,-3],[2,-2],[1,-2],[1,-4],[0,-4],[-4,-7],[-1,-4],[-2,-2],[-2,-1],[0,-2],[-3,-3],[-3,-1],[1,-2],[-3,-6]],[[3736,7726],[-2,0],[0,-4],[-1,-2],[-3,0],[-3,1],[-1,2],[-2,0],[1,6],[4,2],[5,1],[2,0],[-1,-1],[0,-5],[1,0]],[[3939,7950],[1,-1],[-5,-1],[1,2],[3,0]],[[3947,7952],[0,0]],[[3950,7957],[0,0]],[[3948,7957],[0,0]],[[3949,7957],[0,0]],[[3951,7958],[0,0]],[[3952,7962],[1,-3],[3,0],[0,-2],[-2,1],[-1,-1],[1,-1],[2,1],[2,0],[1,1],[-3,0],[1,1],[4,-1],[7,-1],[1,-1],[-2,-2],[-3,0],[-4,0],[-8,0],[-4,-1],[0,2],[2,1],[2,-1],[0,3],[1,0],[-1,2],[-1,-3],[0,2],[-2,-1],[0,1],[3,3]],[[4035,8156],[0,0]],[[4060,8158],[0,0]],[[4060,8158],[0,0]],[[4059,8158],[0,0]],[[4061,8159],[0,0]],[[4071,8164],[0,0]],[[4002,8165],[0,0]],[[4076,8166],[0,0]],[[4080,8166],[0,0]],[[4073,8166],[0,0]],[[4078,8167],[0,0]],[[4084,8166],[0,0]],[[4079,8167],[0,0]],[[4078,8167],[0,0]],[[4076,8168],[0,0]],[[3989,8169],[3,-1],[4,0],[-2,-1],[3,-2],[0,-2],[-3,-1],[-1,0],[-3,4],[-1,3]],[[4084,8171],[1,-3],[-3,-1],[0,2],[-4,0],[-1,-1],[-2,0],[0,-2],[-1,0],[1,3],[3,0],[5,1],[0,2],[1,-1]],[[4008,8173],[0,0]],[[4014,8173],[0,0]],[[4006,8174],[0,0]],[[4005,8174],[0,0]],[[4006,8174],[0,0]],[[4009,8174],[0,0]],[[4015,8175],[0,0]],[[4017,8174],[1,-1],[1,2],[0,-2],[-2,-2],[-2,1],[2,3],[0,-1]],[[4002,8175],[0,0]],[[4020,8175],[1,0],[-1,-2],[-1,2],[1,0]],[[4003,8174],[0,0]],[[4003,8176],[0,0]],[[4021,8176],[0,0]],[[4042,8177],[0,0]],[[4039,8177],[0,0]],[[4029,8177],[4,-1],[3,0],[1,-1],[-1,-1],[-6,-1],[-1,-2],[-5,-1],[-2,1],[-1,5],[1,1],[1,-2],[4,0],[2,2]],[[4042,8177],[0,0]],[[4036,8178],[0,0]],[[4035,8178],[0,0]],[[4029,8178],[0,0]],[[4028,8178],[0,0]],[[4134,8249],[1,-2],[-1,-1],[-1,3],[1,0]],[[4135,8252],[2,-2],[-2,0],[0,2]],[[4137,8289],[2,-2],[2,-2],[5,-3],[2,0],[1,-1],[3,0],[6,-1],[2,-1],[2,-2],[-2,-1],[-2,1],[-3,-2],[-2,-1],[2,-3],[3,0],[-4,2],[1,1],[2,1],[0,-3],[4,0],[1,-1],[-1,-1],[-3,-2],[1,-1],[-2,0],[-3,-3],[-5,4],[0,1],[-2,-1],[1,-3],[-2,1],[-1,-1],[0,3],[-2,1],[-2,-2],[-3,0],[0,-1],[-2,-2],[-1,0],[-1,-1],[2,-2],[0,-2],[2,0],[-2,-2],[-4,-2],[0,-1],[-6,3],[1,1],[-2,3],[2,5],[-1,1],[-1,3],[2,3],[-1,2],[0,1],[4,2],[0,2],[4,2],[2,4],[0,3],[1,0]],[[4584,8217],[-5,-13],[-3,-2],[-2,-2],[-3,-8],[-1,-5],[-1,-2],[1,-9],[-1,-3],[-3,-5],[-1,-3],[-4,-6],[-1,-4],[-1,-3],[1,-6],[2,-2],[4,-6],[7,-4],[2,0],[6,-1],[12,1],[5,-2],[5,-2],[5,-2],[3,-1],[7,-2],[7,-4],[6,-3],[0,-1],[4,-3],[5,-6],[4,-6],[0,-3],[3,-3],[4,-3],[6,-4],[5,-5],[3,-3],[1,-3],[-8,-11],[-9,-7],[-5,-6],[-3,-1],[-5,-3],[-4,-1],[-5,0],[-5,-2],[-3,-2],[-5,-6],[-4,-1],[-1,-1],[0,-4],[0,-3],[1,-2],[1,-4],[-1,-1],[0,-5],[-3,-4],[-3,-5],[-1,-8],[1,-5],[2,-4],[2,-2],[1,-3],[3,0],[3,-2],[3,-4],[1,-4],[2,-2],[3,-4],[9,-7],[2,-2],[9,-7],[3,-1],[1,-3],[5,-9],[1,-5],[-2,-3],[-1,-5],[-2,-2],[-2,-5],[1,-2],[3,-2],[2,-2],[5,-8],[8,-6],[0,-3],[-3,-4],[-6,-2],[-3,-2],[0,-2],[1,-5],[3,-3],[6,-5],[4,-4],[2,-5],[3,-6],[1,-3],[2,-5],[1,-4],[-1,-10],[-1,-2],[-4,-6],[-4,-3],[-6,-4],[-4,-3],[-3,-1],[-1,-2],[0,-3],[1,-1],[6,-4],[4,-3],[2,-3],[5,-6],[3,-6],[0,-3],[-1,-2],[-8,-10],[-4,-3],[-3,-2],[-2,-1],[-3,-1],[-1,-2],[0,-3],[1,-3],[1,-2],[3,-4],[3,3],[4,3],[3,2],[5,4],[4,1],[6,0],[6,-2],[4,-3],[5,-5],[2,-4],[0,-6],[0,-2],[2,-2],[4,-2],[7,0],[5,1],[3,2],[6,2],[5,-4],[2,-1],[5,-1],[5,-1],[2,-2],[0,-5],[4,-6],[3,-3],[5,-2],[9,-1],[6,-1],[3,-1],[3,-2],[4,-4],[1,-4],[0,-3],[-1,-2],[0,-6],[5,-3],[4,-3],[6,-4],[12,-2],[6,-2],[1,-3],[2,-9],[4,-4],[4,-6],[3,-3],[5,-3],[3,-3],[1,-4],[1,-4],[0,-3],[1,0],[3,0],[2,-1],[1,-2],[4,-2],[4,1],[3,2],[5,3],[6,4],[7,5],[1,3],[2,1],[6,3],[3,0],[3,-1],[4,-1],[2,1],[4,2],[3,0],[3,-2],[-1,-4],[5,-10],[2,-3],[4,-3],[2,-4],[5,-7],[2,-1],[2,0],[4,0],[6,3],[7,3],[4,1],[5,3],[5,1],[3,0],[5,-1],[2,-2],[2,-2],[5,-3],[10,-4],[1,-2],[9,-3],[2,-1],[2,-3],[1,-3],[-3,-4],[-3,-8],[0,-5],[2,-1],[5,-1],[4,0],[3,1],[3,3],[5,3],[3,-1],[6,0],[3,-2],[3,-2],[3,-4],[3,-3],[4,-4],[5,-2],[2,-2],[-2,-1],[-3,-1],[-2,-2],[1,-2],[3,-2],[6,0],[2,-3],[2,0],[2,-4],[2,-3],[3,-2],[6,-3],[5,-1],[4,-2],[0,-1],[-1,-3],[0,-1],[1,-3],[3,-1],[6,0],[3,-1],[1,-1],[-1,-4],[0,-3],[4,0],[2,0],[4,2],[4,2],[2,0],[1,-3],[1,-2],[2,-1],[5,-2],[2,-1],[0,-2],[-4,-1],[-6,1],[-3,-1],[-2,-1],[-1,-2],[0,-2],[1,-2],[4,-2],[4,0],[3,2],[1,2],[2,3],[5,1],[2,-4],[0,-1],[2,-3],[1,-3],[3,-1],[1,-2],[4,-1],[3,1],[4,4],[3,2],[2,-1],[4,-2],[6,-2],[2,1],[6,2],[1,2],[1,3],[1,5],[2,1],[3,1],[1,-2],[0,-3],[2,-3],[4,-3],[4,0],[3,1],[2,2],[3,1],[2,-1],[4,-6],[3,-2],[6,-3],[0,-2],[-2,0],[-5,2],[-3,0],[-3,-2],[0,-3],[2,-4],[6,1],[2,-1],[2,-1],[2,-3],[4,-2],[1,1],[4,2],[2,3],[3,0],[4,0],[2,-1],[3,0],[3,-2],[5,-3],[7,-2],[3,-1],[5,-1],[10,2],[4,-2],[8,-7],[2,0],[4,-1],[2,-1],[2,-3],[1,-3],[0,-2],[-1,-6]],[[5284,7470],[0,-4],[-1,-2],[0,-3],[-2,-5],[-1,0],[1,-7],[1,-3],[3,-4],[4,-5],[2,-2],[5,-3],[5,-4],[12,-12],[4,-4],[4,0],[3,-2],[4,-5],[4,-2],[1,-3],[0,-7],[2,-6],[-1,-4],[-1,-6],[0,-4],[3,-6],[1,-4],[-4,-3],[-4,-3],[-4,-1],[-3,-3],[-3,-5],[0,-1],[3,-5],[0,-3],[1,-1],[1,-4],[-1,-4],[-4,-6],[-1,-4],[-1,-1],[0,-3],[-1,-2],[0,-6],[1,-4],[0,-2],[2,-6],[1,-3],[3,-3],[8,-6],[2,-11],[3,-5],[2,-2],[3,-6],[5,-3],[1,-2],[-1,-2],[-2,-4],[1,-3],[-1,-7],[-1,-6],[0,-4],[4,-7],[0,-2],[6,-7],[7,-4],[2,-3],[3,-3],[1,-5],[-1,-5],[-2,-4],[1,-7],[-1,-12],[1,-2],[-1,-5],[1,-3],[-1,-7],[1,-7],[0,-3],[-3,-6],[-3,-7],[0,-4],[1,-2],[6,-5],[0,-1],[-1,-3],[-6,-2],[-1,-2],[-1,-5],[1,-3],[5,-7],[1,-2],[-1,-3],[-6,-4],[-2,-2],[-1,-5],[0,-5],[0,-2],[-3,-2],[-3,-4],[-1,-4],[-3,-7],[1,-1],[2,-2],[0,-2],[-1,-6],[2,-6],[1,-4],[1,-5],[0,-4],[-2,-4],[-1,-1]],[[5346,7021],[-1,-3],[-2,-2],[-4,-1],[-11,-1],[-3,-2],[-3,-3],[-1,-3],[-2,-2],[-5,-6],[-5,-1],[-7,-5],[-4,-4],[-6,-2],[-4,-3],[-3,-5],[-1,-4],[1,-6],[-2,-5],[0,-4],[-1,-1],[1,-6],[-2,-3],[1,-6],[1,-4],[0,-7],[2,-7],[3,-3],[15,-12],[3,-3],[2,-5],[1,-2],[-2,-3],[0,-2],[1,-6],[-2,-6],[0,-4],[1,-6],[3,-5],[3,-3],[2,-3],[1,-2],[-1,-3],[1,-2],[0,-3],[0,-2],[0,-5],[-1,-6],[1,-2],[1,-2],[5,-5],[2,-3],[1,-7],[2,-2],[1,-3],[2,-3],[1,-3],[-5,-6],[0,-2],[-4,-3],[-4,-5],[-1,-1],[-4,-1],[-2,-1],[-3,-4],[1,-2],[1,-2],[6,-3],[5,-6],[1,-2],[-1,-4],[-2,-4],[0,-2],[2,-2],[2,-5],[1,-3],[7,-7],[0,-4],[-1,-2],[-3,-1],[-2,0],[-4,1],[-2,0],[-2,-2],[0,-4],[3,-4],[2,-3],[1,-4],[-3,-4],[-3,-2],[-6,-1],[-1,-2],[1,-4],[-1,-3],[0,-2],[-1,-2],[0,-3],[-2,-1],[-2,-3],[-2,-1],[-2,-3],[-3,-12],[-2,-4],[-3,-1],[-7,1],[-3,-2],[0,-4],[-6,-4],[-1,-5],[-1,-1],[-6,-1],[-9,-2],[-4,-2],[-3,-3],[0,-2],[-2,-4],[0,-3],[0,-2],[4,-3],[2,-4],[-1,-4],[3,-2],[2,-2],[0,-3],[4,-5],[0,-13],[-2,-3],[0,-7],[-1,-3],[-5,-3],[3,-7],[0,-5],[-1,-4],[-2,-8],[-2,-6],[-2,-5],[0,-3],[0,-8],[-1,-2]],[[4637,7052],[0,3],[-1,4],[-1,4],[1,2],[2,1],[2,0],[1,3],[3,-1],[2,-2],[2,2],[3,1],[1,2],[2,4],[6,2],[1,1],[-1,4],[-6,2],[-1,2],[0,2],[-1,2],[1,2],[-1,2],[1,0],[4,-2],[4,-1],[3,1],[7,4]],[[4671,7096],[6,1],[2,2],[0,2],[1,1],[1,2],[1,1],[7,2],[4,1],[4,-3],[5,2],[-1,-2],[1,-3],[2,-2],[0,-1],[3,-1],[0,2],[2,1],[-1,2],[1,2],[-1,1],[2,3],[4,2],[3,0],[5,-2],[1,-1],[7,-1],[2,-1],[3,-2],[3,0],[4,2],[5,0],[3,-2],[1,-1],[0,-3],[1,-3],[4,0],[3,2],[-1,4],[-1,5],[2,1],[-1,1],[1,6],[3,2],[3,3],[2,0],[4,3],[2,2],[3,4],[1,1],[1,0],[2,3],[3,1],[-2,3],[-1,3],[2,3],[0,1],[1,2],[0,1],[2,4],[-2,3],[-1,2],[1,4],[1,0],[1,5],[-3,3],[5,0],[1,-1],[6,-1],[0,-1],[3,-2],[-2,-1],[2,-1],[2,-3],[2,-2],[6,0],[8,2],[3,1],[1,4],[1,4],[3,5],[5,2],[5,5],[1,5],[0,7],[3,3],[0,1],[0,5],[0,7],[-2,4],[-2,2],[-5,5],[-5,5],[-1,3],[-3,0],[-2,-2],[-3,1],[-1,2],[2,1],[-1,3],[-2,2],[-2,5],[0,6],[-2,2],[3,2],[2,0],[3,1],[0,6],[1,1],[0,3],[0,1],[0,2],[-3,2],[-4,3],[-4,3],[-3,1],[-2,1],[-5,1],[0,2],[-1,3],[2,3],[4,3],[-2,3],[1,3],[1,5],[-1,4],[-2,3],[-3,2],[-2,3],[0,2],[1,2],[4,4],[1,2],[-1,2],[-4,3],[2,6],[0,3],[-1,4],[-3,4],[0,2],[-4,4],[-2,5],[1,2],[1,1],[4,4],[0,3],[-3,3],[-3,2],[-1,2],[3,3],[6,1],[3,-1],[2,-1],[2,1],[-1,3],[2,2],[2,0],[4,2],[2,-2],[2,2],[-1,1],[-2,0],[-1,2],[1,3],[5,4],[2,2],[6,1],[0,1],[4,1],[2,-1],[4,0],[1,1],[0,2],[-2,2],[-2,1],[-2,2],[-2,3],[-2,1],[-1,2],[-4,1],[-1,3],[-1,3],[-4,1],[-10,2],[0,1],[2,2],[1,6],[1,2],[-1,1],[1,3],[0,3],[-2,-1],[-1,-2],[-4,2],[1,3],[-2,2],[0,4],[-3,3],[1,4],[-3,2],[-1,2],[-3,2],[-2,5],[0,3],[2,3],[-1,1],[-4,-1],[-2,1],[-5,-1],[0,5],[-3,5],[0,1],[-3,3],[-1,3],[-1,3],[-2,2],[-1,5],[-2,1],[-7,5],[-5,1],[-4,2],[-3,3],[1,3],[-2,1],[-5,1],[-1,1],[-3,1],[-4,-1],[-6,-1],[-3,0],[-8,2],[-7,2],[-7,1],[-4,5],[-3,1],[0,4],[2,2],[-4,3],[-3,1],[-11,-4],[-5,0],[-3,0],[-1,5],[-4,0],[-3,1],[-2,1],[-1,-1],[-7,1],[-2,0],[-2,3],[-4,1],[-4,3],[0,2],[0,4],[-3,4],[2,3],[-3,4],[-3,1],[0,1],[1,0],[-1,3],[-2,2],[-1,1],[-2,2],[1,2],[-1,1],[0,4],[-2,1],[0,1],[-3,3],[-3,1],[-2,4],[-1,4],[-1,1],[-5,2],[-2,3],[-6,2],[-3,0],[-2,-2],[-2,2],[-4,0],[0,1],[-2,0],[-1,4],[-2,2],[1,4],[1,3],[1,5],[-3,2],[-1,2],[0,2],[-1,2],[1,2],[2,2],[0,2],[0,2],[1,1],[-1,2],[1,1],[-2,2],[-2,5],[0,1],[-5,3],[-2,1],[-5,0],[-2,3],[0,3],[5,4],[-2,2],[1,4],[-2,1],[-1,2],[0,2],[-1,2],[-2,0],[-5,0],[0,2],[-2,0],[1,2],[0,3],[4,3],[-1,2],[1,2],[2,1],[1,6],[-5,3],[-2,1],[-4,4],[-1,4],[3,0],[3,1],[1,4],[2,2],[3,2],[1,3],[1,4],[3,2],[2,4],[-2,2],[2,3],[0,1],[4,5],[0,3],[2,2],[6,1],[5,1],[3,0],[3,2],[1,1],[-3,2],[0,1],[-2,-1],[-3,1],[-1,1],[-2,1],[-1,-1],[-4,0],[-3,5],[-3,1],[-5,1],[-2,2],[-1,-1],[-3,1],[-2,-1],[-1,-1],[-4,-4],[-6,-2],[-1,1],[-2,-1],[-7,1],[-3,2],[-3,3],[-2,0],[-3,0],[-1,1],[-3,1],[-3,-1],[-7,3],[-1,1],[-4,2],[-1,2],[-1,1],[-3,-2],[-3,3],[-4,1],[-1,3],[-1,1],[-1,2],[2,3],[1,0],[2,3],[0,3],[2,1],[-1,1],[-1,5],[0,3],[2,1],[0,2],[3,1],[0,3],[1,2],[2,0],[3,1],[-1,1],[-9,0],[0,1],[-4,2],[-4,3],[-2,0],[-4,-1],[-3,-3],[-2,0],[-5,2],[-4,0],[-5,-2],[-3,2],[-2,1],[-1,2],[1,2],[-2,2],[-4,2],[-1,2],[-2,0],[-3,3],[-1,3],[-6,1],[0,1],[-2,0],[-2,2],[-2,0],[-1,2],[-3,0],[-2,2],[-1,0],[0,3],[-1,3],[0,3],[-3,1],[-6,1],[-5,0],[-1,1],[-5,3],[1,2],[-2,1],[-2,1],[-7,-6],[-2,-1],[-2,2],[-1,3],[2,3],[0,1],[-2,1],[-2,3],[-1,3],[5,-2],[1,1],[2,2],[5,2],[2,2],[2,4],[-4,0],[-1,-2],[-5,-2],[-4,3],[-2,1],[-6,0],[-1,2],[0,1],[-6,1],[-2,0],[-2,-3],[-2,1],[-9,1],[0,-2],[-2,0],[0,1],[-3,1],[0,2],[-7,4],[-2,-1],[-1,0],[-3,1],[-2,2],[-2,0],[-1,3],[-4,0],[-1,4],[3,3],[-1,1],[-3,0],[-1,1],[-3,0],[-4,-3],[-4,-2],[-6,-4],[-1,-4],[1,-3],[-2,-2],[-2,1],[-3,-2],[-3,0],[0,-3],[-1,-1],[-4,-8],[-1,-3],[-2,-4],[0,-1],[-3,0],[-2,2],[2,1],[1,5],[-3,0],[-2,1],[-1,2],[-2,1],[0,2],[-2,1],[-2,-1],[-2,1],[-1,0],[-3,2],[-1,-1],[-3,1],[-1,-2],[2,-4],[-2,-1],[1,-3],[-1,1],[-3,-1],[0,1],[-3,-1],[-1,1],[0,3],[-2,4],[2,1],[-6,3],[2,4],[4,0],[-1,2],[1,2],[-1,1],[3,3],[0,2],[-5,0],[-1,1],[2,2],[-2,1],[1,1],[2,0],[1,3],[2,0],[1,2],[-1,1],[0,3],[-3,1],[-1,1],[2,3],[0,1],[2,0],[0,2],[-4,1],[1,2],[2,1],[1,3],[1,0],[3,0],[1,7],[3,-1],[2,6],[0,2],[2,4],[1,3],[2,1],[2,4],[-1,2],[1,2],[0,3],[2,2],[4,9],[1,4],[-3,4],[0,2],[1,4],[-2,1],[-5,2],[-2,2],[-3,0],[-1,1],[-2,4],[-3,-1],[-3,2],[-4,1],[-1,3],[-1,3],[-1,-1],[-1,2],[-1,5],[-2,-1],[-3,3],[0,1],[-2,2],[-10,3],[-5,0],[-3,-1],[0,3],[1,1],[14,0],[2,0],[-2,2],[-15,-1],[-5,1],[0,-1],[-3,3],[1,3],[0,6],[-2,-1],[-3,0],[-3,1],[-2,0],[0,-3],[-2,-1],[-1,-1],[-2,-3],[3,-1],[0,-2],[-3,0],[-2,0],[-3,0],[-1,-2],[-2,1],[-2,3],[1,3],[2,2],[-5,5],[-3,1],[0,1],[2,2],[-5,2],[-1,2],[5,-1],[2,-3],[2,1],[-3,3],[-1,0],[-2,3],[1,3],[2,0],[0,3],[1,2],[4,3],[-1,1],[2,3],[-4,4],[0,2],[-2,1],[-3,0],[-2,3],[2,3],[0,2],[1,2],[-1,1],[2,2],[1,3],[2,1],[-3,0],[-3,1],[-2,0],[-2,1],[2,3],[1,1],[3,3],[-8,8],[0,2],[-3,1],[-3,-2],[-3,0],[-3,-2],[-3,-4],[-7,1],[-4,2],[-3,2],[-2,3],[-3,-1],[-3,1],[-1,3],[0,1],[32,57],[-52,-34]],[[4138,8122],[-1,5],[-3,12],[-1,2],[1,3],[1,1],[2,0],[5,-2],[3,0],[3,3],[2,3],[0,4],[6,3],[0,1],[3,4],[4,2],[2,1],[2,2],[-2,0],[-2,2],[-2,-1],[-1,-2],[-2,-1],[0,2],[2,3],[-1,2],[-2,2],[-3,-1],[-2,-1],[-1,3],[1,0],[4,1],[3,0],[2,3],[2,1],[0,-2],[1,-1],[-3,-1],[0,-2],[5,0],[3,-1],[3,0],[0,2],[1,4],[0,4],[-2,7],[0,6],[0,3],[-2,0],[-1,4],[-5,0],[-2,-1],[-2,-3],[0,-2],[-2,0],[0,2],[1,2],[-2,3],[3,0],[1,1],[2,0],[1,1],[3,0],[2,1],[2,0],[2,1],[-3,1],[-5,2],[-3,2],[-2,0],[-4,-3],[-1,-3],[-4,-3],[-3,-1],[-4,0],[-7,-2],[-2,-2],[-2,-1],[-3,-3],[-5,-3],[-5,-4],[-2,-1],[-5,0],[-5,-1],[-2,-2],[-1,-2],[-2,-2],[-2,-2],[-3,-2],[-1,5],[-1,-2],[-2,-3],[2,-3],[-6,-4],[-1,-2],[-2,-4],[-2,-2],[-7,-6],[-3,-3],[-5,1],[-3,-1],[0,1],[3,1],[-1,1],[-5,-2],[0,-1],[3,0],[0,-1],[-2,-3],[-5,0],[-4,1],[-3,2],[-1,3],[2,2],[5,2],[0,-2],[-1,1],[-1,-1],[1,-1],[3,0],[0,3],[3,2],[-1,2],[3,3],[3,-2],[2,2],[2,-1],[5,0],[5,2],[3,1],[3,3],[0,1],[-4,1],[0,3],[5,0],[2,3],[5,4],[3,0],[1,2],[2,3],[1,0],[4,4],[1,2],[0,1],[1,2],[2,0],[4,4],[1,0],[0,2],[2,4],[-1,2],[4,-2],[0,-2],[2,2],[6,-2],[-3,-1],[2,-2],[2,1],[0,2],[-1,4],[-4,1],[-1,1],[-6,0],[-1,0],[-4,3],[-4,1],[-3,1],[0,2],[2,1],[4,4],[1,-1],[3,-1],[4,1],[4,2],[0,1],[2,-1],[1,-1],[4,0],[-1,1],[-3,1],[-3,2],[1,3],[-1,3],[0,2],[2,4],[1,3],[3,2],[2,0],[3,1],[0,-8],[-3,-1],[1,-3],[3,-2],[3,-3],[2,0],[3,1],[2,-5],[1,3],[-1,1],[4,3],[5,2],[2,1],[1,-2],[3,-1],[4,1],[2,2],[-3,3],[-3,-1],[4,2],[4,2],[0,2],[-2,4],[1,2],[2,-6],[4,0],[2,1],[0,3],[3,1],[-2,-3],[6,1],[3,1],[0,5],[-2,1],[-1,2],[-2,1],[1,2],[-1,3],[0,4],[-1,3],[3,2],[2,0],[-3,2],[-1,1],[1,1],[-1,3],[-1,0],[0,1],[2,2],[-2,3],[2,2],[0,2],[-3,6],[-4,2],[-5,0],[1,3],[-1,-1],[-1,-2],[2,-2],[-3,1],[-2,3],[-3,2],[3,0],[3,2],[-2,1],[3,1],[1,-2],[1,2],[0,3],[-3,0],[-8,0],[2,1],[-2,2],[-2,2],[-1,2],[-4,2],[-1,-1],[3,-4],[-3,-4],[-2,-5],[6,-3],[1,-1],[-3,1],[-4,2],[-2,0],[-1,-1],[-2,1],[-2,2],[3,1],[3,2],[3,3],[0,3],[-2,5],[1,2],[8,4],[6,3],[10,7],[5,3],[-1,0],[3,3],[4,4],[2,3],[4,6],[0,3],[-2,3],[-4,1],[-1,3],[2,3],[-2,2],[4,6],[1,4],[0,5],[-2,4],[-4,4],[-3,3],[-2,0],[-2,2],[1,2],[0,3],[1,2],[6,2],[6,0],[8,2],[4,1],[8,3],[3,3],[1,2],[2,12],[2,1],[0,4],[0,1],[4,2],[4,2],[5,1],[8,4],[2,2],[1,3],[6,3],[6,3],[2,7],[0,4],[20,3],[2,0],[4,2],[4,0],[6,0],[7,1],[8,1],[7,1],[7,2],[2,2],[6,2],[3,1],[5,4],[0,4],[0,2],[1,2],[4,3],[1,3],[-1,5],[0,4],[-2,1],[0,-9],[-1,3],[0,6],[0,6],[1,5],[-1,1],[3,2],[0,2],[2,1],[2,7],[1,1],[8,-2],[7,-2],[5,0],[4,1]],[[6506,6393],[1,0],[4,0],[4,-2],[4,0],[5,0],[3,-1],[3,0],[5,-1],[1,-2],[9,-1],[5,-2],[3,-1],[9,-3],[10,-2],[1,-1]],[[6311,6000],[-1,0],[-3,-1],[-5,0],[-3,-2],[-1,-3],[-4,-6],[-3,-1],[-2,-2],[-1,-4],[0,-1],[-1,-2],[-1,-2],[-2,-6],[-8,-6],[-2,-3],[-2,-2],[0,-1],[3,-5],[2,0],[1,-1],[-4,-8],[0,-2],[-3,-4],[0,-2],[0,-2],[0,-6],[-1,-2],[-2,-5],[-3,-2],[0,-1],[-1,-3],[-2,-3],[-4,-1],[-1,-2],[1,-1],[3,2],[3,0],[2,1],[3,0],[1,0],[3,-1],[2,0],[-1,-3],[1,-3],[0,-5],[-1,-2],[0,-2],[5,0],[3,-2],[0,-1],[5,-3],[0,-5],[-1,0],[-1,-2],[1,-1],[-1,-1],[-2,-1],[-3,0],[-2,-3],[-1,-2],[4,-6],[2,0],[3,-2],[8,-6],[-4,0],[-2,-2],[-2,-2],[3,-5],[3,-4],[3,-1],[2,0],[5,2],[3,0],[3,1],[10,3],[5,2],[0,-4],[2,-2],[-2,-2],[-1,-4],[-2,-2],[-3,-1],[-4,-3],[-1,0],[-6,-4],[0,-1],[-7,-3],[-4,1],[-1,-2],[-1,-3],[0,-3],[2,-3],[4,-1],[2,-3],[2,-2],[2,-3],[1,-3],[3,-2],[1,-2],[-1,-4],[1,-3],[0,-2],[-1,-1],[-1,-5],[1,-3],[2,-3],[-1,-3],[1,-3],[2,-3],[3,-1],[1,-2],[3,-2],[-1,-5],[1,-1],[-1,-1],[0,-2],[-1,-1],[0,-4],[1,-1],[-1,-4],[-3,-6],[-2,-1],[-3,1],[-3,0],[-2,1],[-8,1],[-4,1],[-2,0],[-4,-1],[-3,1],[-3,2],[-3,0],[-3,1],[-6,-1],[0,1],[-4,-1],[-5,1],[-1,1],[-2,-2],[-3,-2],[-2,0],[-6,-4],[0,-1],[-3,-1],[-2,-2],[-2,0],[-3,-2],[-2,-5],[-2,-2],[-3,-4],[-2,-7],[1,0],[2,2],[7,0],[6,-2],[3,1],[4,-4],[5,1],[5,-2],[2,0],[4,-2],[3,0],[1,-2],[1,-1],[3,-3],[1,-4],[6,-1],[4,-1],[3,-2],[6,-1],[7,1],[2,-1],[1,-3],[6,-1],[3,0],[3,-1],[0,-2],[2,-2],[3,-1],[1,1],[4,1],[2,-1],[3,0],[4,-3],[-2,-1],[1,-3],[-2,-1],[4,-2],[1,-2],[2,-1],[0,-3],[-2,-1],[-1,-3],[2,-2],[4,-1],[2,-2],[6,0],[0,-1],[3,-3],[-1,-3],[2,-1],[-2,-2],[2,-3],[1,1],[3,0],[0,-3],[2,-2],[0,-1],[2,-2],[1,-2],[2,-2],[1,-3],[6,-4],[0,-3],[-2,-2],[1,-1],[3,0],[1,1],[4,-1],[1,1],[3,-1],[0,-1],[2,-1],[1,-2],[4,-2],[-1,-1],[-2,-3],[-2,0],[-6,0],[-4,-1],[-5,-1],[-4,-1],[-4,1],[-4,0],[-2,-1],[-1,-4],[5,-7],[2,-3],[0,-2],[-1,-3],[-4,-4],[-12,-9],[-1,-3],[0,-3],[3,-5],[0,-7],[-3,-5],[-4,-5],[-1,-5],[1,-10],[1,-7],[-1,-2],[-4,-5],[-7,-2],[-4,-2],[-4,-1],[-4,1],[-3,1],[-3,1],[0,1],[-5,2],[-1,3],[-3,2],[-3,1],[-1,2],[-2,2],[-1,2],[-3,0],[-1,3],[-3,2],[-1,0],[-1,2],[0,2],[-2,2],[0,1],[-3,3],[0,3],[-3,2],[-4,1],[-2,3],[-2,-1],[-3,1],[-2,-2],[-1,1],[-1,-3],[-2,1],[-5,-1],[-1,-2],[0,-1],[-2,-2],[0,-1],[-1,-4],[-4,-3],[-2,-2],[-2,-2],[-2,-1],[0,-2],[-2,-2],[0,-2],[1,-1],[-3,-2],[-4,-1],[-2,-2],[-3,-1],[-3,-4],[-2,-1],[-2,-3],[-4,-1],[-3,-3],[-6,-3],[-1,-8],[-2,-5],[-2,-3],[-2,-4],[-1,-1],[-4,-4],[-5,-1],[-9,-5],[-3,-4],[-2,-4],[-1,0],[-6,-3],[-4,-2],[-4,-2],[-3,-2],[-1,-1],[-3,-2],[-1,0],[-1,-1],[-3,-2],[-2,-2],[-3,-1],[3,-1],[2,-2],[2,-1],[2,1],[2,-2],[-2,-5],[-3,-3],[-2,-4],[-2,-1],[-3,2],[-2,0],[-2,2],[-1,-2],[-2,-1],[-4,1],[-5,-3],[-4,0],[-2,2],[-3,-2],[-2,-3],[-5,-1],[-3,-3],[1,-4],[-4,-2],[-4,-2],[-3,-9],[-4,-3],[-5,0],[-1,-1],[0,-3],[-1,0],[-8,-2],[-2,-3],[-3,-2],[-6,-1],[-2,0],[0,-3],[-2,2],[-1,-1],[-3,1],[0,1],[-2,1],[-2,0],[-2,2],[0,1],[-1,1],[0,3],[1,1],[-1,1],[1,2],[-2,3],[0,4],[-2,1],[-1,2],[-5,0],[-6,2],[-4,4],[-4,0],[-2,1],[-1,2],[-2,1],[-3,5],[-4,3],[0,2],[-2,2],[0,1],[-3,4],[-6,4],[-4,1],[-3,2],[0,1],[-4,0],[-3,2],[-2,-2],[0,-1],[-7,-5],[-2,0],[-2,-2],[-3,0],[-4,0],[-2,-1],[-3,-6],[-2,-1],[-4,-6],[-3,-1],[-5,0],[0,3],[1,1],[0,3],[-2,0],[-4,3],[-5,3],[-2,-2],[-1,-3],[1,-2],[4,0],[-2,-2],[-2,-2],[-1,-4],[-2,-3],[1,-2],[-1,-4],[1,-2],[-3,-3],[-2,-3],[-3,-4],[-1,-3],[2,-1],[3,-1],[1,-2],[0,-3],[-2,-5],[0,-2],[0,-3],[-1,-2],[-8,-7],[-1,-1],[-3,-5],[-2,-5],[-3,-3],[-1,-5],[-3,-4],[-5,-1],[-2,-2],[-1,-1],[-2,-1],[-2,-2],[0,-1],[-2,-2],[0,-3],[0,-1],[-1,-4],[-2,0],[-2,-4],[-1,-2],[-3,-1],[1,-2],[-2,-2],[-5,-1],[-2,-2],[1,-3],[2,-2],[2,-3],[1,0],[0,-2],[6,-1],[0,-1],[5,-4],[5,-2],[3,-3],[0,-2],[2,-3],[2,-1],[2,-2],[2,-1],[3,1],[3,1],[5,1],[1,-2],[1,-3],[0,-9],[1,-6],[-3,-2],[-5,-4],[-3,-2],[-5,-4],[-1,-2],[0,-3],[3,-3],[-1,-2],[-2,-2],[-6,-2],[-6,-4],[-4,-3],[-2,-4],[0,-3],[-2,-2],[-4,-2],[-3,-3],[0,-3],[-4,-3],[-2,3],[-6,3],[-3,1],[-5,1],[-3,5],[-3,-1],[-4,3],[-4,0],[1,-2],[-1,-2],[-2,-3],[-5,-4],[1,-2],[0,-5],[-4,-3],[0,-3],[-2,-2],[-1,-4],[1,-1],[-2,-2],[2,-2],[-1,-1],[-2,0],[-1,-3],[0,-1],[-2,-2],[-1,-3],[1,-7],[-1,0],[1,-4],[4,-7],[-1,-5],[1,-1],[-3,-4],[-3,0],[-1,-2],[1,-3],[-1,-1],[-3,-2],[-2,0],[-2,-2],[1,-3],[-4,-4],[-1,-3],[0,-2],[-1,-4],[-1,0],[-2,-4],[-2,-6],[5,-4],[0,-2],[-2,-1],[3,-3],[2,0],[3,-5],[0,-2],[4,-3],[1,-3],[1,-1],[2,-4],[2,-1],[0,-2],[1,-2],[-2,-4],[-3,-4]],[[5832,5087],[-3,0],[-4,-3],[-2,0],[-1,2],[0,2],[0,1],[-3,0],[-2,-4],[-3,-4],[1,-2],[3,-2],[-1,-2],[-4,-4],[0,-2],[-1,-2],[-3,-2],[-2,-3],[-2,-2],[1,-4],[-1,-3],[-3,-2],[-3,-2],[-2,-5],[-1,-1],[-5,1],[-5,6],[-2,-2],[-3,-1],[-3,-1],[-5,-2],[-1,-1],[-4,-2],[-5,1],[-3,3],[-6,1],[-9,2],[-5,2],[-3,0],[-6,3],[-1,1],[-3,1],[-5,-2],[-3,0],[-2,1],[-3,4],[-1,2],[-4,3],[2,3],[2,6],[1,3],[5,5],[0,3],[-2,2],[-6,1],[-3,1],[-3,-1],[-2,0],[-1,-1],[-2,0],[-2,2],[-1,-2],[-2,1],[1,2],[-2,0],[-4,-1],[-4,2],[-2,-3],[-3,-2],[-1,-2],[-2,-1],[-1,-2],[-6,1],[-2,2],[-5,0],[-3,2],[-1,3],[-1,0],[2,4],[0,2],[-2,1],[-1,2],[1,4],[-3,3],[1,2],[-1,1],[-5,3],[0,2],[-2,0],[0,2],[-4,0],[-2,3],[-2,0],[-2,1],[-9,3],[-3,0],[-4,1],[-1,1],[-2,0],[-3,1],[1,3],[-1,3],[2,3],[1,2],[2,3],[-3,0],[-2,1],[0,2],[-3,1],[2,3],[-1,1],[-4,4],[-2,1],[-5,1],[0,2],[-2,0],[2,2],[-1,1],[-1,5],[-3,2],[0,1],[-2,4],[-3,1],[-1,-1],[-3,1],[-1,-1],[-3,0],[-5,0],[-2,1],[-2,0],[-3,1],[-1,2],[-3,1],[-3,1],[-3,-4],[-6,2],[-4,3],[-3,0],[-1,-1],[-6,0],[-2,1],[-2,-1],[-2,-2],[-3,-2],[-6,0],[-5,-2],[-7,0],[-3,7],[-2,1],[-3,-1],[-4,3],[-1,2],[-1,4],[0,2],[-2,3],[-1,4],[-2,1],[2,3],[1,8],[3,3],[5,3],[2,4],[1,1],[0,2],[2,1],[1,2],[3,4],[1,6],[5,1],[1,2],[-5,4],[-1,0],[0,5],[-3,3],[0,6],[0,1],[4,2],[0,1],[4,1],[5,2],[5,0],[3,4],[3,2],[1,2],[-2,3],[3,0],[3,2],[-1,4],[-1,7],[-1,4],[-3,2],[-2,5],[-2,3],[1,3],[1,5],[0,4],[2,2],[0,3],[2,3],[3,2],[2,1],[-3,4],[-7,0],[-2,-1],[-6,-1],[-4,6],[-1,1],[1,2],[0,3],[-1,3],[2,2],[0,2],[-1,2],[-2,0],[-3,2],[-3,0],[-1,5],[1,2],[0,4],[-1,2],[0,3],[3,3],[3,4],[-1,1],[-5,2],[-3,4],[0,4],[1,2],[0,2],[-3,4],[-2,4],[2,3],[-4,4],[-4,2],[-2,3],[-1,3],[-1,-1],[-3,0],[-2,1],[-4,1],[-3,2],[-7,-2],[-4,2],[-2,0],[-2,2],[0,1],[-7,5],[0,2],[4,4],[1,2],[-1,3],[2,3],[-2,2],[-1,8],[0,2],[-3,3],[1,2],[0,3],[2,2],[0,1],[4,3],[-2,6],[-1,0],[-7,2],[-2,0],[-3,1],[-4,0],[-5,3],[-1,1],[-4,1],[-2,1],[-4,1],[-5,-1],[-3,1],[-1,5],[-2,0],[-5,2],[-2,0],[-2,2],[-6,2],[2,0],[1,3],[-1,4],[-1,2],[0,1],[2,2],[-1,1],[-9,-7],[-4,0],[-4,4],[-3,0],[0,1],[-5,1],[-3,1],[1,4],[0,5],[-2,2],[-5,0],[-5,-4],[-4,-1],[-1,-1],[-1,4],[-2,8],[-8,-3],[-7,1],[-9,8],[-2,3],[-2,10],[0,3],[-2,2],[2,4],[0,4],[0,4],[-7,6],[-4,4],[-2,-2],[-3,-3],[-3,-2],[-1,-2],[-2,-1],[-2,0],[-4,0],[-4,-2],[-2,-1],[-4,-1],[-2,0],[0,-1],[-4,-3],[-2,-5],[-1,1],[-7,0],[-1,-1],[-3,-2],[-1,-2],[-3,1],[-1,-1],[-3,-2],[1,0],[-3,-3],[0,-1],[-3,4],[0,2],[-2,0],[0,3],[-5,1],[-1,-1],[-3,-3],[0,-5],[1,-2],[2,-2],[0,-2],[-2,-2],[1,-1],[-1,-2],[3,-1],[1,-4],[-1,-2],[2,-4],[1,0],[-1,-3],[-1,-10],[2,-3],[-3,-1],[-3,-4],[-1,-1],[-1,-2],[-6,3],[-3,1],[-3,0],[-1,-1],[-3,-1],[-4,-1],[-2,-3],[-1,-3],[-1,-4],[-2,1],[-4,1],[-5,1],[-1,-1],[-5,-1],[-5,-9],[-1,-3],[-1,-5],[-2,-1],[0,-5],[-3,-2],[-5,-2],[0,-2],[-7,0],[-2,0],[-5,-1],[-2,1],[-1,1],[0,7],[1,3],[-2,0],[-2,0],[-2,0],[-2,2],[-3,0],[-1,1],[-1,4],[-2,3],[-7,-2],[-4,2],[-4,0],[-2,1],[-2,1],[-5,5],[-1,2],[-3,3],[0,1],[-3,0],[-1,1],[1,3],[-1,1],[-2,0],[-1,2],[2,6],[-1,4],[-1,1],[2,3],[-2,3],[-1,0],[-7,2],[-5,0],[0,-2],[2,-2],[-1,-3],[-3,-7],[-1,-3],[0,-3],[-1,-1],[0,-4],[-4,0],[-2,1],[-1,2],[-3,2],[0,3],[-2,1],[-2,2],[-3,0],[-1,-2],[-3,0],[0,1],[-5,0],[-2,3],[-2,2],[-3,3],[-1,-1],[-2,2],[-1,-2],[-3,2],[-2,4],[-1,2],[-3,3],[-2,4],[-3,4],[-2,2],[-3,1],[-6,0],[-3,-1],[-4,-4],[-3,-2],[-2,-3],[-3,-1],[-1,0],[-4,-1],[-1,2],[-3,1],[-2,4],[0,1],[-1,4],[-1,1],[4,1],[-1,3],[3,4],[0,3],[1,2],[-1,1],[1,4],[2,2],[2,2],[-1,1],[-1,2],[-4,2],[-1,2],[-6,5],[-4,0],[-2,0],[-3,0],[-5,2],[-2,2],[-6,1],[-1,2],[-3,1],[-1,3],[-2,3],[0,4],[-1,1],[-1,3],[-2,8],[-1,1],[0,2],[-3,3],[3,3],[2,2],[-1,2],[2,1],[0,3],[-1,0],[-1,3],[3,1],[-1,1],[4,0],[-1,1],[3,2],[3,2],[-1,2],[3,0],[1,-1],[2,1],[1,5],[-1,0],[2,1],[-1,3],[1,1],[1,2],[1,0],[-1,1],[2,1],[1,2],[-2,1],[1,1],[-2,2],[-3,0],[-3,2],[-3,-1],[-2,3],[-2,0],[-3,2],[0,1],[2,2],[-1,5],[3,2],[1,2],[1,2],[2,0],[0,2],[2,3],[1,1],[-1,3],[-3,1],[-1,1],[1,3],[-1,2],[-3,2],[-2,0],[-2,2],[1,2],[-2,-1],[0,3],[-3,3],[-1,0],[1,2],[4,2],[0,3],[1,-2],[2,0],[-1,2],[1,1],[-1,2],[-5,0],[-2,0],[-2,-1],[-1,0],[1,2],[-2,2],[2,0],[1,2],[-3,0],[1,3],[2,1],[-4,0],[-3,2],[-1,1],[1,2],[-2,0],[-4,2],[0,2],[-1,3],[-4,-2],[-3,-1],[0,-5],[-3,-3],[-2,0],[-1,-2],[-3,-1],[-1,-1],[-2,-1],[-6,-4],[-4,-5],[-3,-2],[-1,-3],[-3,-1],[-4,1],[-2,-1],[-4,-2],[-5,-3],[-1,-2],[1,-2],[-1,-1],[-1,1],[0,2],[-3,0],[1,-3],[-4,2],[-1,-1],[1,-1],[-2,-1],[-3,-3],[-2,2],[-3,-1],[-2,0],[0,4],[-1,0],[-3,-1],[-4,0],[-1,-1],[-1,2],[-3,-1],[-1,1],[0,4],[-3,1],[-3,0],[0,1],[-2,-1],[0,1],[-2,-1],[-3,1],[-1,-2],[-2,-1],[-2,3],[-1,2],[-3,2],[-1,0],[0,-2],[-3,-1],[-3,4],[-4,-1],[-1,1],[0,2],[-3,1],[-4,-2],[-2,-1],[-3,3],[-2,-2],[-4,-1],[-2,-4],[-2,-2],[-2,0],[-2,-1],[-1,-2],[1,-2],[-1,-2],[-1,-1],[-2,1],[-2,-2],[-3,-1],[-2,0],[-7,-3],[-2,1],[-3,3],[-1,0],[-3,-2],[-1,-5],[-2,-2],[-2,0],[-2,2],[-5,2],[-1,1],[0,3],[-1,1],[-2,-1],[-1,-2],[-2,0],[0,3],[-1,0],[-2,-1],[-1,0],[0,2],[-1,1],[-6,-3],[-2,-2],[0,-7],[-2,-3],[-1,-1],[-5,2],[-1,1],[1,4],[0,1],[-2,3],[-1,0],[-4,-1]],[[4751,5663],[-2,9]],[[4842,5959],[0,-2],[-2,-4],[3,-2],[2,-3],[1,-2],[-2,-4],[7,-6],[1,-3],[-1,-2],[2,-2],[3,-4],[4,0],[3,-2],[0,-1],[3,-2],[2,0],[0,-2],[3,-1],[2,0],[2,2],[5,-1],[0,-3],[-3,-1],[-1,-5],[1,0],[1,-3],[-1,-3],[-2,-6],[-2,-1],[0,-2],[1,-2],[3,-1],[0,1],[4,-2],[0,-1],[5,-4],[4,-2],[1,-2],[-3,-5],[1,-1],[3,-8],[1,0],[0,-4],[-1,-3],[3,-2],[1,0],[2,-2],[4,0],[1,-2],[2,1],[1,-2],[1,0],[2,1],[1,-2],[1,1],[2,-1],[1,1],[4,1],[3,-1],[1,-2],[2,-1],[2,-1],[1,-3],[-1,-2],[-1,-3],[2,0],[1,-3],[4,-1],[2,-3],[2,0],[1,-3],[2,0],[0,-2],[-1,-1],[0,-2],[3,0],[0,1],[6,2],[0,1],[3,0],[1,-3],[6,-2],[0,2],[1,0],[4,-2],[1,2],[2,5],[-1,1],[2,1],[0,2],[2,1],[1,3],[3,1],[2,-1],[3,3],[3,-1],[1,2],[1,-2],[2,0],[1,3],[3,2],[2,-2],[1,1],[0,2],[1,2],[2,0],[1,1],[6,-2],[2,1],[4,-2],[3,1],[0,-3],[-1,-1],[3,0],[1,0],[0,-2],[2,1],[2,-2],[4,0],[1,-2],[0,-2],[-2,-3],[-3,-1],[0,-1],[2,0],[1,-1],[-2,-3],[1,-4],[-1,-2],[0,-2],[1,-3],[3,-2],[-1,0],[0,-3],[-1,-1],[2,-3],[2,-2],[-1,-2],[4,-1],[3,-4],[3,-1],[2,-2],[1,-3],[3,-1],[4,-4],[3,-4],[-3,-5],[-6,-4],[-1,-3],[-1,-1],[1,-5],[1,-2],[2,0],[1,0],[3,-1],[1,-1],[-1,-2],[1,-1],[0,-2],[-2,-1],[0,-3],[-3,-3],[1,-1],[-2,-1],[-3,-2],[0,-2],[-3,1],[-2,-2],[-2,0],[-2,-2],[-3,-3],[1,-1],[-2,-1],[-5,-2],[-5,-4],[-2,-2],[2,-1],[-1,-1],[3,-2],[0,-4],[1,-3],[0,-4],[1,-1],[1,-3],[1,-1],[3,1],[1,-1],[9,0],[7,2],[2,-1],[1,2],[3,0],[-1,1],[1,4],[4,0],[-1,0],[1,2],[3,0],[0,2],[4,0],[2,1],[1,-2],[1,-1],[4,1],[1,2],[1,2],[0,3],[-3,3],[0,3],[-1,1],[4,1],[3,3],[0,2],[0,2],[2,2],[-1,2],[2,1],[1,3],[-2,1],[1,2],[3,0],[5,-3],[0,-1],[3,-1],[2,-2],[8,-4],[4,-1],[3,-2],[2,-1],[1,-2],[4,-3],[3,1],[3,-2],[1,1],[6,0],[3,1],[1,1],[3,-1],[2,-3],[0,-2],[3,-3],[1,-2],[2,-1],[0,-3],[1,-2],[0,-4],[3,1],[1,0],[-1,-4],[2,0],[2,-1],[0,-3],[-1,-3],[1,-3],[5,0],[0,-1],[3,0],[0,-1],[1,0],[2,2],[2,1],[7,-2],[4,-2],[3,-1],[3,0],[4,-2],[2,-1],[-2,-2],[1,-1],[1,-2],[1,-2],[0,-3],[1,-1],[-2,-2],[1,-2],[3,1],[2,-3],[4,-1],[-2,-6],[1,-1],[3,0],[2,-2],[2,-2],[0,-3],[2,-1],[1,-4],[2,-3],[2,-1],[0,-3],[3,-1],[3,-4],[2,0],[2,3],[1,2],[2,2],[3,1],[1,2],[3,1],[3,0],[4,-1],[4,-1],[5,2],[4,1],[1,-1],[3,2],[2,-1],[1,-2],[4,-1],[3,1],[4,1],[2,-2],[2,1],[6,0],[3,-2],[-1,-3],[2,-4],[5,0],[1,3],[1,-1],[-1,-5],[-2,1],[-3,-4],[0,-2],[6,0],[8,2],[3,3],[1,2],[0,3],[1,0],[4,4],[4,2],[4,2],[4,0],[5,0],[3,-1],[0,-2],[-1,-5],[1,-2],[-1,-3],[1,-1],[4,0],[4,3],[2,2],[5,2],[3,3],[1,4],[5,4],[2,2],[4,4],[6,8],[2,1],[0,-1],[5,0],[2,-2],[2,1],[5,1],[1,1],[3,0],[2,-2],[4,1],[3,1],[1,-1],[2,2],[1,4],[1,0],[2,-3],[4,-1],[0,-1],[3,-2],[2,-3],[3,-4],[3,-2],[1,0],[2,-2],[3,1],[5,-2],[3,-6],[1,-2],[2,-4],[3,-2],[1,-2],[4,-3],[0,-2],[3,1],[3,2],[3,4],[1,3],[1,5],[3,2],[1,3],[0,3],[0,6],[2,3],[1,2],[-1,5],[-2,5],[3,7],[0,1],[1,4],[0,2],[1,2],[1,1],[1,5],[3,4],[5,8],[0,2],[1,2],[3,5],[1,3],[-2,2],[-2,3],[-5,5],[-12,4],[-1,1],[1,2],[0,3],[-3,2],[2,1],[1,3],[3,0],[2,3],[1,2],[3,0],[2,0],[5,3],[3,4],[0,2],[2,4],[2,2],[0,2],[2,1],[0,2],[2,3],[0,2],[-1,2],[0,4],[1,3],[0,1],[2,2],[-1,1],[1,2],[1,6],[3,2],[0,1],[5,2],[1,0],[5,2],[1,1],[3,4],[0,1],[8,2],[5,3],[1,1],[2,3],[1,3],[2,0],[1,3],[2,2],[2,0],[-1,4],[-2,1],[1,2],[0,3],[3,1],[1,1],[1,1],[1,2],[3,1],[-1,2],[1,3],[-1,2],[5,2],[2,2],[5,1],[3,-1],[2,-3],[8,-2],[2,-2],[2,1],[5,-4],[2,0],[2,-2],[3,-4],[4,0],[1,-1],[5,-3],[2,0],[4,-2],[6,2],[1,0],[3,1],[0,-1],[-2,0],[-1,-2],[3,-3],[2,-1],[4,-1],[2,-2],[-2,-2],[2,-3],[3,-1],[3,-4],[3,-4],[1,-4],[4,-1],[0,-2],[3,-3],[2,-4],[1,1],[2,-1],[0,-3],[-1,-2],[0,-3],[-2,-2],[1,-2],[-1,-1],[1,-2],[-2,-2],[2,-1],[-2,-2],[2,-1],[-2,-4],[-3,-1],[0,-4],[-2,-1],[0,-2],[-2,0],[-2,-4],[2,-3],[-1,-2],[-4,-3],[-2,-3],[1,-3],[-2,-2],[0,-2],[-2,-4],[-3,-2],[-1,-3],[1,-1],[-2,-1],[-2,1],[-6,-1],[-7,4],[-2,1],[-3,0],[-4,2],[-6,-5],[-2,-2],[2,-1],[1,-3],[2,-2],[-1,-3],[0,-1],[0,-3],[-3,-3],[-2,-5],[-2,-2],[-2,0],[1,-4],[-3,-8],[-3,-3],[-1,-3],[5,-2],[4,0],[5,-4],[2,-2],[7,-2],[2,-1],[3,-3],[1,-3],[-1,-2],[0,-1],[2,-2],[1,-2],[-3,-2],[0,-3],[3,0],[6,1],[2,0],[3,-3],[8,-2],[6,-5],[3,2],[3,4],[1,1],[0,3],[2,3],[1,1],[1,4],[1,2],[4,2],[1,2],[2,1],[2,2],[1,4],[0,7],[4,3],[0,2],[-2,3],[4,2],[-1,2],[1,2],[2,0],[-4,5],[0,4],[1,3],[-1,5],[2,0],[4,-6],[4,-1],[3,-3],[1,-1],[2,-1],[6,1],[1,1],[3,1],[1,-1],[4,-1],[2,1],[5,-2],[3,0],[4,2],[0,3],[6,-3],[4,-1],[3,-4],[1,-1],[-2,-3],[1,-2],[4,-2],[1,-4],[4,-3],[3,-2],[2,1],[2,0],[5,2],[1,1],[2,1],[4,0],[4,0],[4,1],[3,0],[3,2],[1,2],[4,1],[3,5],[3,1],[1,3],[-1,2],[-5,6],[-2,1],[-1,4],[-4,2],[-2,4],[1,1],[-3,3],[-5,-1],[-3,1],[0,3],[0,3],[1,3],[-1,1],[2,2],[7,5],[-6,8],[-4,2],[-1,1],[2,6],[1,5],[2,1],[-2,4],[0,2],[1,2],[0,3],[3,3],[3,1],[3,3],[4,5],[16,-4],[3,-4],[6,-3],[5,-2],[0,-4],[0,-2],[2,-2],[3,-1],[3,-1],[4,-1],[4,0],[4,1],[3,0],[3,-1],[2,2],[5,0],[3,-1],[3,2],[5,0],[5,2],[0,1],[-1,1],[1,3],[3,0],[6,3],[0,3],[2,2],[0,5],[2,4],[0,2],[2,1],[3,0],[5,4],[4,1],[4,1],[3,0],[2,-4],[0,-3],[0,-4],[1,-2],[-1,-2],[4,-3],[1,-5],[0,-3],[2,-3],[0,-1],[1,-1],[1,-2],[2,-1],[2,1],[4,4],[0,2],[2,1],[2,4],[4,2],[1,2],[0,2],[3,6],[1,2],[2,1],[2,0],[1,3],[3,0],[1,1],[0,2],[5,4],[1,3],[1,3],[-1,1],[1,1],[3,2],[1,2],[-1,3],[2,3],[-1,3],[1,1],[3,2],[2,3],[6,0],[0,1],[2,3],[1,1],[4,0],[2,2],[-1,5],[2,1],[3,5],[2,0],[3,-1],[1,1],[5,2],[2,5],[-1,1],[3,1],[3,-1],[2,1],[5,1],[4,-1],[1,2],[2,4],[-2,5],[2,1],[7,-1],[2,1],[4,-1],[4,0],[6,2],[2,1],[4,5],[0,5],[1,2],[3,4],[0,2],[2,2],[4,5],[1,5],[2,3],[2,2],[-1,3],[8,2],[4,-2],[5,-3],[3,0],[3,2],[2,4],[2,-1],[2,-1],[4,1],[3,2],[2,3],[2,0],[1,2],[-1,2],[-2,2],[-1,2],[1,2],[-1,4],[4,4],[-1,1],[0,3],[-1,5],[-5,2],[-1,1],[0,3],[1,3],[0,3],[-2,3],[-1,2],[1,2],[-1,2],[1,2],[2,2],[1,2],[2,0],[-1,3],[1,2],[-1,2],[1,1],[1,6],[7,4],[3,0],[1,1],[0,6],[3,1],[1,2],[0,1],[-3,2],[0,3],[-2,1],[1,7],[-2,2],[0,4],[0,5],[0,1],[0,8],[1,1],[-3,3],[4,4],[0,1],[4,4],[-2,5],[-5,5],[-1,4],[0,2],[0,2],[1,2],[-2,1],[-8,1],[-3,0],[-4,2],[-3,1],[-4,5],[-1,4],[0,3],[-4,5],[-6,1],[-2,-1],[-4,0],[-5,5],[-3,0],[-1,2],[2,1],[1,2],[0,4],[-2,2],[0,1],[3,1],[2,1],[4,3],[3,0],[3,2],[2,1],[1,3],[2,1],[3,-1],[1,1],[3,0],[1,1],[5,-1],[2,-2],[2,-1],[4,-3],[3,0],[1,-1],[-2,-4],[1,-1],[4,-2],[2,0],[3,-3],[3,1],[1,1],[2,0],[5,-5],[1,-1],[5,-2],[1,-3],[0,-1],[2,-3],[3,-1],[1,-1],[-1,-2],[1,-2],[0,-2],[5,-3],[1,-2],[2,-3],[0,-2],[1,-1],[1,-3],[0,-2],[1,-3],[0,-1],[1,-3],[1,-1],[3,-5],[2,-2],[1,-2],[2,-5],[2,-2],[3,-1],[4,-3],[6,0],[1,1],[6,0],[1,2],[5,0],[3,2],[2,0],[8,4],[0,2],[0,2],[4,2],[2,1],[2,1],[0,2],[2,2],[1,0],[2,2],[5,1],[2,0],[1,1],[2,2],[6,1],[2,1],[4,0],[5,1],[2,-1],[1,2],[2,2],[1,1],[-7,3],[-1,2],[0,2],[1,3],[-1,3],[-3,1],[2,4],[3,2],[0,2],[1,1],[3,2],[0,3],[0,5],[-3,3],[-2,2],[-1,2],[2,4],[0,3],[0,2],[3,4],[7,1],[1,4],[4,3],[0,4],[0,4],[1,1],[4,5],[4,2],[7,1],[-1,3],[4,4],[0,3],[4,2],[0,1],[0,8],[0,1],[-1,2],[-2,3],[2,5],[2,3],[-1,2],[1,2],[-2,2],[0,3],[0,3],[-3,2],[-1,1],[-3,2],[-1,2],[0,3],[1,1],[4,1],[3,4],[-2,4],[0,5],[-3,2],[-2,0],[1,5],[0,1],[1,5],[-1,2],[0,2],[-1,1],[0,4],[4,2],[2,3],[3,0],[1,2],[-1,4],[1,2],[4,8],[-1,4],[-3,2],[0,2],[-3,1],[-1,6],[-2,2],[-4,1],[-2,2],[-1,2],[0,4],[4,2],[-1,4],[1,2],[-1,3],[-3,4]],[[6201,6319],[2,1],[-1,1],[3,2],[-1,2],[1,1],[3,2],[3,0],[6,-5],[3,-2],[5,-4],[1,-2],[3,0],[2,-2],[3,0],[1,-1],[4,-1],[1,-1],[3,0],[1,-3],[3,-1],[1,-1],[5,-2],[2,1],[4,-2],[5,-2],[2,-1],[1,1],[2,-1],[2,0],[4,-1],[5,2],[0,1],[2,1],[3,4],[3,1],[2,1],[1,0],[5,3],[2,0],[4,-1],[2,0],[-1,4],[4,2],[2,2],[3,1],[4,4],[1,0],[3,4],[3,1],[1,2],[4,3],[1,3],[3,3],[1,3],[0,2],[1,2],[1,4],[1,1],[0,2],[3,6],[2,3],[0,3],[2,3],[3,3],[2,5],[5,2],[3,0],[3,-2],[4,1],[5,-1],[2,-2],[-1,-3],[-1,-4],[-1,-2],[0,-3],[1,-1],[3,-1],[3,-2],[5,1],[2,0],[2,2],[2,0],[5,2],[1,3],[2,1],[1,3],[3,3],[4,0],[2,2],[0,2],[-2,1],[-1,6],[2,2],[3,4],[-1,4],[3,2],[3,1],[2,3],[2,2],[3,-1],[3,1],[3,-2],[8,-3],[0,-2],[3,0],[0,-3],[2,-1],[5,0],[5,-1],[3,-2],[5,0],[2,-1],[2,0],[1,2],[1,1],[2,-1],[4,1],[4,1],[7,1],[4,2],[3,2],[4,1],[8,-3],[5,-2],[3,0],[2,1]],[[4751,5663],[2,-5],[0,-2],[-1,-3],[2,-6],[2,-4],[1,-4],[2,-1],[8,1],[2,-1],[3,-2],[2,-4],[-1,-5],[0,-6],[-1,-2],[-2,-5],[-2,-2],[-1,-6],[2,-5],[4,-3],[0,-3],[-1,-2],[-3,-2],[-4,-1],[-2,-1],[-1,-2],[0,-3],[0,-5],[0,-3],[-3,-3],[1,-4],[-1,-3],[-2,-4],[1,-5],[2,-4],[2,-3],[2,-2],[1,-2],[-1,-4],[-2,-3],[-5,-5],[-3,-1],[-4,-1],[-3,0],[-3,-2],[-2,-1],[1,-4],[2,-4],[2,-6],[1,-4],[0,-5],[2,-6],[0,-3],[2,-6],[4,-1],[3,-1],[0,-1],[-1,-2],[-2,0],[-3,0],[-6,2],[-2,-1],[-3,-2],[-1,-1],[0,-3],[3,-3],[3,-3],[1,-4],[0,-2],[-1,-3],[-5,-1],[-5,0],[-1,0],[-1,-2],[2,-7],[2,-3],[1,-2],[-2,-4],[-5,-4],[-4,0],[-2,0],[-4,5],[-3,-2],[1,-2],[2,-3],[1,-3],[0,-3],[-4,-3],[-1,-3],[-2,-9],[-2,-5],[-1,-1],[-7,-4],[-2,-2],[-2,-4],[-1,-5]],[[4702,5399],[-1,0],[-4,-1],[-1,1],[1,2],[-1,0],[-5,-3],[-2,-2],[-1,2],[-3,1],[0,2],[-2,0],[-2,-1],[-5,5],[-2,1],[-3,-1],[-1,1],[-2,-1],[-3,1],[-1,-1],[-4,2],[-1,2],[-4,-1],[-5,2],[-2,2],[-3,2],[-2,3],[-4,0],[-2,-1],[-3,1],[0,-1],[-4,0],[-1,-1],[-3,0],[0,1],[-3,-2],[-1,1],[-1,-2],[-4,-3],[-3,0],[-2,-1],[0,-2],[-1,0],[-1,-2],[-1,-1],[-2,0],[-1,1],[-5,0],[-2,1],[-1,1],[-3,-2],[-1,1],[-2,0],[-7,5],[-4,1],[-1,0],[-2,0],[-1,-1],[-5,1],[-1,2],[-7,0],[-4,-4],[-3,1],[-3,-4],[-4,1],[-4,-1],[-2,-2],[-2,-1],[-4,0],[-1,-2],[-3,0],[-2,-2],[-4,1],[-1,0],[-3,1],[-4,0],[-2,0],[-1,1],[-2,-2],[-5,-1],[-3,-1],[-2,1],[-2,-2],[1,-2],[-2,-2],[-2,-1],[-4,0],[-3,1],[-3,-1],[-4,0],[-5,-7],[0,-2],[1,-2],[-1,-2],[1,0],[-3,-3],[-3,0],[-1,-2],[-2,0],[-1,-2],[0,-2],[-2,-2],[0,-1],[-4,-3],[1,-2],[-5,-2],[0,-2],[-2,-1],[-2,-2],[-2,-4],[-1,0],[-1,-3],[-2,-4],[0,-3],[-2,-1],[-2,-2],[0,-1],[-2,-3],[1,-2],[-1,-2],[2,0],[0,-2],[-3,-2],[-2,0],[-3,1],[-4,-3],[-3,1],[-3,0],[-2,1],[-1,2],[-4,1],[0,1],[-4,3],[-3,-2],[-2,1],[-2,-2],[-4,2],[-2,-2],[-2,-1],[-6,-1],[-1,0],[-4,0],[-3,-1],[0,-1],[-2,-1],[0,-1],[-2,-1],[0,-2],[-1,-1],[0,-3],[-2,-1],[-2,1],[1,-3],[-3,-2],[-3,-1],[-1,2],[-5,-2],[-4,-4],[-3,1],[-1,-1],[-2,1],[-5,1],[-3,1],[-6,3],[-3,1],[-5,1],[-4,0],[-4,-1],[-2,-4],[-5,-3],[0,-3],[-2,0],[-3,-2],[1,0],[-2,-4],[-7,-5],[-5,-1],[-1,-2],[-4,-3],[-1,-1],[-2,-2],[-3,-1],[-2,-2],[2,-2],[-1,-2],[-1,-3],[-1,-2],[-2,-4],[4,-3],[1,-2],[3,-2],[6,-1],[2,-4],[4,-2],[1,-3],[-1,-4],[1,-4],[-1,-1],[-4,-6],[1,-1],[-1,-3],[-3,-5],[-3,-3],[-1,-3],[-4,-2],[-6,-2],[-1,-1],[-1,-2],[2,-6],[-1,-4],[0,-4],[3,-4],[2,-3],[1,-6],[1,-3],[2,-3],[3,-3],[10,-3],[1,-3],[-4,-13],[-2,-3],[-3,-3],[-5,-1],[-4,-6],[-5,0],[-3,-5],[0,-4],[-2,-2],[-4,-3],[-5,-7],[-2,-2]],[[4271,5124],[-5,-1],[-1,0],[-4,1],[-3,3],[-3,0],[-3,-2],[-2,1],[-2,2],[-4,1],[-7,3],[-2,4],[0,6],[-1,1],[-4,2],[-1,2],[-1,2],[2,1],[-1,4],[-1,1],[-3,1],[-1,3],[-4,3],[-2,5],[0,4],[-3,2],[-5,0],[-4,1],[0,2],[-1,2],[0,4],[-2,0],[-4,2],[0,2],[2,3],[-5,0],[-4,2],[-3,0],[-1,1],[-2,0],[-6,1],[-7,-1],[-5,-3],[-5,0],[-3,2],[0,3],[-1,2],[-2,-1],[-4,-2],[-4,0],[-2,3],[0,3],[-3,2],[-2,-1],[-1,1],[-4,-3],[-7,0],[-1,1],[-2,-1],[-1,-2],[-2,-1],[-1,1],[-5,1],[-4,2],[-2,-1],[-2,0],[-2,1],[1,2],[1,4],[0,3],[-1,3],[-2,2],[1,2],[-3,1],[-1,2],[1,1],[-1,1],[-3,0],[-1,0],[-4,0],[-2,2],[-1,0],[0,-2],[2,-1],[-5,-2],[0,-2],[-6,-3],[1,-4],[-2,-2],[-2,0],[-5,-2],[-8,2],[-3,-2],[-3,1],[-4,0],[-3,-1],[-3,2],[0,1],[-4,3],[-1,0],[-3,1],[0,3],[0,4],[-1,1],[-1,3],[2,1],[-2,1],[0,2],[-2,1],[0,4],[0,1],[-2,2],[0,2],[-2,1],[0,3],[-2,1],[0,3],[-3,2],[-1,1],[1,2],[-2,1],[0,2],[-2,0],[-2,4],[1,1],[-2,1],[0,3],[-2,2],[-5,-4],[-3,-1],[-1,-5],[-2,-3],[-3,-1],[-3,-1],[-1,-2],[0,-2],[2,-2],[0,-2],[-4,0],[-2,2],[-1,0],[1,-4],[-3,-2],[-1,-2],[2,-1],[3,0],[-1,-2],[-3,0],[-1,-1],[-1,-3],[-4,-2],[0,-1],[1,-1],[0,-2],[-2,-2],[-1,-2],[1,-2],[1,-4],[3,-3],[-3,-8],[-2,0],[-3,1],[-3,-2],[0,-2],[-2,-2],[-3,-2],[-2,-2],[-4,0],[-3,2],[-4,1],[-6,2],[-3,0],[-3,0],[-2,1],[-2,0],[-3,2],[-4,0],[1,1],[0,2],[3,1],[-3,0],[0,1],[-4,2],[-1,2],[-5,1],[-1,2],[1,1],[-2,1],[-3,0],[0,1],[-2,-1],[-2,1],[1,4],[-2,2],[-1,1],[-1,6],[-1,0],[-1,2],[-2,3],[-1,2],[1,1],[0,4],[-1,1],[2,4],[0,3],[-1,3],[-7,3],[-1,2],[-1,2],[-3,1],[-1,4],[2,3],[0,3],[1,0],[0,3],[2,1],[1,5],[1,1],[-3,3],[1,4],[4,3],[2,3],[5,6],[-2,2],[0,2],[2,0],[-1,2],[3,0],[5,-1],[-2,4],[1,0],[-1,2],[0,3],[2,0],[4,-1],[4,2],[2,-2],[3,-2],[3,-2],[2,-3],[2,-1],[3,-2],[4,-2],[2,-2],[3,4],[1,0],[2,1],[0,3],[0,1],[1,1],[-2,3],[1,0],[2,5],[0,4],[2,1],[-2,2],[0,1],[4,2],[1,3],[0,1],[2,2],[-1,1],[2,3],[3,2],[0,1],[2,2],[-1,1],[1,3],[3,0],[5,6],[0,2],[-4,3],[0,1],[1,3],[1,2],[1,4],[-1,2],[0,4],[-2,1],[-2,0],[-2,-1],[-4,4],[-1,6],[-3,3],[1,2],[-1,1],[1,4],[2,0],[2,-1],[3,1],[4,3],[0,1],[4,2],[3,-1],[3,2],[1,-1],[3,2],[1,-2],[3,-1],[1,-1],[4,-2],[7,-1],[3,2],[3,4],[4,1],[1,-3],[1,-3],[3,-2],[3,0],[0,-2],[1,-2],[3,1],[4,-2],[3,0],[4,0],[3,-1],[7,1],[4,-2],[0,-2],[6,2],[3,2],[7,2],[3,3],[-1,3],[0,1],[2,1],[1,6],[5,5],[1,3],[3,2],[-2,4],[-6,2],[0,4],[-1,0],[0,3],[-1,1],[-2,3],[0,6],[0,3],[-8,0],[-2,2],[-2,4],[-2,1],[-2,3],[-3,1],[-2,2],[2,4],[-3,2],[-4,0],[-1,1],[-2,0],[-2,-2],[-2,3],[-4,3],[-3,1],[-3,-2],[-6,2],[-3,-3],[1,-5],[-1,0],[-4,1],[-3,-1],[-2,2],[-4,0],[-2,-1],[0,-2],[-3,0],[-1,-1],[-5,-3],[-2,-1],[0,-1],[-2,0],[-3,-2],[1,-1],[-2,0],[-2,1],[-5,-2],[-2,0],[-4,-1],[-2,1],[-3,-1],[-1,1],[-4,0],[-2,2],[-2,-2],[-1,-2],[-1,1],[-2,3],[-1,1],[-1,0],[-5,0],[-3,2],[-3,0],[-2,-1],[1,3],[1,4],[-1,0],[1,2],[2,0],[-1,4],[3,5],[-2,1],[0,2],[2,3],[-1,0],[0,3],[-1,4],[-1,1],[-2,-1],[-1,5],[2,2],[-4,2],[-1,3],[0,6],[0,1],[-1,9],[-1,4],[0,4]],[[5424,3314],[1,-3],[-1,-2],[-3,-4],[0,-1],[3,-2],[1,-3],[-1,-2],[1,-3],[6,-5],[1,-2],[2,-2],[1,-2],[-1,-2],[1,-1],[2,-2],[1,-2],[4,-2],[1,-1],[3,0],[4,-4],[0,-2],[3,0],[2,-3],[0,-4],[1,-3],[3,-3],[0,-2],[3,-1],[2,-3],[3,-2],[1,-1],[4,-1],[2,0],[2,-4],[0,-4],[2,-3],[4,-2],[2,-2],[2,-1],[8,-7],[1,-4],[4,-1],[1,-1],[0,-6],[1,-1],[-1,-5],[-1,-2],[0,-3],[3,-3],[4,-1],[0,-4],[1,-2],[2,0],[1,1],[1,-1],[6,1],[-1,-2],[1,0],[9,-1],[0,-1],[2,0],[-2,-2],[2,0],[1,-4],[0,-2],[3,0],[1,1],[2,0],[0,-1],[1,-1],[3,0],[-1,2],[2,-1],[2,0],[1,-2],[-2,-1],[1,-1],[3,0],[4,-2],[-1,-1],[2,0],[-2,-2],[2,-2],[1,0],[1,-2],[-1,0],[1,-3],[-1,-1],[4,-2],[-1,0],[1,-3],[2,0],[0,-1],[2,-1],[1,-3],[-1,-4],[1,0],[-3,-2],[3,-3],[0,1],[2,-1],[0,-1],[2,0],[-2,-2],[0,-2],[-2,-1],[1,-1],[2,0],[4,-2],[1,0],[0,2],[1,-1],[5,-1],[0,2],[2,0],[-1,2],[3,0],[1,-1],[1,-4],[1,-1],[0,-2],[2,-2],[-2,-3],[1,-1],[-1,-3],[-2,0],[2,-2],[-2,0],[-1,-2],[-1,1],[0,-3],[3,-1],[2,-2],[-1,2],[2,-2],[2,1],[-1,-2],[2,1],[0,-3],[1,-2],[2,1],[0,-1],[0,-1],[3,0],[0,-1],[-3,-1],[-1,-3],[1,-1],[-2,-2],[1,-1],[-4,0],[0,-1],[-2,0],[2,-3],[-1,0],[5,-2],[-1,-1],[1,-1],[-1,-1],[0,-2],[2,0],[1,2],[1,-2],[2,0],[0,-3],[-2,-1],[0,2],[-2,0],[0,-2],[-2,0],[-1,-1],[1,-3],[-2,0],[0,-2],[2,1],[0,-4],[2,0],[0,-2],[2,1],[-1,-4],[5,-2],[1,1],[3,0],[2,-2],[2,1],[-1,-2],[1,-3],[0,-2],[-3,0],[0,-3],[1,1],[3,0],[0,-2],[-2,0],[1,-3],[4,0],[6,-1],[2,-2],[1,-1],[-2,-1],[2,-4],[5,-1],[2,0],[2,-1],[1,1],[1,-2],[-2,0],[0,-1],[3,0],[1,-2],[3,1],[1,-1],[3,2],[-1,-3],[6,-4],[2,1],[-1,-3],[0,-2],[-2,2],[-2,-1],[2,-1],[-1,0],[-2,0],[1,-3],[3,2],[2,-1],[0,-2],[-1,0],[0,-2],[3,-2],[3,0],[4,-2],[-1,-1],[-2,1],[-1,-1],[2,-2],[4,0],[6,-3],[0,2],[2,-2],[2,0],[1,-1],[-2,-1],[1,-1],[10,-3],[3,1],[0,-3],[1,-1],[0,-5],[2,0],[-1,-2],[2,-1],[3,1],[5,0],[0,-2],[2,1],[3,-1],[4,2],[0,-2],[-2,-1],[2,-2],[2,0],[1,2],[3,-2],[-1,-2],[1,-1],[1,0],[1,-1],[-2,-2],[-2,0],[1,-2],[-1,-1],[-2,0],[2,-2],[7,-6],[2,0],[1,-1],[4,-1],[1,-1],[2,0],[0,-2],[2,1],[1,-1],[-2,-1],[1,-1],[3,2],[3,0],[1,4],[2,-1],[1,-3],[2,-1],[6,2],[2,0],[1,1],[2,-1],[-2,-1],[3,-1],[2,1],[-1,-3],[3,1],[2,-3],[0,-1],[-2,1],[-1,-1],[3,-1],[0,-1],[-2,-1],[2,-1],[-2,-2],[-3,-1],[-5,-3],[-1,-1],[0,-2],[4,2],[1,1],[1,-3],[0,-2],[-2,-1],[2,-1],[1,2],[2,-1],[-2,-3],[3,-2],[4,1],[2,-1],[2,-2],[-2,-2],[0,-2],[2,0],[4,1],[1,-1],[2,1],[0,-1],[2,-1],[1,1],[0,-2],[1,-3],[-2,0],[-2,1],[-2,0],[0,-1],[2,-1],[4,-2],[1,-2],[0,-3],[1,1],[1,2],[2,0],[1,-1],[-2,-1],[0,-2],[3,-1],[3,-1],[6,5],[2,-1],[3,-1],[3,3],[1,-1],[-1,-2],[3,-2],[1,0],[1,-2],[3,1],[3,-1],[0,-2],[4,1],[2,0],[-2,-3],[4,0],[2,1],[-3,-3],[1,-2],[2,-2],[3,1],[5,4],[3,1],[2,0],[1,0],[1,2],[3,2],[2,-1],[-1,-3],[3,1],[3,3],[1,-3],[0,-2],[1,0],[1,1],[1,2],[0,2],[5,3],[0,2],[2,0],[2,-2],[2,0],[0,-3],[2,1],[2,-1],[2,-1],[2,3],[1,2],[2,1],[-2,2],[1,1],[2,-1],[1,1],[-1,2],[-3,-1],[-1,2],[2,1],[5,-1],[3,1],[0,-1],[-2,-2],[-1,-3],[1,0],[3,3],[2,0],[0,3],[-4,6],[-2,4],[1,1],[3,-2],[1,0],[2,2],[0,2],[-2,2],[3,1],[0,-3],[1,-1],[3,1],[3,0],[2,2],[2,0],[1,2],[3,0],[0,-1],[2,0],[2,4],[1,3],[2,3],[-1,3],[5,-1],[0,-2],[4,1],[1,1],[-2,1],[1,1],[2,-1],[3,6],[1,2],[2,2],[-3,4],[0,3],[3,1],[4,-2],[3,2],[1,-1],[0,-2],[3,0],[2,-1],[2,1],[0,1],[3,1],[0,2],[3,0],[0,-3],[1,0],[7,7],[2,0],[3,-2],[2,0],[0,3],[2,0],[2,-1],[1,0],[-2,4],[-2,1],[-1,2],[2,1],[3,0],[1,2],[-4,2],[-1,0],[-2,-3],[-2,2],[0,2],[2,2],[2,0],[6,-3],[4,-3],[1,3],[-2,3],[-1,3],[1,2],[-1,7],[-4,1],[-5,0],[-3,-1],[-1,-1],[-2,0],[-1,3],[2,2],[2,0],[3,-2],[2,1],[0,2],[2,2],[-1,2],[-4,1],[-2,3],[-3,1],[0,2],[3,1],[3,-1],[4,2],[1,2],[2,0],[2,-1],[1,-2],[6,0],[1,3],[-2,2],[-10,5],[-1,1],[-1,3],[0,2],[-1,2],[0,4],[1,2],[3,1],[7,-2],[3,0],[1,1],[-1,8],[-1,1],[-5,1],[1,2],[5,-3],[4,0],[2,0],[2,-2],[2,-1],[4,1],[1,-2],[0,-2],[3,1],[0,3],[1,2],[4,2],[0,2],[-1,3],[-4,1],[-1,1],[2,1],[6,1],[6,2],[2,-1],[3,-3],[6,1],[3,-2],[5,4],[4,0],[1,-3],[-3,-2],[-3,-5],[-1,-6],[1,-3],[9,-9],[5,-1],[4,-1],[3,0],[3,3],[2,3],[0,1],[-2,3],[2,3],[3,1],[2,-1],[5,-2],[1,2],[-4,3],[-1,3],[2,3],[-1,6],[0,3],[2,1],[5,1],[4,-1],[6,-1],[3,-1],[3,-3],[1,-3],[-1,-3],[1,-1],[10,0],[5,0],[3,-3],[1,-3],[2,-2],[3,1],[2,4],[2,7],[0,2],[-2,2],[2,2],[3,-1],[1,0],[1,-3],[0,-5],[5,-4],[0,-2],[-1,-1],[2,-3],[7,-6],[4,-2],[7,-1],[3,-1],[9,-3],[2,-2],[0,-3],[3,-2],[2,1],[4,-1],[2,-3],[4,-2],[1,-2],[4,-4],[5,-2],[4,-1],[3,-2],[3,-1],[5,0],[5,-1],[2,-2],[3,-2],[0,-3],[3,-1],[3,1],[2,2],[2,1],[4,-1],[2,-1],[3,1],[3,4],[2,0],[3,0],[3,3],[5,-2],[3,-1],[1,-6],[3,-4],[4,-1],[2,-3],[2,-2],[4,-3],[4,-5],[1,-2],[0,-4],[1,-2],[7,-6],[7,-3],[2,-3],[0,-2],[-2,-4],[-5,-2],[0,-2],[3,-4],[3,-6],[4,-2],[3,0],[3,-1],[5,0],[1,-1],[0,-1],[-2,-5],[-1,-3],[-2,-5],[-3,-3],[-2,-4],[0,-2],[2,-1],[6,0],[4,0],[3,3],[5,2],[5,5],[3,0],[3,-2],[3,-2],[1,-1],[0,-3],[-2,-4],[-2,-3],[-1,-3],[1,-3],[3,-3],[6,-7],[0,-2],[-2,-1],[-5,-2],[0,-2],[1,-3],[5,-5],[2,-2],[1,-4],[1,-2],[4,1],[2,2],[2,5],[-2,3],[-4,4],[0,2],[1,3],[3,1],[4,-1],[3,1],[3,2],[3,1],[3,-1],[2,-1],[3,-3],[1,-4],[0,-2],[-2,-3],[-2,-1],[-3,-1],[-1,-2],[-2,-4],[1,-3],[5,-5],[3,-3],[1,-3],[-2,-1],[-9,0],[-5,-2],[0,-2],[3,-3],[4,-5],[3,-4],[1,-4],[2,-1],[7,-5],[7,-5],[4,1],[2,2],[0,5],[0,1],[-4,3],[-2,2],[-1,2],[1,2],[3,0],[7,-1],[3,-1],[3,-3],[2,-6],[3,-4],[3,-1],[5,-5],[3,-5],[0,-3],[-1,-5],[-4,-5],[0,-3],[0,-2],[6,-6],[5,-2],[2,-1],[4,0],[3,1],[2,3],[2,8],[2,3],[3,0],[6,-2],[2,-3],[4,-3],[4,1],[1,1],[0,4],[-3,3],[-1,1],[2,2],[3,-1],[9,-7],[2,-1],[2,0],[3,2],[1,3],[0,4],[1,2],[3,1],[2,0],[4,-3],[1,-3],[-2,-1],[0,-3],[2,-3],[2,-2],[2,-2],[2,-3],[5,-2],[5,-1],[3,1],[3,2],[3,0],[6,-5],[3,-5],[0,-3],[-1,-6],[-2,-3],[-2,0],[-5,0],[-2,-1],[0,-2],[2,-2],[3,1],[3,-1],[7,1],[6,-2],[4,1],[8,4],[2,0]],[[6516,2776],[5,0],[4,-2],[2,-3],[2,-1],[2,0],[4,3],[4,0],[2,-2],[2,-7],[-2,-5],[2,-1],[7,1],[1,-1],[0,-2],[-2,-3],[-4,-5],[-3,-4],[-3,-2],[-8,-3],[0,-2],[3,-1],[7,-1],[3,0],[2,-3],[0,-2],[-2,-3],[1,-7],[2,-2],[7,0],[7,-2],[2,-1],[3,-3],[2,-5],[2,-1],[2,0],[4,6],[1,4],[-2,3],[0,3],[3,2],[2,-1],[2,-5],[4,-4],[0,-6],[3,-4],[4,-5],[4,-7],[0,-1],[-2,-2],[-4,-2],[-2,-3],[-3,-2],[0,-5],[2,-4],[1,-1],[3,-1],[8,0],[2,0],[2,-3],[-1,-3],[-6,-2],[-6,-3],[0,-2],[3,-4],[3,-2],[6,-1],[3,0],[7,3],[3,4],[0,2],[-2,5],[0,1],[2,0],[2,-2],[10,-4],[5,-1],[1,-1],[3,-4],[1,-2],[3,-4],[1,-6],[-2,-5],[1,-3],[5,-3],[3,-1],[6,0],[2,0],[0,-2],[-5,-3],[-3,0],[-1,-1],[1,-5],[0,-3],[2,-5],[-2,-4],[-3,-3],[-4,-2],[-5,0],[0,-2],[1,-2],[6,-3],[3,-1],[2,-1],[2,-1],[6,0],[4,2],[5,1],[3,2],[2,3],[1,3],[-1,2],[-2,1],[-6,1],[-1,2],[1,2],[2,0],[4,-1],[4,-1],[2,-2],[5,-1],[6,0],[3,1],[4,2],[2,0],[1,-1],[-5,-5],[0,-2],[0,-3],[-2,-2],[-6,0],[-2,-2],[-1,-2],[0,-2],[2,-1],[2,-1],[4,0],[5,-3],[5,1],[5,2],[1,0],[0,-8],[0,-3],[0,-6],[1,-3],[5,-4],[5,-2],[2,0],[1,6],[1,3],[3,4],[3,1],[4,1],[3,1],[3,2],[2,0],[3,-7],[0,-1],[-1,-3],[-1,-1],[-2,-1],[-8,-2],[-4,-2],[-2,-3],[0,-1],[3,-4],[4,-5],[3,-3],[2,-4],[4,-5],[3,-4],[4,-2],[5,-1],[12,-5],[8,-2],[3,-4],[5,-2],[5,1],[6,3],[2,0],[0,-2],[-2,-3],[0,-2],[2,-2],[4,-2],[1,-2],[-3,-1],[-5,0],[-2,-1],[-3,-1],[-1,-2],[3,-1],[5,1],[9,-1],[4,1],[5,3],[2,3],[2,1],[7,4],[3,3],[4,4],[3,0],[4,0],[1,0],[0,-2],[-2,-3],[-4,-1],[-4,-2],[-2,-2],[0,-4],[0,-5],[-1,-3],[-5,-3],[-2,-1],[0,-2],[2,-1],[2,-1],[5,1],[4,3],[2,1],[8,0],[4,1],[4,-1],[6,-2],[2,-2],[3,-3],[1,-3],[-3,-4],[-1,-3],[-2,-1],[-4,-2],[-3,-2],[1,-3],[5,-3],[3,-1],[2,0],[5,3],[2,3],[5,1],[5,-2],[2,1],[3,2],[1,1],[-1,4],[1,2],[6,1],[2,1],[0,3],[0,4],[1,3],[3,2],[1,6],[1,1],[3,0],[7,-3],[2,-2],[0,-3],[-1,-4],[-3,-1],[-4,-1],[-2,-1],[1,-4],[2,-1],[3,1],[4,-5],[4,-2],[3,1],[3,1],[2,0],[5,-1],[7,2],[7,4],[4,3],[1,2],[0,2],[-1,4],[0,4],[1,5],[2,0],[2,-1],[3,-3],[7,-2],[4,-1],[3,-3],[1,-3],[-1,-6],[1,-2],[1,-2],[3,-1],[2,0],[6,1],[4,-4],[2,0],[2,1],[0,2],[-2,2],[-1,2],[1,2],[3,1],[2,-1],[3,-5],[5,-3],[1,-2],[1,-4],[-2,-4],[-4,-3],[0,-1],[1,-2],[4,0],[8,-5],[2,-1],[8,-1],[2,-1],[1,-2],[0,-4],[-1,-3],[-3,-4],[0,-2],[2,-2],[9,-1],[8,2],[4,0],[3,-3],[3,-3]],[[5302,2174],[-3,2],[-9,6],[-5,3],[-7,3],[-2,1],[-4,1],[-10,1],[-5,1],[-5,1],[-7,2],[-13,3],[-8,2],[-6,1],[-8,1],[-14,2],[-5,2],[-4,2],[-3,3],[-3,4],[0,2],[-3,3],[-6,4],[-3,3],[-1,4],[0,8],[-1,3],[-2,2],[-3,1],[-3,0],[-11,-5],[-6,0],[-3,2],[-6,8],[-1,3],[-4,5],[-4,5],[-2,2],[-5,2],[-4,1],[-4,0],[-4,-1],[-6,-2],[-2,-2],[-4,-5],[-3,-7],[-4,-2],[-4,-1],[-5,1],[-5,2],[-3,2],[0,5],[-2,13],[-2,6],[-2,2],[-2,2],[-6,1],[-4,-1],[-2,-1],[-1,-3],[-1,-6],[-2,-4],[-3,-2],[-4,0],[-4,1],[-2,1],[-7,4],[-5,3],[-8,6],[-4,3],[-5,1],[-2,2],[-1,2],[1,8],[1,3],[6,4],[6,4],[4,4],[0,3],[-1,4],[-2,2],[-3,0],[-4,0],[-6,-2],[-3,-1],[-5,-1],[-4,1],[-4,2],[-4,5],[-4,6],[-5,4],[-7,3],[-7,2],[-5,0],[-8,-3],[-6,0],[-7,-1],[-3,0],[-5,0],[-6,-2],[-3,-2],[-2,-2],[-7,-5],[-8,-3],[-2,-1],[-2,1],[-1,1],[1,4],[4,3],[4,2],[3,3],[3,2],[2,3],[0,5],[-1,2],[-2,4],[-3,3],[-5,4],[-4,2],[-4,1],[-4,-2],[-2,-2],[-1,-3],[0,-3],[-1,-10],[-1,-3],[-2,-5],[-5,-6],[-3,-4],[-4,-1],[-9,1],[-3,2],[-3,4],[0,5],[1,4],[0,4],[-2,3],[-3,4],[-3,1],[-4,1],[-4,-1],[-3,-3],[0,-4],[1,-2],[5,-3],[1,-3],[0,-3],[-1,-2],[-3,-1],[-3,1],[-4,2],[-8,2],[-15,3],[-5,1],[-11,7],[-7,2],[-5,0],[-10,3],[-2,2],[1,2],[8,3],[2,3],[1,4],[0,5],[-3,3],[-6,3],[-10,4],[-3,-1],[-3,-2],[-7,-5],[-5,-5],[-3,0],[-3,3],[-1,2],[2,3],[3,1],[4,1],[5,3],[3,6],[1,4],[-1,5],[-1,2],[-8,7],[-4,3],[-5,3],[-4,2],[-4,4],[-2,3],[-4,4],[0,2],[2,2],[5,0],[4,-1],[3,0],[5,1],[9,5],[3,3],[1,4],[0,4],[-1,2],[-8,3],[-5,0],[-6,-1],[-4,-1],[-3,0],[-5,2],[-3,2],[-2,2],[-1,4],[2,1],[3,0],[6,-5],[3,-1],[3,1],[5,2],[3,4],[2,3],[0,7],[-2,8],[1,7],[-1,3],[-1,6],[-3,4],[-7,6],[-3,1],[-4,3],[-2,2],[-1,3],[-6,5],[-5,2],[-2,0],[-6,2],[-14,2],[-8,0],[-5,-2],[-4,0],[-5,1],[-2,0],[-6,1],[-7,2],[-2,0],[-7,0],[-2,0],[-2,-2],[-3,0],[-6,1],[-6,2],[-5,2],[-3,2],[-2,3],[-3,2],[-5,4],[-9,5],[-9,2],[-4,0],[-10,-1],[-6,-2],[-4,-2],[-8,-1],[-3,0],[-4,1],[-3,3],[-3,3],[-5,3],[-3,3],[-2,1],[-5,2],[-5,2],[-4,4],[-1,5],[1,1],[2,3],[7,1],[5,1],[3,1],[3,5],[0,2],[-1,3],[-4,2],[-8,6],[-5,5],[-2,3],[-1,3],[-1,4],[0,5],[-2,6],[0,4],[3,3],[3,0],[7,1],[5,1],[3,2],[1,2],[0,3],[0,3],[-3,4],[-2,2],[-7,5],[-3,3],[-5,15],[-4,5],[-5,4],[-5,2],[-3,0],[-5,-2],[-9,0],[-5,-1],[-2,-1],[-5,0],[-6,0],[-8,-2],[-2,0],[-4,1],[0,2],[5,3],[2,2],[1,5],[1,3],[-2,4],[-2,1],[-5,2],[-4,0],[-3,-1],[-5,-3],[-4,-4],[-8,-7],[-5,-3],[-4,-1],[-3,0],[-6,2],[-4,2],[-5,0],[-3,-1],[-6,-4],[-4,1],[-5,1],[-5,3],[-1,2],[2,3],[3,1],[3,0],[3,1],[2,1],[0,2],[-1,3],[-3,3],[-6,3],[-3,3],[-2,3],[-2,2],[-5,9],[-3,9],[1,4],[1,3],[2,1],[12,4],[4,4],[-1,4],[-2,2],[-3,6],[-1,3],[-2,6],[-2,3],[-6,5],[-3,2],[-5,1],[-10,4],[-8,2],[-4,3],[0,4],[1,1],[3,3],[4,4],[2,3],[1,3],[2,2],[-1,6],[-3,5],[-2,2],[-2,1],[-7,0],[-4,1],[-7,0],[-4,2],[0,4],[-2,3],[-3,2],[-4,0],[-3,-1],[-3,0],[-5,3],[-2,5],[-3,4],[-3,1],[-3,-2],[-5,-7],[-3,-2],[-3,0],[-3,1],[-6,2],[-5,-1],[-5,-3],[-3,-3],[-4,-2],[-4,-1],[-9,1],[-4,1],[-4,3],[-4,1],[-13,4],[-6,2],[-2,2],[-1,6],[-3,3],[-4,3],[-3,0],[-1,-1],[-4,-5],[-6,-3],[-3,0],[-4,3],[-4,2],[-3,3],[-8,3],[-1,2],[0,6],[1,2],[0,3],[-1,4],[2,3],[0,2],[-2,1],[-6,3],[-2,0],[-10,0],[-6,1],[-3,1],[-1,1],[-4,1],[-4,-1],[-6,-1],[-3,0],[-3,2],[-2,2],[0,2],[-1,6],[0,2],[-3,4],[-3,2],[-3,1],[-6,2],[-3,0],[-6,0],[-7,-2],[-3,-2],[-7,-5],[-4,-2],[-8,0],[-3,1],[-9,2],[-6,-1],[-7,-1],[-4,-1],[-4,-2],[-7,-7],[-3,-2],[-5,1],[-1,3],[1,2],[0,3],[-5,7],[-2,1],[-2,3],[-4,2],[-4,4],[-1,1],[-4,5],[-2,1],[-4,0],[-3,-1],[-2,-1],[-3,-3],[-4,-7],[-3,-1],[-2,0],[-3,1],[-5,1],[-3,1],[-6,4],[-3,6],[-3,6],[0,7],[-3,4],[-6,2],[-5,1],[-3,1],[-2,1],[-1,3],[-3,2],[-2,4],[-1,5],[0,3],[-3,5],[-2,1],[-6,1],[-6,0],[-5,1],[-3,0],[-3,1],[0,3],[2,2],[5,1],[3,1],[1,4],[-1,4],[2,2],[3,2],[1,3],[1,3],[0,2],[-2,3],[-2,0],[-2,-1],[-3,-1],[-7,0],[-4,2],[-5,4],[-5,5],[-4,5],[-3,2],[-6,3],[-1,2],[-5,1],[-4,-2],[-1,-2],[2,-2],[3,-2],[3,-2],[3,-3],[0,-3],[-3,-6],[-1,-3],[-2,-1],[-3,1],[-1,1],[-1,6],[0,4],[-1,3],[-2,1],[-2,0],[-3,-1],[-2,-2],[-2,-1],[-6,1],[-7,2],[-2,-1],[-1,-2],[-3,-1],[-5,1],[-3,3],[-3,1],[-10,1],[-4,1]],[[3795,3000],[0,1],[3,2],[-1,1],[-3,1],[-3,2],[-5,-2],[-3,2],[1,3],[-1,2],[-3,1],[-5,2],[-1,0],[-5,2],[0,7],[-4,1],[-1,-1],[-2,0],[-3,-1],[0,-1],[-3,1],[0,2],[-1,1],[-1,-2],[-2,0],[1,1],[-1,1],[-3,1],[1,2],[-3,0],[0,3],[-2,1],[-3,-2],[1,-2],[-2,-2],[-2,3],[-3,0],[-3,-2],[-2,-1],[-3,-1],[-3,2],[-4,0],[-1,2],[-2,0],[0,1],[-3,2],[-6,0],[-1,-1],[1,-3],[-2,0],[-2,2],[-5,2],[-1,1],[-3,0],[0,2],[-4,1],[0,-2],[-3,1],[-4,-2],[-2,1],[-2,1],[-3,0],[-2,2],[-3,1],[-3,2],[-2,1],[-4,3],[-2,4],[-1,2],[1,4],[-3,1],[1,5],[-1,2],[1,0],[-2,1],[0,2],[-2,1],[0,1],[-2,1],[-2,-2],[-2,-1],[-1,1],[1,1],[4,4],[-2,1],[-1,3],[1,2],[5,2],[1,2],[-1,4],[-2,1],[0,2],[-4,4],[-2,3],[-3,1],[2,0],[1,2],[-1,2],[3,2],[3,0],[2,2],[-1,1],[4,2],[2,1],[0,2],[2,2],[0,1],[3,3],[2,0],[2,1],[2,0],[0,2],[3,1],[3,2],[2,-1],[2,1],[0,3],[2,2],[1,2],[-2,1],[2,1],[3,1],[-2,2],[1,2],[0,1],[1,0],[3,1],[1,1],[4,1],[1,2],[1,3],[3,2],[0,2],[2,-1],[2,0],[2,-1],[1,2],[-2,0],[1,2],[1,2],[-3,1],[0,2],[-3,2],[2,2],[2,0],[2,2],[2,-1],[1,2],[3,3],[1,0],[1,6],[0,3],[2,3],[0,3],[-2,3],[2,3],[-1,8],[3,1],[1,3],[-3,1],[0,1],[-2,2],[2,3],[1,-2],[2,2],[2,-1],[2,3],[-1,1],[4,7],[0,1],[2,1],[2,3],[2,1],[-3,5],[-3,-1],[-1,0],[0,3],[1,3],[0,4],[2,2],[-2,2],[1,1],[0,2],[4,5],[1,1],[3,5],[1,1],[1,0],[3,0],[0,1],[-1,1],[1,2],[2,2],[0,3],[5,3],[3,4],[-2,1],[0,1],[3,2],[-1,3],[-2,1],[-2,0],[-1,1],[1,1],[0,3],[2,1],[-1,1],[-2,2],[0,2],[-1,3],[0,1],[-5,4],[-3,1]],[[3738,3300],[3,0],[2,-1],[2,0],[5,-2],[5,-4],[2,0],[3,0],[3,-2],[5,-3],[1,-5],[3,-3],[4,3],[2,1],[2,1],[3,1],[3,1],[4,2],[2,1],[0,3],[2,2],[3,-1],[4,3],[1,2],[5,0],[1,0],[2,-2],[5,-1],[6,2],[4,-1],[4,1],[3,2],[4,2],[3,4],[2,1],[1,3],[2,0],[1,3],[3,3],[4,0],[4,0],[3,2],[5,2],[1,1],[-1,3],[1,5],[2,2],[0,3],[-3,3],[1,3],[6,2],[6,-1],[2,1],[4,1],[1,1],[0,3],[2,1],[3,1],[1,1],[3,4],[0,2],[2,1],[2,3],[2,1],[2,0],[2,1],[2,2],[0,2],[6,5],[6,3],[8,0],[4,-2],[8,0],[2,1],[2,1],[4,1],[3,3],[2,1],[5,-2],[1,0],[3,1],[0,2],[1,2],[0,2],[1,3],[3,2],[2,2],[9,3],[2,-1],[5,0],[5,-1],[1,1],[4,5],[3,2],[5,-1],[5,1],[1,2],[5,1],[3,2],[1,2],[2,0],[2,1],[4,1],[6,2],[1,2],[1,6],[1,2],[-1,4],[1,8],[2,2],[2,2],[5,2],[4,2],[3,2],[3,6],[1,8],[1,2],[2,2],[4,2],[1,3],[10,3],[2,2],[4,1],[3,0],[2,1],[2,3],[3,2],[1,4],[4,3],[2,5],[0,2],[-2,3],[-2,2],[0,2],[2,3],[2,4],[0,4],[2,2],[3,1],[2,2],[4,4],[3,5],[3,3],[0,5],[4,2],[6,4],[5,0],[2,2],[2,0],[-1,6],[1,2],[3,2],[-1,2],[3,4],[6,1],[1,1],[-1,4],[6,8],[3,1],[2,3],[-1,3],[1,3],[2,1],[5,1],[2,4],[0,4],[1,3],[3,3],[0,3],[0,2],[7,3],[5,-1],[1,1],[4,0],[6,0],[6,3],[0,2],[3,1],[3,2],[5,-1],[5,4],[5,1],[5,1],[6,-1],[2,2],[0,2],[0,2],[2,3],[0,2],[2,2],[0,3],[3,1],[2,3],[0,4],[1,1],[0,4],[0,1],[-5,1],[-1,1],[-3,6],[0,2],[0,3],[3,5],[3,3],[4,1],[5,1],[3,2],[2,3],[-2,2],[3,4],[1,2],[-1,2],[2,2],[2,5],[3,3],[1,3],[4,4],[-2,3],[0,2],[1,2],[3,4],[1,1],[7,2],[3,4],[4,0],[3,-3],[3,0],[6,2],[3,4],[1,5],[3,3],[0,2],[3,6],[1,2],[2,2],[9,-4],[3,1],[5,6],[1,5],[4,0],[2,2],[4,7],[-1,4],[1,2],[0,2],[4,5],[1,2],[1,1],[5,-1],[1,1],[1,3],[4,3],[1,4],[3,0],[3,1],[0,2],[-2,3],[4,3],[2,2],[2,3],[3,3],[4,5],[1,3],[2,3],[0,3],[0,2],[1,1],[-1,3],[0,2],[10,0],[4,-1],[2,0],[2,1],[4,1],[4,-2],[3,-1],[2,0],[3,5],[1,2],[2,2],[-4,2],[-2,1],[1,3],[2,2],[2,3],[2,2],[1,3],[5,3],[0,3],[3,1],[1,4],[1,2],[0,2],[0,2],[8,4],[7,4],[-2,2],[1,3],[-2,2],[-4,4],[-5,4],[1,2],[-1,5],[-2,2],[-2,5],[1,5],[4,4],[5,3],[2,5],[1,3],[2,4],[0,3],[-3,1],[-3,2],[-5,1],[-1,1],[-2,1],[0,2],[4,6],[1,2],[5,2],[2,0],[6,2],[5,0],[1,-2],[3,-1],[4,4],[4,2],[2,0],[2,2],[3,-3],[2,-2],[3,2],[5,6],[3,2],[1,-3],[1,2],[2,2],[3,3],[2,2],[3,4],[2,1],[3,3],[1,2],[2,1],[1,4],[4,3],[1,0],[5,2],[0,2],[0,2],[3,2],[0,4],[0,1],[5,7],[2,0],[1,2],[3,4],[3,2],[3,4],[3,3],[2,4],[3,2],[6,1],[3,4],[1,1],[4,1],[1,2],[5,2],[0,3],[3,3],[2,1],[4,4],[1,2],[3,3],[2,0],[4,3],[0,1],[2,2],[2,1],[2,2],[1,2],[3,2],[2,2],[0,2],[3,3],[0,2],[1,2],[-2,3],[3,3],[1,1]],[[4591,4081],[3,-2],[2,-1],[0,-2],[6,-1],[0,-1],[1,-4],[2,0],[1,-5],[-2,-3],[-1,-2],[2,-2],[-1,-3],[1,-2],[6,1],[2,-1],[7,0],[3,0],[6,0],[2,-2],[1,-1],[3,0],[1,4],[2,2],[4,2],[4,0],[2,3],[6,2],[2,2],[3,0],[2,-2],[2,0],[2,-4],[-2,-2],[-1,-4],[3,-4],[3,-2],[2,-2],[0,-1],[2,-4],[0,-5],[2,-1],[4,-4],[2,-1],[4,0],[3,2],[2,1],[3,-1],[5,2],[4,1],[2,-1],[6,0],[3,4],[4,0],[2,1],[4,2],[6,0],[1,1],[3,0],[6,-2],[6,-1],[-1,-3],[0,-3],[1,-2],[4,-2],[-2,-2],[0,-3],[3,-4],[-1,-2],[1,-3],[2,-3],[0,-1],[-5,-2],[-2,-2],[1,-2],[3,-2],[-2,-3],[2,-4],[-1,-3],[1,-2],[1,0],[5,0],[0,-5],[1,-3],[1,-3],[4,-3],[1,-3],[2,-2],[0,-8],[1,0],[5,0],[5,0],[2,0],[3,-2],[0,-2],[-3,-2],[-3,-4],[-1,-3],[2,-5],[0,-2],[-3,-1],[0,-3],[-4,-2],[-1,-1],[0,-3],[3,-2],[8,0],[2,-1],[2,-3],[0,-1],[1,-3],[6,-2],[4,0],[5,-2],[3,-5],[0,-4],[-1,-2],[-3,-2],[-2,-7],[0,-2],[-2,-2],[-3,0],[-1,-1],[-6,1],[-2,-1],[0,-3],[1,-2],[1,-2],[0,-3],[-9,0],[-3,-1],[-2,-2],[-3,-1],[-5,-5],[-1,-4],[1,-2],[1,-2],[-1,-1],[-8,-4],[-2,-1],[-7,-5],[-1,-3],[-4,-3],[0,-2],[1,-5],[1,-1],[0,-5],[-1,-1],[-1,-1],[2,-2],[0,-2],[3,-2],[4,-2],[2,0],[3,-2],[2,-1],[2,-4],[2,-2],[2,-3],[0,-2],[-2,-1],[-2,1],[-4,-1],[-2,-2],[1,-4],[0,-4],[-1,-2],[-3,-8],[-3,-3],[0,-3],[0,-3],[0,-6],[0,-2],[-3,0],[-7,0],[-4,-2],[-2,-4],[-1,0],[-2,-5],[-1,-2],[-2,-7],[0,-2],[-2,-3],[-1,-4],[-4,-4],[-5,-7],[0,-1],[-3,0],[-4,-2],[-2,-4],[-1,-5],[-1,-1],[-2,-4],[0,-4],[1,-2],[-1,-1],[-2,-6],[1,-1],[0,-4],[-4,-6],[1,-5],[1,-1],[2,-1],[5,2],[1,2],[0,2],[1,0],[2,-1],[1,-6],[2,-1],[6,-2],[2,0],[0,2],[-1,2],[0,2],[4,4],[0,2],[3,-1],[4,0],[1,-3],[-1,-4],[5,-4],[4,-2],[3,0],[3,-2],[5,0],[2,0],[2,-5],[1,-1],[5,0],[3,-1],[0,-2],[-1,-1],[2,-4],[-1,-2],[-7,0],[-2,-4],[-1,-1],[-2,0],[-1,-3],[1,-1],[4,-1],[5,-2],[4,-3],[4,1],[1,-1],[3,-7],[1,0],[4,2],[1,2],[3,2],[4,-1],[1,1],[3,1],[3,0],[3,-2],[2,-2],[1,-5],[0,-2],[-2,-6],[1,-2],[-1,-4],[0,-4],[1,-2],[5,-4],[0,-2],[-2,-2],[-4,-1],[-4,-1],[-3,-1],[-3,-1],[-3,0],[-2,0],[-5,-3],[-3,0],[-3,-2],[-3,0],[2,-7],[-1,-1],[0,-3],[-1,-2],[0,-2],[3,-1],[-1,-1],[4,-2],[3,-2],[-2,-2],[-8,-3],[-3,-3],[-2,0],[0,-3],[3,-1],[6,1],[2,1],[2,0],[3,1],[2,1],[3,0],[3,0],[4,0],[3,-1],[1,-1],[-1,-4],[-2,-4],[-1,-4],[0,-2],[6,-6],[6,-4],[3,-1],[1,-2],[0,-5],[0,-2],[5,-5],[3,-2],[5,-4],[3,-6],[2,-4],[-1,-3],[-3,-6],[0,-8],[0,-4],[-3,-4],[1,-3],[4,-5],[1,-2],[1,-3],[0,-4],[-3,-6],[-1,-5],[-1,-7],[1,-6],[2,-2],[6,-2],[9,-1],[6,-2],[3,-2],[8,-1],[3,-2],[4,-2],[1,0],[0,-3],[2,-2],[6,-3],[8,-3],[7,-1],[6,1],[3,0],[3,3],[7,-1],[10,0],[6,1],[2,0],[4,-2],[6,-4],[7,-5],[7,-2],[8,0],[3,0],[5,0],[6,1],[4,-1],[12,-1],[6,-2],[10,-3],[6,-4],[6,-5],[3,-3],[3,-3],[4,1],[6,2],[1,0],[14,3],[7,2],[3,0],[4,-1],[2,-2],[3,-7],[-1,-5],[0,-3],[0,-9],[0,-2],[7,-4],[6,-2],[5,-1],[18,1],[5,-1],[3,0],[4,-2],[4,-1],[2,0],[6,0],[6,-2],[2,-2],[0,-4],[4,-3],[2,-1],[1,-4],[-2,-3],[-1,-3],[6,-9],[8,1],[3,2],[3,2],[6,2],[4,2],[5,0],[3,0],[3,-3],[3,-2],[4,-1],[2,-1],[-1,-5],[1,-2],[4,1],[4,2],[3,0],[4,0],[6,0],[3,-4],[0,-3],[0,-2],[-2,-3],[1,-5],[3,-3],[5,0],[3,0],[1,3],[3,2],[2,2],[4,0],[5,2],[3,2],[4,2],[4,1],[4,1],[5,3],[5,-1],[3,1],[2,-2],[5,-1],[4,-4],[1,-3],[2,0],[9,0],[2,-1],[3,-3],[5,-2],[3,0],[5,1],[1,1],[7,1],[4,-1],[4,0],[3,1],[4,2],[3,0],[4,3],[3,2],[7,4],[4,0],[4,1],[5,0],[4,-2],[4,-1],[5,0],[2,1],[1,3],[5,1],[9,-2],[4,-2],[5,-2],[4,1],[11,0],[5,-3],[3,-3],[2,-3],[4,-3],[7,2]],[[7992,5827],[-5,-5],[-1,-2],[0,-3],[-2,-14],[-5,-8],[-7,-6],[-5,-1],[-4,0],[-3,-2],[-3,-6],[-2,-4],[-2,-2],[-3,-2],[-2,-3],[-1,-5],[-3,-3],[-5,-2],[-5,-4],[-2,-2],[-4,-9],[0,-7],[0,-2],[-2,-2],[-8,-3],[-5,-2],[-5,-1],[-4,-2],[-1,-3],[-1,-5],[1,-3],[0,-2],[1,-5],[0,-2],[-6,-7],[-2,-4],[-8,-9],[-7,-6],[-5,-5],[-2,-2],[-2,-1],[-6,-3],[-2,-2],[-3,-3],[-4,-1],[-5,-2],[-1,-3],[0,-4],[-1,-3],[0,-5],[-3,-5],[-4,-5],[-3,-2],[-4,-1],[-1,-3],[-1,-2],[-3,0],[-2,-1],[-3,-3],[-5,-5],[-3,-4],[-8,-8],[-4,-7],[-2,-4],[-5,-1],[0,-1],[-3,-5],[-9,-6],[-8,-5],[-5,-1],[-2,1],[-5,2],[-2,0],[-2,-1],[-6,-2],[-3,2],[-3,0],[-4,-1],[-3,-2],[-3,-5],[-4,-3],[-5,-1],[-5,-1],[-3,-2],[-3,-2],[-2,0],[-3,-1],[-5,-2],[-7,-2],[-5,1],[-4,2],[-4,1],[-10,4],[-3,0],[-3,-1],[-3,-1],[-2,0],[-3,1],[-5,0],[-7,-1],[-2,1],[-5,3],[-5,3],[-3,0],[-2,-1],[-2,-2],[-6,-4],[-1,-2],[-3,-1],[-4,-3],[-3,-2],[-3,0],[-4,0],[-2,-1],[-6,-4],[-4,-3],[0,-2],[-1,-4],[-5,-1],[-1,-1],[-3,-1],[-8,0],[-2,-2],[-11,-6],[-2,-3],[-4,-2],[-4,0],[-5,-2],[-2,-2],[-4,-1],[-3,-3],[-5,-6],[0,-1],[-2,-3],[-3,0],[-10,-2],[-5,-3],[-1,-2],[-5,-3],[-5,-3],[-4,-1],[-2,-3],[-4,-2],[0,-3],[-3,0],[-4,-2],[-4,-3],[-1,-1],[-2,2],[-3,-2],[-4,-1],[-2,-1],[-1,-2],[-5,-6],[-3,-2],[-2,-3],[-6,-3],[-10,-6],[-4,-2],[-2,-4],[-6,1],[-3,-1],[-5,-3],[-3,-2],[-2,-4],[0,-5],[1,-2],[1,-5],[2,-5],[1,-7],[-2,-3],[-6,-5],[-3,-6],[-2,-4],[-4,-2],[-5,-4],[-6,-3],[-2,-1],[-3,-1],[-1,-3],[-3,-1],[-5,-4],[-6,-3],[-3,-3],[-6,-5],[-3,-3],[-4,-2],[-7,-4],[-6,-3],[-10,-6],[-4,-1],[-1,-3],[-2,-3],[-1,1],[-4,-1],[-2,0],[0,-2],[-7,-8],[-5,-4],[-2,-3],[-5,-3],[-4,-1],[-2,-2],[-3,-1],[-4,2],[-3,0],[-3,-1],[-3,-1],[-4,0],[-5,-2],[-6,1],[-6,-1],[-2,-2],[-2,0],[-5,-3],[-8,-3],[-5,-5],[-1,-2],[-2,-2],[0,-5],[-1,-3],[-4,-3],[-3,-2],[-2,-1],[-4,-4],[1,-3],[2,-2],[2,-5],[0,-2],[-4,-2],[-3,-1],[-3,-3],[-3,-2],[1,-5],[-2,-4],[0,-1],[-3,-5],[-1,-3],[0,-3],[-3,-4],[-1,-8],[-2,-3],[-4,0],[-3,-2],[-3,-5],[-2,-2],[-2,-5],[-4,-3],[-1,-2],[-5,-3],[-1,-1],[0,-6],[-1,-2],[-4,-5],[-6,-6],[-2,-1],[-6,1],[-4,-2],[0,-1],[-2,-1]],[[7158,5179],[-3,-3],[-4,0],[-4,-1],[-3,-2],[-6,-3],[-1,-3],[-3,-2],[-9,-2],[-5,-1],[-3,-1],[-8,-3],[-12,-11],[-7,-3],[-4,-2],[-8,-5],[-6,-2],[-4,-2],[-2,-1],[-4,0],[-9,1],[-3,0],[-7,-3],[-6,-3],[-7,-3],[-3,-1],[-3,-1],[-2,1],[-2,2],[-2,0],[-3,-2],[-1,-2],[-6,-3],[-3,-3],[-4,-2],[-6,-8],[-2,-1],[-5,0],[-7,-2],[-4,-3],[-3,-1],[-4,0],[-8,-2],[-5,-1],[-2,1],[-5,2],[-2,0],[-3,-1],[-5,-6],[-7,-4],[-9,-7],[-6,-2],[-10,-3],[-6,-1],[-10,-3],[-7,-1],[-2,0],[-4,-3],[-3,-1],[-6,0],[-3,-1],[-2,-3],[-2,-2],[-2,-3],[-2,-1],[-5,-1],[-7,0],[-13,0],[-4,-1],[-6,-2],[-3,-1],[-6,-8],[-4,-4],[-3,-4],[-5,-3],[-5,-1],[-3,-1],[-7,-3],[-4,-5],[-8,-4],[-3,-1],[-11,-1],[-2,-1],[-7,-5],[-3,-1],[-8,-2],[-6,-3],[-4,-1],[-8,-4],[-4,-3],[-4,-1],[-6,0],[-8,2],[-3,1],[-2,1],[-3,-1],[-6,0],[-5,3],[-2,0],[-5,1],[-5,-1],[-5,-2],[-2,-4],[-2,-4],[-2,-6],[-6,-5],[-8,-5],[-3,-1],[-4,-3],[-3,-3],[-9,-12],[-4,-2],[-5,-1],[-6,-2],[-5,-4],[-2,-4],[-2,-7],[-1,-2],[-4,-3],[-3,-4],[-2,-1],[-4,-2],[-4,-1],[-2,-1],[-1,-2],[-1,-3],[-2,-2],[-8,-5],[-3,-2],[-1,-1],[1,-3],[0,-1],[-3,-2],[-5,0],[-2,-1],[-1,-2],[-2,-6],[-2,-1],[-3,-2],[-5,-2],[-6,-1],[-17,2],[-3,0],[-4,-1],[-6,-3],[-9,-3],[-2,1],[-6,4],[-2,2],[-1,5],[3,2],[0,2],[-1,3],[-6,3],[-4,2],[-7,4],[-6,2],[-9,4],[-2,0],[-7,1],[-5,2],[-3,1],[-6,0],[-4,0],[-3,-1],[-4,0],[-3,-1],[-1,-2],[-4,-2],[-7,-1],[-2,1],[-3,-1],[-4,2],[-4,1],[-4,-1],[-3,1],[-4,-1],[-5,2],[-6,-1],[-4,-2],[-4,-6],[-1,-1],[-6,-1],[-11,0],[-3,1],[-3,-2],[-4,-2],[-4,-1],[-2,-4],[-1,-6],[-2,-5],[-7,-7],[-2,0],[-9,1],[-2,0],[-2,-1],[1,-4],[-1,-3],[-2,-1],[-1,-3],[-6,-5],[-1,-1],[-4,0],[-4,-2],[-7,-2],[-4,0],[-2,-1],[-3,-3],[-4,-3],[-4,-2],[-4,1],[-3,1],[-2,2],[1,2],[2,6],[-1,4],[-1,1],[-6,3],[-3,0],[-4,-1],[-3,-5],[-2,-2],[-3,-1],[-2,-1],[0,-3],[-2,-2],[-4,-1],[-2,-1],[-1,-3],[-2,0],[-5,3],[-3,2],[-3,1],[-3,-1],[-3,1],[-4,2],[-8,3],[-3,1],[-6,1],[-5,0],[-3,2],[-2,4],[-3,2],[-4,0],[-2,-1],[0,-2],[0,-4],[-1,-3],[-3,-1],[-5,-1],[-2,-2],[-3,-3],[0,-2],[3,-5],[0,-3],[-1,-1],[-2,-2],[-4,0],[-4,1],[-4,4],[-3,1],[-7,2],[-2,-1],[-5,-2],[-5,-2],[-1,-1],[-4,0],[-4,0],[-3,-1],[-3,1],[-2,3],[-6,4],[-2,0],[-5,0],[-5,0],[-4,-1],[-2,-1],[-1,-1],[-1,-3],[1,-5],[0,-3],[-2,-2],[-3,-1],[-6,2],[-8,1],[-2,1],[-5,6],[-4,2],[-5,0],[0,1],[0,4],[-1,4],[-4,2],[-3,1],[-8,1],[-4,1],[-1,2],[1,2],[3,2],[1,2],[-1,1],[-3,0],[-3,-2],[-3,1],[-1,2],[0,2],[2,1],[3,-1],[4,2],[-1,2],[-1,3],[-2,2],[-3,0],[-3,0],[-5,2],[-5,1],[-3,1],[0,2],[1,2],[4,1],[3,4],[0,2],[-1,1],[-2,0],[-6,-1],[-3,0],[-1,5],[0,1],[-3,2],[-7,2],[-2,2],[3,2],[4,0],[2,2],[0,2],[-3,2],[-2,0],[-2,-2],[-3,0],[-3,2],[-3,-1],[-4,1],[-2,2],[-4,8],[-5,2],[-2,1],[-3,-1],[-2,-2],[-2,1],[-1,4],[-3,3],[-3,1],[-1,1],[-3,1],[-3,3],[-3,0],[-1,4],[-2,2],[0,6],[-4,4],[-5,4],[-3,4],[-3,2],[-3,1],[-3,0],[-3,0],[-1,1],[0,3],[0,3],[-4,5],[-2,2],[-3,1],[0,2],[1,4],[-1,3],[-4,2],[-2,2],[-3,5],[0,4],[-2,7],[-4,3],[-2,3],[-4,1],[-2,2],[-4,1],[-3,0],[-4,4],[-1,2],[-2,2],[-3,2],[-4,1],[1,2],[-1,4],[-3,2],[-3,1],[-4,5],[-3,3],[-1,3],[-1,1],[0,2],[-4,5],[0,2],[-3,2],[-1,3],[-2,3],[1,2],[1,7],[3,5],[-2,4],[-1,1]],[[3815,4228],[0,-2],[2,0],[-2,-5],[-2,-3],[-6,-4],[-1,-2],[-4,4],[-3,0],[-3,1],[-4,-2],[-1,-1],[0,-3],[-1,-3],[1,-1],[-1,-4],[1,-2],[5,-2],[2,-2],[2,-2],[-1,-2],[-5,-3],[1,-2],[5,-1],[1,-3],[2,-3],[-2,-4],[2,-4],[-1,-2],[-3,-3],[-2,0],[-2,-2],[-4,0],[-1,-1],[-3,0],[-4,-1],[-2,-2],[0,-3],[2,-3],[4,1],[3,0],[3,-3],[3,-1],[4,-6],[3,-2],[0,-2],[1,-2],[1,-1],[-1,-5],[-1,-1],[0,-4],[4,-2],[2,0],[2,0],[2,-2],[1,1],[3,-1],[4,0],[1,-1],[0,-2],[0,-3],[3,-2],[1,-3],[-2,-3],[0,-1],[4,-2],[1,-2],[9,-3],[-1,-2],[1,-3],[-1,-2],[-3,-2],[0,-4],[-1,-2],[-1,-3],[2,-2],[1,-3],[0,-3],[-2,-2],[-1,-4],[1,-4]],[[3833,4068],[89,-48],[1,-2],[2,-1],[4,-6],[2,0],[1,-3],[1,-1],[4,0],[5,1],[8,4],[6,1],[3,-2],[2,0],[6,-2],[2,1],[2,-2],[2,-2],[2,-1],[0,-2],[2,-3],[3,0],[2,0],[1,-1],[-1,-6],[1,0],[-2,-4],[0,-2],[-1,-4],[-2,-5],[0,-2],[2,-1],[1,-2],[2,-3],[1,0],[1,-1],[3,-1],[2,-1],[2,-1],[1,-1],[3,0],[1,2],[3,-1],[2,-4],[3,0],[5,-1],[1,0],[6,-4],[2,-2],[-2,-3],[1,-4],[2,-1],[1,-5],[-2,-1],[-1,-2],[-1,-1],[1,-2],[-1,-1],[-1,-2],[2,-3],[-2,0],[-1,-3],[1,-2],[-2,-5],[-2,0],[-2,-1],[-4,0],[-3,-4],[1,-2],[-4,-3],[-2,-3],[-2,1],[-2,0],[0,-4],[-2,0],[1,-2],[-1,-1],[0,-3],[2,-3],[-2,-1],[0,-2],[-3,-1],[1,-1],[-2,-2],[-2,0],[0,-2],[-2,-2],[1,-1],[-4,-4],[1,-1],[-2,-1],[0,-2],[-4,-3],[-3,0],[-3,-2],[0,-2],[-1,-1],[0,-2],[1,-1],[-1,-1],[-1,-2],[-4,-3],[-1,0],[-2,-2],[0,-3],[-1,-2],[1,-1],[1,0],[0,-2],[2,0],[-1,-2],[1,-3],[-3,-2],[1,-2],[4,-2],[0,-1],[2,0],[2,-2],[-1,-1],[2,-3],[2,-1],[0,-2],[1,-2],[-3,-5],[1,-4],[-1,-1],[1,-2],[2,-1],[3,-3],[-3,-1],[-1,1],[-2,-1],[-1,-3],[-1,0],[-1,2],[-2,-1],[1,-2],[-2,-1],[-1,-1],[-4,-2],[-3,-1],[1,-2],[1,0],[3,1],[0,-2],[-4,-1],[-2,0],[-3,-1],[0,-1],[3,-2],[-2,-1],[-2,1],[0,2],[-2,-1],[2,-4],[-6,-3],[0,-2],[3,0],[-1,-3],[-5,-4],[-2,1],[-5,-1],[2,3],[-1,0],[-4,-1],[-1,-1],[-2,1],[-3,-2],[0,1],[1,1],[-3,0],[2,1],[-1,2],[-3,-1],[0,2],[-3,2],[-2,2],[-2,-1],[-2,2],[-1,0],[-2,5],[-4,2],[0,6],[2,2],[-2,1],[-3,1],[-1,3],[-3,-1],[0,2],[-2,-2],[-4,3],[0,2],[-3,0],[-4,-1],[-3,1],[-1,1],[-3,0],[-2,4],[-1,1],[-4,1],[-5,2],[-2,0],[-2,-4],[-2,-2],[-1,-2],[-1,-4],[-1,-2],[-3,-1],[-2,-3],[-2,-1],[1,-2],[-4,-2],[1,-1],[-2,-2],[-2,-1],[-3,-3],[-4,-2],[-2,-2],[1,-2],[0,-4],[-1,-1],[-1,-4],[-3,-2],[0,-4],[-2,-3],[0,-3],[-1,-1],[-5,0],[-4,2],[-6,1],[-4,2],[-4,0],[-3,2],[-2,-1],[-4,2],[-6,0],[-3,-3],[-2,0],[-1,-3],[-4,0],[-1,-2],[-2,-3],[-3,-2],[-5,-1],[-1,-5],[-3,-1],[-13,-49],[17,-39],[-3,-1],[-4,0],[-4,-1],[-1,-3],[-1,-4],[-2,-2],[-4,-3],[-3,-1],[-4,0],[-3,0],[-2,-1],[-8,1],[-7,-1],[-6,-1],[-2,1],[-5,1],[-2,1],[-1,3],[-3,0],[-1,1],[-2,3],[-2,3],[-5,4],[-4,2],[-4,3],[-4,5],[1,2],[-3,2],[-2,0],[-4,4],[-3,2],[-3,1],[-3,5],[-1,1],[-5,1],[-3,0],[-4,2],[-3,3],[-2,0],[-4,-1],[-4,0],[-3,-1],[-3,1],[-7,-2],[-2,-1],[-5,-2],[-3,0],[-2,-1],[-6,0],[-2,4],[-3,1],[-4,0],[-5,-5],[-3,-1],[0,-4],[-2,-1],[-1,-5],[-1,-3],[2,-1],[0,-1],[-6,-7],[0,-1],[-3,-11],[-1,-3],[-1,-2],[-3,-2],[-6,-3],[-8,-1],[-2,-1],[-2,-6],[3,-3],[-1,-2],[-2,-1],[-1,-3],[2,-5],[1,-2],[2,-5],[1,-1],[2,-2],[1,-2],[0,-2],[-3,-3],[-3,-2],[-6,0],[-4,-2],[-4,-2],[-2,-2],[-4,-4],[-4,-1],[-2,2],[-2,3],[-4,1],[0,2],[-1,2],[-1,4],[-2,2],[-8,-1],[-4,0],[0,1],[-2,3],[-4,1],[-4,-1],[-3,1],[-4,0],[-8,-1],[-4,1],[-4,2],[-4,-3],[-2,-1],[-5,-3],[-1,-1],[-2,-3],[-4,-2],[-3,-3],[-3,-1],[-1,-1],[1,-2],[0,-5],[5,-5],[-1,-2],[2,-6],[1,-6],[1,-3],[-4,-5],[-2,-4],[0,-3],[3,-3],[1,0],[3,0],[2,0],[1,-6],[-4,-4],[-1,-2],[0,-3],[-2,-1],[-3,-1],[-2,2],[0,1],[-2,0],[-2,-1],[-3,-3],[-5,-1],[-2,-1],[-2,-3],[-1,-2],[-4,-5],[-2,-2],[0,-3],[1,-5],[2,-2],[2,-1],[1,-2],[3,-2],[-2,-4],[0,-1],[-2,-2],[-2,-2],[0,-2],[5,-1],[1,-1],[5,-2],[5,0],[2,-4],[4,-2],[1,-3],[1,-2],[3,-1],[-3,-4],[0,-3],[-4,-2],[-2,-1],[2,-5],[0,-3],[1,-1],[6,-2],[1,-1],[3,-1],[3,-2],[0,-3],[5,-3],[4,-3],[2,0],[3,1],[3,-1],[3,-3],[4,-3],[2,-3],[4,1],[2,0],[-1,2],[2,1],[4,2],[2,0],[2,-3],[4,1],[2,-3],[7,0],[5,-2],[4,-3],[3,0],[2,-1],[2,-2],[8,-4],[2,-4],[5,-1],[4,-1],[1,-2],[5,-8],[1,-5],[2,-2],[1,-4],[-1,-6],[-5,-2],[0,-1],[2,-5],[0,-3],[3,-2],[2,-3],[2,-1],[2,1],[2,3],[2,4],[4,2],[3,2],[2,1],[5,3],[3,2],[7,-3],[1,-1],[-2,-2],[0,-1],[3,-2],[-1,-2],[-2,-3],[-1,-4],[1,-4],[-2,-5],[1,-3],[-1,-5],[1,-1],[-3,-2],[1,-3],[-3,-2],[0,-2],[4,-2],[5,0],[1,2],[3,1],[6,-2],[4,-3],[5,2],[4,-1],[7,0],[1,3],[0,2],[1,1],[3,6],[6,2],[1,1],[3,0],[5,-1],[2,-1],[3,0],[2,-4],[2,-1],[6,-1],[5,1],[8,-2],[2,2],[3,3],[2,0],[1,-2],[3,-3],[1,-2],[2,-2],[3,0],[1,-1],[-1,-2],[2,-3],[4,-3],[0,-1],[3,-2],[2,-3],[0,-1],[-2,-2],[2,-3],[2,-2],[-1,-4],[1,-3],[-2,-3],[1,-3],[0,-2],[6,-4],[1,-3],[-2,-4],[0,-1],[2,-2],[2,0],[3,-2],[3,2],[3,-1],[3,4],[3,1],[2,3],[1,0]],[[3795,3000],[-4,-1],[-2,-1],[0,-3],[1,0],[6,-2],[1,0],[3,-5],[2,-2],[0,-3],[-1,-1],[-3,-3],[-8,-1],[-3,0],[-4,3],[-2,-1],[-4,-6],[-3,-1],[-6,-2],[-4,0],[-5,4],[-4,2],[-1,2],[-2,-1],[-3,0],[-9,6],[-3,0],[-7,-2],[-1,0],[-1,-3],[2,-2],[-1,-3],[-5,-2],[-2,1],[-3,3],[-2,1],[-2,0],[-2,-2],[0,-3],[-1,-2],[0,-2],[3,-1],[4,3],[3,1],[3,-2],[0,-3],[-1,-3],[-4,-2],[-3,-3],[-1,-2],[-2,-1],[-5,0],[-11,1],[-3,1],[-3,-1],[0,-3],[2,-2],[1,-2],[0,-2],[-4,0],[-3,1],[-3,4],[0,4],[-3,0],[-2,-4],[-7,-2],[-2,1],[-1,4],[-2,2],[-2,1],[-2,-2],[-1,-2],[0,-3],[-1,-1],[-5,-2],[-2,-2],[-3,-1],[-6,2],[-4,0],[-6,-2],[-1,0],[-2,-2],[-3,0],[-1,3],[2,1],[1,2],[-4,2],[-1,5],[-3,0],[-2,-1],[-1,-2],[-3,3],[-4,0],[-5,0],[-5,2],[-2,0],[-3,-2],[-1,-2],[-4,-1],[-3,0],[-2,1],[-4,1],[-2,1],[-2,-2],[-1,-2],[-3,-3],[0,-4],[-1,0],[-2,0],[-2,1],[-2,0],[-2,-1],[-3,0],[-6,4],[-3,0],[-3,1],[0,6],[-4,1],[-1,3],[-3,1],[-3,3],[-4,2],[-7,1],[-4,3],[-1,2],[0,3],[-2,3],[-3,3],[0,1],[-1,1],[-5,2],[-3,-1],[-8,0],[-3,0],[-5,3],[-5,-1],[-5,2],[-1,2],[-1,5],[-2,3],[-3,2],[-1,3],[2,1],[-1,2],[-5,2],[-1,1],[2,3],[0,3],[-3,-1],[-2,0],[0,3],[4,2],[1,3],[-2,1],[-2,2],[0,1],[6,2],[0,2],[3,1],[0,4],[3,2],[-1,4],[3,1],[-3,5],[1,2],[0,4],[2,3],[2,2],[-1,2],[1,2],[0,2],[-1,4],[2,2],[1,4],[-1,2],[1,2],[1,3],[-1,1],[2,2],[0,2],[-4,7],[-3,1],[-4,3],[-6,3],[-2,3],[2,4],[-1,1],[-3,1],[-1,2],[-2,1],[0,2],[1,2],[0,5],[-2,3],[1,3],[-2,3],[-1,0],[-1,2],[-4,4],[-1,1],[1,3],[1,2],[2,1],[2,3],[2,2],[0,2],[2,2],[0,3],[-4,1],[-1,2],[-2,0],[-1,2],[0,3],[3,1],[1,1],[-2,1],[2,3],[0,2],[1,4],[-2,4],[3,3],[1,2],[-2,3],[-3,1],[-3,1],[-4,0],[0,3],[-2,1],[-1,1],[-4,3],[0,1],[1,1],[-1,2],[-7,5],[-1,1],[-4,-1],[-4,1],[0,3],[-5,1],[-2,3],[1,3],[-3,1],[-3,5],[-2,0],[1,2],[-3,0],[-3,2],[-2,0],[-3,1],[-2,3],[-3,1],[-5,-1],[-5,-4],[-2,0],[-2,-2],[0,-1],[-3,-2],[-1,0],[-1,-3],[-3,0],[-4,-1],[-3,-1],[-4,-1],[-4,-3],[-3,-1],[-6,-1],[-3,0],[-3,-4],[-2,0],[-1,-2],[-3,0],[0,-1],[-3,1],[-1,-1],[-4,0],[-2,-2],[-6,-2],[-8,1],[-1,-2],[-6,0],[-1,-2],[-3,-2],[-4,-1],[-3,0],[-6,-4],[-4,-2],[-2,0],[-4,-1],[-2,-1],[-2,-1],[-2,0],[-5,-2],[-1,-2],[-2,-1],[-4,0],[-3,-3],[-1,1],[-1,-1],[-3,1],[-2,0],[-1,0],[-4,-2],[-2,-3],[-1,-1],[0,-1],[-2,0],[-1,-2],[-3,-1],[-2,-3],[-5,-4],[-4,2]],[[3234,3163],[0,2],[-2,2],[-1,2],[-1,3],[-1,3],[1,2],[0,3],[-3,3],[-1,3],[1,3],[-1,5],[3,1],[3,5],[3,11],[-2,2],[-1,5],[1,5],[-3,8],[0,2],[1,2],[-2,4],[-1,2],[2,5],[0,2],[-2,3],[8,-1],[3,1],[3,2],[1,3],[5,3],[2,0],[2,2],[4,3],[3,0],[7,-2],[5,1],[3,-1],[1,1],[2,4],[3,3],[-1,4],[-2,1],[-1,4],[0,9],[4,2],[2,3],[2,2],[2,2],[1,3],[0,4],[1,2],[4,6],[0,4],[-2,1],[-3,2],[-2,3],[-4,2],[-2,1],[0,3],[-1,1],[-3,0],[-1,-1],[-4,1],[-3,2],[-4,2],[-5,5],[-3,1],[-1,2],[-3,2],[-4,-1],[-1,1],[-1,4],[-3,3],[-2,3],[-1,5],[-3,7],[-4,2],[-2,4],[0,4],[-4,3],[-3,2],[-7,-1],[-4,-2],[-5,0],[-4,-5],[-2,-1],[-9,0],[-3,1],[-4,-1],[-3,-2],[-3,-1],[-5,2],[-4,2],[-2,0],[-3,-1],[-2,1],[-2,-2],[-3,0],[-4,-2],[-3,-4],[-1,-1],[-3,2],[-3,-1],[-2,-1],[-1,-2],[0,-1],[-2,-4],[-4,-4],[-3,-6],[-5,-1],[-3,-1],[-2,1],[-3,-2],[-2,-1],[-5,0],[-2,-1],[-4,1],[-4,-1],[-9,0],[-5,-3],[-1,2],[-3,4],[-1,3],[2,2],[-1,3],[-4,1],[0,2],[-1,1],[-2,-1],[-3,-1],[-2,-3],[-2,0],[-2,-1],[-3,1],[-5,-1],[-3,0],[-2,1],[-2,0],[-1,0],[-1,-1],[-6,-2],[-2,0],[-7,-2],[-3,0],[-2,-1],[0,-1],[-3,-1],[0,-2],[-2,1],[-3,-1],[-2,0],[0,-1],[-3,1],[-2,-1],[-3,4],[-1,0],[-1,2],[-2,-1],[-1,2],[-4,0],[-1,-2],[-1,0],[-3,-1],[0,-1],[-3,0],[-3,0],[0,4],[-2,0],[1,1],[-1,1],[-2,-1],[0,-2],[-2,0],[-4,1],[-2,2],[0,-2],[-1,2],[-6,1],[-4,2],[-4,0],[-3,1],[-3,0],[-2,1],[3,4],[1,4],[2,3],[2,3],[2,4],[0,1],[3,4],[0,1],[3,2],[-1,2],[3,5],[2,2],[1,2],[0,1],[1,2],[-1,2],[3,5],[0,3],[-4,6],[-1,1],[-1,2],[-3,0],[1,2],[2,2],[0,3],[0,1],[-3,0],[0,2],[1,0],[2,2],[0,2],[2,3],[4,1],[0,4],[0,4],[3,5],[2,3],[-1,2],[2,0],[3,0],[1,1],[0,2],[0,3],[2,1],[8,2],[3,1],[3,1],[3,2],[0,2],[3,2],[1,2],[2,2],[-1,6],[1,2],[-2,3],[1,3],[3,3],[2,-1],[4,1],[4,2],[3,0],[2,-2],[2,2],[-1,2],[-2,3],[0,3],[2,1],[4,0],[3,4],[1,3],[1,2],[-1,1],[-4,7],[1,3],[-2,3],[-2,0],[-1,3],[-3,4],[-4,1],[-3,0],[-3,0],[-1,1],[-3,1],[-3,-2],[-3,1],[-5,1],[-3,2],[-3,2],[-1,2],[-3,1],[-3,5],[-1,0],[0,3],[-2,0],[-2,1],[-1,0],[-6,2],[-5,1],[-1,1],[0,2],[-1,2],[-4,1],[-4,3],[-2,0],[-3,2],[-1,1],[-4,1],[-2,3],[1,2],[2,2],[2,1],[3,2],[0,1],[3,1],[0,4],[2,4],[1,1],[0,4],[3,1],[1,5],[1,3],[0,7],[-3,4],[2,4],[0,2],[-1,1],[2,2],[1,0],[-1,1],[0,3],[-1,3],[-3,4],[-2,4],[-1,5],[3,4],[1,2],[3,2],[-2,3],[-4,0],[-1,5],[-1,2],[-2,1],[-1,4],[-4,3],[0,1],[-3,3],[-2,0],[-2,2],[-2,2],[-3,3],[-1,4],[-2,2],[-3,2],[-2,1],[-9,1],[-1,0],[-3,-2],[-2,-2],[-3,0],[-6,2],[-4,2],[-4,3],[-1,1],[-5,1],[-6,3],[-3,1],[-2,1],[-4,1],[-3,1],[-7,1],[-4,0],[-2,-3],[-4,-4],[-6,0],[-1,0],[-1,-5],[1,-1],[2,0],[2,-2],[1,-3],[-1,-2],[0,-6],[-2,-1],[-2,-2],[0,-4],[-3,-2],[-1,-2],[-2,-3],[0,-1],[2,-2],[0,-5],[-1,-3],[-1,-1],[-4,0],[-3,-1],[-2,0],[-4,2],[-8,2],[-3,-1],[-4,-2],[-7,1],[-3,0],[-4,1],[-3,2],[-2,0],[-2,-3],[-2,-1],[-3,-5],[-4,-3],[-5,-1],[-4,-2],[-5,-2],[-3,-3],[-3,-1],[-10,0],[-5,1],[-13,1],[-3,-1],[-9,-5],[-3,0],[-8,0],[-4,-2],[-5,0],[-4,-1],[-4,-2],[-5,-2],[-2,-1],[-4,-1],[-1,-1],[-7,-4],[-4,0],[-3,1],[-2,2],[-3,1],[-6,1],[-14,3],[-2,3],[-6,4],[-1,0],[-3,2],[-2,4],[-4,2],[-5,1],[-4,1],[-2,0],[-4,-1],[-4,0],[-3,2],[-6,7],[0,2],[-3,6],[1,5],[1,5],[2,3],[0,2],[-2,5],[0,3],[2,3],[0,5],[-1,1],[-8,3],[-2,3],[-1,3],[0,3],[-4,4],[-2,4],[0,2],[-2,1],[-1,4],[0,2],[-3,3],[0,4],[2,2],[0,3],[-2,8],[0,2],[-5,4],[-2,4],[-1,5],[-2,4],[-1,5],[-2,3],[-6,4],[-2,1],[-2,4],[-1,3],[0,3],[1,5],[-1,3],[0,4],[1,4],[0,3],[-2,3],[-2,5],[0,3],[-1,4],[0,16],[1,4],[3,3],[2,4],[0,3],[1,5],[0,14],[0,1],[0,13],[-1,4],[0,3],[-2,3],[-3,4],[-1,2],[0,3],[-1,2],[0,3],[-1,3]],[[2557,3898],[3,0],[5,-1],[6,3],[1,1],[-1,4],[-1,1],[-3,4],[4,11],[6,2],[5,0],[2,0],[4,2],[1,2],[5,3],[5,-1],[3,1],[3,-1],[1,-2],[6,0],[2,0],[-2,4],[1,2],[2,1],[5,-1],[2,-2],[4,-1],[5,-2],[1,-1],[4,-1],[1,-1],[-1,-2],[2,0],[6,1],[3,2],[4,0],[1,1],[-1,2],[-3,2],[-2,3],[0,2],[3,4],[-1,2],[1,3],[1,2],[0,1],[-5,-2],[-1,0],[-1,3],[1,5],[1,4],[2,6],[4,2],[3,1],[0,-3],[3,0],[2,0],[5,2],[3,2],[6,-2],[3,2],[0,2],[2,3],[4,2],[0,2],[4,4],[-1,1],[-3,0],[-3,1],[-6,1],[-4,-1],[-2,3],[4,4],[14,11],[3,1],[2,-1],[6,1],[2,2],[0,1],[1,1],[2,4],[3,4],[1,5],[1,5],[3,0],[5,13],[-3,3],[0,4],[2,2],[5,1],[-1,1],[-2,4],[2,3],[2,2],[5,7],[3,1],[0,-1],[2,1],[1,7],[2,7],[0,2],[-2,0],[0,2],[2,3],[1,7],[-4,1],[-4,0],[-1,2],[-1,1],[-6,-3],[-3,-5],[-4,-4],[-1,2],[4,8],[2,1],[4,2],[1,1],[-3,-1],[-1,1],[0,3],[4,6],[3,3],[8,12],[2,5],[3,1],[3,3],[0,2],[2,2],[1,2],[3,1],[3,2],[9,4],[3,1],[0,1],[4,3],[14,16],[2,1],[5,6],[4,4],[1,3],[3,2],[2,2],[7,10],[4,7],[1,4],[2,9],[2,3],[4,5],[2,1],[0,-2],[4,-2],[0,-1],[2,-1],[0,-1],[4,-1],[3,-2],[3,-3],[1,-2],[7,0],[2,1],[3,1],[2,6],[-2,0],[-2,3],[-1,2],[3,3]],[[2846,4224],[5,0],[5,-3],[2,-1],[4,1],[2,1],[3,2],[0,2],[-2,2],[1,2],[3,-1],[1,1],[-1,2],[-3,0],[-2,2],[0,2],[2,1],[4,-1],[2,-1],[3,-1],[0,2],[2,3],[2,1],[3,2],[3,0],[2,2],[2,0],[2,2],[3,-2],[3,-3],[3,-1],[1,-1],[0,-4],[2,-3],[3,-2],[1,-1],[1,-3],[1,-3],[2,-1],[6,1],[2,-1],[3,-3],[1,-2],[1,-2],[0,-1],[-1,-2],[0,-7],[0,-3],[0,-1],[4,-1],[1,-1],[5,-1],[2,-2],[1,-2],[-2,-4],[0,-3],[1,-2],[2,-1],[4,0],[2,-1],[4,-2],[1,0],[3,5],[5,1],[2,3],[0,3],[1,1],[3,-1],[2,1],[2,2],[-2,3],[1,1],[3,0],[4,-2],[3,-1],[1,-2],[2,-1],[5,-3],[3,-1],[3,0],[2,2],[1,0],[2,-6],[-2,0],[-4,0],[-2,-2],[-1,-2],[2,-2],[2,0],[4,1],[0,-4],[1,-1],[2,1],[0,3],[2,1],[1,0],[1,-3],[2,-1],[3,1],[2,-4],[2,-2],[1,-2],[0,-2],[2,-1],[1,1],[1,4],[1,1],[2,-1],[0,-1],[-1,-3],[0,-1],[4,-2],[3,-2],[1,2],[-2,1],[1,1],[3,0],[2,-2],[5,4],[2,1],[0,1],[-2,0],[0,2],[2,3],[-1,3],[4,-1],[2,1],[2,-2],[2,0],[2,3],[0,3],[1,0],[1,-2],[3,0],[0,3],[1,3],[4,-1],[2,1],[3,4],[3,1],[0,3],[2,1],[1,-2],[5,2],[2,-1],[0,3],[-2,1],[2,2],[2,-1],[1,1],[1,-3],[4,0],[1,-1],[2,2],[1,0],[3,-1],[1,-3],[3,-2],[1,0],[8,4],[4,5],[1,2],[3,0],[3,3],[2,0],[1,-1],[4,-1],[2,2],[0,-3],[3,1],[2,-1],[7,-5],[4,-1],[3,-1],[3,1],[5,-2],[2,0],[5,-1],[4,1],[8,-5],[0,-1],[5,-1],[2,0],[3,-1],[4,2],[5,-4],[-1,-2],[2,-4],[4,-1],[2,0],[2,-2],[-2,-2],[1,-2],[2,-1],[2,-3],[5,-1],[3,1],[4,-2],[5,0],[6,-1],[1,2],[2,0],[0,1],[3,2],[1,3],[2,2],[-1,1],[-1,4],[1,2],[2,0],[3,3],[2,0],[2,5],[-1,3],[1,2],[0,1],[1,1],[-1,4],[1,2],[-1,2],[3,5],[0,4],[3,2],[6,0],[2,-1],[3,3],[5,2],[4,0],[2,-1],[3,1],[2,1],[3,0],[2,-1],[3,0],[1,-2],[1,1],[2,-1],[2,2],[5,-1],[3,2],[4,-1],[2,0],[3,0],[3,-1],[1,-1],[2,0],[6,4],[2,1],[2,2],[3,-1],[3,4],[1,3],[4,1],[3,1],[2,-1],[4,-5],[4,-4],[-1,-1],[4,-2],[-2,-2],[2,-2],[-3,-1],[0,-1],[1,-1],[3,0],[3,-1],[2,-2],[-2,-1],[0,-1],[2,-1],[4,-1],[-1,-2],[-3,0],[3,-2],[-1,-3],[1,-2],[-2,-1],[0,-2],[-2,-2],[-1,-1],[0,-2],[-2,-1],[1,-1],[-1,-3],[3,-2],[1,-3],[0,-1],[4,-3],[2,-1],[1,-3],[4,-2],[5,-2],[2,1],[6,0],[6,1],[1,-2],[2,0],[-1,-1],[4,-2],[1,0],[2,-2],[2,0],[0,-2],[4,-3],[3,1],[3,1],[3,-2],[1,2],[2,-2],[3,1],[1,1],[1,-1],[4,3],[1,2],[2,1],[1,1],[-2,1],[0,2],[3,0],[0,2],[2,-1],[0,2],[2,2],[2,0],[3,-2],[0,-4],[2,0],[-3,-4],[2,-1],[-1,-2],[1,-2],[2,0],[4,-2],[0,-2],[1,-1],[2,-1],[4,1],[0,3],[1,-1],[3,-2],[4,1],[1,2],[-6,3],[2,2],[2,-1],[2,-1],[2,3],[-2,2],[0,2],[4,1],[3,1],[2,0],[1,-2],[1,0],[0,2],[-2,2],[0,2],[3,2],[3,-3],[-1,-2],[3,-2],[1,0],[-1,-3],[2,-3],[4,0],[0,-3],[1,-1],[1,3],[1,1],[1,1],[3,-1],[3,2],[1,0],[1,-1],[2,1],[0,2],[0,2],[4,4],[2,-1],[0,-3],[3,0],[1,2],[4,-1],[1,1],[-1,2],[-3,-1],[-1,1],[-1,4],[-3,2],[-1,0],[-1,-2],[-2,1],[1,2],[6,0],[3,-1],[1,2],[-3,2],[2,2],[2,-1],[0,2],[-3,0],[-1,1],[2,1],[3,-1],[2,1],[3,-1],[2,-3],[2,0],[0,3],[-1,1],[-3,2],[-1,2],[3,1],[1,1],[-1,3],[1,0],[4,0],[-1,3],[1,2],[2,1],[2,-4],[2,1],[-1,2],[-3,3],[0,1],[2,3],[-1,2],[0,3],[-1,1],[-3,-1],[-1,1],[1,3],[3,2],[1,5],[2,1],[1,-2],[1,-1],[3,2],[-1,3],[2,1],[2,-1],[1,-3],[1,1],[1,4],[1,1],[3,0],[0,1],[-1,1],[-3,-1],[-3,2],[0,2],[3,1],[0,1],[-2,2],[0,2],[2,-1],[2,-2],[3,0],[0,2],[-4,1],[0,2],[2,0],[3,-2],[1,1],[-1,2],[-4,1],[-1,1],[-3,1],[0,1],[4,0],[3,-1],[1,-2],[2,1],[0,2],[-2,2],[0,1],[2,1],[-3,2],[-4,1],[-1,1],[1,2],[-2,2],[-3,1],[-2,-2],[-2,1],[-2,2],[1,1],[3,1],[4,-1],[0,2],[-3,1],[-6,-1],[-3,1],[-1,2],[3,2],[-1,3],[1,2],[3,-1],[1,-5],[2,-1],[3,1],[-1,3],[3,2],[-2,6],[-1,1],[0,2],[1,0],[2,0],[1,-3],[1,-1],[1,-1],[1,2],[0,3],[1,0],[1,-2],[2,0],[0,3],[2,2],[-1,2],[2,0],[1,-2],[5,-4],[10,-3],[8,0],[3,-2],[2,-2],[4,-2],[1,-2],[4,-1],[6,-2],[2,-1],[4,0],[6,-2],[7,0],[3,1],[2,-1],[2,-1],[5,-1],[1,-2],[4,1],[2,-1],[3,1],[3,0],[2,-1],[3,1],[4,0],[1,-1],[2,1],[1,2],[3,0],[7,0],[2,0],[1,-2],[4,0],[3,-3],[3,-1],[1,1],[3,1],[3,2],[2,-1],[0,-1],[5,0],[4,-2],[2,1],[3,-1],[2,1],[4,0],[2,-2],[2,-1],[5,-3],[2,-3],[3,0],[1,-2],[2,-3],[0,-2],[1,-2],[0,-2],[2,-2],[1,-1],[4,-5],[2,-1],[2,2],[1,-1],[1,2],[2,1],[0,-1],[3,-1],[3,1],[3,-1],[1,3],[1,0],[2,-1],[3,1],[3,-2],[0,-2],[1,-1],[2,0],[1,-2],[3,1],[1,-1],[2,1],[3,-1],[1,1],[3,0],[1,-1],[1,1],[2,-1],[3,0],[2,2],[3,1],[2,-2],[3,-1],[9,-2],[6,-2],[7,-3],[5,2],[2,4],[2,1]],[[5933,8320],[4,-3],[0,-4],[-1,-1],[1,-4],[1,-2],[-1,-1],[-2,-1],[-1,-5],[2,-1],[6,-1],[0,-5],[2,-1],[-5,-6],[0,-1],[-1,-4],[1,-1],[-4,0],[-5,-6],[-1,-5],[2,-6],[-1,-1],[0,-5],[2,-3],[5,-4],[-2,-1],[-1,-4],[-1,-4],[1,-2],[-2,0],[-2,-3],[2,-4],[-2,-2],[-1,-4],[1,-4],[2,-1],[0,-3],[0,-1],[1,-2],[-1,-3],[0,-3],[1,-4],[-1,-2],[1,-2],[3,-3],[-1,-2],[-1,-3],[-4,-1],[-2,-2],[0,-4],[1,-5],[-1,-2],[0,-5],[-3,-5],[-1,-1],[-1,-3],[-1,-2],[-1,-6],[0,-1],[-1,-2],[-1,-2],[5,-9],[2,-4],[-1,-3],[-2,1],[-3,-1],[-2,-4],[-1,-4],[0,-2],[-5,-2],[0,-2],[-2,-2],[-3,1],[-2,-3],[-1,-3],[-3,-1],[-1,-2],[-3,0],[0,-4],[0,-2],[-2,-2],[1,-3],[1,-1],[0,-3],[1,-2],[0,-2],[0,-4],[-1,-2],[-5,-3],[-1,-1],[1,-1],[1,-4],[-1,-1],[-3,-5],[-2,0],[-4,-2],[0,-3],[-2,-3],[-1,-1],[-1,-2],[-2,-2],[1,-3],[2,-3],[0,-2],[-4,-2],[-1,-4],[-1,-4],[-3,-3],[0,-3],[-2,-2],[-2,-3],[1,-1],[3,-1],[-1,-1],[3,-1],[3,1],[3,0],[0,-1],[-2,-1],[-1,-1],[2,-3],[-2,-1],[-1,-4],[3,-3],[4,-1],[-1,-2],[-1,-1],[-6,-2],[-3,-2],[2,-2],[2,0],[3,-1],[3,-2],[4,0],[1,-2],[0,-6],[4,0],[5,-3],[5,-1],[3,-2],[2,0],[0,-1],[-2,-3],[-3,-1],[0,-2],[-2,-1],[-2,-2],[1,-2],[-1,-1],[-3,0],[-1,-2],[-2,0],[-1,-2],[-2,-1],[-2,-4],[-1,-2],[-4,-3],[-3,0],[-2,-2],[-2,-4],[-2,-2],[-1,-2],[-2,-2],[-3,-8],[2,-1],[-3,-5],[0,-3],[-1,-3],[-3,-2],[-1,-1],[-2,0],[-2,-1],[-2,-2],[1,-1],[-6,-6],[0,-2],[-2,-1],[-2,-2],[0,-2],[-1,-3],[-3,-1],[-3,-2],[-1,-4],[-4,-2],[-2,-4],[-1,-3],[-1,-5],[-2,-2],[2,-5],[-2,0],[-1,-4],[-2,-2],[-1,-2],[-5,-5],[-2,-3],[-1,-5],[1,-2],[5,-1],[1,-1],[-1,-1],[-3,-2],[-3,-8],[-2,-1],[0,-5],[-3,-5],[1,-3],[0,-4],[-2,0],[-9,1],[-5,-2],[-2,0],[-2,1],[-8,0],[-4,-3],[-3,0],[-3,-4],[-3,-1],[-1,-2],[-2,-2],[-1,-3],[-5,-6],[-2,-1],[-2,0],[-1,-4],[-5,-3],[-2,-2],[0,-3],[3,-3],[0,-3],[0,-2],[-2,-2],[-2,0],[-4,0],[-1,-1],[-3,-1],[-4,1],[-4,-4],[0,-1],[1,-4],[5,-1],[2,-5],[2,-1],[-10,-7],[0,-3],[-2,-1],[-1,-2],[-1,-1],[-5,-1],[-4,1],[0,-2],[-1,-2],[-3,-1],[-3,-3],[-5,-3],[-1,-1],[-1,-4],[1,-2],[-3,-5],[-3,-3],[-3,-2],[-3,0],[-1,-2],[-2,-6],[1,-6],[2,-2],[-1,-2],[-1,-5],[-3,-4],[-4,-3],[-1,-1],[-3,2],[-3,0],[-1,-2],[-3,-3],[0,-3],[-1,-1],[0,-3],[0,-2],[-1,0],[-1,-3],[1,-1],[-3,-3],[0,-2],[-1,-1],[1,-2],[-2,-4],[0,-2],[-3,0],[-2,-2],[-3,-6],[-4,-3],[0,-3],[-1,0],[-2,-3],[0,-2],[-3,-2],[-3,-6],[-1,0],[-1,-3],[-1,-1],[-3,2],[-8,1],[-3,-1],[-2,-5],[-2,-4],[-2,0],[0,-3],[2,-3],[-3,-2],[0,-6],[-2,-1]],[[5619,7604],[0,-3],[-1,-3],[-1,-3],[-3,-1],[-2,-1],[-2,-1],[-8,2],[-3,3],[-3,1],[-2,-1],[-4,-4],[0,-2],[-2,-3],[0,-4],[0,-3],[-3,-2],[-3,-3],[-1,-4],[-1,-1],[-2,-7],[2,-2],[4,-2],[2,-4],[1,-3],[1,-7],[0,-3],[-1,-2],[0,-2],[3,-3],[-1,-2],[-2,-1],[-1,-3],[0,-2],[1,-4],[-1,-1],[-3,-1],[0,-4],[1,-3],[-1,-2],[-5,-3],[-3,-4],[-2,-1],[0,-2],[-1,-4],[1,-1],[-1,-4],[0,-3],[1,-1],[0,-4],[2,-4],[0,-7],[2,-5],[0,-5],[1,-5],[-4,-3],[-1,-1],[1,-2],[6,-4],[1,-1],[-1,-3],[0,-2],[-2,-3],[0,-5],[-3,-4],[-6,0],[-3,0],[0,-4],[2,-5],[2,-2],[1,-2],[2,-1],[5,-7],[0,-3],[-1,-1],[2,-1],[1,-3],[-1,-4],[3,-3],[-1,-3],[3,-5],[2,-1],[1,-3],[3,-1],[0,-2],[-2,-3],[0,-2],[0,-3],[-1,-2],[-6,0],[-3,-1],[-7,0],[0,-1],[-3,-2],[-3,-1],[-3,-2],[-2,0],[-4,-3],[-1,-2],[-2,-3],[0,-1],[-3,-4],[0,-3],[-1,-4],[0,-4],[1,0],[-4,-3],[-3,0],[-1,-1],[-2,-1],[0,1],[-2,0],[0,-2],[-2,-1],[0,-1],[-1,-2],[-2,-1],[-2,1],[-1,-1],[-2,0],[-2,-3],[0,-2],[-2,-2],[-2,-3],[0,-3],[-1,-2],[-4,-2],[0,-5],[-1,-2],[2,-1],[-1,-4],[-4,-3],[-5,-4],[-4,-1],[-1,0],[-5,-5],[-2,-4],[1,-1],[0,-4],[1,-1],[-1,-1],[3,-2],[3,-2],[-4,-3],[0,-4],[1,-2],[-1,-5],[6,-2],[1,-3],[2,-2],[4,-1],[3,-3],[1,-3],[3,0],[1,-2],[-1,-1],[2,-3],[-2,-1],[-2,0],[-5,1],[-2,0],[-3,-3],[-7,-3],[-1,-3],[-3,-1],[-1,-2],[-5,0],[-2,-1],[-2,1],[-1,0],[-4,0],[4,-5],[-4,-2],[-2,0],[1,-2],[1,0],[5,-1],[2,1],[2,0],[1,-3],[0,-4],[5,1],[1,-4],[2,-1],[1,1],[3,0],[2,1],[2,1],[4,1],[4,2],[3,-1],[4,1],[6,-2],[5,0],[2,-1],[2,-2],[3,-2],[3,1],[3,-1],[2,-3],[1,-2],[1,-5],[-1,-2],[-1,-2],[-4,-1],[-5,-4],[0,-4],[-2,-1],[-1,-3],[-1,-1],[0,-2],[-3,-4],[-2,-1],[-4,-4],[-5,-2],[-1,-1],[-1,-3],[-2,-2],[-2,-1],[-4,-3],[3,2],[7,1],[3,-1],[3,1],[6,-1],[6,0],[4,-2],[1,-2],[5,-1],[1,-5],[2,1],[3,-2],[5,-2],[-3,-4],[1,-3],[2,-2],[9,-2],[1,0],[3,6],[1,4],[0,2],[1,2],[4,0],[0,-2],[2,-1],[3,4],[4,0],[3,1],[0,1],[4,1],[2,2],[2,-1],[3,2],[1,2],[-3,3],[-3,2],[2,0],[1,2],[0,1],[-4,4],[0,1],[1,1],[0,3],[1,1],[1,2],[-2,1],[0,2],[-4,1],[-1,1],[-3,8],[0,6],[-1,3],[1,2],[8,-2],[4,0],[1,1],[3,1],[5,0],[2,1],[7,-1],[7,-5],[2,-2],[4,-3],[4,-3],[1,-1],[-1,-2],[0,-2],[2,-4],[-2,-4],[-4,-4],[0,-4],[-1,-1],[2,-3],[0,-5],[-3,-12],[0,-3],[0,-1],[0,-2],[1,-10],[0,-2],[-2,0],[-3,-1],[-1,-1],[-4,0],[-2,-1],[-1,-2],[-4,-3],[1,-5],[1,0],[-2,-1],[-1,-2],[1,-2],[0,-4],[1,-3],[2,-4],[0,-2],[-1,-1],[-1,-4],[-3,-3],[-2,-2],[-3,0],[-2,-1],[-2,-3],[-3,-1],[-2,-3],[-3,1],[-1,-5],[-2,-3],[2,-4],[-1,-3],[0,-2],[-1,-5],[-1,-2],[-3,-3],[0,-3],[-1,-3],[-3,-2],[-3,-1],[-3,-3],[1,-3],[-1,-2],[0,-4],[-1,-3],[-2,-2],[-1,-4],[2,-3],[4,0],[2,-1],[5,-4],[2,-4],[3,-3],[0,-1],[3,-3],[3,1],[5,-1],[2,-1],[4,1],[1,-2],[3,-2],[2,-4],[1,-2],[-1,-3],[0,-3],[2,-1],[0,-6],[2,-2],[-1,-4],[-3,-2],[0,-3],[2,-5],[0,-4],[1,-3],[3,-5],[0,-6],[4,1],[3,2],[8,0],[1,-1],[6,3],[3,0],[1,-2],[3,-2],[4,1],[5,0],[1,-1],[1,-1],[2,-1],[2,-5],[-2,-2],[3,-2],[0,-5],[2,0],[5,4],[2,0],[2,1],[3,-5],[0,-1],[1,-8],[0,-2],[1,-5],[0,-3],[-1,-4],[-2,-1],[2,-2],[-1,-2],[-3,0],[-3,-2],[-1,-2],[-3,-1],[-2,-2],[-5,-1],[1,-1],[0,-3],[-2,0],[1,-1],[-1,-1],[1,-3],[-2,1],[-5,-1],[0,-1],[-2,2],[-7,0],[-1,-2],[-2,0],[-1,2],[-1,-1],[0,-2],[-2,1],[-1,-1],[-5,-2],[-1,-2],[-3,-2],[2,-4],[0,-4],[-2,-1],[2,-2],[-1,-2],[-1,0],[0,-4],[-2,-1],[1,-2],[3,-1],[1,-5],[1,-1],[-1,-2],[2,-4],[-2,-2],[-1,-2],[1,-2],[2,-3],[0,-2],[1,-1],[-3,-1],[0,-2],[-1,-1],[1,-3],[-2,0],[0,-3],[-2,-3],[-3,0],[-3,-3],[-2,-1],[-1,-3],[-3,0],[-2,-2],[-2,-2],[-1,-1],[-2,-2],[0,-2],[-2,-1],[0,-2],[-4,-1],[-1,-2],[1,-1],[-1,-1],[-2,-3],[-3,-2],[1,-1],[-5,-3],[0,-2],[2,-2],[-1,-1],[-2,1],[-2,0],[1,-2],[1,0],[0,-1],[-2,0],[-1,-2],[-9,-5],[-3,0],[-1,-2],[-3,-3],[-3,-1],[-3,0],[-1,-1],[-6,0],[-2,-1],[-3,0],[-3,-5],[-3,-2],[-3,0],[-3,0],[0,-2],[-4,-1],[-2,1],[0,-1],[-4,3],[-1,-1],[-3,1],[-1,0],[-2,1],[-1,0],[-1,2],[-6,5],[-2,5],[-1,1],[0,1],[-2,1],[-3,-2],[-2,1],[-3,-1],[-4,3],[-2,0],[-4,1],[0,1],[-4,5],[0,3],[-2,-1],[-13,7],[-2,0],[-3,2],[-4,-1],[-3,1],[-4,1],[-3,-1],[-4,0],[-2,1],[-2,0],[-3,1],[-3,0],[-2,2]],[[5442,6796],[-1,0],[-80,1],[-3,0],[-1,0],[2,4],[-1,1],[-2,-1],[0,2],[2,0],[1,2],[-2,1],[0,2],[-2,0],[2,2],[2,1],[4,-1],[1,1],[3,2],[2,-1],[2,3],[1,2],[-4,2],[1,4],[-3,1],[0,2],[-3,1],[0,1],[-2,3],[1,2],[0,3],[2,1],[1,3],[3,2],[4,2],[4,0],[0,2],[3,-2],[1,2],[3,2],[-3,2],[2,1],[-2,2],[3,0],[1,-1],[0,2],[1,2],[4,1],[1,4],[4,0],[2,1],[1,2],[2,0],[-1,2],[3,-1],[0,3],[2,4],[4,2],[3,1],[3,0],[3,2],[0,1],[-2,5],[2,0],[0,3],[-4,3],[0,4],[2,1],[1,3],[-2,5],[1,3],[-1,1],[-4,-1],[-1,-1],[-1,3],[-1,1],[2,1],[0,2],[-2,-1],[-1,1],[-2,-1],[-4,0],[-1,4],[-3,1],[-1,4],[-4,2],[-3,-1],[-1,-1],[-4,1],[-1,1],[1,2],[0,2],[1,4],[-4,1],[-1,0],[3,2],[3,0],[-1,2],[-5,-1],[2,2],[2,1],[1,1],[-1,3],[-2,2],[0,1],[3,1],[-1,1],[-4,2],[-1,2],[-6,3],[1,2],[3,2],[-1,2],[-1,1],[-3,-1],[-3,4],[-4,1],[1,3],[3,-1],[2,2],[-3,2],[-1,-2],[-1,1],[0,3],[-1,1],[-4,0],[-2,2],[-2,-1],[-2,1],[0,3],[-2,2],[0,2],[2,0],[0,1],[-3,2],[0,2],[-4,2],[0,1],[2,1],[-2,2],[-3,0],[-1,3],[-1,-2],[-3,0],[0,2],[-3,2],[1,1],[1,1],[3,0],[1,-2],[4,0],[1,0],[1,2],[-1,2],[1,2],[3,1],[-2,3],[-1,2],[1,2],[-1,2],[-1,2],[0,4],[0,2]],[[5284,7470],[3,5],[6,3],[3,3],[1,2],[-1,3],[2,0],[4,0],[2,2],[1,3],[3,3],[-3,3],[3,2],[1,2],[0,3],[1,0],[2,2],[1,6],[-1,3],[0,4],[4,3],[3,-2],[5,2],[0,1],[-2,1],[0,3],[3,0],[2,-2],[0,2],[-4,4],[1,1],[3,0],[2,-1],[3,1],[-1,2],[0,5],[-3,2],[-5,5],[-9,5],[-4,3],[-7,5],[-3,2],[-11,7],[-3,1],[-7,11],[0,8],[3,4],[4,6],[2,4],[0,3],[-1,3],[-4,2],[-3,1],[-3,0],[-5,-3],[-4,-4],[-1,0],[-3,2],[-6,0],[-37,6],[1,2],[2,1],[1,2],[-3,2],[0,3],[-3,1],[0,3],[-1,3],[1,2],[5,5],[4,2],[1,2],[1,4],[-1,4],[-1,3],[4,4],[1,3],[-1,5],[-1,2],[3,5],[-5,2],[-3,3],[-2,3],[-4,0],[-2,0],[-6,0],[-3,2],[-1,2],[-2,1],[-3,2],[-1,3],[-1,3],[2,3],[0,7],[-1,4],[2,3],[0,3],[2,2],[0,9],[1,3],[3,2],[-3,0],[0,1],[-2,1],[-2,2],[-4,1],[-4,-2],[-2,1],[-1,2],[-3,-1],[-1,4],[-6,4],[-2,0],[-1,3],[-6,1],[-1,2],[-1,0],[-2,-1],[-3,0],[-4,1],[-6,5],[-2,3],[-2,0],[0,1],[-2,2],[0,2],[-3,2],[-1,1],[0,1],[-3,0],[-3,3],[-1,0],[-3,3],[-2,1],[-2,4],[-2,2],[-2,0],[-3,0],[0,-1],[-5,3],[-3,-1],[-3,1],[-1,3],[-7,1],[0,2],[-1,1],[-3,1],[1,1],[3,1],[2,1],[4,1],[1,2],[2,-1],[2,5],[2,0],[2,2],[-1,1],[4,1],[0,-1],[4,3],[0,1],[2,5],[1,2],[2,0],[1,2],[3,2],[2,2],[2,1],[2,4],[3,1],[1,2],[3,2],[2,2],[2,-2],[4,1],[1,0],[1,2],[2,2],[0,2],[2,3],[4,2],[0,2],[3,1],[7,0],[3,0],[5,0],[2,-1],[0,4],[5,-1],[4,-2],[2,0],[-2,-5],[2,-1],[3,0],[3,1],[-1,2],[2,0],[6,1],[6,0],[6,1],[1,0],[5,1],[3,3],[3,1],[2,0],[4,1],[1,1],[1,-1],[3,2],[3,1],[2,0],[4,-2],[3,3],[3,1],[5,4],[1,0],[4,0],[3,-1],[-1,-4],[2,-3],[2,-1],[4,2],[2,-1],[43,20],[0,2],[-3,1],[3,0],[-2,1],[2,1],[-3,0],[2,1],[-2,3],[1,2],[-1,1],[0,2],[-2,0],[0,1],[2,0],[1,2],[-1,0],[1,1],[-2,0],[2,2],[-4,0],[2,2],[0,1],[-3,1],[2,2],[-1,1],[-1,2],[2,-1],[1,2],[-4,0],[1,1],[3,0],[-2,1],[1,2],[-1,2],[-1,0],[0,2],[-2,0],[-1,3],[-2,1],[-2,0],[2,2],[-2,-1],[1,2],[-3,-1],[-1,1],[2,2],[-2,1],[0,2],[-2,-1],[-1,0],[-1,3],[-3,1],[3,1],[-2,3],[1,1],[2,4],[2,0],[0,2],[1,0],[1,2],[-2,4],[-1,0],[0,4],[-3,3],[0,6],[-2,2],[0,2],[-1,1],[-1,2],[0,1],[-2,1],[-4,0],[-1,2],[-3,4],[-1,0],[-1,-1],[-1,1],[-4,1],[2,2],[-3,1],[-3,-2],[-1,2],[-2,0],[-2,4],[0,1],[-3,3],[0,1],[-2,1],[-2,-2],[-3,2],[-1,2],[0,2],[-1,2],[-1,-1],[0,3],[-3,4],[-1,1],[1,2],[0,1],[-4,1],[-1,2],[0,1],[-3,1],[1,2],[-1,0],[-1,2],[-2,0],[-1,1],[1,1],[-1,1],[0,1],[-2,2],[-1,2],[-2,1],[-1,3],[-3,2],[0,2],[-3,1],[-3,1],[-2,3],[-1,-1],[-1,3],[1,0],[-1,2],[0,1],[-1,2],[-3,0],[1,1],[-3,1],[-1,-1],[-3,1],[-2,1],[-1,1],[-3,1],[-1,-1],[-4,0],[-2,-1],[0,1],[-3,0],[-2,2],[-3,0],[-1,1],[-2,0],[-1,2],[1,1],[-1,3],[-1,2],[-1,3],[-2,3],[-1,2],[-1,4],[-3,1],[-2,2],[-2,0],[-1,1],[-1,3],[-4,2],[-2,2],[0,3],[-2,4],[-3,0],[0,1],[-5,2],[-1,-1],[-2,3],[0,2],[-2,4],[0,1],[-2,3],[1,1],[-3,2],[1,2],[-4,2],[-2,3],[-2,0],[-1,1],[1,3],[-2,0],[-1,2],[-3,2],[-1,3],[0,2],[3,4],[3,3],[-1,1],[2,2],[3,2],[1,1],[-1,3],[1,2],[-1,4],[-2,1],[0,2],[-2,1],[1,3],[3,1],[2,-1],[1,2],[1,0],[0,2],[-1,1],[1,0],[2,4],[-2,0],[1,3],[-1,6],[0,1],[-2,1],[2,2],[-2,2],[2,1],[3,4],[-1,2],[1,2],[5,1],[2,3],[-1,1],[2,2],[4,1],[2,4],[-1,1],[1,4],[-3,2],[1,2],[3,1],[1,2],[5,2],[1,-1],[2,2],[4,3],[1,-1],[3,1],[2,3],[-2,2],[1,1],[-2,3],[4,2],[-1,1],[4,2],[2,3],[4,1],[3,2],[1,1],[7,3],[2,1],[2,3],[0,2],[4,-1],[1,2],[0,2],[-1,2],[2,2],[-1,3],[0,1],[4,1],[-1,1],[-2,1],[-1,1],[2,1],[-1,2],[4,3],[-2,2],[1,1],[-2,0],[-1,3],[3,2],[2,-1],[1,4],[3,-1],[0,2],[1,0],[1,2],[3,1],[1,1],[3,0],[2,1],[0,2],[2,2],[-3,1],[2,1],[1,1],[3,0],[1,1],[1,3],[1,-1],[1,1],[1,1],[3,2],[1,-1],[3,3],[3,-2],[3,3],[3,0],[-1,1],[1,2],[3,-1],[2,1],[2,1],[-1,-3],[3,1],[4,0],[1,0],[1,2],[2,1],[2,-2],[2,1],[2,-3],[2,2],[3,1],[7,4],[1,-1],[1,2],[3,-1],[2,1],[1,0],[-1,-3],[3,1],[2,-2],[0,-2],[2,0],[2,-2],[-1,0],[1,-1],[3,1],[4,5],[3,-1],[2,-1],[1,2],[1,-2],[3,0],[1,2],[1,0],[2,1],[1,-1],[3,0],[1,2],[2,2],[3,0],[4,6],[2,-1],[1,0],[0,2],[5,0],[-1,2],[2,0],[3,5],[1,2],[2,-1],[1,0],[0,2],[1,1],[2,-1],[0,1],[3,0],[2,-1],[0,1],[1,-1],[3,2],[0,-1],[3,0],[2,-1],[2,0],[2,-2],[1,1],[4,0],[0,2],[2,1],[0,1],[-3,2],[0,2],[2,3],[1,0],[-2,3],[-1,3],[0,1],[3,0],[2,0],[4,1],[1,-1],[3,0],[1,-1],[4,-1],[2,0],[3,0],[2,-2],[1,0],[2,-1],[2,0],[3,3],[1,0],[2,1],[-1,1],[5,3],[-2,1],[1,2],[-2,1],[-1,-1],[-2,1],[2,3],[2,-1],[0,2],[2,0],[-2,5],[1,2],[4,3],[4,-1],[0,-1],[3,-1],[3,0],[1,0],[0,1],[3,1],[3,1],[3,-1],[2,1],[2,-1],[2,1],[1,-2],[2,-1],[3,-1],[2,3],[2,1],[2,1],[2,-2],[4,0],[3,1],[2,0],[3,2],[1,3],[-2,2],[-2,3],[1,2],[-1,2],[1,3],[-4,4],[1,1],[-1,2],[-4,1],[-1,1],[-3,0],[-4,1],[-3,3],[-1,0],[0,2],[1,1],[-3,2],[-3,0],[-4,1],[-3,0],[1,2],[4,1],[1,2],[3,2],[3,6],[-1,1],[1,2],[0,3],[1,2],[-1,2],[-3,2],[1,1],[-2,3],[2,1],[-2,1],[3,3],[1,4],[0,1],[-2,4],[-6,1],[-4,1],[-2,1],[1,1],[0,2],[2,2],[0,4],[-1,3],[1,4],[6,1],[2,5],[2,1],[0,3],[1,2],[1,3],[0,3],[6,2],[-1,3],[2,2],[3,-2],[2,-1],[4,0],[1,1],[4,1],[-1,6],[2,1],[2,2],[-2,2],[1,1],[-2,2],[3,1],[2,2],[2,0],[1,3],[4,0],[2,2],[-4,2],[0,1],[-4,0],[-6,0],[-1,1],[-3,3],[-4,0],[-2,2],[-1,0],[-3,2],[-2,2],[-2,2],[-4,0],[-6,2],[-3,2],[-4,0],[-3,-1],[-6,1],[-1,0],[-4,0],[-2,0],[1,3],[2,3],[-1,1],[-2,1],[2,3],[3,2],[2,3],[5,4],[6,3],[4,2],[5,2]],[[5465,8547],[1,1],[8,3],[3,0],[4,0],[3,0],[3,2],[2,1],[5,0],[2,-1],[4,-1],[5,1],[3,1],[8,0],[1,0],[4,2],[4,1],[1,1],[5,3],[4,-2],[5,3],[2,2],[3,1],[7,0],[2,-1],[1,0],[2,1],[5,0],[2,-1],[2,1],[3,-1],[4,0],[2,1],[6,0],[3,-1],[3,1],[3,0],[4,0],[3,-1],[6,1],[2,-2],[3,-1],[0,-1],[5,1],[3,-2],[5,1],[2,-1],[3,0],[2,1],[7,0],[5,1],[2,-1],[4,-1],[2,0],[4,-4],[3,-1],[2,-2],[4,1],[2,2],[1,1],[2,1],[3,0],[2,4],[2,0],[1,-2],[2,-1],[2,0],[2,-1],[0,-4],[2,0],[1,-1],[2,0],[2,-1],[2,1],[0,-3],[-2,0],[2,-3],[0,-3],[2,-1],[2,1],[2,-2],[0,-2],[2,-3],[1,-3],[-2,0],[-1,-2],[3,-2],[0,-4],[-3,-2],[-1,-5],[-2,-1],[3,-2],[-1,-1],[3,-1],[0,-4],[-2,-3],[-1,-2],[-2,-1],[0,-1],[-2,0],[-1,-3],[-2,1],[0,-3],[-2,-1],[1,-2],[-4,-1],[0,-2],[1,-1],[-3,-6],[4,0],[2,2],[1,0],[2,2],[3,-1],[5,0],[3,0],[2,-2],[4,0],[3,0],[2,1],[5,1],[2,1],[4,-1],[0,-3],[2,-3],[0,-3],[3,-4],[0,-1],[2,-1],[3,0],[4,1],[6,0],[6,-2],[2,2],[3,0],[1,1],[4,1],[2,-3],[2,-3],[5,-2],[5,-2],[0,-2],[2,-1],[2,-2],[5,-1],[3,1],[5,-2],[3,-7],[2,-2],[2,0],[2,-2],[4,-1],[4,-3],[3,-2],[2,0],[1,-2],[0,-2],[2,-2],[2,-2],[-3,-1],[1,-3],[-5,-3],[-1,-4],[-1,-1],[1,-1],[-1,-3],[1,-1],[2,-2],[-1,-1],[0,-2],[1,-1],[-1,-5],[-2,0],[1,-1],[-1,-2],[-3,-3],[-4,1],[-1,-4],[0,-3],[1,-4],[3,0],[-3,-2],[0,-2],[1,-1],[-3,-1],[-2,-2],[0,-2],[-2,-1],[-1,1],[-3,0],[-2,-5],[-1,1],[-2,-2],[-1,1],[-1,-2],[1,-1],[-2,0],[-1,-1],[-1,2],[-1,0],[-1,2],[-2,-1],[-1,0],[0,-2],[-2,-1],[1,-2],[-1,-1],[0,-3],[-2,0],[-1,-3],[-4,-1],[2,-2],[2,0],[-1,-3],[-2,0],[-3,-1],[-2,0],[-1,-1],[0,-2],[-2,-1],[0,-1],[-2,2],[-3,0],[0,-2],[2,-2],[-3,-1],[-4,-1],[1,-3],[2,0],[0,-2],[-4,1],[0,-2],[-2,-2],[0,-4],[1,-2],[2,2],[1,0],[2,1],[2,0],[3,-4],[6,-1],[0,-2],[1,-1],[2,-1],[-1,-1],[6,-4],[1,-1],[-2,-2],[1,-1],[-2,-4],[1,-2],[0,-2],[0,-2],[-1,-3],[0,-1],[0,-3],[2,-2],[3,1],[2,-1],[4,2],[1,-1],[3,3],[4,1],[1,2],[2,0],[2,2],[5,1],[2,1],[1,1],[1,0],[6,4],[4,1],[3,-1],[4,0],[4,-4],[3,0],[6,-2],[2,-2],[7,-3],[0,-1],[5,2],[1,1],[3,1],[3,0],[4,0],[2,-3],[3,0],[2,-1],[3,0],[4,-1],[5,-1],[4,2],[1,-1],[3,2],[1,2],[3,1],[7,1],[3,3],[3,2],[4,2],[0,1],[5,0],[3,2],[3,1],[6,1],[5,0],[2,0],[4,0],[0,1]],[[3846,5558],[-6,-2],[-5,0],[-2,1],[-6,1],[-2,-2],[-4,-3],[-4,-2],[-1,-1],[-2,-1],[-3,0],[-5,-1],[-2,-1],[-3,-1],[-1,-2],[-5,-5],[1,-3],[3,-2],[0,-3],[1,-2],[0,-6],[1,-3],[-2,-4],[-1,-5],[1,-5],[1,-2],[-2,-5],[-3,-3],[0,-5],[-3,-2],[-3,0],[-3,2],[-3,-1],[-1,-2],[-4,-1],[-3,-7],[-3,-4],[-1,-1],[-4,1],[-5,-2],[-3,-1],[-3,0],[-5,-3],[-1,-2],[-3,2],[-3,0],[-5,-1],[-2,-2],[-2,-2],[-3,-1],[-2,3],[-1,3],[-1,2],[-4,-1],[0,-5],[0,-1],[0,-3],[-3,-3],[0,-5],[-3,-5],[2,-3],[-5,-2],[2,-3],[-1,-1],[-1,-3],[-2,-3],[-3,0],[3,-3],[2,1],[2,-4],[-1,-2],[-1,-2],[1,-1],[3,0],[0,-2],[-2,-2],[2,-1],[2,-3],[1,-1],[2,-5],[5,-5],[2,-2],[2,-2],[0,-4],[0,-4],[3,-2],[0,-2],[-1,-2],[0,-2],[3,-1],[2,-1],[2,-1],[1,-4],[4,-3],[4,-1],[3,-3],[2,-1],[0,-3],[1,-4],[0,-10],[2,-1],[0,-2],[3,-4],[0,-4],[3,-2],[2,-2],[1,-3],[3,-1],[3,-1],[1,0],[2,0],[6,-3],[2,0],[2,1],[4,-2],[4,-1],[1,-3],[4,-1],[0,-4],[3,-1],[3,-3],[3,0],[2,-2],[0,-4],[1,-3],[0,-4],[-2,-3],[0,-5],[-4,-3],[-1,-1],[-1,-5],[1,-7],[-1,-1],[-1,-1],[1,-3],[-1,-2],[-1,-2],[-2,-2],[0,-4]],[[3800,5263],[-2,-1],[-7,-2],[-1,-3],[-3,-3],[1,-2],[-1,-2],[2,-8],[-2,-3],[-1,-4],[2,-5],[3,-3],[0,-2],[0,-2],[0,-1],[1,-5],[-1,-1],[1,-2],[-1,-1],[0,-4],[0,-1],[1,-2],[-2,-2],[-1,-1],[0,-2],[-1,-1],[0,-3],[-2,-4],[0,-3],[-3,-2],[-2,0],[-2,0],[-2,0],[-6,-2],[-5,1],[-2,-2],[1,-1],[2,-2],[2,-1],[3,-3],[3,-2],[0,-2],[-2,-2],[1,-3],[-4,-3],[-3,-1],[1,-2],[-4,-4],[1,-2],[0,-3],[-5,-3],[-1,-4],[-1,-1],[-3,-2],[-6,-1],[-5,0],[-6,-1],[-4,-1],[-6,0],[-5,-2],[-7,0],[-3,1],[-3,-1],[-3,-1],[-3,-3],[-2,-6],[-5,-5],[-8,-4],[-3,-1],[-5,0],[-4,1],[-2,-4],[-9,-10],[-1,-1],[-3,0],[-3,-1],[-1,-1],[-3,-3],[-2,0],[-6,-3],[-3,-1],[-2,-2],[3,-1],[1,-3],[1,-2],[4,-2],[2,-3],[2,-1],[3,-4],[0,-2],[2,-3],[-2,-5],[-4,-1],[-2,-1],[0,-8],[1,0],[-2,-3],[-1,-2],[1,-2],[-3,-4],[1,-4],[1,-2],[-1,-4],[-2,-2],[-4,-6],[1,-3],[-3,-1],[-2,-3],[-2,-2],[1,-3],[0,-3],[-2,-2],[-5,-1],[1,-2],[-3,-6],[-1,-2],[-3,-1],[-4,-1],[1,-2],[-2,-1],[1,-3],[2,-2],[-2,-3],[-5,-2],[-4,0],[-2,-1],[-3,1],[-7,0],[-4,0],[-2,-1],[0,-3],[-1,-3],[-4,-3],[-3,0],[-5,-3],[2,-1],[4,-3],[3,-4],[3,-1],[4,-3],[-1,-2],[1,-2],[3,-3],[2,-3],[3,-2],[2,-1],[-2,-1],[-10,2],[-2,-2],[0,-5],[-4,-3],[-3,-1],[-4,0],[-1,-1],[-1,-2],[-3,-2],[-1,-1],[2,-2],[-2,-2],[-2,0],[-3,-2],[0,-3],[-1,0],[-4,-1],[-3,1],[-3,-3],[-2,-1],[-5,0],[-2,0],[-1,-2],[-3,-2],[-2,-1],[-1,-1],[-2,0],[-5,-2],[-3,-2],[-5,-5],[-7,-1],[-3,1],[-2,-1],[-2,0],[-1,-1],[-8,-4],[-4,0],[-4,0],[-4,-2],[-2,0],[-1,-2],[-1,0],[-4,0],[-1,2],[-2,1],[-2,0],[-2,-2],[0,-4],[-2,-3],[0,-2],[-1,-2],[0,-2],[-1,-3],[0,-1],[3,-5],[3,-1],[3,-4],[0,-4],[-1,-2],[1,-2],[4,-1],[4,-2],[0,-2],[4,-2],[2,-1],[-1,-3],[2,-3],[0,-2],[-1,-1],[-2,-3],[0,-4],[2,-3],[4,-4],[2,-4],[2,-2],[4,-2],[1,-4],[1,-3],[-1,-1],[1,-1],[3,-2],[2,0],[4,-2],[1,-1],[3,-2],[0,-2],[6,-1],[5,-2],[3,1],[5,-1],[3,-1],[0,-3],[0,-2],[2,-2],[0,-4],[3,-3],[2,-8],[-1,-3],[0,-5],[-1,-2],[0,-5],[-2,-4],[-2,-7],[-2,-2],[-2,-3],[-2,-2],[-4,-7],[-2,-5],[-1,-4],[-4,-4],[-1,-2],[-3,-2],[-4,-5],[-3,-7],[-3,-3],[-2,-1],[-2,1],[-3,0],[-3,1],[-7,1],[-1,-3],[-3,-1],[-4,-4],[-1,-5],[-3,0],[0,-5],[1,-3],[-1,-1],[0,-3],[3,-2],[0,-2],[-3,-2],[-4,-1],[-1,1],[-5,-2],[-2,-1],[1,-6],[-1,-3],[-2,-2],[-6,-1],[-2,-1],[-3,-3],[-2,0],[-3,-3],[-3,-2],[-2,1],[4,5],[0,3],[0,4],[-3,3],[-3,2],[-4,-1],[-4,3],[-1,1],[-5,2],[-4,2],[-3,-1],[-3,-3],[-11,-6],[-3,-3],[-1,-3],[-4,-3],[-1,-2],[-9,-3],[-4,-4],[-7,2],[-3,3],[-2,3],[-6,0],[-3,1],[-6,1],[-5,-1],[-4,1],[-5,1],[-3,0],[-2,4],[-1,1],[-3,-1],[-2,1],[-5,-2],[-1,0],[-4,4],[-5,3],[-3,1],[-4,2],[-1,2],[-2,0],[-4,-2],[-1,0],[-3,-1],[-4,1],[-1,2],[-3,0],[-1,2],[0,3],[-2,1],[1,6],[-2,0],[-2,2],[-10,1],[-2,-1],[-2,1],[-2,-1],[0,-2],[-4,-1],[-1,1],[-5,0],[0,2],[-3,2],[0,4],[-1,1],[-4,1],[-2,3],[0,4],[-1,0],[-1,3],[-2,0],[-2,4],[-2,-2],[-4,1],[-1,3],[1,3],[-2,0],[-2,1],[-4,-2],[-1,1],[-1,4],[1,5],[-3,-1],[-2,2],[-2,0],[-3,3],[-4,0],[-2,1],[-2,0],[0,3],[-5,1],[-4,3],[-1,0],[-4,0],[-2,-1],[-3,1],[-2,-1],[-2,2],[-2,-2],[-2,0],[-2,-2],[-2,0],[-1,2],[-2,0],[-2,1],[-2,0],[-1,-5],[-1,-1],[-2,-4],[0,-1],[-3,-1],[-1,-2],[-3,1],[-4,2],[-2,0],[-2,-3],[-2,-1],[-1,1],[-3,-1],[-1,-1],[-1,3],[-5,0],[-1,0],[-1,-1],[-2,0],[-2,2],[-1,1],[-1,1],[-2,0],[-2,-1],[-1,-2],[-2,-1],[-3,2],[-1,4],[-6,3],[-2,3],[1,2],[-2,1],[-4,-1],[0,-1],[-2,-1],[-6,-5],[-2,2],[-3,0],[-2,2],[-3,1],[-2,2],[0,3],[1,2],[3,2],[-8,7],[-2,2],[1,2],[-1,3],[-2,0],[-1,-1],[-2,2],[-3,1],[1,1],[-4,4],[-3,4],[-4,4],[-3,1],[-3,-1],[-5,-2],[-6,-3],[-3,-1],[-6,0],[-5,0],[-2,-2],[-1,-4],[-1,-2],[-3,-2],[-5,1],[-1,1],[-4,3],[-7,6],[-2,2],[-3,4],[-2,3],[0,5],[2,11],[0,3],[-1,3],[-1,2],[-5,1],[-3,-1],[-8,-3],[-4,-4],[-4,-6],[-1,-2],[2,-9],[-1,-4],[-2,-3],[-3,-1],[-6,-5],[-3,-1],[-4,2],[-3,2],[-4,3],[-4,6],[-4,2],[-4,2],[-4,1],[-4,0],[-6,-3],[-6,-4],[-2,-3],[-1,-5],[-3,-2],[-6,-3],[-1,-2],[2,-2],[0,-2],[-3,-2],[-3,-1],[-4,0],[-8,-1],[-4,-1],[-10,2],[-5,-6],[0,-1],[0,-4],[1,-4],[6,-7],[2,-4],[1,-2],[-1,-3],[-1,-3],[-4,-7],[-5,-10],[-4,-10]],[[2878,4691],[-4,4],[-6,10],[-9,11],[-5,7],[-4,2],[-6,2],[-2,1],[-3,1],[-2,4],[-3,3],[-6,5],[-1,10],[0,6],[1,6],[-1,13],[1,1],[-2,5],[-2,1],[2,12],[1,7],[1,10],[0,3],[2,4],[3,7],[2,1],[9,7],[1,1],[5,1],[1,-1],[4,0],[1,0],[1,-3],[-2,-3],[-3,-4],[0,-2],[-6,-3],[-1,-1],[0,-2],[4,0],[0,-2],[5,1],[1,1],[2,0],[4,3],[3,1],[3,-1],[0,1],[7,4],[2,1],[0,1],[1,2],[1,1],[5,-1],[0,1],[4,1],[4,-2],[3,1],[2,1],[0,2],[3,2],[3,0],[1,4],[-3,2],[-3,0],[-4,2],[-2,0],[-4,2],[-5,1],[-5,-1],[-3,2],[3,1],[2,0],[5,0],[2,-1],[7,3],[3,2],[3,3],[5,9],[2,1],[2,4],[2,1],[6,5],[6,8],[6,7],[2,-1],[0,-1],[-3,-5],[-4,-1],[-2,-4],[2,0],[1,1],[2,1],[5,0],[2,-2],[1,1],[-1,2],[-1,5],[0,1],[1,3],[2,2],[0,3],[-1,1],[4,3],[2,1],[0,1],[2,4],[3,-1],[2,1],[-1,1],[2,1],[0,2],[2,3],[4,1],[-2,1],[-3,0],[-4,-3],[0,-3],[-2,4],[1,2],[2,4],[0,7],[4,18],[0,7],[1,5],[1,5],[2,2],[2,1],[-1,-3],[2,0],[1,2],[4,2],[2,1],[-1,2],[0,3],[-1,1],[-6,0],[-1,2],[0,3],[1,4],[1,7],[1,3],[3,0],[1,2],[-1,2],[1,2],[0,10],[0,12],[0,9],[0,6],[0,5],[0,8],[2,5],[1,1],[0,8],[-3,0],[-2,1],[-1,1],[0,3],[2,2],[1,3],[-1,5],[-1,11],[0,4],[1,2],[3,2],[12,-5],[3,4],[-2,1],[-2,5],[-5,9],[0,1],[2,1],[1,1],[-1,1],[0,-1],[-6,1],[-4,-2],[-1,-1],[-2,0],[-4,1],[-4,-2],[-1,0],[-3,-1],[1,3],[-1,2],[1,2],[4,2],[2,1],[5,4],[0,1],[-7,4],[-2,-1],[-3,2],[-1,2],[-3,14],[-5,17],[0,4],[3,3],[2,1],[-1,4],[-5,3],[0,1],[1,3],[1,3],[-1,3],[-2,9],[-4,6],[-1,3],[-3,4],[3,-1],[3,-1],[0,2],[-1,0],[0,2],[-4,4],[-1,8],[1,4],[-2,23],[-1,3],[0,8],[0,4],[-1,12],[-1,6],[1,5],[-1,4],[-1,7],[-4,1],[0,1],[2,0],[2,3],[-1,6],[-1,9],[0,3],[1,3],[-2,3],[-3,-1],[-1,2],[-2,5],[1,12],[2,7],[1,16],[0,11],[-1,8],[2,3],[-1,8],[2,3],[-1,3],[-2,14],[-4,2],[-2,0],[-1,2],[0,4],[1,2],[3,2],[-1,6],[-3,2],[-1,5],[-2,7],[-1,9],[-3,7],[1,4],[1,1],[4,-3],[-1,-2],[1,0],[4,1],[2,-2],[2,-3],[3,-3],[-4,8],[1,1],[5,1],[2,0],[0,1],[-2,0],[-6,-1],[-1,0],[0,3],[-1,3],[4,0],[3,0],[2,2],[-2,-1],[-3,0],[-2,3],[3,5],[0,4],[0,1],[-7,-2],[-3,1],[0,4],[3,1],[-3,1],[-2,1],[-2,-2],[-2,-1],[-5,-3],[1,0],[0,-4],[-3,-1],[-3,1],[-1,2],[0,10],[0,1],[2,1],[-2,1],[-1,2],[1,1],[-3,3],[-2,0],[-1,2],[-3,1],[-8,6],[-1,-1],[-3,0],[-2,1],[-1,0],[0,-2],[-1,0],[-1,2],[-3,0],[-1,-3],[-3,1],[-6,-4],[0,-2],[-1,-1],[-2,-3],[-1,3],[-4,3],[-3,0],[-1,1],[-3,1],[-4,0],[-6,-2],[-5,2],[-5,-1],[0,4],[3,1],[1,2],[1,2],[3,1],[2,2],[2,4],[0,2],[4,2],[0,2],[3,2],[1,2],[2,1],[-1,4],[-1,2],[0,3],[2,2],[0,2],[1,2],[-1,1],[1,4],[-2,3],[4,1],[0,3],[-1,5],[2,1],[0,1],[2,2],[1,2],[0,2],[1,0],[0,2],[4,3],[3,-1],[0,-3],[3,-2],[1,1],[3,-2],[3,0],[7,1],[6,2],[7,4],[4,4],[3,2],[0,2],[2,0],[1,2],[5,0],[2,2],[2,0],[5,1],[0,-2],[4,0],[2,0],[4,2],[2,-3],[1,-1],[-1,-1],[2,-2],[2,-3],[2,-1],[5,-2],[4,0],[5,1],[7,3],[5,3],[1,2],[3,1],[2,4],[2,5],[-2,2],[2,2],[0,2],[4,-1],[1,2],[1,0],[1,4],[1,1],[-1,4],[2,-1],[1,-2],[4,1],[4,2],[1,1],[2,3],[3,3],[4,5],[2,2],[4,8],[2,-2],[1,2],[3,2],[2,3],[2,4],[3,5],[0,1],[1,7],[0,8],[-2,7],[0,4],[2,2],[2,-1],[0,-3],[3,-6],[3,1],[-3,2],[1,2],[2,0],[1,3],[-2,2],[2,0],[0,2],[-2,0],[-1,2],[-1,3],[3,3],[-3,2],[-1,1],[-1,0],[3,-3],[-3,-4],[-1,-3],[-4,4],[-1,5],[-4,6],[-2,2],[-1,-1],[-2,3],[2,1],[-1,2],[0,-2],[-3,1],[0,6],[-2,4],[1,1],[2,-1],[-2,2],[-6,-1],[-2,-2],[0,4],[0,2],[-1,1],[0,2],[-3,-1],[0,4],[1,2],[-1,1],[-2,0],[3,3],[-3,2],[-2,-1],[-1,-2],[-3,1],[1,1],[2,2],[-1,3],[0,4],[-3,4],[-1,4],[-1,2],[1,2],[2,0],[0,2],[0,2],[-1,3],[-3,3],[-1,2],[-1,2],[-3,0],[-1,2],[2,0],[0,3],[-2,4],[-1,0],[0,2],[-2,2],[1,2],[-2,1],[0,2],[-1,0],[0,4],[-1,3],[-1,3],[-1,1],[1,1],[-1,5],[-3,3],[-2,1],[-2,4],[-3,1],[1,4],[1,1],[-1,2],[1,1],[-1,3],[0,2],[-1,2],[-3,2],[-2,0],[-2,2],[1,4],[-2,2],[-1,0],[0,-4],[0,-1],[2,-2],[0,-2],[3,-8],[0,-12],[1,-3],[0,-2],[-4,2],[-2,-1],[2,3],[-3,3],[0,1],[-3,3],[2,-1],[1,3],[-3,1],[-1,1],[1,1],[-3,4],[0,1],[2,0],[-1,2],[-1,0],[0,3],[-6,6],[-8,7],[-6,5],[-4,2],[-5,4],[-5,4],[-3,3],[-3,2],[-1,2],[1,1],[-4,5],[-2,2],[-2,-1],[-1,3],[-1,1],[0,2],[-3,2],[-2,0],[0,2],[-2,1],[1,2],[0,2],[-3,0],[-2,1],[1,2],[-2,1],[-1,2],[1,0],[-1,3],[-2,0],[-2,4],[1,1],[-2,3],[-1,5],[-3,1],[-1,-1],[0,3],[-1,2],[2,2],[-1,3],[2,2],[0,4],[3,4],[1,9],[3,7],[0,5],[-1,4],[1,0],[0,3],[1,3],[-2,2],[1,2],[-1,6],[-2,2],[2,2],[1,-2],[0,-3],[1,-1],[2,-1],[0,-1],[2,-2],[-1,-1],[2,-1],[-1,-2],[2,-1],[3,-1],[4,0],[1,-1],[5,1],[1,1],[3,-2],[-1,0],[3,-3],[1,-3],[2,-4],[2,-3],[4,-5],[5,-6],[1,1],[6,1],[2,3],[-1,1],[1,5],[-1,3],[-3,0],[5,5],[7,7],[2,3],[-1,3],[-2,2],[1,2],[1,2],[-1,2],[2,5],[1,5],[1,8],[-1,3],[3,2],[3,5],[0,6],[-3,3],[-2,2],[-2,2],[-4,0],[0,-2],[-4,0],[1,1],[-2,0],[-1,4],[-5,4],[-1,0],[-2,-3],[-1,1],[-1,2],[-2,0],[2,2],[0,3],[4,2],[3,-2],[4,0],[3,-2],[3,1],[3,3],[-1,2],[3,-1],[0,-1],[2,-1],[0,-2],[1,-1],[4,1],[5,3],[3,3],[-4,3],[1,2],[-1,1],[-1,-1],[-2,2],[1,1],[-2,2],[-1,2],[-2,0],[0,2],[-3,0],[0,2],[2,2],[4,-2],[2,2],[2,6],[-1,2],[-1,2],[1,1],[0,3],[1,1],[4,0],[1,0],[2,5],[-1,3],[-3,2],[0,1],[-2,2],[0,4],[1,2],[2,-1],[2,2],[2,1],[2,3],[0,2],[2,0],[2,1],[2,5],[-1,1],[2,3],[-1,1],[1,3],[2,2],[0,3],[2,3],[3,1],[0,3],[-4,9],[-3,0],[0,2],[-3,4],[-1,0],[-1,1],[-2,1],[-4,2],[-2,-1],[-1,-1],[-4,3],[-1,-2],[-3,1],[-2,2],[-2,2],[-1,2],[3,0],[1,3],[-1,2],[-2,0],[0,1],[-1,1],[-4,3],[-6,3],[-2,2],[-4,1],[1,1],[0,2],[-3,1],[3,1],[0,4],[-1,1],[-2,1],[-2,1],[1,3],[-2,0],[3,2],[4,0],[1,3],[-2,5],[-2,0],[-3,0],[0,3],[1,2],[3,0],[0,3],[-3,3],[-2,2],[-4,1],[-3,1],[-2,-2],[-3,0],[0,-2],[-1,0],[-2,2],[1,4],[-3,1],[0,1],[-3,2],[-8,2],[-7,0],[-6,-1],[-3,0],[1,-1],[-6,-1],[-4,-2],[-7,-3],[-5,-2],[-1,-2],[0,-4],[0,-2],[-2,-2],[-1,-3],[0,-2],[-1,0],[1,-2],[2,-1],[3,0],[-2,-1],[1,-2],[-6,3],[-2,0],[-1,2],[-3,0],[-3,-2],[2,-3],[-3,-1],[0,4],[-2,2],[-2,0],[-1,-2],[-1,0],[3,4],[-2,1],[-1,3],[1,0],[1,2],[-2,1],[1,2],[-2,4],[-2,0],[3,1],[0,2],[2,2],[2,-1],[-2,2],[0,1],[-2,3],[0,3],[-1,1],[0,2],[-2,1],[-1,1],[-3,4],[1,4],[-2,3],[0,2],[-1,0],[1,2],[-1,1],[-1,2],[-1,1],[-3,1],[1,0],[-3,2],[1,2],[-2,1],[-1,1],[1,1],[0,2],[1,1],[-1,1],[-2,0],[0,2],[-2,2],[0,2],[2,0],[-1,4],[-2,3],[-3,1],[-1,0],[-1,3],[-2,0],[-1,2],[0,2],[-1,1],[-2,1],[0,2],[-4,4],[-3,0],[-1,-1],[-2,4],[-1,1],[-1,1],[-6,4],[-2,1],[-1,1],[-6,3],[-2,2],[-2,0],[-6,1],[-1,0],[-5,2],[0,1],[-3,-1],[-1,-2],[-2,3],[-1,4],[-1,2],[-2,1],[2,0],[-2,2],[-6,1],[-6,-2],[-1,-1],[0,-1],[0,-4],[-1,-2],[0,-3],[-1,0],[0,-2],[-1,0],[-1,-3],[1,-1],[0,-2],[-1,-2],[-3,0],[-1,1],[0,2],[-2,1],[-2,0],[1,3],[-1,4],[-2,1],[1,1],[0,4],[-1,1],[-1,4],[-3,3],[0,3],[2,3],[-1,2],[2,0],[-1,2],[2,4],[-1,0],[2,4],[2,1],[0,-1],[3,1],[1,4],[-2,2],[1,1],[-2,3],[1,1],[1,1],[0,2],[-2,0],[3,1],[2,0],[2,1],[2,3],[3,0],[2,4],[3,1],[-1,-2],[1,-2],[3,0],[3,2],[4,3],[1,3],[2,2],[-1,1],[0,4],[-1,4],[-2,6],[-3,7],[-6,6],[1,2],[-3,0],[-2,3],[1,3],[-2,2],[-5,0],[-1,1],[-16,14],[-7,5],[-11,7],[-2,2],[0,2],[-2,2],[-4,0],[-7,6],[-8,8],[0,2],[-3,4],[-2,1],[1,0],[0,2],[-3,3],[-4,3],[-2,1],[0,2],[-1,-2],[-3,2],[-3,1],[-2,-1],[-1,-1],[-1,2],[-2,-3],[-1,1],[1,1],[-4,1],[-1,1],[0,-2],[-3,2],[-1,3],[-1,-1],[0,2],[-2,1],[2,1],[-1,1],[-4,1],[0,2],[1,0],[-2,4],[1,1],[-3,1],[0,2],[-3,1],[-5,-1],[-1,-2],[-2,1],[3,1],[-1,1],[2,1],[-2,1],[1,2],[-3,2],[-2,-1],[-1,-1],[-2,2],[-2,0],[2,1],[-2,1],[2,2],[-2,2],[-5,0],[-1,2],[2,2],[-2,0],[0,-1],[-2,0],[-2,2],[-1,1],[0,1],[61,138],[5,1],[0,-1],[3,0],[3,-1],[1,1],[2,-1],[1,1],[3,0],[2,-2],[4,3],[1,0],[3,2],[3,-1],[4,0],[1,1],[0,2],[5,2],[4,4],[3,4],[1,0],[3,2],[1,3],[5,3],[1,2],[3,0],[-2,6],[0,2],[-2,1],[-3,3],[0,4],[-3,2],[-1,2],[-1,4],[-1,0],[-1,2],[-1,3],[-2,4],[-4,2],[-1,1],[0,4],[-2,2],[0,2],[-1,2],[1,3],[-1,1],[0,2],[1,2],[-4,2],[-3,0],[0,4],[-1,1],[1,3],[1,3],[2,2],[0,5],[0,2],[-1,2],[-2,2],[0,2],[1,2],[0,2],[1,0],[0,2],[-1,2],[0,2],[2,1],[-1,3],[1,1],[0,1],[3,2],[1,2],[3,0],[3,1],[-1,3],[0,2],[5,0],[2,-1],[2,0],[3,-1],[3,1],[6,-1],[0,-1],[3,-1],[1,-3],[3,1],[0,-2],[2,-1],[2,2],[1,-2],[3,-1],[0,-3],[2,-3],[4,-1],[1,-1],[3,-1],[3,-1],[3,-3],[3,-2],[2,-2],[-1,-1],[0,-7],[3,-3],[-1,0],[2,-3],[1,-3],[0,-4],[5,-4],[-1,-3],[1,-3],[1,0],[3,-5],[0,-3],[2,-3],[2,0],[3,-5],[3,-3],[-1,-6],[0,-1],[2,-1],[1,-3],[1,-1],[3,0],[1,-2],[4,0],[0,-2],[2,-1],[0,-5],[2,-2],[2,-2],[3,-1],[2,1],[3,-2],[1,0],[2,-2],[4,0],[0,3],[3,3],[1,1],[2,0],[3,2],[0,2],[3,5],[4,2],[0,1],[3,1],[1,2],[0,2],[3,2],[0,3],[2,0],[-2,4],[2,3],[2,1],[2,1],[2,0],[2,-1],[4,-1],[1,-2],[3,1],[3,-1],[2,0],[3,1],[1,5],[-2,0],[-1,3],[1,2],[1,1],[0,3],[2,3],[2,3],[2,4],[1,2],[2,1],[1,2],[2,3],[2,0],[0,4],[2,1],[0,4],[-3,5],[2,3],[7,0],[3,1],[4,-1],[2,1],[-1,2],[1,2],[2,1],[0,2],[3,10],[5,3],[1,-1],[1,3],[4,1],[1,3],[0,2],[0,3],[-1,3],[3,2],[0,1],[2,1],[3,-1],[2,0],[0,1],[3,0],[0,2],[2,1],[-1,1],[1,4],[1,1],[-1,3],[1,2],[0,1],[2,2],[1,3],[3,0],[3,-1],[1,1],[3,1],[-2,4],[3,1],[3,0],[1,-1],[2,-1],[4,0],[3,0],[3,-2],[4,-1],[3,3],[0,2],[-2,2],[3,1],[0,1],[1,1],[-1,3],[-1,1],[-1,2],[-2,1],[0,2],[-3,1],[1,2],[-2,3],[-2,-1],[-2,2],[-2,7],[2,1],[-2,2],[-3,0],[-1,2],[-2,0],[2,1],[1,2],[4,0],[2,2],[0,1],[1,2],[3,-1],[2,2],[-1,3],[3,0],[2,3],[1,1],[1,1],[-2,2],[1,2],[-1,2],[2,2],[1,2],[2,0],[3,4],[3,0],[1,1],[-2,3],[0,3],[4,1],[2,1],[3,-1],[2,1],[1,1],[1,0],[5,3],[2,3],[4,-2],[6,1],[3,-1],[4,4],[5,1],[4,2],[2,0],[9,-1],[2,1],[2,0],[2,0],[2,0],[4,-2],[5,0],[2,2],[1,1],[2,0],[3,-1],[5,0],[1,1],[3,0],[7,-3],[3,0],[1,2],[3,1],[2,3],[5,3],[-1,1],[-3,1],[-1,1],[-3,-1],[0,4],[-2,2],[-1,2],[-2,2],[-3,1],[3,1],[2,2],[2,0],[1,2],[4,3],[0,1],[-1,2],[-3,2],[-4,1],[-4,2],[-2,3],[-5,0],[-1,2],[-5,4],[-1,0],[-4,5],[-2,0],[-2,3],[-1,1],[1,3],[-2,1],[-2,2],[-5,-2],[-2,0],[-1,2],[3,2],[3,2],[0,3],[-1,2],[-2,1],[1,1],[-2,3],[0,2],[2,1],[0,2],[1,3],[-2,1],[1,2],[5,2],[0,3],[1,5],[-1,3],[-2,1],[-2,3],[0,3],[-1,3],[-2,2],[-1,0],[-1,3],[0,3],[-1,2],[2,3],[2,-1],[1,1],[0,2],[-4,3],[-4,1],[-5,3],[-4,0],[0,3],[-3,2],[1,0],[2,2],[2,0],[1,9],[-2,3],[-1,4],[-3,0],[-3,2],[1,3],[-1,2],[2,1],[-2,5],[-3,0],[-2,-1],[-3,2],[-1,1],[-4,1],[0,5],[-3,4],[-2,1],[-1,5],[0,3],[3,0],[0,1],[-1,3],[-2,2],[-3,0],[0,3],[-2,1],[-2,1],[0,4],[1,1],[-1,2],[-2,0],[-2,1],[-2,-2],[0,-2],[-2,-1],[0,-2],[-5,2],[-4,0],[-1,-1],[-5,1],[1,4],[-3,1],[-2,2],[0,2],[-6,4],[-1,3],[-1,2],[-1,3],[-1,2],[0,4],[1,2],[1,3],[2,2],[-1,2],[1,3],[0,2],[2,3],[-1,3],[-2,2],[-4,2],[-1,1],[-1,5],[-1,1],[2,3],[2,4],[-3,5],[0,2],[-3,2],[-3,2],[-4,3],[-2,5],[-2,2],[-4,4],[0,4],[-2,2],[-2,3],[-2,2],[1,2],[-2,1],[-1,2],[-4,3],[1,2],[1,2],[0,1],[-2,1],[-5,0],[-1,1],[-3,0],[-5,-1],[-1,-1],[-6,-2],[-2,-1],[-6,1],[-1,2],[2,3],[-1,2],[0,3],[-1,1],[1,2],[-1,2],[0,1],[-5,5],[1,1],[6,2],[4,5],[1,4],[0,5],[1,1],[-2,1],[1,3],[-1,5],[2,4],[1,0],[5,-3],[2,1],[1,2],[3,1],[1,1],[3,0],[2,-1],[-1,2],[0,4],[-2,3],[-3,2],[1,2],[2,0],[2,0],[5,-2],[3,1],[2,-1],[2,0],[2,1],[-2,1],[0,4],[-3,2],[-2,3],[0,1],[-2,1],[0,4],[3,1],[-2,4],[0,2],[-2,3],[-2,2],[0,5],[1,1],[4,2],[3,0],[3,1],[1,-2],[2,0],[2,-3],[3,1],[2,-2],[1,0],[3,-2],[5,2],[-2,2],[0,3],[-2,1],[0,5],[1,3],[3,1],[0,2],[-2,0],[-2,3],[1,0],[0,-1],[4,-1],[1,2],[2,0],[1,-2],[-2,-1],[0,-4],[-2,-2],[-2,1],[0,-2],[1,-2],[3,2],[3,0],[1,-2],[5,-4],[1,-2],[-1,-2],[0,-4],[3,-3],[0,-3],[1,1],[2,-1],[4,-2],[1,0],[3,1],[0,-1],[-2,-2],[3,-2],[1,-5],[1,-2],[6,-2],[2,-2],[-1,-1],[2,-3],[3,0],[1,-1],[2,-1],[2,-3],[1,-3],[2,0],[0,2],[2,0],[0,-2],[1,0],[1,-2],[-1,-3],[3,-1],[2,-2],[1,-2],[1,-4],[-1,-2],[1,-1],[-1,-2],[1,-2],[3,-1],[-1,-2],[3,-2],[-2,-2],[2,-3],[-3,-1],[0,-2],[-2,-1],[1,-2],[2,-3],[5,-2],[7,-4],[1,-1],[-1,-2],[2,-2],[0,-5],[2,-1],[7,-3],[10,-6],[11,-5],[11,-5],[3,-1],[9,-2],[4,1],[1,2],[1,-2],[-1,-2],[2,-2],[3,-2],[1,-2],[4,0],[0,-1],[3,-1],[5,-1],[2,0],[1,-2],[2,0],[1,-1],[1,-4],[-1,-1],[1,-2],[1,-2],[2,0],[1,-3],[2,-1],[2,0],[1,-3],[2,-2],[-2,1],[-3,-3],[0,-2],[3,-3],[3,-1],[1,-4],[4,-3],[2,0],[3,-3],[0,-3],[5,-7],[7,-2],[1,-3],[-2,-1],[0,-2],[4,-3],[-2,-1],[0,-2],[3,-2],[4,-2],[0,-3],[6,-3],[1,-2],[1,-1],[0,-2],[2,0],[1,-2],[3,-1],[-2,-2],[3,-2],[0,-1],[2,-3],[-1,-1],[3,-2],[3,-1],[9,-1],[6,1],[7,1],[5,0],[2,0],[6,1]],[[4053,7739],[0,-1],[-4,-2],[1,0],[0,-4],[2,-1],[0,-1],[-1,-13],[4,0],[3,-3],[1,-1],[2,-1],[1,-4],[2,-1],[1,0],[1,-3],[7,-4],[1,3],[6,6],[0,1],[5,0],[3,1],[2,-3],[0,-2],[3,-2],[3,-1],[1,3],[3,0],[3,0],[1,-3],[4,-4],[3,-2],[0,-3],[2,0],[3,-3],[1,1],[4,-2],[1,-4],[-1,-1],[3,-2],[0,-1],[2,-3],[3,-2],[-2,-3],[-2,0],[-3,3],[-1,-1],[-2,0],[-1,-2],[0,-2],[-2,-3],[-2,-4],[8,-1],[2,1],[4,-1],[3,-3],[4,0],[1,1],[5,2],[2,0],[6,-4],[0,-2],[1,-2],[2,0],[3,-3],[3,-1],[1,2],[3,-2],[1,1],[9,1],[3,1],[3,0],[-1,-1],[3,-2],[1,1],[0,3],[3,1],[-1,1],[0,3],[3,3],[1,2],[2,2],[1,0],[1,-2],[-2,-1],[-1,-3],[2,1],[2,0],[-1,-1],[3,-1],[-2,-1],[-2,-3],[-2,-4],[1,-1],[1,2],[5,-1],[2,-2],[3,-1],[1,-3],[2,-1],[2,1],[1,-2],[2,0],[4,-3],[4,-2],[-1,-3],[1,0],[-1,-4],[-2,0],[-1,-4],[-1,-2],[0,-5],[2,-1],[0,-2],[-1,-2],[3,-1],[0,-1],[-1,-2],[1,-1],[0,-3],[2,0],[1,-2],[0,-1],[-2,-1],[0,-2],[-1,-3],[-2,-1],[-3,0],[0,-4],[2,0],[2,0],[1,-1],[1,0],[2,-4],[5,-2],[-1,-3],[3,1],[6,-1],[2,1],[0,3],[1,1],[2,1],[1,-2],[3,2],[2,-3],[2,0],[2,3],[2,-3],[5,3],[3,3],[4,2],[1,1],[3,-3],[5,-4],[0,-2],[-2,-1],[-1,-2],[3,-2],[6,2],[3,0],[1,-2],[1,1],[5,-1],[0,-4],[6,-3],[3,1],[1,0],[1,2],[3,1],[4,0],[0,-3],[5,-6],[2,1],[5,0],[-1,-4],[0,-2],[4,-2],[-2,-3],[-2,-1],[3,-2],[-2,-2],[5,1],[4,3],[2,0],[0,-2],[-1,-3],[-2,-2],[4,-2],[3,0],[0,1],[4,-4],[1,-1],[5,1],[1,1],[3,-1],[4,-1],[3,-1],[4,0],[1,1],[3,-1],[2,-1],[1,1],[3,-2],[4,2],[1,0],[3,1],[3,-2],[0,-2],[2,-1],[1,-3],[2,-1],[0,-3],[2,-1],[1,-3],[-1,-1],[-2,-4],[3,-1],[-1,-3],[0,-3],[1,0],[0,-5],[3,0],[-3,-5],[5,-2],[-1,-1],[7,-5],[0,-1],[3,-1],[0,-1],[0,-2],[1,-3],[-2,-6],[5,0],[3,-2],[2,-3],[4,-3],[7,-4],[1,-1],[-8,0],[-3,-9],[-5,4],[-2,3],[-4,2],[-2,-5],[7,-3],[-4,-9],[-1,2],[-3,1],[-3,0],[-2,1],[0,-1],[-2,-2],[-2,1],[-4,0],[-5,-2],[-1,-2],[-3,-2],[-1,-4],[-4,-3],[-3,-1],[-3,-4],[1,-1],[-3,-1],[-2,2],[-2,3],[-1,-1],[-3,3],[-2,1],[-2,-1],[-2,0],[-1,3],[0,2],[-2,5],[-2,1],[-1,-2],[-2,-4],[-3,0],[-1,2],[-2,-2],[1,-2],[-3,-2],[-2,0],[4,-4],[-6,-10],[-4,-4],[2,-2],[-1,-2],[-3,-1],[-3,2],[-5,0],[-2,-1],[-2,2],[-6,2],[-2,-5],[-1,-2],[-4,-1],[-6,0],[2,-5],[-4,-1],[-1,-1],[-2,-3],[-4,-2],[-3,-1],[-2,-1],[1,-6],[1,-1],[0,-2],[1,0],[0,-2],[-1,-5],[1,0],[-1,-3],[4,-4],[7,-3],[6,-2],[2,-2],[3,-1],[-2,-3],[1,0],[3,-1],[0,-4],[6,-1],[0,-5],[-5,-1],[2,-5],[0,-2],[-3,0],[2,-1],[0,-3],[-3,-1],[-1,-1],[-1,-4],[-2,1],[1,2],[-1,0],[-2,-3],[0,-1],[5,-1],[-1,-4],[-2,1],[0,-3],[3,-3],[-4,-1],[-1,3],[-4,1],[-2,-4],[3,-2],[-3,-6],[-1,0],[-4,1],[0,-1],[3,-1],[-1,-4],[2,0],[2,-7],[4,0],[-1,-5],[1,-1],[4,-1],[-1,-5],[2,-4],[1,-2],[4,-7],[0,-2],[4,-4],[1,-3],[3,-5],[0,-8],[-2,-2],[-1,-4],[-2,-2],[-2,0],[0,-3],[-1,-2],[4,-2],[1,-1],[-1,-3],[-2,-2],[2,-1],[-2,-1],[6,1],[2,0],[1,-5],[5,-2],[-1,-2],[2,-2],[-2,-2],[-3,-3],[-2,-4],[6,-3],[5,2],[3,-1],[4,1],[2,-1],[2,-1],[2,-1],[0,-2],[3,-1],[5,-1],[5,1],[5,-1],[2,-1],[1,1],[4,0],[4,-2],[0,-4],[-4,-2],[0,-1],[6,-1],[1,-1],[0,2],[5,5],[3,1],[0,2],[2,0],[2,-7],[4,-4],[1,-3],[3,-5],[3,-2],[3,-3],[-4,-4],[-4,-1],[-3,-1],[-1,-4],[1,-2],[2,-1],[3,0],[4,0],[-1,-2],[1,-5],[5,-3],[2,-4],[2,2],[4,0],[5,5],[-1,1],[4,3],[1,0],[3,1],[1,1],[0,8],[5,0],[3,-2],[6,0],[0,1],[-2,2],[3,4],[1,1],[2,4],[0,1],[-3,2],[0,2],[5,5],[28,-1],[16,-8],[3,3],[1,5],[3,-2],[2,2],[1,0],[0,-3],[1,-1],[3,-1],[2,1],[2,3],[0,2],[2,1],[-2,11],[1,1],[0,4],[6,-1],[3,3],[9,5],[-1,2],[0,3],[2,2],[2,0],[2,-3],[1,-3],[3,-2],[17,-2],[28,-3],[0,-9],[-1,-17],[18,0],[1,0],[-1,-3],[2,-2],[2,0],[1,-2],[2,-3],[3,0],[2,-1],[0,-1],[-2,0],[2,-4],[0,-1],[4,-6],[0,-3],[2,-3],[2,-1],[9,-3],[-1,-1],[3,-4],[2,-1],[3,0],[-1,3],[6,2],[1,-1],[-2,-3],[2,-1],[6,3],[2,-3],[1,0],[6,1],[5,0],[3,-4],[-1,-1],[1,-5],[-4,-2],[-2,-1],[0,3],[-2,1],[-2,0],[0,-2],[-3,-2],[-3,-3],[1,-2],[5,-3],[1,1],[4,-2],[1,-4],[4,0],[2,-2],[1,-2],[0,-2],[3,-1],[-1,-1],[-2,-4],[1,-2],[6,1],[0,-3],[-6,-3],[2,-3],[-3,0],[0,-4],[1,-2],[2,0],[0,-6],[3,1],[0,-2],[1,1],[6,-2]],[[3574,7434],[-1,7],[-1,1],[3,2],[7,2],[6,2],[9,3],[10,2],[11,4],[6,3],[5,3],[3,3],[1,2],[2,4],[2,7],[-2,2],[14,6],[2,2],[3,2],[6,4],[0,1],[14,8],[1,2],[-1,2],[1,2],[-1,1],[1,1],[-1,1],[2,5],[0,1],[1,3],[-2,4],[3,1],[0,2],[2,3],[1,3],[1,1],[1,3],[7,4],[6,3],[1,2],[1,2],[3,1],[6,4],[2,2],[0,1],[5,3],[4,3],[0,1],[7,6],[2,2],[0,3],[-1,1],[3,2],[1,3],[-1,1],[0,3],[2,3],[2,4],[-2,1],[2,3],[-1,3],[2,4],[-2,3],[-1,1],[4,6],[1,4],[-1,1],[-2,1],[1,3],[4,4],[1,4],[-1,1],[0,4],[2,2],[10,2],[10,4],[9,5],[4,2],[6,5],[2,2],[3,4],[0,5],[-2,4],[-3,2],[-2,0],[1,3],[0,2],[1,2],[6,3],[4,5],[1,2],[3,1],[2,3],[0,2],[2,1],[15,3],[10,2],[7,2],[11,3],[16,7],[11,5],[5,4],[6,5],[2,3],[1,5],[-1,3],[-3,4],[-2,0],[1,-2],[-3,2],[2,-3],[1,-1],[-2,0],[3,-3],[-2,0],[-2,2],[-2,4],[3,2],[1,3],[8,5],[1,4],[2,1],[11,2],[7,1],[3,-2],[0,-2],[3,-3],[8,-4],[8,-2],[2,-1],[7,0],[11,1],[7,1],[-1,-2],[1,-1],[2,0],[0,2],[3,0],[3,1],[-1,1],[6,1],[2,-1],[0,-2],[4,-2],[1,1],[2,3],[-1,1],[4,1],[1,-1],[8,1],[3,-2],[1,-2],[1,-4],[0,-4],[-1,0],[0,2],[-3,-2],[-4,2],[-2,0],[0,1],[-5,1],[-2,-1],[-5,0],[-2,-1],[-5,-4],[2,-1],[-3,0],[2,-1],[-1,-2],[-2,-1],[3,-1],[-1,-1],[3,1],[3,-2],[2,3],[2,0],[2,-1],[3,0],[3,1],[1,2],[1,0],[0,-1],[2,-3],[1,1],[4,-1],[0,-1],[3,0],[4,0],[2,1],[2,1],[1,2],[-2,2],[2,0],[1,-2],[2,0],[7,3],[2,1],[2,3],[3,1],[3,2],[1,2],[4,-2],[3,1],[2,1],[2,-1],[3,-3],[3,-1],[4,0],[1,1],[6,-1],[2,-1]],[[5832,5087],[-1,-1],[-26,-147],[-22,-123],[-8,-26],[-2,0],[0,3],[-1,0],[-3,-1],[-2,1],[0,1],[3,1],[-1,2],[-1,1],[-1,0],[0,-3],[-1,0],[-2,2],[-2,3],[-2,0],[-7,4],[0,3],[-1,2],[-2,1],[-2,-3],[-1,1],[-2,4],[-1,1],[-1,1],[-2,1],[-1,-1],[-2,1],[-1,4],[-4,1],[-3,4],[-3,1],[-3,-1],[-1,1],[-4,1],[-2,3],[-4,0],[-3,1],[-1,2],[-7,0],[-7,1],[-4,3],[-2,-2],[-2,0],[-4,1],[-6,3],[-5,1],[-4,-1],[-8,2],[-4,1],[-4,0],[-4,2],[-3,2],[-2,0],[-4,2],[-1,1],[-6,2],[-3,1],[-12,-1],[-3,0],[-3,-1],[-4,1],[-3,-1],[-1,0],[-3,-2],[-3,1],[-4,-1],[-5,-1],[-3,-3],[-2,-1],[-5,1],[-2,-3],[-1,-1],[-2,-1],[0,-2],[-2,-1],[-4,-2],[-6,-1],[-1,-2],[-2,0],[-2,-3],[-6,-1],[-3,2],[-4,1],[-1,2],[-3,1],[-4,0],[-2,-2],[-4,2],[-2,0],[-2,2],[-2,0],[-3,1],[-3,0],[-3,1],[-4,1],[-2,2],[-3,1],[-1,1],[-4,1],[0,1],[-3,0],[0,3],[-2,2],[-1,2],[2,1],[1,3],[1,1],[-1,3],[-2,1],[-1,4],[1,4],[-2,4],[-6,5],[-1,2],[-3,3],[-1,2],[1,2],[0,4],[-1,3],[-3,2],[0,2],[2,2],[-1,2],[1,3],[1,4],[-2,2],[-4,4],[-4,2],[-2,3],[0,3],[-2,2],[-4,3],[-2,1],[0,2],[0,2],[2,0],[-1,3],[0,2],[2,3],[0,2],[1,4],[2,2],[5,3],[5,0],[2,2],[0,2],[-1,3],[1,5],[3,4],[3,1],[-3,3],[-4,5],[-1,2],[-1,1],[-5,0],[-4,0],[-6,2],[-3,4],[-5,0],[-1,2],[-4,2],[-3,-2],[-3,0],[-3,-4],[-3,-2],[-7,-2],[-7,1],[-3,-2],[-4,-3],[-2,-2],[-8,-2],[-2,-2],[0,-2],[2,-2],[-3,-2],[-3,1],[-5,0],[-5,-1],[-3,-1],[-5,-7],[-2,1],[-2,-1],[-2,-4],[-2,-4],[-3,-1],[0,-2],[3,-1],[0,-4],[0,-2],[-3,-6],[-5,-3],[-4,2],[-3,2],[-1,-2],[-2,-1],[-1,-2],[-1,-2],[-3,0],[-1,1],[-6,-1],[-3,-1],[-2,-2],[-4,-2],[-2,-2],[-1,-1],[-2,-3],[-2,-2],[-3,-3],[-3,-8],[0,-4],[2,-3],[2,0],[2,-6],[1,0],[5,-2],[1,-2],[-3,-5],[1,-3],[2,-1],[-1,-5],[1,-1],[2,-4],[2,-1],[0,-3],[1,-2],[1,-5],[0,-1],[0,-4],[-1,-4],[1,-5],[6,-1],[2,-2],[5,-8],[7,-5],[5,-2],[1,-1],[-3,-2],[-2,-2],[-2,-4],[-2,-3],[-2,-6],[1,-2],[3,-2],[0,-4],[0,-1],[0,-4],[2,-2],[1,-4],[5,-2],[-2,-1],[-1,-2],[-4,-1],[-6,2],[-5,-1],[-5,1],[-8,3],[-4,0],[-2,-1],[-3,-1],[-3,1],[-2,3],[-3,-2],[-1,-3],[0,-2],[-2,-4],[0,-3],[-5,-6],[0,-1],[-3,2],[-5,3],[-2,0],[-1,0],[-3,0],[-3,-2],[-3,-1],[-3,0],[-4,-2],[-3,0],[-3,-2],[-2,-3],[-1,-2],[-2,-2],[-6,-2],[-3,-3],[-4,0],[-2,2],[-2,0],[-4,1],[-3,0],[-2,-2],[-2,-1],[-2,1],[-1,2],[-3,1],[-1,-2],[-2,-3],[0,-4],[-2,-3],[-3,-1],[1,-2],[-1,-3],[-4,-3],[-1,-3],[-1,-1],[-1,-4],[-3,-2],[-3,-1],[-2,-2],[-2,1],[-2,1],[0,4],[-4,4],[0,1],[-2,0],[-2,-2],[-2,0],[-2,-2],[-7,0],[-1,3],[-1,1],[-3,-3],[-1,0],[-4,-4],[-2,2],[-2,0],[-2,-2],[0,-2],[-2,-3],[-1,-2],[-2,0],[-2,-2],[-1,-5],[1,-1],[2,-2],[-1,-4],[-2,0],[-2,1],[-4,0],[0,2],[-5,-2],[-4,-3],[-2,-1],[-1,4],[-4,-2],[-2,-4],[-3,-2],[-1,-3],[0,-1],[-2,-3],[-2,-1],[-1,-2],[-4,-2],[-2,-4],[-2,0],[-1,-3],[-2,-1],[-4,0],[-3,-1],[-3,0],[-4,-1],[-1,-1],[1,-3],[-4,-1],[-2,1],[-3,-1],[-5,1],[-4,2]],[[4900,4516],[-7,0],[-2,0],[-5,3],[-2,4],[1,2],[2,3],[1,2],[-1,2],[0,3],[0,5],[4,7],[2,4],[0,1],[3,4],[-1,5],[-2,5],[-3,1],[-2,-1],[-3,0],[-7,2],[-2,1],[-3,0],[-1,-2],[-3,-2],[-3,0],[-3,1],[-3,2],[-2,0],[-3,1],[-2,5],[-4,2],[-2,0],[-4,1],[-5,3],[-2,0]],[[4836,4580],[-2,0],[-1,2],[1,2],[1,3],[4,9],[0,2],[1,2],[3,3],[1,2],[-2,5],[0,3],[2,5],[0,4],[2,1],[1,3],[2,2],[2,5],[0,1],[1,5],[-1,0],[0,3],[-4,4],[-6,2],[-2,3],[-1,4],[-1,3],[0,4],[0,3],[1,3],[1,0],[1,4],[2,2],[0,3],[0,2],[1,3],[-2,0],[-1,4],[-2,2],[3,4],[-2,2],[1,1],[2,2],[0,2],[5,3],[0,2],[2,4],[2,2],[2,1],[1,2],[3,3],[2,1],[10,7],[-1,3],[3,3],[3,1],[1,1],[0,7],[1,3],[0,3],[-3,1],[-3,6],[2,1],[0,2],[-1,0],[-1,3],[1,3],[-1,3],[1,1],[0,4],[-3,3],[-3,0],[-6,3],[0,4],[-4,1],[-1,2],[0,2],[-3,5],[-1,3],[1,1],[-3,6],[-1,6],[-1,1],[-2,0],[-2,2],[-3,0],[-3,0],[-3,4],[-1,0],[-2,1],[0,3],[-3,0],[-1,1],[0,1],[-4,2],[-5,3],[-4,0],[-2,-1],[-1,0],[-4,-2],[-1,1],[-5,0],[-3,-2],[-1,-3],[-2,-1],[-2,3],[-1,-1],[-2,-2],[-3,-1],[-3,-1],[-4,-1],[1,-3],[-2,-2],[2,-3],[-2,-5],[-3,-4],[-5,1],[-2,-3],[-3,-2],[1,-3],[-3,-1],[-3,-1],[-3,-4],[-3,0],[0,1],[2,2],[-1,1],[1,2],[-2,3],[-1,0],[-3,0],[0,-2],[-1,-1],[-1,0],[-7,-2],[-2,-3],[-2,0],[-1,2],[0,1],[-4,1],[-1,2],[-3,0],[-4,0],[-2,2],[1,1],[2,1],[-1,1],[-2,2],[-3,1],[3,1],[-4,3],[-3,0],[0,1],[-2,0],[-3,-2],[0,3],[-2,0],[-2,2],[-2,3],[-2,1],[-2,0],[-2,-3],[-3,0],[0,-3],[-1,1],[0,3],[1,2],[-1,2],[-2,2],[1,2],[-3,1],[-2,-1],[-5,-2],[-3,-2],[0,1],[1,3],[0,1],[-3,0],[-1,1],[2,2],[-3,1],[-5,-1],[0,1],[2,3],[1,3],[-1,3],[-3,1],[-5,1],[-5,1],[-5,-1],[-3,1],[-1,3],[-2,1],[-9,-6],[-3,-3],[-2,-2],[-10,-2],[-4,-2],[-6,1],[-4,-2],[-5,-1],[-1,1],[-3,4],[-1,4],[-3,3],[-1,2],[1,2],[3,3],[1,1],[6,3],[1,1],[-1,2],[-2,-1],[-3,0],[-2,2],[1,3],[4,1],[2,3],[6,4],[6,1],[1,2],[0,3],[2,7],[0,3],[-1,2],[-1,2],[4,3],[4,2],[2,1],[1,3],[0,7],[2,3],[2,3],[0,2],[-2,2],[1,1],[2,5],[-2,6],[1,5],[1,2],[2,0],[7,-1],[2,1],[4,3],[3,4],[1,5],[0,6],[1,4],[3,3],[2,6],[4,2],[1,1],[0,2],[-4,2],[0,1],[-4,7],[-4,3],[-1,2],[2,2],[1,4],[-1,1],[-2,2],[-2,2],[0,2],[2,5],[1,1],[-1,2],[-3,1],[-3,4],[0,2],[2,2],[4,1],[7,-2],[1,2],[-1,3],[-3,3],[-6,1],[-3,2],[-2,2],[1,4],[2,2],[4,1],[2,2],[3,3],[1,5],[1,2],[3,1],[3,1],[0,3],[-1,3],[-4,4],[-5,0],[-4,3],[-1,1],[1,4],[3,5],[1,7],[-2,3],[-3,2],[-4,2],[-2,2],[-1,3],[0,3],[3,5],[2,1],[6,2],[6,4],[4,1],[3,-1],[4,2],[1,2],[-1,3],[3,5],[3,4],[3,1],[3,2],[9,3],[2,2],[0,5],[-2,8],[2,2],[-1,4],[-1,2],[-2,2],[-5,0],[-4,2],[-2,1],[-3,4],[2,3],[5,2],[4,5],[1,3],[0,5],[-2,6],[0,1],[3,1],[7,-3],[2,0],[3,4],[1,2],[-1,3],[-1,1],[-3,0],[-1,1],[0,5],[2,1],[3,8],[0,2],[0,2],[-5,5],[-3,2],[-3,3],[0,3],[2,4],[2,1],[5,3],[1,2],[3,2],[4,-1],[6,-2],[3,1],[1,2],[2,2],[0,1],[-5,4],[-5,2],[-3,1],[-5,1],[-5,2],[-2,4],[1,3],[2,4],[0,2],[4,4],[2,3],[1,3],[1,6],[1,3],[-3,4],[0,4],[0,1],[4,6],[5,5],[0,4],[-1,5],[0,2],[-1,4],[-2,3],[-1,1],[-2,4],[-3,4],[0,3],[0,2],[2,2],[6,6],[1,3],[1,4],[1,2],[0,4],[-1,2],[-1,2],[-1,3],[-3,1],[-4,1],[-2,1],[-1,2],[1,2],[2,1],[0,1],[-1,2],[0,2],[1,6],[1,2],[3,2],[-2,8],[0,3],[1,1],[0,2],[-1,2],[0,2],[-3,6],[-2,3]],[[7985,3372],[-1,-2],[-1,0],[-2,-1],[-2,0],[-1,2],[-1,-2],[-2,1],[0,2],[-1,2],[-2,-2],[0,2],[-1,1],[-1,-1],[-4,1],[2,1],[2,0],[-1,2],[-2,-1],[-3,5],[-2,-3],[-2,1],[-3,2],[1,1],[-1,1],[-2,0],[0,1],[-2,-1],[-3,3],[-1,0],[-2,3],[-2,-2],[-3,0],[-2,1],[-2,3],[-3,-1],[-2,1],[-1,-1],[-3,1],[-2,-2],[-1,1],[-3,-1],[-5,1],[-3,0],[-1,-1],[-4,0],[-4,0],[-1,0],[-4,-1],[-3,0],[-2,2],[-3,1],[-7,2],[-2,1],[0,1],[-5,3],[-2,0],[-2,0],[-4,0],[-4,0],[-3,3],[-3,1],[-3,0],[-7,2],[-3,2],[-3,1],[-1,1],[-4,4],[-4,7],[-2,1],[-6,0],[-3,3],[-7,3],[-2,4],[-2,1],[-2,3],[-2,2],[-3,1],[1,1],[-1,2],[-2,0],[-6,1],[-4,3],[-2,3],[-1,0],[-5,7],[-5,4],[-4,1],[-6,0],[-4,0],[-4,1],[-1,3],[-2,3],[0,2],[3,8],[0,3],[1,1],[2,1],[1,1],[4,6],[0,4],[-2,4],[4,2],[1,3],[4,1],[3,2],[4,1],[2,3],[0,2],[1,3],[-2,3],[-1,4],[1,2],[3,0],[2,2],[0,1],[4,4],[4,1],[2,2],[2,1],[2,1],[1,2],[-3,1],[0,2],[2,2],[-2,4],[-2,2],[0,2],[-2,2],[0,4],[1,2],[1,3],[-2,1],[1,3],[2,1],[-1,2],[2,2],[2,5],[2,1],[1,2],[-1,2]],[[7808,3580],[1,0],[-2,1],[-1,1],[1,3],[3,2],[2,1],[-4,2],[-3,1],[0,1],[1,1],[0,2],[-4,1],[1,2],[6,2],[-1,2],[3,1],[2,-2],[2,2],[5,0],[-1,2],[-2,0],[-3,2],[1,1],[3,0],[1,-1],[1,0],[3,2],[3,0],[0,2],[1,1],[3,2],[3,-1],[2,2],[3,0],[4,2],[2,1],[0,3],[3,2],[0,1],[-3,1],[1,1],[3,0],[4,0],[1,-1],[1,1],[2,1],[2,-3],[2,1],[2,3],[1,6],[-2,-2],[-1,0],[0,3],[2,1],[-1,1],[-1,-1],[-3,0],[0,1],[4,1],[2,2],[1,0],[2,-2],[3,0],[1,-1],[-4,0],[1,-2],[3,0],[1,2],[3,0],[3,1],[1,0],[-1,3],[-2,0],[-2,-2],[-1,0],[1,4],[3,1],[1,3],[-1,1],[3,2],[-1,2],[4,0],[2,-2],[1,3],[-1,3],[1,4],[0,1],[-5,2],[-8,3],[-2,0],[-3,1],[-3,3],[0,3],[0,3],[3,1],[-1,2],[0,2],[-4,-1],[-1,1],[2,2],[1,3],[0,3],[-2,0],[-3,-3],[-3,0],[-3,4],[-5,1],[-2,1],[-1,2],[2,1],[2,1],[3,3],[-1,1],[-2,1],[-5,-1],[-5,2],[-2,0],[-3,-2],[-1,-7],[-1,-2],[-2,-3],[-3,-3],[-2,-1],[-2,-1],[-4,2],[-2,0],[-4,-2],[-1,1],[-2,2],[-3,0],[-2,-1],[-5,-1],[-3,0],[-3,3],[-4,2],[-3,2],[-4,1],[-2,-1],[-2,-2],[0,-2],[1,-2],[7,0],[1,-1],[1,-1],[-2,-5],[-2,-3],[-3,1],[-1,1],[-1,3],[-2,4],[-4,1],[-1,-1],[0,-2],[2,-3],[0,-3],[1,-3],[1,-2],[-2,-1],[-2,2],[-3,-1],[-4,-2],[-3,1],[-3,4],[-2,2],[-3,1],[-3,0],[0,-2],[5,-1],[1,-1],[1,-3],[-1,-2],[-3,-2],[-4,-1],[-3,0],[-2,4],[-1,2],[-2,0],[-2,-4],[-2,-1],[-3,2],[-4,6],[-3,0],[-2,-3],[-4,-1],[-3,2],[-4,0],[-3,3],[1,1],[3,2],[4,0],[3,1],[0,3],[-2,1],[-5,2],[-4,-1],[-6,-5],[0,-3],[-1,-1],[-3,0],[-2,-1],[-1,-4],[-2,-1],[-2,0],[-4,3],[-6,4],[-3,2],[-3,0],[-4,0],[-1,-1],[0,-2],[1,-1],[3,-1],[3,-2],[3,-5],[-1,-4],[-1,-2],[-6,-3],[-2,-3],[-2,-1],[-4,0],[-1,3],[-5,5],[-6,2],[-5,4],[0,1],[1,6],[-3,1],[-2,0],[-4,-4],[-2,-2],[-3,-2],[-3,1],[-5,2],[-1,3],[-2,1],[-3,-1],[-3,1],[-1,3],[-4,2],[-1,6],[-2,1],[-3,0],[-1,-1],[1,-3],[-2,-3],[-7,0],[-2,0],[0,2],[2,2],[-1,3],[-2,1],[-4,-1],[-2,-1],[-2,-2],[-3,-1],[-5,0],[-8,-1],[-1,-1],[-4,-3],[0,-2],[5,-1],[1,-2],[-4,-2],[-2,-3],[-1,0],[-2,4],[-1,1],[-3,0],[-5,-4],[-1,-1],[-5,0],[-4,0],[-9,5],[-2,1],[0,3],[0,3],[0,2],[2,1],[4,-2],[2,-2],[2,-1],[4,-1],[2,1],[0,2],[-1,1],[-5,1],[-2,0],[-4,4],[-3,3],[0,2],[2,2],[0,1],[-4,2],[-2,1],[-1,-3],[1,-3],[0,-1],[-2,-2],[-4,-1],[-3,1],[-2,1],[-4,4],[-3,1],[1,1],[-2,1],[-3,2],[-3,1],[-2,-1],[-2,2],[-1,2],[-5,-2],[0,1],[-2,0],[-1,1],[-1,-2],[-2,-1],[-1,1],[-1,-1],[-1,1],[-2,-1],[-2,1],[1,1],[-1,2],[-3,-1],[-10,2],[-1,2],[-2,1],[-1,2],[-2,0],[-2,1],[-2,0],[-3,2],[-2,1],[0,2],[-1,1],[1,2],[-2,0],[0,1],[2,1],[-2,1],[1,2],[-1,-1],[1,2],[-4,3],[1,1],[-1,2],[1,2],[-4,3],[1,3],[-2,2],[-2,0],[0,2],[-1,1],[-2,3],[-2,3],[0,2],[-2,1],[0,1],[-2,1],[0,2],[-1,1],[-1,2],[-2,0],[1,1],[-2,2],[1,1],[-2,3],[-1,0],[0,2],[-2,0],[-2,1],[1,1],[-2,2],[-2,1],[1,3],[-1,2],[2,1],[1,2],[-2,2],[0,2],[-1,1],[-6,1],[-1,2],[-2,1],[-1,2],[-2,0],[-2,3],[2,2],[-1,2],[-3,1],[-1,3],[-2,0],[-4,1],[-2,2],[0,1],[-3,1],[0,-2],[-2,1],[-2,3],[-2,0],[-2,3],[0,2],[-1,0],[-2,2],[0,1],[-3,1],[-1,3],[0,1],[0,2],[1,4],[-1,0],[0,2],[-1,4],[-3,3],[-3,0],[1,2],[-5,1],[-5,0],[-7,-2],[-3,-2],[0,-2],[-4,-3],[-1,-1],[-1,-1],[-2,2],[-3,2],[-6,-1],[0,2],[-4,0],[-1,2],[-2,1],[0,-2],[-2,1],[-2,-1],[-2,1],[-2,3],[1,1],[0,1],[-2,3],[-3,6],[-4,2],[-1,3],[-2,0],[0,2],[-4,1],[-1,-1],[-2,-2],[-4,1],[-4,-1],[-1,-1],[-2,-1],[-1,-1],[-3,1],[-2,-2],[-3,-1],[-3,1],[-5,2],[-1,3],[-2,0],[-1,-2],[-5,-2],[-2,0],[-3,2],[0,1],[-2,2],[-3,1],[-1,1],[-2,9],[-3,4],[-3,4],[0,2],[296,103]],[[7545,3981],[2,1],[1,4],[-1,3],[0,4],[3,3],[4,-2],[6,2],[5,0],[3,2],[13,1],[8,2],[7,2],[10,2],[4,1],[3,1],[5,3],[13,6],[6,1],[4,1],[3,2],[2,2],[1,5],[0,6],[-1,5],[-1,4],[-3,5],[1,4],[1,2],[2,1],[5,0],[6,-1],[7,-1],[4,2],[7,3],[6,5],[4,1],[9,1],[1,2],[0,6],[0,4],[-1,9],[-1,5],[-1,6],[-2,6],[-3,6],[-8,8],[-2,3],[1,2],[2,1],[3,0],[8,-2],[4,-1],[4,0],[7,2],[4,2],[0,3],[-2,4],[-5,4],[-5,5],[-3,2],[-5,1],[-7,0],[-4,0],[-6,-1],[-4,1],[-4,4],[1,3],[2,3],[3,1],[3,0],[4,0],[6,0],[8,1],[2,1],[0,3],[-1,6],[-4,5],[-1,3],[3,3],[8,4],[4,1],[4,3],[3,7],[1,1],[2,3],[0,4],[3,4],[4,3],[5,0],[2,-1],[4,-2],[2,-3],[2,-2],[4,0],[4,3],[1,3],[-1,3],[-1,2],[-2,2],[-5,2],[-1,1],[0,4],[1,1],[3,1],[3,0],[4,-2],[3,-5],[1,-7],[2,-4],[6,-2],[5,1],[4,1],[5,4],[4,4],[1,3],[-2,3],[-6,5],[-4,3],[-2,2],[-1,3],[1,5],[2,2],[2,1],[3,0],[5,-2],[2,-2],[3,-5],[-1,-7],[1,-6],[3,-4],[4,-1],[4,2],[4,3],[2,3],[0,5],[0,6],[-2,4],[0,3],[-1,5],[-3,3],[-5,2],[-3,0],[-4,1],[-2,3],[-1,6],[1,6],[2,3],[4,3],[5,1],[5,0],[4,-2],[5,-6],[3,0],[2,1],[2,2],[1,4],[-1,2],[-2,3],[-3,2],[-5,0],[-5,5],[-7,4],[-5,1],[-2,2],[-7,6],[-1,1],[-5,4],[-1,3],[2,2],[17,4],[5,1],[3,2],[3,4],[0,2],[0,4],[-1,4],[0,3],[3,3],[5,1],[4,-3],[-2,-3],[2,-3],[3,-1],[5,0],[7,1],[7,0],[5,1],[5,1],[5,2],[5,4],[2,2],[3,4],[4,3],[2,1],[5,0],[3,-2],[4,-4],[1,-3],[0,-3],[-1,-3],[-1,-5],[2,-3],[3,-2],[3,-1],[4,0],[6,3],[3,2],[11,4],[14,2],[4,2],[1,1],[1,3],[1,4],[-1,3],[-1,3],[-3,3],[-6,3],[-4,4],[-2,2],[0,3],[1,3],[1,3],[3,1],[4,1],[3,-1],[9,-3],[8,-2],[4,-2],[4,-6],[2,-6],[2,-1],[3,0],[8,1],[5,2],[3,3],[2,3],[1,3],[-1,5],[0,5],[2,3],[4,4],[0,2],[-1,2],[-4,4],[-4,6],[-6,4],[-4,3],[-3,3],[-1,2],[-1,3],[1,4],[2,2],[3,2],[6,0],[5,-2],[2,-2],[2,-5],[4,-8],[2,-4],[4,-6],[3,-3],[6,-2],[11,-4],[3,0],[2,2],[0,2],[-1,3],[-7,8],[-4,3],[-8,13],[-1,4],[0,3],[1,3],[4,3],[3,1],[5,1],[4,-1],[2,-2],[3,-3],[0,-5],[-1,-5],[-1,-4],[1,-4],[2,-2],[4,-3],[5,2],[4,3],[3,3],[1,2],[-1,10],[-1,3],[0,2],[4,5],[2,1],[2,2],[2,0],[3,-1],[8,-1],[3,-1],[4,-3],[2,-2],[7,-4],[8,0],[4,1],[2,3],[0,2],[-2,6],[-3,3],[-5,1],[-6,1],[-3,1],[-2,4],[0,2],[3,3],[4,1],[3,-1],[8,-4],[6,-5],[3,-4],[2,-5],[0,-10],[1,-1],[2,0],[4,2],[7,8],[2,3],[2,5],[1,4],[2,2],[5,2],[5,-1],[3,-2],[5,-5],[5,-2],[3,0],[5,1],[1,1],[1,4],[1,7],[1,1],[4,1],[2,0],[2,-1],[3,-3],[3,-7],[1,-3],[2,-1],[2,2],[2,6],[3,6],[3,6],[1,7],[0,4],[-1,3],[-2,6],[0,7],[1,5],[6,4],[0,2],[-2,3],[-5,1],[-3,-1],[-3,-2],[-3,0],[-1,1],[0,2],[4,3],[2,1],[5,-1],[13,-3],[3,1],[7,-2],[5,-1],[3,0],[4,1],[9,1],[2,1],[3,0],[2,-1],[4,-3],[1,-4],[-2,-6],[0,-1],[4,-1],[4,1],[1,4],[-1,4],[0,4],[4,8],[2,5],[6,4],[5,3],[4,0],[5,-1],[3,-1],[4,-3],[4,-8],[2,-3],[1,-4],[2,-4],[3,-2],[4,-2],[5,0],[3,2],[2,1],[1,4],[2,5],[2,2],[5,0],[4,-4],[1,-5],[1,-1],[4,-1],[2,0],[6,5],[5,3],[5,3],[5,2],[4,3],[3,0],[3,1],[2,2],[1,3],[1,3],[2,2],[4,3],[4,-1],[5,-4],[1,-1],[1,-4],[0,-3],[-2,-3],[-5,-9],[-3,-5],[-1,-7],[1,-3],[3,-2],[5,0],[5,3],[2,2],[4,5],[3,5],[2,5],[0,3],[0,3],[-2,4],[-2,2],[-7,4],[-2,3],[0,4],[0,2],[3,2],[2,0],[12,-2],[4,-1],[4,-2],[2,-2],[4,-5],[1,-5],[-1,-7],[1,-4],[5,-2],[4,0],[2,1],[2,2],[2,3],[1,5],[2,3],[2,2],[4,-1],[4,-2],[1,-2],[-1,-5],[-3,-3],[0,-3],[2,-3],[3,-1],[4,0],[2,1],[4,4],[4,0],[4,-2],[1,-3],[0,-3],[-2,-3],[-4,-4],[-4,-1],[-4,-3],[0,-2],[1,-3],[8,-1],[5,1],[4,3],[6,2],[3,3],[4,3],[2,2],[3,5],[2,3],[3,2],[4,1],[4,0],[1,-1],[2,-4],[1,-3],[0,-5],[2,-6],[4,-2],[3,-2],[3,1],[3,1],[1,5],[2,4],[4,1],[3,-2],[2,-1],[2,-5],[3,-2],[4,0],[4,2],[3,2],[4,5],[7,6],[2,2],[9,7],[3,2],[5,3],[5,2],[6,0],[6,0],[11,-7],[6,-1],[4,1],[2,1],[2,3],[2,5],[-1,6],[-1,4],[-7,9],[0,2],[3,4],[1,0],[4,1],[2,-1],[3,-1],[2,-3],[0,-3],[0,-4],[-2,-6],[-1,-5],[1,-5],[1,-3],[7,-3],[4,0],[4,0],[4,2],[3,3],[5,4],[8,4],[5,1],[3,-1],[6,-2],[2,-1],[5,-7],[1,-3],[0,-4],[1,-2],[4,-1],[2,0],[2,2],[0,4],[-1,2],[-4,4],[-1,5],[-5,6],[-3,2],[-2,2],[-1,3],[0,5],[2,4],[1,1],[5,2],[3,0],[4,-2],[4,-3],[1,-2],[4,-5],[4,-2],[3,0],[5,0],[4,1],[4,3],[4,1],[4,2],[1,2],[4,6],[1,5],[-1,5],[1,3],[2,3],[3,3],[5,2],[3,0],[4,-1],[7,-5],[6,-2],[9,-1],[6,0],[3,1],[4,1],[2,1],[3,2],[4,0],[5,0],[2,-1],[3,-2],[4,-4],[2,-1],[5,1],[1,5],[-4,4],[-5,2],[-5,2],[-6,1],[-3,3],[-2,2],[0,4],[1,1],[3,3],[4,0],[4,-1],[4,-1],[2,-2],[2,-3],[2,-3],[3,-6],[3,-3],[3,-2],[2,-1],[4,0],[6,3],[4,3],[4,1],[3,-1],[8,-4],[3,1],[1,2],[1,3],[1,2],[3,0],[3,-1],[3,-2],[4,-6],[2,-4],[2,-1],[3,-1],[2,4],[-2,3],[-3,5],[-10,7],[-2,2],[-1,6],[3,3],[2,1],[3,1],[3,-1],[5,-3],[6,-6],[10,-10],[5,-3],[3,-1],[5,1],[2,2],[1,5],[0,2],[-2,2],[-2,1],[-4,4],[0,2],[0,3],[1,2],[0,2],[2,2],[3,3],[6,3],[5,4],[4,2],[5,2],[3,0],[4,-1],[4,-2],[4,-5],[4,-1],[4,3],[1,3],[0,4],[-2,4],[-3,2],[-2,2],[0,3],[1,3],[2,3],[2,1],[3,0],[4,-1],[3,-3],[2,-2],[3,-6],[1,-3],[3,-4],[4,-2],[3,-1],[5,1],[3,2],[2,5],[-1,5],[-4,5],[-4,2],[-5,2],[-6,3],[-7,3],[-4,4],[-1,3],[1,4],[2,3],[4,2],[4,1],[7,0],[4,-1],[3,-1],[5,-3],[6,-3],[5,0],[4,1],[4,4],[2,0],[6,1],[4,1],[2,2],[1,2],[0,2],[-1,2],[-3,2],[-4,3],[-1,4],[1,3],[4,5],[1,2],[0,4],[-2,4],[0,1],[3,3],[4,0],[4,0],[3,-2],[6,-5],[4,-2],[5,0],[4,0],[7,1],[5,0],[13,-2],[14,0],[4,0],[3,-1],[13,-8],[4,-2],[3,1],[1,2],[0,4],[1,7],[-2,3],[-3,3],[0,2],[1,2],[3,-1],[5,-3],[4,-2],[4,-1],[7,0],[3,1],[8,4],[5,2],[5,2],[3,0],[6,-1],[1,-2],[2,-3],[2,-5],[-1,-3],[-2,-4],[-8,-7],[-1,-2],[3,-4],[2,-3],[4,-1],[2,0],[7,3],[3,2],[2,5],[1,5],[2,4],[4,3],[4,1],[5,0],[3,-2],[1,-2],[0,-6],[-2,-4],[-5,-4],[-1,-4],[2,-3],[2,-1],[2,0],[1,2],[7,11],[5,11],[4,11],[5,8],[6,0],[2,-1],[1,-4],[0,-2],[-2,-5],[0,-3],[3,-4],[6,-2],[3,0],[6,2],[2,2],[3,0],[3,0],[3,-2],[4,-4],[1,-1],[5,-2],[3,0],[3,-1],[3,0],[5,0],[6,1],[5,-1],[4,-4],[4,-6],[2,-6],[1,-7],[0,-3],[1,-4],[1,-1],[8,1],[2,1],[8,1],[8,2],[2,1],[5,4],[3,3],[3,2],[13,12],[11,10],[3,3],[4,3],[7,4],[2,1],[5,3],[5,3],[11,5],[7,4],[4,2],[13,5],[5,1],[4,2],[8,4]],[[9421,4694],[3,-3],[1,-3],[1,-4],[2,-9],[-1,-6],[1,-13],[2,-8],[2,-6],[-1,-5],[0,-4],[2,-4],[3,-3],[1,-5],[2,-1],[3,-1],[2,-2],[7,-6],[2,-7],[1,-2],[4,-5],[2,-2],[1,-4],[2,-6],[0,-2],[0,-3],[1,-5],[-2,-4],[1,-4],[0,-3],[2,-4],[2,-2],[2,-6],[1,-5],[7,-3],[1,-1],[1,-3],[2,-4],[3,-4],[1,-2],[4,-2],[8,0],[16,1],[10,2],[5,-1],[5,1],[3,1],[5,6],[3,3],[6,0],[3,-1],[5,-2],[2,-1],[5,-8],[5,-6],[0,-4],[0,-7],[2,-3],[0,-4],[4,-6],[4,-3],[3,-6],[2,-1],[6,0],[4,-2],[1,-2],[-1,-4],[-2,-3],[-1,-3],[0,-2],[1,-1],[5,-3],[3,-1],[1,-3],[-3,-7],[-2,-8],[-2,-1],[0,-3],[1,-2],[2,-10],[4,-2],[3,-3],[2,-1],[0,-5],[0,-2],[4,-5],[5,-4],[4,-5],[1,-4],[0,-4],[2,-4],[-1,-6],[2,-10],[3,-5],[1,-2],[3,-3],[3,0],[7,-1],[9,-2],[5,-4],[2,-1],[9,-2],[3,-2],[1,-2],[3,-5],[2,-7],[4,-5],[3,-5],[1,-4],[3,-4],[1,-4],[1,-5],[-2,-3],[-6,-3],[-3,-3],[1,-3],[-1,-2],[-4,-6],[-1,-4],[-2,-2],[-2,-1],[-2,-3],[-6,-5],[-1,-2],[-2,-2],[-3,-1],[-6,-3],[-2,0],[-2,-1],[-2,-2],[-2,-2],[0,-3],[0,-4],[-2,-9],[0,-2],[3,-6],[-1,-1],[-36,0],[-54,-42],[-20,-15],[-213,-161],[-1,-43],[5,0],[3,1],[6,1],[4,0],[2,4],[0,2],[1,1],[0,2],[4,8],[3,3],[5,2],[3,0],[7,-2],[8,-1],[7,1],[4,1],[6,1],[6,3],[2,0],[7,1],[3,-2],[1,-2],[-2,-3],[0,-2],[0,-3],[1,0],[7,-2],[8,-2],[5,-1],[9,-2],[5,-2],[9,0],[4,-1],[5,-2],[3,0],[3,1],[4,4],[2,2],[7,2],[6,1],[3,0],[3,-2],[1,-4],[5,-2],[7,-7],[4,-4],[1,-2],[2,-3],[-2,-6],[0,-5],[1,-5],[4,-3],[3,-1],[3,-3],[3,-2],[1,-4],[0,-4],[-1,-5],[0,-4],[-2,-5],[-1,-4],[0,-7],[1,-3],[3,-4],[4,-2],[3,1],[1,2],[2,2],[6,3],[7,2],[3,1],[3,0],[8,-3],[2,-1],[12,1],[3,-3],[0,-3],[2,-2],[4,-9],[2,-8],[2,-2],[2,-1],[6,1],[4,-1],[2,-2],[4,-2],[4,-4],[3,-4],[4,-2],[4,-3],[3,-3],[3,-1],[5,-2],[5,-1],[3,-2],[3,-5],[0,-5],[1,-5],[1,-1],[6,-2],[3,-2],[6,-2],[2,-2],[4,0],[5,-3],[3,-3],[3,-4],[0,-4],[-1,-3],[2,-3],[2,-1],[2,-4],[2,-1],[4,-3],[2,-1],[2,-5],[6,-3],[2,-3],[0,-3],[0,-2],[2,-4],[3,-1],[4,-1],[4,-4],[4,-1],[3,0],[2,0],[4,0],[4,-2],[3,-4],[9,-6],[9,-4],[2,-2],[4,-3],[1,-2],[1,-3],[0,-2],[6,-5],[0,-2],[3,-2],[4,-4],[4,-4],[1,-3],[0,-3],[-2,-2],[-2,-3],[-3,-5],[-1,-1],[-4,-2],[-2,-2],[-4,-2],[-3,-4],[0,-3],[0,-3],[2,-2],[1,-5],[-1,-3],[-1,-3],[-3,-3],[-1,-6],[1,-2],[9,-11],[2,-1],[1,-3],[1,-7],[3,-6],[1,-2],[0,-3],[1,-4],[2,-4],[2,-2],[2,-3],[2,-3],[3,-4],[2,-3],[3,-4],[3,-2],[3,-4],[2,-2],[3,-2],[5,0],[4,2],[5,3],[3,1],[5,0],[3,-1],[1,-1],[3,-5],[2,-3],[1,-5],[0,-10],[3,-8],[2,-3],[1,-6],[0,-7],[-6,-9],[-1,-2],[-4,-5],[-1,-1],[0,-5],[-1,-4],[-3,-4],[-1,-5],[0,-5],[1,-3],[5,0],[5,-5],[2,-4],[2,-2],[3,-1],[3,-2],[2,-3],[3,-3],[5,0],[3,-3],[1,-2],[0,-2],[4,-4],[0,-2],[2,-4],[1,-2],[1,-7],[4,-9],[4,-10],[2,-3],[6,-5],[0,-3],[-1,-3],[-1,-12],[0,-3],[3,-13],[2,-3],[6,-5],[5,-8],[1,-3],[-1,-6],[1,-2],[6,-6],[4,-7],[1,-4],[3,-4],[1,-6],[3,-3],[2,0],[7,-2],[2,-2],[4,-5],[1,-2],[-2,-12],[4,-9],[0,-4],[0,-4],[-1,-4],[0,-3],[-2,-3],[0,-5],[3,-2],[7,-2],[4,-4],[1,-1],[5,-8],[0,-2],[2,-3],[4,-6],[3,-5],[1,-6],[0,-3],[4,-8],[2,-3],[1,-8],[0,-5],[-2,-3],[0,-3],[0,-8],[1,-3],[-1,-1],[-1,-8],[2,-5],[2,-3],[3,-2],[8,-3],[4,0],[6,-3],[4,-4],[3,-4],[4,-6],[2,-2],[1,-5],[2,-3],[1,-9],[2,-3],[0,-7],[-2,-5],[-3,-1],[-8,-1],[-4,-3],[-3,-3],[-3,-5],[0,-5],[2,-5],[2,-6],[2,-2],[2,-2],[6,-4],[3,-3],[2,-4],[2,-6],[0,-1],[-4,2],[-157,-35],[-2,3],[3,3],[4,2],[-4,1],[0,1],[-1,1],[0,2],[3,2],[1,2],[1,2],[0,1],[-3,0],[0,2],[0,3],[-2,0],[-1,2],[-1,5],[1,3],[-2,1],[0,1],[-4,2],[1,1],[-2,3],[0,1],[2,1],[0,2],[-1,1],[1,2],[-1,3],[-3,0],[-3,2],[0,2],[-6,1],[-2,0],[-4,2],[1,1],[2,3],[-2,3],[-2,-1],[-3,2],[2,2],[-4,1],[-1,2],[-2,3],[-2,0],[-1,3],[0,5],[-2,1],[-5,1],[0,5],[2,1],[0,7],[0,1],[1,2],[2,0],[3,-1],[3,0],[2,3],[3,0],[0,-2],[3,-2],[-1,-1],[4,0],[4,-1],[0,-1],[3,-1],[0,1],[3,2],[3,0],[1,2],[2,2],[4,0],[3,2],[-1,2],[-1,1],[-1,2],[3,-1],[2,3],[2,0],[4,2],[1,2],[0,1],[-3,1],[-3,1],[3,3],[-1,2],[-1,4],[3,2],[-2,1],[-2,2],[2,0],[1,5],[-2,-1],[-3,4],[0,2],[4,2],[2,2],[-3,1],[-3,0],[1,3],[-1,1],[2,1],[0,3],[1,2],[0,4],[2,0],[2,3],[-2,9],[-1,1],[-3,0],[-3,1],[0,1],[1,2],[-3,1],[-1,2],[2,3],[-2,3],[0,1],[-2,1],[-2,2],[1,4],[-3,5],[2,0],[1,3],[-1,3],[2,1],[0,2],[1,1],[0,2],[-2,1],[-1,3],[1,3],[-2,2],[-1,1],[1,1],[-1,1],[1,3],[-3,2],[2,4],[2,2],[-2,1],[-2,-1],[-6,2],[2,3],[-1,2],[-2,0],[-3,0],[0,2],[-1,1],[-2,0],[-3,1],[-3,2],[-2,2],[-2,-2],[-2,0],[1,5],[2,2],[-1,2],[1,1],[-1,1],[0,3],[3,0],[2,1],[-1,1],[0,3],[2,3],[-1,2],[-2,5],[2,3],[-3,3],[0,3],[2,3],[0,1],[-2,1],[2,1],[3,1],[1,2],[-3,4],[-1,0],[-4,2],[-2,5],[2,2],[-1,3],[-3,1],[1,1],[-2,1],[0,3],[-1,3],[7,0],[1,3],[-2,2],[1,3],[-2,0],[1,2],[-4,3],[1,1],[2,4],[5,3],[1,1],[4,4],[-1,1],[-4,3],[-1,0],[2,4],[-1,2],[-1,2],[-1,-2],[-2,0],[-1,2],[-3,-1],[-2,2],[-2,-2],[-3,-1],[-2,1],[-2,3],[2,2],[-2,3],[2,1],[3,0],[2,-3],[1,5],[-4,4],[0,3],[-1,-1],[-3,2],[-4,-1],[-3,4],[1,3],[-2,2],[-2,1],[-3,-2],[-4,3],[-1,1],[-3,0],[-4,1],[0,3],[-2,0],[-4,1],[-1,2],[0,2],[-1,3],[2,1],[-2,4],[0,1],[2,2],[-4,4],[0,2],[1,0],[0,3],[-2,0],[-2,6],[2,2],[-3,2],[-2,-1],[-2,-2],[-5,-1],[-4,0],[-1,3],[-2,-1],[-10,0],[-2,-1],[-3,2],[-2,1],[-4,3],[1,-4],[-2,-3],[-3,-1],[-1,-2],[-7,-3],[-6,0],[0,3],[-2,0],[-2,3],[0,2],[-2,1],[2,1],[-2,0],[-1,4],[-2,1],[-2,4],[0,2],[-2,0],[-2,2],[-1,4],[2,2],[-4,4],[0,4],[-1,2],[-2,3],[0,2],[-5,1],[0,1],[-4,2],[-1,7],[1,3],[2,1],[0,2],[-2,1],[0,1],[3,4],[1,4],[-2,1],[-3,-2],[-4,3],[-1,2],[0,2],[-1,3],[2,1],[0,2],[-2,2],[1,1],[0,2],[2,0],[1,4],[2,2],[-1,2],[0,3],[3,3],[3,2],[-2,1],[-2,2],[-3,-1],[-1,0],[-1,3],[-2,1],[0,2],[-1,2],[2,1],[0,4],[-1,3],[1,1],[3,-1],[1,1],[2,-1],[-1,3],[1,1],[-1,3],[5,2],[0,1],[2,1],[0,1],[3,2],[0,2],[3,1],[2,3],[0,2],[-3,1],[0,5],[-2,2],[-2,0],[-9,4],[-3,-3],[-2,1],[-2,-1],[-1,5],[2,0],[0,2],[-2,3],[-3,1],[-1,1],[-2,1],[3,2],[-1,2],[2,1],[0,3],[-2,2],[0,3],[-2,0],[-3,2],[-3,0],[-5,3],[-5,4],[0,-2],[-3,3],[-1,0],[-1,-3],[-4,-2],[-2,0],[-2,3],[-2,-3],[1,-2],[-1,-1],[-1,-4],[-3,-2],[-1,-4],[2,-2],[3,0],[1,-3],[-2,0],[-2,2],[-2,-2],[-3,1],[-1,1],[-5,0],[-3,2],[-2,-1],[2,-3],[0,-3],[-3,-3],[1,-3],[-2,-2],[-1,-3],[-9,1],[0,-1],[-5,0],[-4,-1],[-5,-5],[-4,3],[-6,0],[-2,0],[-6,0],[-1,-2],[-2,1],[-4,-3],[-5,2],[-1,-4],[-3,-1],[-4,1],[-1,0],[-6,-2],[-3,1],[-2,3],[-4,1],[-1,2],[-3,0],[-1,1],[-4,-4],[-1,-1],[0,-2],[-1,-4],[-2,-2],[0,-2],[-1,-1],[1,-4],[1,-1],[-2,-1],[-1,-2],[2,-1],[1,-1],[2,-1],[-1,-3],[1,-2],[4,-2],[-3,-5],[-4,-2],[-1,-2],[0,-3],[-1,0],[0,-2],[-2,-2],[-3,0],[-2,1],[4,-5],[-1,-2],[-3,0],[-1,-7],[-2,-2],[0,-3],[-1,0],[-3,-2],[-3,2],[-4,-4],[-4,2],[-2,-2],[2,-2],[-1,-1],[-3,0],[0,-4],[2,-2],[-3,-2],[-3,-2],[0,-4],[-4,0],[-1,-2],[-3,-1],[0,-3],[-7,-3],[-3,2],[-1,2],[-2,0],[-1,2],[-5,4],[-3,-2],[-1,-1],[-1,0],[-5,-2],[-4,1],[-2,2],[-1,3],[-4,0],[-2,-1],[-4,5],[-2,-1],[0,-4],[-3,0],[-1,1],[-3,1],[0,3],[-1,2],[0,3],[-3,0],[-3,2],[-2,3],[-4,0],[-1,-3],[-5,1],[-1,2],[-3,0],[-2,-1],[-2,2],[-3,-1],[-2,-5],[0,-6],[2,-2],[-5,-2],[-1,-5],[-1,0],[-2,1],[-2,-3],[-4,0],[-3,-2],[0,-3],[-5,-1],[1,-5],[1,-1],[-3,-1],[-3,0],[0,-3],[-3,-2],[-1,-1],[-4,-1],[0,-3],[-1,-2],[-1,-3],[-3,-2],[2,-1],[-1,-1],[-3,-2],[-4,1],[-2,0],[-4,-2],[-2,0],[0,-2],[-6,-3],[-3,-1],[0,-6],[-2,0],[0,-4],[1,-1],[-1,-2],[-5,2],[-1,-3],[-1,-2],[-2,-1],[-8,1],[2,-3],[-2,-1],[-5,4],[-4,1],[-4,0],[-2,-2],[-2,-1],[1,-6],[3,-1],[5,-9],[0,-1],[-3,-1],[-3,1],[-3,-2],[0,-3],[2,-4],[0,-4],[3,-2],[0,-5],[-4,-1],[-1,-3],[5,-1],[4,-2],[4,-4],[-3,-2],[-6,4],[-7,2],[-2,1],[-8,2],[-5,4],[-2,0],[-2,0],[-3,4],[-6,-2],[-2,-1],[-4,2],[0,2],[-3,0],[-3,4],[-8,2],[-4,-3],[-3,-4],[-5,-2],[-3,-4],[0,-1],[-1,-2],[2,-1],[-3,-2],[-3,1],[-2,-2],[-6,5],[2,2],[1,2],[-3,4],[1,2],[-3,1],[-3,1],[0,2],[3,6],[-1,2],[-3,0],[0,5],[-4,0],[0,2],[2,0],[0,3],[-4,0],[-2,1],[-1,3],[1,3],[-1,3],[-4,-1],[-3,-1],[-6,2],[-1,2],[-2,1],[-5,-2],[-1,2],[-6,6],[-2,4],[-1,6],[-3,4],[-4,2],[-2,2],[0,3],[-6,3],[-1,2],[2,2],[0,1],[-7,6],[-4,1],[-4,-2],[-5,-1],[-4,-1],[-1,-1],[-2,0],[-4,2],[0,2],[2,4],[-1,1],[-4,0],[-1,-1],[-3,2],[1,3],[-3,3],[0,6],[-1,3],[0,3],[-1,3],[0,3],[-1,1],[1,4],[0,3],[-1,0],[-4,0],[-1,-4],[0,-4],[-1,-4],[0,-9],[-1,-2],[-1,-6],[-2,-2],[-5,-2],[2,-3],[-3,-7],[-3,-1],[-1,-4],[-5,-3],[-1,-3],[0,-1],[-2,-2],[1,-2],[-2,-2],[-3,1],[0,-2],[-3,-1],[-1,-2],[0,-3],[2,-1],[0,-2],[-2,0],[-1,-2],[1,-2],[0,-4],[-1,0],[-2,-3],[0,-3],[-1,-1],[0,-4],[-5,-3],[-1,-2],[-2,-1],[-1,-2],[-2,0],[0,-2],[-2,-2],[-2,0],[1,-3],[-8,-4],[0,-1],[6,2],[2,-2],[-3,-3],[-5,-2],[0,-3],[1,-1],[2,0],[0,3],[1,0],[2,-1],[2,-3],[-1,-4],[5,0],[3,2],[3,0],[8,1],[5,-2],[2,0],[2,2],[4,2],[1,0],[-2,-4],[-2,-1],[-1,-4],[-3,-2],[-1,-5],[-2,-3],[0,-2],[-1,-2],[-1,-2],[3,-3],[0,-4],[2,-1],[1,1],[1,3],[3,2],[1,-1],[1,-2],[1,-1],[5,-1],[5,1],[2,4],[2,1],[4,-2],[3,1],[2,-1],[2,-3],[3,-2],[4,-2],[0,-2],[-3,0],[-1,-1],[0,-2],[-3,0],[0,-4],[-1,-3],[-1,-2],[-1,-2],[4,-3],[1,-2],[1,2],[2,0],[3,0],[1,1],[0,3],[2,2],[2,-1],[2,-1],[0,-4],[2,-3],[-799,-1],[-27,0],[1,2],[-10,1],[1,3],[-1,2],[-2,-1],[-2,2],[-3,0],[-2,-1],[-1,-2],[-1,2],[1,1],[-1,2],[-1,0],[0,-3],[-1,-1],[-1,1],[-1,2],[-2,-1],[0,-2],[-4,3],[1,3],[-2,0],[-2,-2],[1,-1],[-4,-1],[-1,2],[-3,0],[-2,2],[1,2],[-1,0],[-2,-2],[-6,0],[2,1],[2,1],[-2,1],[-2,1],[0,-2],[-2,-2],[1,-2],[-2,0],[-3,-1],[1,2],[-1,1],[-2,-1],[-2,2],[1,1],[-1,2],[-2,-2],[-2,0],[-2,2],[1,1],[-1,1],[-1,-1],[-2,2],[-4,-2],[-1,2],[-2,1],[0,-3],[-4,1],[0,1],[2,1],[-3,2],[0,3],[-3,-1],[1,-3],[-1,-1],[-1,4],[-1,-1],[-4,0],[-1,-1],[1,-2],[-4,0],[-1,1],[2,1],[0,3],[-2,3],[-1,-1],[-6,0],[-1,1],[-2,-3],[-2,1],[0,-2],[-1,0],[-1,2],[-1,-2],[-1,1],[-3,-2],[0,-1],[2,-1],[-2,-1],[-1,-1],[0,2],[-3,-1],[-1,-1],[3,0],[0,-2],[-2,1],[-2,-2],[0,2],[-2,-2],[-2,1],[-1,-1],[-3,2],[-1,-2],[0,-2],[-2,1],[1,1],[-1,1],[-1,-3],[-2,0],[-3,-2],[0,-1],[-2,1],[-3,-2],[2,-2],[-1,-1],[-2,1],[-3,-2],[-2,0],[0,-2],[-2,0],[-1,-3],[-1,0],[0,3],[-1,1],[-2,-3],[1,-1],[0,-1],[-2,-1],[-2,-2],[-2,1],[-4,-1],[-2,2],[1,2],[-4,0],[-1,-1],[3,-2],[-4,0],[-2,-2],[-2,-2],[-2,1],[-2,2],[-2,2],[-1,2],[-2,-1],[-1,-2],[-5,-1],[1,2],[-1,1],[0,2],[-2,-1],[-4,1],[-2,-2],[-1,1],[-2,-1],[-2,1],[-3,2],[-3,1],[-3,-1],[-3,-1],[-1,1],[-2,-1],[-1,2],[-2,-1],[2,-1],[-3,1],[-4,-1],[-1,1],[-5,-1],[2,-1],[-1,-2],[-5,2],[-2,-2],[0,-1],[-3,0],[-1,-3],[2,0],[1,-3],[-1,-1],[-1,1],[0,1],[-2,1],[-1,-2],[-1,0],[-3,2],[-2,-4],[-4,0],[0,-2],[-2,0],[-1,-1],[2,0],[0,-2],[-5,1],[-1,-2],[1,-3],[-1,-1],[-4,1],[2,2],[-4,-1],[0,2],[-3,-1],[-3,1],[0,1],[-3,2],[0,-1],[1,-2],[-2,0],[-2,-3],[-4,1],[-2,3],[-1,-2],[-2,1],[2,2],[-3,0],[1,1],[-4,1],[1,1],[-1,2],[-5,-2],[-1,3],[-1,0],[0,2],[-1,1],[-1,-2],[-3,-1]],[[7158,4035],[3,-1],[5,-4],[0,-2],[0,-5],[1,-2],[4,-3],[2,-1],[10,0],[6,-2],[3,0],[2,0],[5,5],[4,0],[3,-2],[4,-6],[2,-1],[2,-3],[3,-3],[4,-1],[4,1],[3,2],[5,4],[5,1],[3,0],[2,-2],[2,-3],[0,-4],[0,-5],[-2,-3],[-6,-4],[-1,-3],[1,-1],[5,-5],[3,-2],[4,0],[4,1],[3,4],[2,5],[2,7],[0,3],[-3,3],[-5,3],[-3,5],[0,3],[1,4],[1,2],[2,1],[3,0],[5,-2],[7,-2],[3,-2],[3,-10],[0,-2],[3,-8],[3,-5],[2,-3],[1,-1],[2,-1],[6,-1],[5,2],[0,3],[1,4],[-1,3],[-3,4],[-4,5],[-1,3],[1,5],[2,2],[3,0],[4,-3],[6,-3],[1,-1],[2,-3],[1,-4],[-1,-2],[-4,-4],[-2,-2],[-2,-4],[-2,-2],[1,-2],[0,-2],[-4,-3],[0,-2],[1,-2],[4,-2],[3,1],[4,3],[2,3],[4,4],[1,3],[4,2],[4,0],[4,4],[4,1],[3,1],[6,-1],[4,-3],[2,-2],[2,-4],[2,-7],[-3,-5],[-2,-1],[-6,-1],[-3,-2],[1,-3],[2,-2],[5,0],[2,1],[7,2],[8,2],[6,0],[5,0],[5,1],[5,3],[3,3],[4,4],[1,1],[5,3],[2,0],[3,-2],[1,-2],[1,-4],[0,-4],[0,-4],[-2,-6],[0,-3],[3,-5],[3,-2],[3,-1],[2,2],[4,5],[4,3],[2,2],[2,4],[1,5],[3,3],[5,1],[9,0],[2,2],[3,4],[6,5],[2,3],[0,7],[0,2],[-2,3],[-4,3],[-5,3],[-3,2],[-3,4],[0,3],[2,2],[1,1],[4,0],[7,-2],[4,-2],[3,-3],[0,-2],[1,-8],[0,-7],[0,-4],[2,-2],[2,-4],[2,-2],[3,-2],[7,4],[2,2],[2,6],[1,4],[1,3],[1,5],[1,2],[3,2],[3,0],[3,0],[3,-3],[6,-1],[3,-2],[2,-2],[6,-5],[2,-1],[2,-1],[5,-1],[6,-4],[13,-9],[2,0],[5,-1]],[[7808,3580],[-4,-1],[-2,-1],[-3,-1],[-2,-2],[-3,-2],[-4,0],[-2,-3],[-1,2],[-3,-1],[-1,0],[-1,3],[-2,1],[0,-3],[-3,-2],[-3,-1],[-1,-4],[1,-1],[-2,-4],[-2,-2],[-1,1],[-2,2],[-1,-2],[1,-3],[-1,2],[-3,-1],[1,-3],[-3,-3],[-1,-2],[-3,1],[-1,-2],[-2,0],[0,1],[0,1],[-3,1],[1,-1],[-1,-2],[-4,0],[-1,2],[-1,0],[-1,-3],[1,-2],[-2,0],[-2,1],[0,3],[-2,-1],[1,-2],[-3,0],[0,3],[-3,-1],[-1,1],[1,1],[0,1],[-7,3],[-2,-1],[-2,-1],[-1,-1],[0,-3],[-5,-1],[-1,1],[1,2],[-1,1],[-3,0],[-2,-1],[1,-5],[-1,-1],[-4,-2],[-3,2],[0,3],[-2,0],[-3,-1],[-1,-2],[-2,-2],[0,3],[-4,-2],[-4,0],[-4,-1],[-1,1],[-2,0],[-1,-1],[-4,0],[0,-4],[-3,3],[-2,-1],[-3,2],[0,-2],[1,-3],[-3,1],[-1,0],[-1,-3],[1,-2],[-3,1],[-2,0],[0,-3],[-2,1],[-2,0],[-2,2],[-3,-1],[2,-5],[-3,0],[-1,2],[-3,-5],[-3,3],[-1,-2],[-5,0],[0,1],[1,1],[-2,2],[1,2],[-2,2],[0,2],[-4,0],[-4,1],[-2,-3],[0,-2],[4,-3],[0,-1],[-1,-2],[-4,1],[-2,-1],[-2,0],[0,2],[-2,1],[0,2],[-2,1],[-2,2],[-2,-1],[-1,-1],[-2,-3],[-1,1],[-4,-1],[-1,-2],[-5,0],[-3,2],[-3,0],[-2,4],[-1,1],[-2,-2],[-2,-1],[0,-4],[-2,0],[-3,-2],[-2,0],[-2,2],[-3,0],[-4,-3],[0,-2],[2,2],[-1,-3],[3,-2],[1,-1],[-3,-2],[-1,2],[-1,1],[-2,-3],[2,-1],[1,-2],[-2,0],[-7,2],[-6,-2],[1,-1],[2,1],[1,-2],[-2,0],[0,-2],[-3,-1],[-1,-1],[2,-2],[0,-1],[-1,0],[-3,1],[-3,0],[-4,1],[-1,-1],[0,-3],[-4,-2],[-2,2],[2,1],[0,3],[-2,1],[0,3],[-7,-2],[2,-2],[-2,-2],[-3,2],[0,3],[-2,1],[-4,-2],[-1,-2],[-1,-2],[-2,0],[-2,0],[0,-3],[-3,-2],[-1,1],[-3,1],[-3,-2],[0,2],[-1,-2],[-3,-3],[-2,0],[-1,2],[-1,-2],[-4,0],[0,-2],[-3,1],[0,3],[-2,-1],[-2,2],[-3,-1],[-2,1],[0,-2],[-2,1],[-2,-2],[0,-3],[-3,-2],[-1,2],[0,-3],[-2,0],[-1,3],[-4,2],[-3,-1],[2,-3],[2,-1],[-1,-2],[-4,0],[-2,2],[-5,-2],[-1,-4],[3,-1],[-4,-1],[1,-1],[0,-2],[-2,1],[-2,0],[-3,2],[0,-2],[-3,1],[-1,3],[-2,0],[-2,0],[-2,1],[-1,0],[0,-3],[-2,-2],[-2,-1],[-1,1],[-4,2],[-2,-1],[2,-2],[-3,-1],[1,4],[-3,0],[0,-1],[-2,-3],[-2,-2],[-1,1],[-1,2],[-1,1],[1,1],[-2,1],[0,-1],[-2,-2],[-1,3],[-3,-1],[0,2],[2,1],[2,0],[-1,1],[-4,0],[0,2],[-2,0],[-1,-2],[-2,0],[-1,3],[-1,0],[1,-3],[-2,-2],[-1,1],[0,1],[1,1],[-4,0],[2,1],[0,1],[-4,1],[-1,2],[-2,-2],[-1,2],[-3,-1],[-4,0],[-1,-2],[2,-1],[0,-4],[-2,-1],[-1,3],[-2,-2],[-2,0],[-2,2],[-3,-2],[-3,2],[0,1],[3,2],[-2,1],[-2,2],[-3,2],[-1,0],[-1,-2],[1,-1],[-1,-1],[-3,1],[-2,0],[3,-3],[-3,-3],[-3,2],[-3,0],[-2,1],[-2,0],[-1,-1],[1,-1],[0,-2],[-2,-1],[-1,-1],[-3,2],[-3,-1],[-1,3],[-1,0],[-1,-2],[-3,0],[-1,0],[-4,1],[-1,3],[-2,1],[-3,0],[0,-2],[2,-1],[0,-2],[-6,3],[-5,3],[-3,-3],[0,-2],[-3,0],[-1,3],[-2,-1],[-1,-2],[-2,-1],[-3,2],[0,4],[-3,0],[-2,2],[0,1],[1,3],[-1,1],[-2,0],[-1,-5],[-3,-1],[-2,2],[-1,1],[-2,0],[1,-2],[2,-1],[-1,-2],[-2,1],[-2,-2],[2,-1],[-2,-1],[2,0],[-1,-2],[-2,0],[1,-3],[-1,-2],[-2,-1],[-1,-2],[0,2],[-3,-2],[2,-4],[2,0],[-2,-1],[-6,-2],[0,1],[2,0],[-1,2],[0,-1],[-4,-1],[-1,-2],[-1,1],[-1,-1],[-2,-1],[1,-1],[-1,-2],[-1,1],[-1,-2],[-2,0],[-2,1],[0,-2],[-1,0],[0,-2],[-2,-1],[-1,1],[-1,-2],[-2,-1],[3,-2],[-3,0],[-4,-3],[-1,-1],[-1,-1],[-2,-2],[-3,-1],[-2,-2],[-3,-1],[-1,2],[-3,0],[0,-1],[2,0],[-2,-1],[-3,1],[-2,-5],[-3,-1],[-1,2],[-1,0],[2,-3],[0,-2],[-1,-1],[-5,0],[-3,-5],[-2,1],[0,3],[-2,2],[-1,-1],[-3,0],[2,-2],[0,-2],[-3,-1],[-3,4],[-1,0],[1,-3],[-1,-2],[-2,-1],[-3,0],[-2,0],[-5,0],[-3,4],[-1,-2],[-1,-2],[-1,-2],[-2,-1],[0,-1],[-3,-1],[-3,2],[-2,-1],[-2,-3],[-2,1],[-1,3],[-2,0],[-2,-2],[-5,-2],[-7,2],[-1,0],[3,-3],[2,-2],[-2,-2],[-2,1],[-1,-3],[0,-3],[-2,1],[-7,0],[-5,1],[-2,-2],[-1,0],[-1,1],[-2,0],[-1,0],[-1,-2],[-1,0],[1,-2],[-1,-2],[-3,-1],[-6,-3],[-1,-1],[-1,-2],[-2,0],[-2,2],[-1,-2],[-2,0],[-4,-3],[-3,0],[-2,-2],[-4,-1],[-2,-3],[-3,-1],[-2,-2],[-3,-2],[-6,-5],[0,-2],[-2,-3],[-2,0],[0,-2],[-3,-3],[-2,0],[-2,-3],[-3,-2],[-2,0],[-2,-3],[-1,-1],[-3,-3],[-2,0],[-3,-2],[-1,-1],[0,-1],[-1,-2],[-3,-3],[-2,1],[-3,-1],[-4,-2],[-1,1],[-4,5],[-4,2],[-3,-1],[-1,2],[-4,0],[-3,2],[-2,1],[-2,4],[-4,2],[-3,1],[-1,1],[-3,3],[-1,3],[-2,0],[-4,-4],[-6,-1],[-2,2],[-4,1],[-1,2],[-3,1],[-1,3],[-1,1],[-2,2],[-2,1],[-2,-1],[-2,1],[-3,2],[-2,1],[1,2],[-1,1],[-4,-2],[-3,0],[-2,-1],[-2,1],[-3,-1],[-2,1],[-4,-1],[-1,-3],[-3,-3],[0,-2],[1,-4],[0,-7],[1,-5],[1,-3],[2,-8],[2,-2],[1,-3],[2,-3],[-1,-2],[-2,-2],[0,-3],[-3,-9],[0,-1],[3,-6],[1,-2],[-3,-2],[4,-3],[0,-3],[-4,-4],[0,-1],[-3,-3],[-1,-1],[-3,-3],[-4,-4],[-4,-2],[-2,0],[-2,-2],[-1,-3],[-3,-2],[-2,-1],[-1,-3],[-3,-1],[0,-2],[1,-4],[-1,-4],[1,-2],[-3,-6],[0,-3],[2,-1],[-2,-1],[-1,-3],[-2,-2],[-2,0],[2,-3],[-2,0],[0,-3],[-3,-1],[0,-2],[0,-5],[-1,-4],[-1,-1],[-2,0],[-2,-1],[0,-1],[-4,-2],[-1,-2],[-4,-1],[-2,-3],[0,-3],[-2,-3],[1,-2],[2,-1],[-2,-2],[2,-3],[0,-2],[-1,-3],[1,-3],[-2,-5],[-1,-1],[-1,-3],[-2,-2],[0,-2],[-2,0],[0,-2],[1,-3],[1,-2],[-3,0],[-1,1],[-1,-1],[0,-4],[-6,-1],[-1,-3],[1,-1],[-2,-1],[1,-2],[-2,-1],[0,-2],[2,1],[0,-3],[-3,-1],[1,-2],[0,-2],[-2,0],[-2,-3],[0,-2],[-3,0],[-1,-3],[3,-1],[-2,-1],[-1,2],[-2,-2],[3,-4],[0,-2],[-2,3],[-1,-1],[1,-3],[0,-2],[-2,2],[-2,-1],[1,-4],[2,1],[-1,-3],[-4,3],[0,-3],[-2,-1],[1,-1],[1,-3],[1,0],[2,1],[1,0],[-2,-4],[-3,1],[-3,-2],[-2,0],[-3,0],[-2,2],[-2,-1],[0,2],[-2,-2],[0,-1],[4,-3],[0,-2],[-1,-1],[0,-3],[1,0],[3,1],[1,-1],[-1,-1],[-5,-2],[-1,-2],[4,0],[2,-3],[-2,-1],[1,-3],[2,1],[0,-3],[-2,-1],[1,-2],[2,0],[-1,-2],[-2,-2],[-5,-2],[0,-2],[-1,-1],[0,-1],[-1,-2],[2,-2],[3,0],[2,1],[0,-3],[3,1],[-1,2],[4,0],[2,-4],[-1,-4],[1,1],[3,-2],[-1,-4],[-2,-1],[0,-1],[3,-1],[0,-2],[2,1],[3,-1],[1,-1],[3,0],[-1,-2],[0,-1],[-2,-1],[1,-2],[1,1],[2,0],[1,-5],[2,-2],[-3,-1],[6,-1],[1,-1],[-4,-1],[-1,-3],[2,-2],[3,0],[5,-1],[1,-2],[1,-3],[2,-3],[3,-5],[-1,-1],[-2,-2],[-8,-2],[-5,2],[-6,3],[-5,2],[-3,2],[-5,3],[0,2],[1,5],[3,6],[0,5],[-1,3],[-4,1],[-4,0],[-9,-4],[-1,-3],[1,-3],[4,-6],[4,-5],[3,-3],[0,-4],[-1,-1],[-6,0],[-6,6],[-2,4],[-1,1],[-1,-3],[-3,-1],[-3,2],[-2,1],[-3,-1],[0,-1],[3,0],[3,-2],[0,-1],[-2,0],[-3,1],[-1,-2],[3,0],[0,-1],[2,-1],[0,-1],[0,-3],[-3,2],[-4,0],[0,-2],[4,0],[1,-2],[-3,-1],[1,-2],[-2,-2],[2,-2],[4,2],[1,-3],[-1,1],[-3,-1],[1,-1],[1,0],[2,-1],[-3,0],[-1,-1],[3,-2],[-1,-2],[-2,1],[1,-3],[-1,-2],[-3,2],[-2,-1],[-1,-3],[2,0],[1,-2],[3,0],[-1,-1],[-3,1],[-2,0],[-3,-4],[2,-1],[-1,-3],[2,-1],[2,1],[1,-1],[-2,-2],[-3,1],[-3,-1],[-1,1],[-1,0],[-2,1],[0,-2],[-2,-2],[-2,0],[0,-2],[-2,1],[0,-2],[-4,1],[-4,-7],[-2,-1],[-1,-1],[-1,0],[0,-2],[-2,-1],[-1,-4],[-3,-1],[1,0],[-2,-6],[-1,0],[0,-1],[-2,-1],[-2,-3],[-2,0],[0,-2],[-3,-1],[0,-1],[-2,0],[-1,-1],[-2,-2],[-3,-1],[-3,-1],[-5,1],[-4,-2],[-3,0],[-3,2],[-1,1],[2,2],[-1,2],[-2,1],[-2,0],[-2,-1],[0,1],[-3,0],[0,1],[-3,2],[-10,-3],[-2,0],[-4,1],[-4,-1],[-2,-1],[-1,-3],[-3,-3],[-2,0],[-1,-1],[0,-2],[-1,-1],[-3,-2],[-2,0],[-2,0],[-1,-2],[0,-2],[-2,-2],[1,-3],[-1,-3],[2,-5],[-2,-4],[0,-3],[0,-3],[-3,-4],[-5,-4],[-3,-2],[-7,-2],[-5,-3],[-154,-127]],[[5424,3314],[-1,387],[3,0],[3,-1],[4,-4],[4,-1],[3,2],[1,1],[3,4],[0,2],[-2,3],[-1,7],[-1,3],[0,2],[3,3],[6,0],[2,1],[3,3],[1,2],[-2,2],[-2,1],[-6,2],[-2,2],[-1,3],[0,2],[3,3],[2,1],[4,4],[2,1],[6,0],[5,1],[4,2],[3,4],[2,-1],[1,-1],[2,-5],[0,-2],[-4,-3],[0,-2],[2,-4],[1,-1],[6,-1],[3,0],[4,3],[4,4],[3,2],[8,3],[3,2],[2,3],[2,1],[4,-1],[1,-1],[0,-5],[1,-4],[2,-5],[3,-3],[1,-2],[-1,-3],[-2,-3],[-1,-2],[2,-1],[3,-1],[4,1],[1,2],[-1,3],[-2,4],[2,3],[1,1],[4,1],[4,-1],[5,0],[7,2],[4,0],[3,-3],[1,-1],[0,-6],[1,-2],[2,-1],[4,1],[4,2],[0,3],[0,3],[-3,6],[-1,2],[-2,6],[0,2],[2,1],[7,1],[2,-2],[5,-11],[0,-3],[-1,-4],[-4,-4],[-1,-3],[0,-2],[1,-3],[3,-2],[3,0],[2,0],[2,2],[1,6],[-1,4],[1,3],[2,1],[5,2],[10,-2],[4,-1],[2,-4],[0,-2],[-5,-4],[-1,-1],[1,-2],[2,-2],[4,-1],[4,0],[2,1],[2,2],[0,7],[1,3],[-1,8],[1,1],[8,3],[3,0],[6,-2],[1,-2],[1,-2],[0,-5],[-2,-3],[-7,-4],[-1,-2],[0,-3],[3,-2],[5,2],[4,0],[3,1],[3,3],[2,2],[0,3],[0,2],[-4,4],[1,3],[3,1],[4,0],[3,-1],[3,-3],[1,-3],[3,-3],[5,-4],[2,0],[3,2],[7,5],[3,2],[6,3],[4,1],[6,-2],[6,-4],[3,-1],[2,2],[1,2],[0,7],[-2,3],[-2,1],[-5,0],[-5,-1],[-3,0],[-3,3],[0,3],[4,-1],[6,1],[4,1],[2,2],[3,1],[7,-1],[2,1],[3,4],[3,5],[1,0],[3,-2],[0,-2],[-1,-1],[-3,-3],[0,-3],[3,-1],[4,0],[4,-1],[3,2],[7,2],[2,4],[2,1],[4,2],[5,-1],[2,-2],[-1,-4],[-1,-3],[-1,-5],[0,-3],[3,-2],[3,-1],[4,2],[2,1],[6,4],[2,1],[6,-1],[3,1],[1,2],[0,2],[-2,1],[-8,3],[-2,1],[0,4],[4,4],[5,1],[3,1],[2,-1],[2,-2],[0,-3],[2,-7],[0,-2],[0,-2],[2,-1],[2,1],[2,3],[6,3],[5,5],[3,4],[2,1],[5,3],[2,4],[3,2],[7,0],[5,3],[1,3],[3,1],[3,-3],[1,-2],[1,-7],[0,-2],[3,0],[2,1],[3,4],[8,6],[9,4],[3,2],[5,5],[7,0],[7,-2],[2,2],[-2,2],[-4,3],[0,3],[1,3],[1,2],[3,2],[3,1],[3,0],[1,-1],[2,-2],[4,-3],[4,-3],[2,-1],[4,3],[1,4],[0,3],[-1,4],[-1,2],[-1,3],[-2,3],[-6,1],[-1,-1],[-3,-4],[-3,0],[-2,3],[0,5],[1,3],[3,3],[3,3],[3,0],[7,0],[3,1],[2,2],[3,2],[1,4],[0,3],[-2,4],[-1,2],[1,2],[3,3],[5,1],[4,-2],[4,0],[2,1],[2,3],[4,1],[5,3],[2,0],[6,0],[7,5],[5,6],[2,1],[6,2],[5,2],[7,4],[2,1],[5,0],[4,0],[3,-2],[2,-2],[1,-5],[1,-3],[3,-3],[11,-5],[7,-4],[3,0],[6,-1],[6,0],[2,0],[11,8],[2,3],[2,5],[4,5],[1,3],[5,4],[7,2],[4,0],[4,-1],[3,-2],[3,-4],[1,-3],[0,-2],[2,-4],[0,-4],[-1,-5],[1,-2],[1,-2],[6,-1],[2,1],[3,2],[2,3],[-1,3],[-2,6],[0,2],[2,2],[4,3],[5,6],[4,4],[2,0],[4,-1],[6,-1],[3,-2],[2,-3],[1,-3],[0,-4],[-1,-6],[0,-3],[1,-1],[5,-1],[3,0],[2,1],[2,4],[-1,3],[0,6],[0,3],[-2,6],[-2,4],[0,3],[0,2],[2,2],[5,2],[5,1],[5,-1],[3,1],[2,2],[0,3],[-1,2],[-2,1],[-6,1],[-2,1],[0,5],[1,1],[2,3],[2,0],[6,-1],[4,-1],[6,2],[3,2],[-2,8],[1,2],[2,0],[2,0],[7,-2],[4,-3],[3,-2],[9,-1],[7,-2],[3,1],[3,1],[3,0],[3,2],[2,2],[1,4],[0,2],[0,6],[-2,4],[-2,1],[-2,2],[1,2],[1,1],[7,0],[6,0],[5,0],[4,3],[3,0],[8,-4],[6,-4],[3,0],[6,3],[6,3],[6,7],[5,5],[3,5],[7,8],[4,3],[3,0],[3,3],[5,3],[8,1],[5,1],[5,-1],[2,-2],[3,-7],[2,-3],[3,-2],[4,0],[6,1],[4,3],[5,4],[0,5],[-1,3],[-3,4],[-1,1],[1,3],[2,3],[3,1],[3,1],[2,0],[3,-1],[4,-2],[1,-5],[5,-3],[2,-3],[1,-3],[3,-4],[2,-2],[7,-5],[5,-2],[6,-1],[4,2],[2,1],[3,5],[1,4],[-2,4],[-4,3],[-8,5],[-1,3],[0,6],[-1,5],[1,6],[1,3],[0,4],[1,2],[3,3],[6,3],[5,1],[5,-1],[6,-3],[5,-1],[8,-1],[2,0],[1,1],[2,3],[0,6],[1,3],[2,1],[5,-1],[3,-1],[4,-2],[3,-4],[4,-10],[2,-3],[2,-3],[0,-3],[3,-3],[7,-5],[4,-2],[14,-4],[3,0],[5,0],[6,2],[3,2],[5,2],[7,1],[5,0],[7,-1],[4,-3],[2,-2],[2,-7],[1,-2],[2,-1],[5,7],[4,5],[6,4],[4,1],[9,1],[5,-1],[5,-2],[9,0],[7,1],[2,1],[6,1],[6,2],[11,2],[4,1],[5,0],[3,0],[6,-2],[5,-1],[2,1],[1,2],[2,3],[2,4],[0,2],[-1,5],[-2,2],[-3,1],[-6,0],[-3,-1],[-6,-1],[0,2],[1,1],[6,1],[11,2],[4,0],[9,-1],[4,-1],[5,-2],[3,-3],[1,-2],[0,-3],[0,-5],[-1,-3],[-2,-5],[0,-7],[2,-3],[4,0],[2,2],[6,6],[2,5],[5,6],[1,6],[-1,2],[-1,4],[-4,6],[-1,2],[-1,4],[1,1],[3,1],[4,0],[5,-3],[5,-4],[4,-6],[2,-3],[2,-5],[9,-5],[4,-2],[5,-4],[4,-1],[2,0],[3,1],[3,3],[2,4],[0,2],[-1,6],[1,3],[3,1],[4,0],[6,-1],[3,-3],[0,-3],[-2,-4],[-1,-4],[-3,-3],[-4,-6],[-1,-3],[3,-2],[5,0],[7,-1],[7,0],[6,3],[1,4],[2,2],[3,2],[5,2],[3,1],[3,1],[7,0],[3,-2],[8,-1],[3,1],[2,1],[1,3],[0,2],[-3,3],[-3,2],[-3,2],[0,2],[0,1],[4,0],[3,0],[7,-2],[3,-1],[4,-2],[3,-2],[2,0],[3,0],[3,4],[4,6],[2,1],[5,0],[6,-1],[10,-3],[4,-1],[2,-5],[3,-3],[3,-2],[4,0],[3,1],[3,1],[1,3],[-1,5],[-1,4],[-1,3],[0,6],[2,3],[2,0],[1,-2],[7,-6],[9,-6],[3,-1],[4,-1],[4,-1],[5,-5],[3,-1],[3,-4],[3,-2],[5,-2],[2,1],[3,4],[1,2],[2,9],[-2,5],[-1,2],[1,2],[4,2],[3,1],[4,0],[3,-2],[2,-2],[2,-5],[-2,-8],[0,-1],[3,-2],[2,0],[3,1],[3,3],[3,3],[6,13],[1,2],[0,2],[-3,6],[-1,1],[2,5],[3,2],[8,0],[4,-2],[3,-3],[2,-5],[1,-4],[-1,-9],[0,-4],[2,-2],[2,-1],[7,-2],[4,0],[4,3],[4,4],[3,3],[2,0],[3,-1],[2,-1],[1,-3],[0,-4],[0,-3],[2,-1],[4,-1],[5,1],[8,1],[3,2],[1,6],[2,4],[3,3],[4,0],[6,-1],[4,2],[1,2],[0,3],[2,2],[4,-2],[3,-2],[2,-5],[4,-5],[5,-4],[3,-1],[3,1],[3,2],[3,3],[0,3],[-1,4],[-1,4],[3,1],[1,-1],[3,-3],[3,-3],[1,-2],[4,-5],[2,-2],[4,-2],[5,0],[4,2],[3,3],[3,1],[5,0],[2,0]],[[4916,4522],[-1,-2],[0,-3],[2,-1],[1,-3],[-1,-1],[-3,-1],[-1,-4],[-3,-4],[-9,1],[-1,-2],[1,-3],[-1,-2],[-3,-2],[-5,-1],[-2,-3],[-2,-4],[-1,-3],[-1,-4],[-3,-2],[-6,0],[-3,0],[-1,3],[-3,-1],[-4,-6],[-4,-4],[-4,-1],[-4,-6],[-1,-3],[0,-3],[-2,-3],[-1,-6],[-1,-2],[1,-3],[-3,-1],[-3,-1],[-3,-6],[0,-3],[2,-1],[0,-2],[-2,-1],[-7,-9],[-6,-5],[-2,-2],[-3,-5],[-4,-3],[-2,-4],[-3,-2],[-2,1],[-3,0],[-1,-1],[-3,1],[-1,3],[-2,0],[-3,-1],[-1,-3],[-5,-3],[-3,-2],[0,-3],[-2,-4],[-3,-2],[-3,-4],[-4,-3],[0,-1],[-2,-2],[-4,-5],[0,-2],[6,-3],[3,-1],[1,-4],[2,-3],[0,-3],[-2,-5],[-2,-1],[2,-4],[1,-4],[5,-2],[0,-1],[-2,-4],[-2,-2],[-4,-2],[-4,-3],[-1,-4],[3,-4],[-2,-2],[-6,-2],[-4,-2],[1,-3],[4,-4],[0,-2],[3,-1],[0,-4],[2,-2],[0,-1],[4,-5],[1,-3],[0,-2],[-3,-6],[-2,-3],[-1,-3],[2,-3],[2,0],[2,-2],[0,-2],[-6,-2],[-7,-3],[0,-4],[-4,-2],[-1,-3],[-3,-1],[-1,-2],[0,-1],[-5,-5],[-1,-4],[-5,-6],[-1,-5],[-1,-2],[2,-3],[-1,-4],[-2,-5],[0,-1],[-2,-2],[0,-3],[-6,-1],[-3,-2],[-7,-4],[-3,-1],[-4,-1],[-3,0],[-3,-3],[-2,-2],[-2,-2],[0,-2],[-1,-2],[-1,-3],[0,-2],[-1,-2],[-2,-1],[-5,-2],[-6,-4],[-2,-2],[1,-2],[-1,-3],[0,-2],[-1,-1],[-5,-2],[-4,0],[-1,-2],[0,-1],[-2,-3],[-4,-2],[-1,-3],[-3,-2],[-2,-1],[-2,-2],[-3,-2],[2,-7],[-3,-3],[-3,1],[-3,0],[-1,-2],[-5,1],[-4,-1],[-3,-3],[1,-3],[-1,-2],[-3,-1],[-2,-3],[-3,-3],[1,-1],[-2,-2],[-5,-6],[-1,-1],[-3,-6],[-1,-2],[-3,-1],[-2,1],[-4,-1],[-3,-3],[-1,-3],[2,-1],[-2,-4],[-4,-3],[-3,1],[-3,0],[-2,-3],[-2,0],[-2,1],[-3,-1],[-2,-1]],[[3833,4068],[25,24],[2,-1],[2,-1],[0,-2],[2,-2],[0,-2],[-2,-2],[2,-1],[0,-4],[3,-2],[2,-3],[2,-2],[4,0],[1,-3],[1,-2],[3,1],[2,-6],[-1,-2],[1,-2],[3,-2],[1,0],[2,2],[3,1],[3,0],[3,1],[4,-1],[-1,-4],[1,-1],[3,0],[2,1],[3,-1],[5,-2],[0,-3],[1,-2],[2,0],[1,-3],[3,-1],[3,3],[6,-1],[1,-4],[1,-1],[2,0],[6,-5],[4,-1],[2,-2],[2,-1],[2,0],[5,-1],[4,1],[2,1],[4,0],[6,3],[1,2],[5,1],[7,1],[4,2],[0,2],[4,2],[0,1],[3,0],[1,2],[2,3],[1,3],[4,1],[2,-1],[3,2],[3,0],[0,1],[-3,3],[2,3],[-1,1],[2,6],[2,2],[4,0],[1,1],[2,0],[4,4],[4,1],[2,-1],[4,0],[3,2],[3,3],[6,1],[6,4],[2,3],[3,6],[1,1],[1,3],[5,-2],[8,-1],[8,-1],[9,5],[6,0],[2,-1],[3,2],[3,4],[-1,3],[5,1],[1,2],[1,3],[2,2],[3,3],[0,1],[4,4],[2,1],[1,5],[-2,3],[-2,2],[-5,1],[-3,2],[-2,3],[-1,4],[1,3],[2,1],[2,4],[3,3],[4,5],[1,3],[0,3],[4,2],[2,0],[3,0],[4,4],[0,2],[1,5],[3,4],[1,1],[-3,0],[-2,1],[-4,5],[1,2],[1,2],[3,3],[0,2],[-2,2],[1,3],[3,2],[1,3],[-1,3],[2,2],[2,1],[-1,1],[-1,3],[3,2],[-1,1],[0,3],[-3,2],[1,4],[2,2],[1,2],[2,4],[2,0],[1,2],[3,2],[0,1],[3,3],[3,0],[3,5],[0,3],[2,3],[3,2],[5,4],[0,3],[0,1],[4,2],[2,3],[0,2],[-1,5],[-3,2],[5,3],[3,2],[1,-1],[2,2],[2,-2],[3,-1],[3,0],[1,-1],[1,0],[4,2],[0,1],[3,3],[0,4],[0,4],[1,2],[3,2],[-1,3],[2,1],[2,0],[2,-1],[1,0],[2,-1],[1,1],[2,-2],[5,0],[4,0],[1,1],[3,0],[3,-7],[0,2],[3,1],[2,0],[2,1],[3,1],[-1,1],[2,2],[1,2],[2,0],[1,1],[2,2],[-1,2],[2,0],[1,-1],[2,0],[4,1],[1,2],[4,2],[6,-1],[8,0],[-2,1],[1,3],[3,2],[-1,2],[0,3],[2,0],[-1,3],[2,2],[2,2],[1,-1],[3,2],[2,-1],[-1,-2],[1,-1],[4,0],[1,1],[5,1],[1,-2],[-1,-3],[2,2],[3,-1],[5,3],[2,2],[2,0],[-1,1],[0,3],[1,2],[2,0],[0,-1],[1,-1],[3,0],[2,-2],[-1,-1],[1,-1],[1,-2],[1,0],[3,-1],[0,-2],[2,0],[1,-2],[2,0],[3,-2],[5,-2],[1,-1],[2,-2],[4,0],[2,-1],[2,-2],[3,0],[3,-2],[-2,-1],[2,-1],[3,-3],[1,1],[1,3],[-1,1],[2,1],[1,2],[1,1],[0,3],[-1,3],[1,2],[1,1],[2,2],[0,2],[3,2],[6,5],[4,-3],[2,1],[5,0],[-1,-3],[1,0],[2,1],[5,0],[1,-2],[-2,-5],[1,-1],[0,-6],[2,0],[6,-2],[3,-1],[4,0],[1,-1],[3,0],[0,5],[-2,7],[1,5],[1,2],[5,2],[5,0],[5,4],[-2,1],[-1,2],[1,2],[2,2],[4,1],[4,-2],[4,-1],[5,0],[2,1],[38,-1],[4,1],[3,-1],[6,0],[3,-1],[3,0],[2,-1],[-2,-2],[-2,-1],[-2,-3],[1,-5],[4,-2],[3,-2],[2,-2],[0,-4],[-4,0],[1,-3],[-2,0],[-5,0],[-4,-2],[-3,0],[-3,-2],[2,-6],[-4,-1],[4,-3],[-4,-5],[1,-2],[2,-3],[-1,-4],[2,-2],[-4,-6],[2,-3],[-1,-2],[-3,-1],[-2,-2],[0,-2],[-3,-2],[1,-1],[-1,-2],[5,-1],[1,-2],[2,2],[2,-1],[4,-1],[3,1],[1,-1],[6,-2],[0,1],[4,-1],[5,1],[2,0],[3,0],[2,-1],[1,-2],[3,-2],[1,-1],[3,-1],[3,1],[3,1],[0,2],[5,1],[2,0],[2,0],[2,-1],[5,0],[2,0],[0,-2],[3,-1],[2,1],[2,1],[3,0],[2,0],[3,1],[1,1],[4,1],[3,-2],[3,2],[3,0],[2,2],[4,0],[3,0],[2,2],[3,3],[2,1],[2,2],[1,0],[2,2],[1,0],[2,3],[1,1],[3,1],[0,2],[3,1],[-2,2],[2,1],[5,0],[2,2],[2,1],[1,2],[8,4],[-1,3],[0,2],[2,3],[4,2],[3,4],[3,1],[3,4],[0,2],[1,5],[2,1],[3,2],[2,0],[0,1],[-2,2],[0,2],[1,2],[2,1],[2,2],[3,1],[0,1],[5,2],[5,3],[5,1],[2,2],[3,4],[3,0],[1,2],[4,1],[0,3],[2,2],[0,3],[-3,1],[1,1],[-2,2],[-3,1],[-6,8],[1,3],[-1,3],[-2,2],[1,3],[1,1],[1,4],[-1,2],[2,1],[2,7],[4,3],[7,1],[3,0],[1,-2],[3,0],[1,1],[5,4],[4,5],[0,1],[3,3],[1,3],[0,2],[-5,3],[1,2],[-2,3],[1,2],[-2,2],[-1,0],[0,4],[1,2],[5,3],[1,1],[2,2],[0,3],[4,3],[1,1],[4,-3],[2,1],[1,1],[4,1],[2,6],[0,4],[1,4],[3,1],[2,3],[1,3],[4,4],[1,0],[3,4],[0,2],[2,0],[4,2],[2,-1],[2,2],[0,1],[2,2],[2,0],[2,1],[4,0],[1,2],[3,1],[0,1],[2,0],[1,1],[6,4],[2,0],[1,2],[4,3],[1,3],[4,1],[3,3],[5,1],[6,6],[1,4],[6,4],[1,1],[4,3],[6,5],[0,2],[3,1],[-1,2],[1,2],[2,1],[1,5],[2,2],[2,3],[0,5],[3,6],[4,2],[1,3],[-1,1],[0,2],[1,1],[0,2],[2,2],[0,2],[-2,2]],[[5465,8547],[-1,2],[-4,6],[-1,1],[-1,3],[-2,3],[-1,10],[-1,2],[-7,3],[0,1],[-2,1],[-1,2],[-3,3],[0,2],[-1,2],[0,4],[-1,4],[-1,1],[-1,3],[0,3],[2,3],[-1,5],[-2,2],[-2,3],[2,4],[-1,2],[-1,0],[-3,3],[-2,1],[0,1],[-3,1],[-2,1],[-2,1],[-1,3],[-1,1],[1,2],[0,2],[2,1],[2,4],[4,4],[2,2],[0,3],[-2,2],[-1,3],[1,1],[2,0],[0,1],[3,2],[1,2],[3,0],[2,1],[-4,8],[-2,-1],[0,3],[-4,1],[3,4],[3,1],[0,1],[-2,0],[-2,2],[3,0],[1,2],[0,1],[-4,0],[-1,1],[0,2],[-1,2],[1,0],[2,1],[-2,3],[4,2],[0,1],[3,1],[-1,1],[2,2],[-4,4],[0,3],[0,1],[-2,0],[-2,0],[0,1],[-2,2],[1,2],[-1,1],[-1,2],[2,1],[4,0],[0,3],[7,-1],[-1,2],[3,0],[2,-2],[3,3],[1,2],[2,0],[2,1],[-2,5],[3,0],[1,2],[2,-1],[1,1],[-3,1],[3,3],[4,0],[1,3],[3,1],[1,-1],[2,0],[3,4],[-2,2],[2,2],[3,-1],[1,4],[0,2],[-1,2],[0,2],[2,2],[-1,4],[2,1],[2,-1],[1,1],[-1,2],[-2,0],[1,1],[3,0],[-3,2],[0,1],[2,0],[2,1],[2,0],[0,4],[0,5],[2,4],[-2,2],[-4,1]],[[5481,8788],[5,-1],[16,-3],[8,-1],[1,1],[2,1],[8,-1],[1,1],[3,1],[2,1],[3,0],[8,1],[2,1],[3,1],[17,-3],[8,-1],[7,0],[2,1],[5,0],[4,2],[14,0],[23,0],[10,1],[4,1],[3,2],[15,2],[0,1],[6,1],[6,1],[6,2],[9,3],[6,3],[2,2],[7,4],[1,3],[3,2],[10,4],[2,2],[4,1],[2,1],[1,2],[9,5],[6,4],[3,4],[1,3],[0,2],[1,3],[2,2],[13,6],[5,3],[5,4],[1,2],[1,3],[4,4],[7,1],[6,2],[5,1],[8,3],[7,3],[1,2],[7,5],[8,7],[7,6],[2,3],[5,4],[8,6],[3,3],[6,3],[6,3],[4,2],[8,3],[3,2],[6,1],[12,4],[3,1],[3,3],[6,3],[6,2],[1,2],[6,2],[5,2],[2,1],[6,3],[6,1],[5,2],[3,1],[3,1],[3,2],[6,10],[4,3],[3,4],[4,4],[5,3],[4,4],[3,6],[3,2],[3,3],[9,3],[4,3],[4,3],[2,1],[8,5],[6,6],[5,3],[4,2],[6,1],[8,3],[3,1],[7,3],[4,3],[7,1],[7,0],[13,3],[4,1],[6,2],[6,3],[2,0],[8,-1],[5,1],[7,1],[3,1],[3,2],[5,5],[4,2],[2,2],[3,2],[3,1],[5,0],[3,0],[5,-2],[2,0],[7,2],[3,2],[6,2],[-1,1],[8,5],[2,3],[6,2],[6,2],[5,0],[6,-1],[7,1],[1,1],[14,0],[4,-1],[2,1],[5,0],[4,1],[0,2],[3,1],[5,1],[2,1],[7,1],[4,1],[1,1],[4,2],[3,3],[10,6],[3,3],[11,3],[6,2],[7,2],[4,4],[5,2],[3,0],[3,3],[3,2],[3,0],[3,2],[5,0],[5,3],[6,4],[2,1],[9,6],[7,3],[6,4],[2,0],[-2,-5],[-2,-1],[1,-1],[4,-1],[1,1],[4,4],[5,1],[2,2],[1,2],[0,3],[-3,-1],[-3,-3],[-3,-1],[-2,1],[-3,0],[4,2],[2,3],[4,2],[4,5],[3,3],[0,1],[4,5],[3,6],[2,3],[1,4],[0,3],[1,2],[4,9],[4,5],[5,5],[2,3],[0,2],[2,6],[4,5],[2,3],[3,4],[1,3],[4,3],[2,6],[0,4],[2,4],[1,3],[4,7],[2,4],[1,1],[1,4],[0,5],[-2,4],[1,11],[-1,1],[-1,4],[1,4],[0,2],[-2,2],[1,1],[0,5],[0,1],[-2,3],[0,7],[-1,4],[-2,2],[-2,1],[-3,1],[-8,0],[-3,-1],[-2,1],[-2,0],[2,4],[0,2],[3,1],[2,0],[4,1],[-1,3],[5,1],[2,2],[8,1],[0,3],[3,1],[5,-1],[2,0],[11,-2],[5,0],[2,-1],[2,0],[7,0],[3,0],[0,-1],[3,1],[7,1],[4,1],[7,0],[2,2],[5,0],[3,1],[5,1],[7,-1],[6,0],[8,3],[5,1],[4,1],[1,1],[9,2],[1,-1],[2,0],[1,1],[2,1],[-1,-2],[1,-2],[3,0],[0,-1],[-1,-3],[0,-2],[-2,0],[-2,-7],[-2,-1],[-1,-3],[-3,-2],[-5,-1],[-5,-3],[0,-2],[1,-5],[-2,-1],[-2,2],[-3,-3],[1,-2],[-3,-3],[4,0],[5,-2],[3,-1],[0,-2],[3,-3],[-3,-3],[1,-1],[-1,-2],[-2,-4],[0,-3],[5,1],[0,1],[2,0],[2,3],[2,-3],[3,-2],[-2,3],[-2,5],[3,0],[1,1],[-2,1],[3,2],[0,2],[1,0],[-1,2],[-1,1],[3,1],[0,-3],[0,-2],[-2,-3],[2,0],[-2,-2],[1,-2],[-2,-4],[1,-2],[3,1],[3,1],[0,1],[3,1],[2,-2],[1,1],[4,0],[0,1],[-4,2],[1,1],[4,-3],[2,1],[-1,-3],[4,-1],[3,2],[-1,3],[2,1],[-1,1],[4,1],[-1,1],[2,0],[0,2],[-2,1],[0,2],[0,3],[-2,2],[5,0],[2,-1],[2,1],[1,2],[4,1],[2,0],[0,3],[3,0],[4,0],[0,2],[2,0],[1,-1],[-2,-2],[3,-1],[4,2],[5,-2],[2,0],[3,3],[1,0],[-2,1],[-1,2],[1,4],[1,-3],[2,1],[0,3],[-2,3],[1,1],[-2,2],[-1,0],[-3,2],[0,2],[-5,2],[-1,3],[1,0],[2,2],[-1,2],[5,-1],[0,3],[-5,3],[-4,0],[-1,-3],[-4,3],[1,1],[-1,4],[-1,1],[2,2],[1,-1],[1,2],[-1,2],[-2,0],[0,2],[-6,1],[-3,-1],[-3,1],[-4,-1],[2,-1],[-2,-1],[-2,2],[-3,-1],[-2,1],[-6,-1],[-1,1],[-3,0],[-3,-2],[-1,-1],[2,-4],[-1,-2],[0,3],[-3,1],[-1,-1],[-1,2],[-1,2],[-2,0],[1,1],[5,3],[4,1],[2,3],[3,3],[4,4],[12,5],[4,4],[2,0],[2,3],[5,3],[6,5],[1,1],[3,2],[3,4],[2,0],[1,2],[4,4],[2,1],[1,-1],[3,0],[1,-2],[4,-1],[2,0],[1,1],[2,2],[5,2],[3,1],[0,5],[1,1],[5,0],[2,0],[3,-1],[1,-3],[-4,-2],[-1,-1],[-8,-4],[-1,-2],[-3,-1],[0,-1],[-4,-1],[-1,-3],[3,-6],[3,-5],[6,-5],[5,-2],[6,-1],[4,1],[0,1],[2,3],[-1,0],[-1,3],[2,1],[0,1],[2,1],[0,2],[2,0],[3,1],[5,0],[3,-1],[7,1],[3,1],[4,2],[5,4],[2,2],[2,3],[2,4],[0,5],[0,2],[-2,2],[-3,2],[-8,1],[-3,-1],[0,2],[6,1],[3,2],[5,2],[4,2],[3,3],[1,4],[0,2],[2,1],[4,1],[1,-1],[1,-5],[3,-1],[-2,-2],[2,-1],[0,-1],[-4,-1],[-2,-1],[-1,-1],[-2,-1],[1,-5],[1,-2],[1,-2],[0,2],[1,2],[3,-1],[2,-2],[-2,0],[2,-2],[3,2],[0,2],[3,0],[3,-2],[1,-2],[2,0],[-1,-1],[-4,-2],[2,-1],[4,2],[1,1],[4,3],[-3,3],[-7,2],[0,1],[7,3],[0,1],[-4,1],[4,1],[2,-1],[8,-1],[2,0],[5,4],[4,0],[0,1],[5,3],[1,1],[3,1],[0,-2],[3,2],[1,-1],[-2,-1],[1,-1],[2,0],[7,3],[-2,2],[1,1],[-2,2],[-2,0],[-2,-2],[-7,0],[-1,-1],[-5,0],[-1,-2],[-3,1],[3,-2],[-5,0],[-4,-1],[1,-1],[-4,1],[0,2],[1,1],[4,1],[1,2],[2,2],[2,-1],[0,2],[6,2],[-4,1],[1,1],[6,1],[0,2],[-3,1],[-4,-1],[-4,0],[-2,-4],[-4,0],[0,2],[1,0],[1,2],[-2,-1],[-3,-3],[-4,-2],[-5,-1],[-3,0],[-2,-1],[-1,0],[-2,1],[2,2],[4,2],[3,4],[3,1],[1,1],[0,2],[-2,1],[-4,-3],[-4,-1],[-2,-1],[-1,-2],[-1,-1],[-2,-4],[-1,0],[-2,-2],[-5,-1],[-6,-3],[-2,-1],[-2,0],[-1,0],[1,5],[3,3],[0,2],[3,3],[3,1],[1,2],[4,1],[1,0],[9,3],[3,0],[3,2],[3,3],[2,1],[4,0],[4,2],[4,0],[5,-1],[6,-1],[2,-1],[9,-5],[5,-3],[2,0],[2,1],[5,-2],[4,0],[2,1],[4,-1],[2,1],[7,-2],[4,0],[2,3],[-1,1],[6,-2],[3,-1],[3,-2],[3,1],[0,2],[4,0],[3,1],[8,-3],[2,0],[1,1],[10,-5],[10,-3],[8,-2],[4,-1],[3,-3],[4,-2],[4,-1],[3,-2],[3,-4],[0,-2],[3,-2],[1,0],[2,-3],[4,-2],[3,-1],[2,2],[1,2],[4,-1],[4,-2],[3,0],[1,1],[3,0],[3,1],[2,-1],[1,-2],[4,0],[2,-1],[4,0],[3,-1],[3,0],[4,-2],[4,-1],[4,-2],[2,1],[10,-7],[2,-1],[6,-3],[2,-1],[4,0],[2,2],[1,3],[2,-1],[2,0],[3,-1],[8,-4],[2,-1],[3,-1],[10,-5],[6,-5],[1,-2],[8,-3],[3,-2],[1,-2],[4,-4],[4,-1],[3,-5],[-2,-2],[2,-5],[-1,-4],[2,-3],[2,-4],[2,-2],[3,-5],[4,-5],[2,-3],[3,-4],[4,-8],[3,-2],[8,-13],[2,0],[3,-6],[3,-7],[3,-2],[3,-6],[4,-4],[4,-5],[1,-3],[2,-2],[2,-3],[4,-4],[1,-2],[2,-2],[4,-6],[1,0],[2,-5],[-1,-1],[0,-9],[0,-2],[0,-2],[2,-6],[-1,-2],[-1,-7],[-2,0],[0,-3],[-2,-2],[-2,-3],[-1,-2],[-2,-3],[-2,-1],[-2,-4],[-5,-2],[-1,0],[-4,0],[-2,0],[-2,-3],[-1,1],[-2,0],[-2,-2],[-2,-2],[-2,-1],[-1,1],[-2,1],[-1,-1],[-3,-4],[-1,-1],[-2,2],[-5,-1],[-1,-2],[-2,0],[-4,-2],[-2,-2],[-4,-2],[-2,-1],[-2,0],[-2,-1],[-4,-4],[-2,-2],[-1,-1],[-3,1],[-4,-3],[-1,-2],[-2,-1],[-4,-3],[-2,-1],[-2,-3],[-6,-5],[-1,-4],[-4,-1],[-4,-3],[-2,-1],[-4,3],[0,3],[-3,1],[-5,0],[-1,1],[-1,2],[-4,2],[-1,1],[-2,-1],[0,-2],[1,-1],[3,0],[2,1],[0,-2],[-2,-1],[-2,1],[0,-2],[-1,-1],[-2,2],[-6,2],[-2,0],[0,-7],[-3,-1],[1,-2],[3,-1],[4,1],[3,-1],[2,3],[4,1],[1,2],[2,0],[1,2],[2,0],[2,1],[3,-2],[-4,-3],[-2,-2],[-1,-4],[-1,-6],[-2,-2],[-3,0],[-1,-2],[-2,-3],[-1,-2],[-1,-4],[-2,-2],[-2,-3],[-1,-7],[0,-6],[-2,3],[0,1],[-2,2],[-2,0],[1,2],[-1,2],[-1,0],[-5,-1],[-3,-5],[4,1],[0,1],[2,-1],[-1,-1],[-1,0],[-3,-2],[-3,1],[-3,0],[-3,-2],[-2,3],[-2,0],[2,-4],[-2,0],[-1,-2],[3,0],[-2,-2],[-2,1],[-1,0],[0,2],[-5,0],[-2,1],[-2,-2],[-4,-1],[0,-6],[2,-2],[5,-1],[-25,-7],[-28,-7],[-17,-5],[-25,-4],[-61,-14],[-23,-7],[-2,-1],[-45,-13],[-46,-13],[-13,-4],[-26,-3],[-15,-3],[-25,-5],[-8,-2],[-12,-2],[-27,-4],[-6,-8],[-31,-49],[-6,-9],[-8,-12],[-65,-100],[-20,-31],[-15,-23],[-34,-52],[-2,-3],[-4,0],[-3,-1],[-8,0],[-4,0],[-6,3],[-2,-1],[-4,1],[-5,1],[-5,-1],[-3,0],[-6,2],[-3,-2],[-4,1],[0,1],[-5,1],[-2,1],[-3,0],[-6,-3],[-1,-2],[-4,-2],[-2,0],[-4,-1],[-2,0],[-4,-1],[-3,-1],[-4,-1],[-4,-1],[-6,-2],[-3,0],[-7,0],[-1,-2],[-3,0],[-2,-1],[-4,-3],[-1,0],[-2,4],[0,3],[-1,0],[-3,-2],[-5,-3],[-2,-3],[-4,0],[-4,-3],[-5,-4],[-4,-1],[-3,-3],[0,-3],[-2,-1],[-3,-1],[-1,-2],[2,-1],[2,-1],[4,-6],[1,-4],[2,-1],[-5,-4],[-6,-6],[-3,-1],[-3,-3],[-1,-6],[0,-1],[-6,-2],[-1,-2],[-3,-1],[-2,-1],[1,-3],[4,-2],[0,-1],[-3,-3],[-2,0],[-4,-2],[-2,-3],[-2,-4],[1,-3],[-6,-7],[-1,-3],[-2,-3],[-1,-3],[-1,-1],[0,-2],[-5,-4],[-2,-4],[-4,-1],[-2,-2],[-2,-3],[-3,-3],[-2,-1],[-7,-2],[-8,-6],[-1,-3],[-3,-4],[-2,0],[-3,2],[-1,0],[-7,-1],[-5,0],[-6,-2],[-2,-2],[1,-2],[-1,-4],[-4,-5],[-2,0],[1,-4],[-2,-5],[-2,-2],[0,-3],[1,-1],[-1,-2],[-4,-3],[-3,-1],[-2,-2],[1,-3],[-1,-5],[-4,-3],[0,-2],[3,-6],[-1,-2],[-1,-1],[0,-3],[-1,-2],[0,-2],[2,-2],[-2,-1],[-4,-2],[-3,0],[-3,1],[-5,-1],[-2,-1],[-2,-2],[-2,-6],[-3,-2],[3,-2],[-1,-2],[-2,-3],[-1,-4],[2,-4],[1,-3],[-1,-1],[-8,-5],[-2,-3],[0,-1],[-1,-5],[-1,-3],[-3,-3],[-1,-5],[2,-2],[-1,-3],[-7,0],[0,-3],[1,-4],[-2,-1],[1,-2],[-1,-1],[-9,-6],[-2,0],[-5,-2],[-2,-2],[-2,-1],[-6,-5],[0,-6],[-2,-3],[-5,-3],[-7,-4],[-6,-4],[-2,-2],[-1,-8],[-1,-2],[-4,-2],[-1,-2],[-3,-1],[-4,0],[2,-3],[1,-4],[3,-5],[-1,-1],[0,-2],[-2,-2],[-3,-1],[0,-2],[1,-3],[-3,-3],[1,-4],[-6,-3],[-1,-4],[-2,-1],[-1,-3],[-2,-2],[-3,-1],[0,-1],[-4,-1],[-2,-1],[0,-1],[-2,0],[-4,0],[-3,-2],[-1,0],[-1,-3],[-2,-2],[-2,-2],[-2,-2]],[[4623,8700],[4,0],[3,-3],[3,-1],[3,1],[5,-3],[8,-3],[5,-2],[9,-1],[9,-3],[4,0],[13,-5],[6,-3],[9,-2],[4,-3],[27,-9],[9,-3],[13,-4],[4,-1],[6,-1],[13,-5],[13,-4],[12,-2],[15,-4],[10,-2],[6,-1],[14,-3],[13,-2],[14,-3],[16,-1],[3,0],[9,-1],[8,0],[15,0],[10,0],[18,1],[8,0],[13,2],[10,2],[5,1],[6,3],[2,1],[1,1],[9,4],[7,3],[10,6],[4,4],[1,2],[-1,3],[4,4],[2,1],[4,4],[0,2],[8,7],[2,3],[0,3],[-1,2],[-1,2],[0,3],[-2,2],[-1,5],[-1,1],[-1,3],[-3,1],[-1,2],[0,1],[-2,2],[2,3],[-1,2],[1,1],[2,4],[0,1],[1,2],[0,5],[-2,6],[-1,4],[-2,2],[-1,3],[-4,0],[1,3],[5,5],[3,6],[0,3],[-3,2],[-3,0],[3,3],[-1,1],[-2,0],[-3,3],[3,0],[2,2],[1,2],[3,0],[2,1],[1,1],[1,1],[5,6],[0,2],[-1,1],[1,1],[-1,2],[-3,-3],[0,2],[2,1],[2,0],[1,1],[2,-1],[7,2],[1,2],[2,0],[3,2],[-1,2],[-3,-1],[0,2],[-3,0],[-3,0],[0,2],[3,2],[2,1],[2,4],[0,2],[3,1],[0,1],[-3,5],[1,1],[3,-1],[0,-1],[3,-1],[2,3],[3,-1],[1,2],[1,1],[1,-1],[4,0],[0,-1],[-2,-2],[1,-3],[1,0],[4,2],[2,-2],[4,0],[3,2],[1,2],[-2,0],[-1,2],[-2,1],[0,3],[-2,2],[-2,2],[-1,3],[5,0],[2,0],[0,3],[4,1],[-1,2],[2,0],[0,-1],[3,-1],[-3,-3],[1,-1],[4,0],[1,-2],[-1,-1],[1,-3],[3,2],[3,0],[-2,4],[2,2],[-2,0],[1,3],[2,0],[2,-1],[3,-1],[-1,-1],[2,-1],[-1,-1],[1,-1],[3,0],[0,-3],[3,0],[1,3],[-1,3],[-1,1],[0,2],[-3,3],[1,3],[4,1],[-1,-1],[1,-3],[3,0],[1,-1],[2,1],[-1,-4],[1,-1],[-2,-1],[1,-1],[-2,-1],[0,-2],[2,-1],[3,-1],[2,2],[3,-3],[3,0],[2,1],[1,2],[-1,1],[0,3],[-1,1],[-1,1],[2,2],[1,3],[1,1],[4,0],[3,1],[0,-1],[-1,-2],[1,0],[2,-3],[-1,-2],[4,-1],[2,0],[3,2],[-2,3],[-1,0],[2,3],[0,2],[4,1],[2,0],[1,-2],[-1,-2],[4,-1],[0,-1],[3,2],[-1,2],[6,1],[2,-2],[6,0],[1,-2],[2,0],[2,2],[1,-1],[7,0],[3,-2],[6,1],[3,-1],[0,-2],[2,-2],[3,0],[4,-2],[0,-1],[4,-2],[3,-3],[3,-1],[6,-2],[3,1],[2,-2],[3,-1],[4,0],[8,-4],[7,0],[4,-2],[5,-4],[4,-2],[3,-3],[6,-1],[5,-3],[6,-1],[4,-1],[9,-2],[8,-2],[7,-2],[11,-2],[5,0],[6,1],[1,2],[3,0],[2,1],[4,1],[16,-4],[10,-2],[3,-1],[5,1],[2,1],[4,2],[2,0],[13,-3],[8,-1],[3,-1],[8,2],[4,0],[5,1],[7,1],[6,0],[8,2],[6,0],[1,1],[13,-2]],[[7158,5179],[0,-98],[0,-1],[0,-1045]],[[1911,3256],[0,0]],[[3234,3163],[-1,-1],[1,-5],[4,-2],[1,-2],[2,0],[2,-3],[2,-1],[-6,-3],[0,-3],[-3,-1],[-3,-3],[-2,0],[-4,-4],[0,-2],[-1,-4],[-2,-2],[1,-2],[-2,-3],[-2,0],[-8,1],[-4,0],[-4,-1],[-1,2],[2,4],[-3,1],[-2,0],[-1,2],[-1,2],[-5,-3],[0,-3],[1,-2],[-3,-2],[-1,-2],[1,-3],[5,-4],[0,-1],[3,-3],[-2,-2],[0,-3],[-2,-3],[-1,-3],[0,-3],[-2,-3],[-4,-1],[-5,-3],[-6,-1],[-2,-5],[-2,1],[-2,0],[-3,-2],[-3,-4],[-5,2],[-4,0],[-4,1],[-2,-1],[-3,-1],[-3,-1],[-4,-1],[-1,-2],[-6,-3],[-4,-1],[-1,1],[-8,-1],[-1,-1],[2,-4],[0,-1],[-5,-2],[-2,-3],[1,-2],[-1,-2],[-2,-2],[1,-1],[-2,-5],[1,-3],[0,-1],[3,-3],[1,-4],[2,-3],[0,-4],[-3,-5],[1,-2],[1,-5],[-1,-4],[1,-4],[3,-5],[2,-1],[1,-2],[3,1],[5,-3],[3,1],[0,-4],[2,-1],[-1,-2],[0,-3],[3,-1],[1,-3],[4,-1],[4,2],[1,1],[7,5],[-2,-5],[0,-1],[3,-4],[0,-1],[4,-4],[1,-5],[0,-3],[-1,-1],[1,-6],[-1,-1],[-5,0],[-2,0],[-2,-4],[-2,-2],[-1,-2],[-2,-1],[-4,0],[-7,-2],[-4,-2],[-3,-3],[-1,-2],[0,-3],[3,-2],[1,-4],[0,-2],[-5,-1],[0,-2],[-2,-1],[-1,-4],[-3,-2],[0,-4],[-2,-2],[-6,-1],[-3,-2],[-2,-2],[-6,-3],[-3,-4],[0,-2],[-1,-3],[0,-2],[4,-2],[0,-4],[0,-4],[-1,-2],[3,-5],[2,-2],[1,-2],[1,0],[4,-5],[-2,-1],[-3,-1],[-4,-1],[-2,-1],[-5,-1],[-2,-1],[-2,-1],[-3,1],[-2,-1],[-12,-40],[-5,-17],[-13,-45],[-2,-6],[2,-2],[2,-3],[3,-3],[7,-4],[2,-1],[5,-2],[4,0],[4,-1],[5,0],[1,-2],[0,-1],[1,-1],[4,0],[-1,3],[1,0],[2,-2],[1,-1],[0,-1],[3,0],[1,-3],[-2,-1],[2,-3],[-2,-4],[0,-2],[1,-3],[2,-1],[0,-2],[-2,0],[-3,-1],[-2,-2],[-3,0],[1,-5],[-2,-4],[1,-4],[0,-4],[1,-4],[3,-2],[2,-2],[1,-2],[-3,-1],[1,-3],[2,-2],[1,-4],[2,-3],[0,-1],[2,-2],[5,-2],[2,-4],[0,-3],[-2,-5],[-2,-4],[0,-3],[2,-4],[0,-2],[2,-3],[4,2],[1,0],[4,-4],[-1,-2],[-3,-4],[-3,-1],[0,-1],[3,0],[1,-2],[-2,-3],[4,-1],[1,-2],[0,-1],[-5,1],[-1,-1],[1,-3],[-1,-3],[-2,-2],[-2,1],[-3,-2],[-1,2],[-1,1],[-1,-1],[0,-5]],[[3105,2611],[-6,2],[-3,2],[-4,-1],[-3,-2],[-5,1],[-5,0],[-2,2],[-5,2],[-1,2],[-3,1],[-3,-1],[-2,1],[-3,1],[-4,-2],[0,-2],[-2,-2],[-4,-1],[-1,-2],[-2,0],[-2,-4],[-4,0],[-4,-2],[-4,-1],[-2,2],[-4,-2],[-3,0],[-3,2],[-1,0],[-4,-2],[-1,0],[-1,1],[-2,1],[-2,-1],[-5,3],[-2,1],[-3,-2],[-1,-1],[-1,-1],[-4,1],[-3,-1],[-2,0],[-2,0],[-3,1],[-3,0],[-2,1],[-3,0],[0,1],[-4,3],[-2,3],[-3,0],[-1,0],[0,2],[-3,1],[-1,1],[-6,1],[-5,1],[-6,0],[-3,2],[-2,1],[-1,-1],[-1,0],[-1,1],[-4,2],[-2,1],[-2,-2],[-5,0],[-1,-1],[3,-3],[0,-2],[-2,-1],[-5,2],[-3,2],[1,1],[-1,2],[-1,0],[-2,2],[-6,2],[-2,0],[-3,-3],[-4,-3],[-3,-1],[-5,0],[-2,0],[-2,2],[-2,0],[-4,1],[-4,-1],[-6,2],[-9,1],[-11,2],[-3,0],[-5,-1],[-7,2],[-9,-3],[-1,2],[-1,3],[2,0],[0,2],[3,1],[2,4],[-2,4],[1,2],[-1,1],[2,1],[-2,4],[3,5],[-1,2],[0,1],[-1,2],[-1,3],[-2,1],[0,2],[1,2],[0,1],[2,4],[2,5],[1,1],[-1,5],[0,4],[-1,1],[-1,2],[-1,3],[2,3],[-1,3],[1,1],[2,2],[-1,1],[1,2],[2,3],[0,2],[2,0],[0,4],[1,1],[-1,2],[0,1],[3,0],[2,1],[1,2],[-1,3],[4,3],[4,1],[2,1],[1,6],[1,1],[-1,2],[3,3],[2,3],[-1,1],[1,1],[-1,1],[1,3],[-1,1],[0,4],[1,0],[0,3],[0,3],[-2,3],[-1,2],[3,4],[-4,0],[-4,4],[-4,-3],[-4,0],[-2,-1],[-3,0],[-4,0],[-3,1],[-2,-2],[-2,1],[-3,-2],[-2,0],[-3,-1],[-4,0],[-2,-1],[-1,1],[-4,-1],[-6,1],[-3,4],[-3,0],[-2,1],[-3,3],[-4,2],[-1,3],[-4,-1],[-2,2],[-3,0],[-1,3],[-3,3],[-2,1],[-5,1],[-3,3],[-1,0],[-3,0],[-2,1],[-3,1],[-2,2],[-5,0],[-4,2],[-4,-1],[-5,1],[-3,3],[0,3],[-3,3],[1,6],[-1,3],[-11,2],[-3,-1],[-1,1],[1,5],[2,1],[-3,2],[4,2],[1,4],[1,2],[2,1],[2,3],[8,2],[4,3],[2,3],[-10,0],[0,4],[1,1],[0,1],[2,2],[3,0],[1,2],[1,2],[0,4],[-3,0],[-1,1],[1,0],[-2,2],[-4,0],[0,-1],[-3,2],[-2,0],[1,1],[-2,2],[-4,1],[0,3],[-2,0],[0,2],[-1,-1],[-2,1],[-2,0],[-2,1],[0,1],[-2,2],[-2,0],[-1,1],[-1,-1],[-4,1],[-1,-2],[-2,0],[0,-1],[-2,-2],[-4,-1],[-1,-2],[-4,0],[-3,-2],[-3,2],[-7,2],[-2,1],[-3,-1],[-3,0],[-4,-2],[-3,-1],[-3,1],[-5,-1],[-2,-1],[0,-1],[-4,0],[0,-2],[-2,0],[-4,-4],[0,-2],[-1,-1],[-3,-4],[-5,-1],[-3,0],[-3,-1],[-7,-1],[-3,0],[-5,-1],[-3,1],[-3,-1],[-5,2],[-1,0],[-4,2],[-6,1],[-6,1],[-3,0],[-1,0],[-3,0],[-8,2],[-5,2],[-2,-1],[-3,0],[-2,2],[-10,2],[-7,0],[-1,1],[0,3],[-2,2],[-3,0],[-7,6],[-4,4],[-2,0],[-2,2],[-5,2],[-6,4],[0,1],[-5,2],[-1,2],[-2,0],[-1,1],[-3,1],[-2,1],[-4,0],[-4,1],[-3,2],[0,1],[-2,1],[-5,0],[-3,0],[0,2],[-1,1],[-3,2],[-2,-1],[-3,1],[-4,-1],[-3,0],[-2,3],[-2,1],[-3,1],[0,2],[-3,1],[-1,2],[0,5],[-1,3],[-3,2],[-2,0],[-2,2],[-1,-1],[-2,2],[-3,-1],[-1,1],[-7,-2],[-2,-1],[-2,-3],[-3,-1],[-3,0],[-3,0],[-5,4],[-6,2],[-1,0],[-1,1],[-3,0],[-3,1],[-2,2],[-3,2],[-2,0],[-1,3],[-1,-1],[0,3],[4,1],[1,2],[0,3],[-1,1],[1,2],[-2,3],[-1,4],[1,1],[-3,1],[0,1],[-2,2],[0,3],[-1,0],[-2,3],[-1,0],[-1,2],[-2,0],[-4,2],[-2,0],[-1,1],[-4,2],[-1,-1],[-5,4],[1,2],[-2,2],[-3,2],[-5,-1],[-1,2],[0,3],[-3,0],[0,2],[-3,1],[-2,-1],[-2,3],[-2,0],[-2,2],[-1,2],[-4,1],[0,2],[3,2],[0,1],[-2,3],[1,2],[3,2],[2,-1],[4,3],[2,2],[2,-2],[2,1],[1,-2],[2,1],[0,2],[1,1],[-2,2],[-2,-1],[0,2],[2,2],[1,3],[-2,1],[0,-2],[-4,0],[-4,2],[-1,2],[3,2],[-1,2],[-4,1],[-2,0],[0,-1],[-2,-2],[-3,2],[-1,1],[2,1],[-1,2],[1,1],[-2,0],[0,1],[-2,1],[-2,2],[1,1],[-3,2],[1,3],[-2,4],[-2,2],[-1,0],[1,1],[-2,4],[2,0],[0,1],[-2,1],[2,0],[-1,2],[2,1],[0,2],[-2,2],[-2,-1],[-3,1],[1,1],[-1,2],[-2,0],[-2,3],[0,4],[-2,0],[-3,2],[-3,-2],[0,3],[-2,-1],[-1,-3],[0,-2],[-2,-1],[-4,0],[-1,-2],[-2,-1],[0,2],[-2,1],[-4,-1],[-3,-1],[-2,1],[0,-2],[-2,-2],[-2,1],[-2,-1],[-2,1],[-4,-1],[-1,-1],[-3,-1],[0,-4],[-1,-1],[0,-2],[-3,0],[-4,-2],[-2,-2],[-1,1],[-4,0],[1,1],[-4,3],[-3,-1],[-4,1],[-1,-2],[-4,-2],[1,-1],[5,-2],[0,-2],[0,-3],[-1,-1],[-6,1],[-3,1],[-1,1],[0,4],[-3,4],[0,1],[2,0],[0,2],[1,3],[0,2],[4,-1],[0,1],[-1,2],[2,2],[-2,1],[-1,4],[-2,2],[-3,0],[0,2],[-2,0],[-1,-3],[0,-3],[-3,-1],[-2,1],[-1,0],[-2,-4],[-3,1],[-3,-1],[-1,3],[-3,0],[-1,1],[0,3],[-3,1],[-3,2],[-5,-4],[-2,-1],[-1,2],[-2,2],[2,2],[-3,1],[-3,-1],[-2,0],[-2,0],[-2,-4],[-2,0],[-3,-1],[-1,2],[4,3],[0,5],[-3,0],[1,4],[0,1],[-3,-1],[-2,2],[1,3],[-1,1],[-3,-1],[-2,0],[0,2],[-5,1],[-1,2],[-2,0],[-1,-1],[-3,-1],[0,2],[4,3],[-2,3],[1,1],[-1,2],[-4,-1],[-20,0],[-5,0],[-2,-2],[-2,-1],[-1,1],[-4,2],[-2,2],[-7,0],[-5,2],[-3,3],[0,3],[-4,0],[0,1],[2,1],[-4,2],[-1,0],[-2,-2],[1,2],[-3,1],[-1,2],[-3,2],[0,4],[2,2],[0,1],[-4,1],[-1,1],[0,3],[-1,2],[-2,1],[-1,3],[-2,3],[1,3],[-1,1],[-4,-1],[-2,1],[0,1],[-2,0],[-2,2],[-1,0],[-1,2],[-3,2],[-4,0],[0,-1],[-2,-1],[-1,1],[0,1],[-2,2],[-1,-1],[-1,3],[-1,-1],[-1,2],[0,4],[-2,1],[-2,5],[-2,1],[-2,0],[-2,2],[-1,2],[-6,1],[-1,-1],[-3,2],[-3,3],[-2,-1],[-3,2],[-3,5],[-4,2],[0,1],[-2,1],[-4,0],[0,-2],[-5,0],[-3,1],[0,2],[1,2],[0,3],[-2,2],[-7,-1],[-5,9],[0,3],[-6,2],[-2,-1],[-3,2],[0,2],[-2,1],[0,2],[-3,2],[2,0],[1,2],[4,2],[1,1],[-1,1],[-4,2],[0,-3],[-2,-3],[-4,1],[-5,-1],[0,2],[0,2],[1,1],[3,1],[3,3],[6,1],[2,2],[0,1],[5,5],[2,-1],[1,1],[0,2],[-2,0],[-6,-3],[-5,-4],[-2,0],[-4,2],[-7,1],[-4,1],[-3,-2],[-2,1],[-3,2],[-3,3],[-1,0],[-1,2],[-1,0],[-1,2],[-2,3],[-3,5],[-1,4],[1,5],[1,0],[4,0],[0,1],[-1,2],[-1,5],[-4,2],[1,4],[2,0],[3,-2],[2,3],[-3,2],[-2,1],[-5,0],[-4,-1],[-4,-3],[0,-1],[-2,-2],[-6,0],[-4,5],[-3,3],[-1,2],[-4,-2],[-1,0],[-7,3],[-5,7],[-3,3],[-6,5],[-4,3],[-4,2],[-3,1],[-6,0],[-1,-2],[-2,4],[-2,0],[-1,-2],[-1,1],[-5,6],[-4,8],[-3,3],[-2,0],[-1,2],[4,1],[3,0],[1,1],[0,3],[-1,0],[-2,-2],[-1,3],[-2,1],[-1,1],[2,4],[0,1],[2,1],[3,2],[5,3],[11,4],[5,3],[4,4],[3,2],[-2,-4],[1,-1],[3,1],[0,6],[1,3],[1,1],[4,6],[4,6],[6,6],[4,5],[4,3],[1,2],[2,0],[8,6],[5,3],[4,3],[7,8],[3,4],[2,2],[4,4],[5,3],[3,-1],[3,3],[4,0],[6,4],[4,2],[12,3],[3,1],[2,-1],[0,-2],[5,1],[7,1],[1,1],[2,-2],[0,-1],[-3,-3],[-2,-1],[-4,0],[-4,-2],[-1,-2],[-4,-5],[-1,-3],[-3,-3],[-1,-2],[2,-1],[1,2],[1,2],[1,-3],[2,0],[-1,1],[0,4],[3,3],[3,2],[3,1],[0,-2],[2,-2],[3,0],[3,1],[-3,2],[4,0],[6,3],[2,3],[2,0],[-2,3],[-1,0],[0,-2],[-2,-2],[-3,2],[4,2],[5,1],[1,-2],[4,-1],[6,2],[5,4],[5,1],[2,-2],[3,-1],[-3,-3],[0,1],[-3,-2],[-1,0],[-3,-5],[-3,2],[1,-2],[-1,-2],[-2,0],[-2,3],[1,-3],[-4,0],[-1,1],[-1,3],[1,2],[0,1],[-4,1],[0,-2],[-1,1],[0,-3],[1,-2],[-2,-2],[-2,-1],[-5,0],[-2,-1],[-2,0],[-1,-1],[2,-3],[-1,-1],[-1,0],[0,-2],[3,1],[1,-1],[5,-3],[0,2],[-4,1],[-1,2],[3,1],[1,-3],[4,-1],[3,-2],[2,-2],[-1,-2],[3,1],[-1,4],[-4,2],[3,5],[4,1],[3,-1],[0,-3],[-5,-1],[4,0],[2,0],[0,-2],[1,5],[2,1],[1,-1],[1,-6],[1,-2],[3,-3],[3,-8],[-3,0],[-3,3],[-3,1],[1,-2],[-1,0],[-4,2],[2,-2],[3,0],[0,2],[2,-1],[3,-3],[3,-2],[0,-3],[-1,-2],[-3,-1],[-7,-1],[-2,-1],[-4,1],[-2,1],[-2,0],[-1,0],[-3,-4],[1,0],[3,3],[1,0],[5,-2],[6,1],[6,-1],[2,-1],[1,-3],[0,2],[5,4],[3,0],[-3,1],[1,4],[0,7],[-2,9],[1,4],[1,1],[2,0],[1,-2],[1,-2],[3,-4],[2,-2],[2,0],[1,-2],[-2,1],[2,-2],[3,2],[0,1],[-1,5],[1,2],[2,-1],[1,-6],[4,-5],[2,-2],[1,-3],[-1,-1],[-3,-2],[-1,-2],[5,0],[2,3],[1,4],[-5,5],[-3,4],[0,2],[5,5],[6,-1],[3,0],[5,-1],[0,-1],[2,-4],[1,-1],[0,4],[1,1],[-1,2],[2,3],[5,-1],[5,0],[4,0],[9,0],[2,1],[4,1],[5,0],[2,-1],[3,-2],[-2,-1],[-2,-4],[1,-3],[-1,-1],[4,-1],[6,4],[2,0],[3,-3],[2,-3],[0,-2],[4,-8],[-1,-2],[-2,-2],[-6,-1],[1,-1],[6,2],[7,5],[1,1],[1,0],[3,2],[-5,1],[-1,1],[1,13],[-2,4],[5,3],[4,0],[6,3],[-2,2],[-3,0],[-1,4],[1,1],[-1,5],[0,8],[3,0],[1,3],[0,2],[3,2],[-1,1],[2,2],[-1,1],[-3,0],[0,3],[-1,5],[0,3],[0,3],[-1,2],[-2,5],[-1,3],[-1,-1],[-2,2],[-2,-1],[-7,1],[-3,-1],[-5,-1],[-3,-2],[-3,-1],[-4,1],[0,2],[-2,1],[0,6],[1,3],[-1,3],[1,0],[0,4],[-2,1],[0,3],[-1,2],[1,3],[0,2],[2,2],[3,1],[1,4],[2,-1],[3,3],[-1,1],[-2,1],[2,4],[-4,3],[-3,1],[-1,4],[-2,1],[-1,3],[-1,0],[-1,1],[-5,1],[-2,-1],[-1,2],[-2,-2],[0,2],[-2,0],[-2,4],[-1,2],[-2,-2],[-3,2],[1,-3],[-1,-3],[-2,-1],[-1,-2],[-3,-2],[-2,-2],[0,-4],[-2,-2],[-4,1],[-2,0],[-1,-2],[-5,-1],[-1,0],[-2,3],[0,1],[0,3],[2,3],[1,10],[-1,9],[-1,4],[-3,10],[4,2],[0,-2],[3,-2],[4,-1],[4,0],[2,2],[0,2],[-5,-1],[-5,0],[-2,3],[-3,1],[-4,1],[-1,1],[-1,2],[-1,8],[-2,6],[-2,4],[-1,8],[1,2],[-5,1],[-2,-1],[-1,1],[-2,3],[-2,9],[-2,6],[0,6],[-2,4],[1,7],[2,2],[2,5],[2,8],[1,5],[1,3],[4,2],[0,1],[-1,3],[-2,3],[4,0],[3,1],[1,2],[3,5],[1,0],[2,-2],[3,-1],[2,4],[2,1],[1,2],[2,4],[-2,6],[1,5],[2,4],[3,3],[3,1],[5,6],[5,5],[2,0],[4,4],[0,2],[3,1],[-1,0],[0,3],[-4,2],[2,6],[1,10],[2,5],[1,4],[3,2],[8,8],[4,4],[10,13],[2,3],[5,7],[7,7],[0,-2],[-4,-6],[4,-5],[2,-1],[-1,2],[2,0],[2,2],[0,4],[3,1],[2,4],[-5,0],[0,5],[4,13],[-1,2],[-3,0],[1,2],[3,0],[6,2],[9,5],[2,0],[1,0],[-2,-3],[2,-1],[2,2],[3,3],[2,1],[-1,-5],[5,5],[-1,3],[0,4],[5,5],[4,4],[6,6],[1,1],[6,3],[3,1],[2,-1],[2,2],[-1,2],[1,1],[4,6],[2,1],[2,0],[2,4],[-2,0],[-2,3],[2,0],[2,2],[0,2],[-1,-1],[-2,2],[5,0],[7,1],[4,0],[2,0],[2,1],[1,1],[3,0],[1,-1],[2,0],[-2,2],[3,1],[1,-1],[11,-1],[3,3],[7,11],[2,2],[5,4],[13,6],[7,2],[5,2],[20,2],[7,-1],[6,0],[2,-1],[3,1],[1,-1],[2,0],[3,1],[5,3],[5,0],[3,0],[3,2],[4,-1],[19,3],[2,1],[7,-1],[8,1],[6,2],[5,1],[0,-3],[2,2],[1,1],[3,3],[6,1],[3,0],[2,-2],[2,-3],[-2,0],[0,-2],[3,-3],[2,-1],[0,-2],[-2,-2],[1,-7],[1,0],[2,-1],[2,0],[0,-1],[3,0],[10,2],[4,2],[5,-1],[5,-3],[3,-2],[1,-1],[1,-4],[3,-2],[1,-5],[2,-3],[3,0],[3,0],[4,3],[2,3],[4,4],[3,4],[6,7],[2,1],[0,-2],[5,-1],[3,-1],[4,3],[1,2],[2,0],[6,0],[2,0],[0,1],[4,0],[1,2],[1,1],[3,-1],[4,1],[0,2],[2,-1],[2,0],[2,-3],[1,-2],[2,-1],[1,-1],[-1,-1],[1,-4],[2,0],[2,-2],[2,-1],[2,-2],[4,-3],[2,0],[6,1],[-1,3],[1,3],[2,2],[2,0]],[[6201,6319],[-7,-3],[-1,-2],[1,-4],[-1,-3],[-2,1],[-1,0],[-1,1],[-3,-2],[-4,-1],[-4,2],[-3,0],[-4,-2],[0,3],[-2,3],[1,4],[-1,3],[-1,0],[-1,2],[1,2],[-1,3],[2,2],[3,5],[2,2],[0,3],[-1,2],[0,4],[-1,2],[-3,3],[-3,4],[1,7],[0,4],[-1,1],[-3,3],[-2,2],[0,1],[-3,0],[-5,1],[-3,-1],[-6,-1],[-2,-1],[-1,-2],[-5,-2],[-2,1],[-3,0],[-2,1],[-3,0],[-2,-2],[-3,-1],[-4,1],[-3,-1],[-2,1],[-3,0],[-2,2],[-4,3],[-2,-1],[-3,-3],[-1,0],[0,-4],[-3,-3],[-2,-1],[1,-3],[-2,-1],[-1,-2],[-1,-1],[-1,4],[0,5],[-2,3],[0,1],[-3,4],[0,4],[1,3],[-4,0],[-1,1],[-6,-1],[-3,-3],[-1,-1],[-7,3],[-6,0],[-3,0],[-1,-5],[-2,-3],[-5,-3],[-3,5],[-1,1],[0,3],[-2,3],[0,1],[-1,5],[-5,4],[0,2],[1,2],[0,2],[-2,1],[-2,2],[0,4],[3,3],[2,4],[-8,0],[-7,0],[-4,-2],[0,-1],[-6,-3],[-2,1],[-2,1],[-1,6],[-2,2],[-2,3],[-9,2],[-3,-2],[-2,0],[-1,3],[0,3],[3,4],[-2,1],[-4,2],[-4,0],[-2,1],[-1,2],[1,3],[2,0],[0,2],[-2,0],[0,4],[-2,2],[-1,1],[-1,2],[1,1],[-3,1],[-1,3],[-1,2],[-1,3],[-4,2],[0,2],[-2,3],[2,0],[3,2],[1,2],[1,0],[3,2],[-1,1],[2,2],[0,2],[-1,2],[1,3],[0,2],[0,2],[2,0],[-2,1],[1,2],[1,-1],[1,2],[2,1],[2,0],[-1,3],[0,2],[-3,0],[-3,-1],[-2,2],[-3,2],[-4,2],[-2,3],[1,2],[-4,4],[-2,1],[-1,2],[2,3],[-1,3],[-2,2],[0,3],[-2,2],[-3,1],[0,3],[2,1],[2,1],[-1,2],[1,2],[5,3],[5,0],[1,2],[3,2],[2,2],[5,2],[3,3],[0,1],[-3,1],[-1,4],[-2,1],[3,3],[-2,3],[1,2],[0,7],[-1,1],[3,7],[0,2],[-2,1],[-4,0],[-2,-1],[-4,2],[3,6],[-7,5],[-7,3],[-2,1],[-1,5],[-1,4],[-5,4],[-2,2],[-3,2],[-1,4],[-1,0],[-1,2],[-2,2],[0,3],[-1,4],[1,5],[2,5],[1,0],[0,2],[2,4],[-2,2],[-1,1],[-3,-1],[-3,2],[-3,5],[-6,1],[-3,1],[-3,1],[-2,5],[-4,1],[0,2],[-1,2],[-4,1],[-3,0],[-3,1],[-1,2],[-3,1],[-6,0],[-3,1],[-4,3],[1,6],[-2,2],[-3,4],[0,4],[0,2],[-1,2],[0,1],[-2,13],[-2,5],[3,2],[2,3],[3,3],[0,1],[-1,3],[0,1],[-5,0],[-1,-1],[-5,0],[0,-1],[-3,1],[-3,1],[-3,1],[-2,-1],[-6,0],[-3,1],[-4,0],[-3,-1],[-2,-4],[-2,-2],[-3,-2],[-8,2],[-6,-1],[-5,2],[-8,-1],[-1,0],[-7,5],[-5,-3],[-4,-1],[-4,-2],[-2,0],[-2,1],[-3,2],[-3,0],[-3,2],[-5,0],[-3,1],[-3,0],[-2,1],[-3,3],[-2,0],[-5,-3],[-3,-1],[-2,0],[-3,2],[-2,-1],[-3,1],[-2,2],[-4,2],[-2,0],[-3,-2],[-2,1],[-4,3],[-1,-1],[-3,-2],[-2,0],[-6,-5],[-1,-3],[-4,-8],[-5,-4],[-3,-1],[-2,-1],[0,-5],[3,-3],[1,-3],[3,-3],[1,-3],[-3,-5],[-1,-7],[-1,-2],[-2,-1],[-4,-1],[-3,2],[0,2],[-2,1],[-5,0],[-2,5],[-2,1],[-3,-1],[-1,-1],[-3,0],[-3,1],[-5,-1],[-1,-1],[-8,2],[-2,0],[-8,-1],[-1,0],[-8,0],[-1,-1],[-1,0],[-3,0],[-3,2],[-2,0],[-1,3],[-2,0],[1,2],[-2,2],[-2,3],[-2,0],[-8,9],[-3,0],[-2,-1],[-3,-2],[1,-2],[1,0],[0,-3],[-3,0],[-3,-1],[-4,0],[-4,2],[-5,1],[-1,-1],[-5,1],[-2,0],[-2,2],[-3,0],[-1,-2],[-3,0],[-1,2],[-2,0],[-1,-1],[-2,2],[-3,-1],[-2,1],[-1,0],[-1,2],[-6,3],[-7,2],[-1,3],[-2,0],[-1,1],[-2,-1],[-1,1],[-3,1],[-1,-1],[-1,2],[-2,0],[0,2],[-1,1],[2,2],[-1,2],[-2,2],[-3,4],[-2,-2],[-1,1],[0,2],[2,0],[-1,3],[2,1],[0,3],[-2,2],[1,1],[-2,-1],[-1,3],[-3,0],[0,1],[-2,1],[-1,3],[-2,-1],[-1,2],[1,2],[-2,0],[-1,2],[-2,-1],[-3,2],[-2,3],[-4,0],[0,2],[-2,-1],[0,2],[-2,1],[0,1],[1,2],[0,2],[2,1],[-2,2],[-2,0],[1,1],[-3,1],[0,1],[-1,0],[-3,0],[-1,1],[-2,-1],[-2,0],[-2,-1],[-3,2],[-1,0],[-4,2],[-2,0],[-2,2],[1,1],[-1,2],[-2,1],[0,2],[1,1],[2,4],[-1,1],[-2,-1],[-3,3],[-5,1],[0,2],[-3,1],[-1,2],[-2,0],[-1,0],[-5,1],[-1,3],[1,1]],[[5619,7604],[2,-2],[5,-1],[4,1],[4,2],[3,-1],[3,1],[8,-2],[4,0],[3,-1],[1,1],[5,1],[4,0],[9,-3],[6,-2],[2,1],[6,0],[2,-1],[4,0],[1,-1],[3,1],[0,-2],[2,0],[2,2],[0,1],[2,1],[1,-1],[4,5],[4,1],[2,0],[3,2],[5,1],[1,1],[2,-2],[3,1],[1,-1],[1,0],[2,0],[4,-2],[4,1],[2,-1],[5,1],[4,2],[0,1],[3,3],[3,2],[4,1],[-1,1],[2,1],[3,3],[-1,1],[0,4],[2,0],[3,2],[2,0],[1,1],[2,0],[1,1],[2,1],[0,2],[2,1],[-1,2],[1,0],[5,-1],[3,3],[3,-1],[4,0],[1,1],[4,-2],[6,-1],[2,0],[0,2],[2,3],[3,3],[2,-1],[1,2],[2,0],[-1,2],[-1,0],[-1,5],[3,5],[2,1],[4,-3],[1,2],[4,0],[4,-3],[3,2],[2,1],[-1,3],[2,1],[3,5],[4,3],[1,-2],[3,0],[2,3],[2,1],[7,2],[3,-2],[1,-1],[-1,-3],[-1,-3],[1,-1],[5,0],[1,-1],[1,-3],[0,-2],[-1,-3],[2,-2],[4,0],[1,-2],[0,-1],[-2,-3],[0,-2],[0,-3],[0,-4],[-1,0],[-4,-1],[-1,-2],[1,-2],[2,0],[5,2],[1,-1],[2,-3],[3,-1],[3,0],[1,-1],[1,-3],[3,-4],[0,-4],[1,-4],[2,-2],[3,-2],[-2,-2],[-3,-2],[-1,-8],[-2,-2],[-3,0],[-3,-1],[-4,-3],[-4,-2],[2,-1],[3,-1],[2,-1],[3,-1],[2,-4],[3,-2],[4,-8],[4,-2],[4,-1],[0,-3],[-2,-2],[0,-1],[1,-2],[6,-1],[2,-1],[0,-2],[3,-1],[6,2],[2,1],[0,2],[4,1],[3,1],[2,1],[5,0],[3,1],[1,3],[4,-1],[1,1],[2,3],[-2,2],[1,3],[0,2],[1,5],[2,1],[4,-1],[3,-1],[8,0],[6,1],[4,-1],[3,-2],[3,-2],[6,0],[2,1],[0,3],[-1,3],[0,3],[3,0],[2,-2],[4,-1],[2,-4],[0,-1],[-3,-2],[0,-1],[2,0],[3,1],[3,-1],[2,1],[0,-3],[0,-2],[-1,-3],[2,-3],[1,0],[2,2],[1,3],[3,2],[5,0],[2,-2],[-1,-3],[1,-1],[1,-1],[3,2],[2,0],[0,-3],[-3,0],[-3,0],[0,-2],[2,-1],[2,1],[3,0],[1,-3],[-3,-1],[-3,0],[-1,-1],[1,-2],[5,0],[2,-2],[-1,-3],[11,-35],[18,-42],[15,-76],[17,-63],[11,-42],[0,-3],[1,-1],[2,-1],[4,-1],[2,-2],[2,1],[1,-1],[1,-3],[2,-1],[-1,2],[2,2],[2,-1],[2,-2],[0,-1],[-3,0],[-2,-1],[1,-1],[3,0],[4,-1],[3,0],[14,-13],[14,-18],[45,-41],[54,-49],[2,1],[3,-1],[3,-1],[4,-3],[1,-2],[-1,-1],[-4,-2],[2,-2],[2,1],[2,2],[3,-2],[-2,-1],[1,-1],[0,-2],[2,-1],[1,3],[1,0],[3,-1],[1,-2],[-1,-2],[0,-1],[3,-1],[1,-1],[-1,-2],[-4,0],[0,-1],[2,-2],[-2,-2],[0,-2],[2,-1],[0,-1],[-2,0],[0,-1],[2,-3],[3,0],[2,-3],[2,1],[0,-3],[1,-1],[-1,-1],[1,-2],[-4,-1],[1,-2],[-1,0],[1,-2],[-2,-2],[2,-1],[-2,0],[-1,-2],[2,-2],[-1,-2],[2,-1],[-3,-5],[0,-6],[-2,0],[1,-2],[-2,-2],[2,1],[3,-1],[-1,0],[1,-3],[3,1],[1,-1],[-4,-2],[0,-1],[2,-3],[1,0],[-1,-2],[1,-2],[1,-3],[2,0],[0,-2],[-1,-1],[2,-1],[1,-2],[-2,-2],[4,-5],[2,0],[-1,-1],[-2,-1],[0,-2],[3,2],[1,-2],[-2,-1],[2,-1],[2,1],[1,-1],[-1,-1],[-1,0],[-1,-2],[1,0],[2,-2],[1,0],[0,-2],[2,-2],[0,-2],[2,-2],[1,-6],[-2,-2],[-2,0],[-1,-1],[-3,-1],[0,-5],[2,-1],[-1,-2],[2,-1],[-2,-1],[2,-3],[1,-3],[-1,0],[-4,-2],[0,-2],[-3,-1],[-1,-4],[1,-1],[-1,-3],[2,-3],[3,-1],[4,-1],[2,-1],[2,0],[1,-2],[1,-3],[-1,-2],[0,-3],[2,-3],[1,-7],[-1,-3],[1,-2],[0,-1],[1,-2],[-2,-3],[-3,-1],[-1,-3],[5,-3],[0,-2],[-1,-6],[0,-1],[-2,0],[-7,3],[-2,4],[-2,2],[-6,4],[-1,1],[-3,3],[-1,0],[-4,0],[-3,-1],[-2,0],[-4,1],[-2,0],[-4,0],[-2,-1],[0,-2],[2,-1],[1,-4],[-2,-1],[-3,-3],[2,-1],[-3,-2],[-1,-1],[2,-2],[0,-4],[-2,-2],[-1,-1],[-4,-1],[-2,2],[-3,-1],[-2,-3],[-2,-2],[2,-2],[-3,-1],[3,-2],[-4,0],[-2,-2],[1,-2],[-1,-1],[-4,1],[-2,0],[-1,-1],[-4,-1],[-7,-2],[1,-2],[-3,-1],[-3,-1],[0,-3],[-3,-1],[0,-2],[-1,-2],[1,-1],[-1,-3],[2,-2],[1,0],[2,2],[1,0],[0,-2],[2,0],[-1,-1],[1,-2],[3,-3],[3,2],[1,-2],[3,0],[0,-2],[3,-1],[0,-1],[-3,-1],[1,-2],[-1,0],[2,-2],[0,-1],[1,-2],[1,1],[1,-2],[-3,-2],[1,-5],[3,-1],[4,-5],[-1,-3],[2,-1],[1,-2],[-1,-2],[0,-2],[-3,0],[0,-1],[1,-2],[1,-2],[-3,-3],[0,-2],[2,-1],[-1,-2],[2,-2],[-1,0],[0,-2],[-2,-4],[-3,-3],[0,-2],[-1,-2],[-3,-1],[0,-1],[-3,-1],[-1,-2],[-1,-3],[1,-1],[-1,-2],[1,-1],[-1,-2],[1,-2],[-2,-5],[1,-2],[-3,-3],[0,-5],[1,-1],[1,-2],[-1,-3],[1,-2],[0,-5],[-1,-3],[1,0],[0,-6],[1,-2],[-2,-4],[-1,-1],[0,-2],[-1,-1],[1,-1],[-1,-6],[2,-6],[-1,-2],[0,-3],[-1,-3],[2,-2],[-2,-2],[-1,-1],[2,-1],[0,-3],[-1,-4],[1,-3],[1,0],[2,-5],[1,-6],[2,-4],[-1,-1],[1,-1],[0,-3],[1,-2],[3,0],[0,-1],[2,-3],[0,-1],[1,-2],[0,-2],[1,-1],[0,-4],[0,-4],[-1,-1],[-1,-4],[-1,-2],[-1,-1],[-1,-2],[-3,-1],[-1,-3],[-1,-2],[-2,-1],[-1,-2],[1,-2],[-2,-1],[1,0],[0,-5],[-1,-1],[0,-2],[-2,-1],[-1,-2],[2,-4],[0,-3],[3,-2],[4,-1],[2,1],[2,-2],[1,-3],[2,-1],[0,-2],[3,-2],[2,-2],[0,-2],[2,-2],[0,-4],[2,-1],[-1,-3],[1,-5],[0,-3],[0,-1],[-1,-1],[4,-6],[3,-3],[1,-2],[4,-1],[30,-2],[10,-2],[2,0],[3,0],[3,1],[3,-1],[6,-4],[1,0],[5,-4],[3,-1],[1,-2],[5,1],[3,2],[2,0],[0,2],[4,3],[2,1],[10,-2],[2,-1],[4,-1],[6,-1],[1,1],[3,-2],[5,-1],[3,1],[2,3],[4,3],[3,-1],[3,0],[5,3],[4,0],[5,-2],[2,0],[0,-2],[2,0],[2,0],[1,-1],[2,0],[3,-1],[0,-3],[4,-2],[1,-3],[2,-3],[2,-5],[3,-2],[1,-2],[2,-1],[0,-2],[3,0],[5,-5],[1,-1],[3,-3],[-4,-6],[1,-2],[-3,-6],[-3,-2],[-2,-5],[1,-3],[-1,-3],[2,-2],[-1,-1],[1,-2],[-2,-1],[0,-3],[-3,-4],[3,-1],[0,-2],[81,-119],[1,-2]],[[4934,2085],[-2,6],[-4,1],[-3,-4],[-4,-5],[-5,-2],[-4,0],[-1,1],[-2,2],[0,3],[-2,6],[-1,3],[0,4],[3,3],[1,5],[2,4],[-3,1],[-1,3],[-7,0],[-4,1],[-2,-1],[-1,-2],[-2,-2],[-4,1],[-4,2],[-4,3],[0,2],[1,2],[-1,4],[-6,3],[-2,0],[-1,-5],[-2,-2],[-3,-1],[-4,1],[-5,3],[0,2],[1,3],[-2,4],[-1,2],[-1,-1],[-4,-4],[-6,1],[-5,1],[-2,2],[-3,2],[-3,10],[-2,2],[-2,2],[0,5],[-1,3],[-5,3],[-3,1],[-4,0],[-4,2],[-2,4],[0,6],[-3,4],[-5,2],[-2,1],[-9,-1],[-5,1],[-2,2],[-1,2],[0,3],[2,4],[1,1],[2,3],[0,2],[-2,0],[-3,-1],[-7,-3],[-6,0],[-2,-3],[-3,-2],[-5,-4],[-4,0],[-6,1],[-2,0],[-4,1],[-3,3],[-1,1],[-5,0],[-1,2],[0,3],[2,3],[2,1],[2,6],[0,2],[-2,3],[-2,0],[-3,-1],[-2,-3],[-2,0],[-2,-4],[0,-3],[-1,-1],[-6,-1],[-7,2],[-3,0],[-2,3],[-3,3],[-2,2],[-1,4],[1,3],[1,3],[2,4],[0,4],[-1,1],[-8,6],[-4,4],[1,2],[0,2],[-3,2],[0,6],[1,4],[-1,1],[-2,3],[-2,7],[-2,4],[-3,1],[-3,0],[-2,2],[0,2],[-1,3],[1,2],[-2,2],[-7,5],[-3,0],[-6,-1],[-2,1],[-1,3],[-2,1],[-6,-4],[-8,-5],[-1,-3],[-3,-1],[0,-3],[-2,-3],[-3,-2],[-3,-4],[-2,-1],[-3,-2],[-3,-1],[-3,1],[-4,0],[-2,1],[-4,-1],[-2,-2],[-4,1],[-5,2],[-1,1],[-2,4],[-1,3],[-2,2],[-1,2],[-2,0],[-2,1],[-1,3],[-1,-1],[-2,-6],[-1,-2],[-3,-1],[-3,1],[-3,3],[0,2],[-2,0],[-2,3],[-4,3],[0,2],[-6,2],[-2,1],[-2,3],[-7,3],[-2,1],[-2,2],[-1,4],[3,4],[1,2],[-2,5],[-5,1],[-5,1],[-2,-1],[-4,1],[-6,2],[-7,2],[-3,1],[-2,2],[-3,1],[-5,5],[-3,0],[-2,1],[-5,4],[-2,5],[1,1],[-6,3],[-5,7],[-1,-1],[-3,2],[-3,-1],[-4,3],[-5,2],[-3,2],[-2,0],[-9,2],[-5,-1],[-5,3],[-4,2],[-7,2],[-3,2],[-3,1],[-2,2],[-3,2],[0,1],[-2,1],[-3,4],[-3,-1],[-2,0],[-2,2],[-5,1],[-6,-2],[-3,-1],[-1,1],[-5,-5],[-3,-1],[0,-5],[-2,-5],[-1,-3],[-3,-3],[-1,-4],[-6,-3],[-2,-3],[-4,-2],[-1,-2],[-2,-1],[-3,-3],[-8,-3],[-4,-3],[-2,-1],[-3,0],[-11,5],[-4,1],[-4,1],[-2,-1],[-3,2],[-3,0],[0,3],[-6,0],[-3,0],[-5,0],[-4,3],[-5,4],[-5,2],[-6,0],[-10,-5],[-6,0],[-5,0],[-1,1],[-2,2],[-8,3],[-3,0],[-4,1],[-4,1],[-5,3],[-4,1],[-4,3],[-4,4],[-2,4],[-5,1],[-9,4],[-4,1],[-5,-1],[-4,-1],[-3,1],[-3,2],[-1,2],[-2,3],[-2,3],[-4,2],[-5,2],[-4,1],[-2,-1],[-6,1],[-3,0],[-7,-1],[-3,-2],[-2,0],[-5,2],[-2,1],[-5,8],[0,2],[5,6],[0,4],[-1,2],[-4,1],[-8,-3],[-3,0],[-3,1],[-3,2],[-2,7],[-2,2],[-1,0],[-2,2],[-2,0],[-3,2],[-2,4],[-3,1],[0,-4],[-2,-4],[-2,-2],[-3,-1],[-2,0],[-5,2],[-3,2],[-4,1],[-4,1],[-2,0],[-3,-2],[-6,-1],[-3,-1],[-5,2],[-5,-1],[-4,0],[-2,1],[-3,-1],[-1,1],[-4,-1],[-2,0],[-3,-1],[-4,1],[-3,0],[-5,1],[-2,1],[-4,2],[-5,0],[-3,1],[-1,1],[-1,3],[-2,2],[-3,1],[-5,-2],[-4,-2],[-3,0],[-4,2],[-3,6],[-1,2],[1,3],[-1,3],[-3,4],[-4,4],[-4,3],[-3,3],[-4,3],[-1,5],[-4,6],[-1,4],[-4,1],[-2,-1],[-3,-3],[0,-3],[-2,-2],[-2,0],[-3,0],[-4,2],[0,1],[2,4],[0,2],[-2,3],[-3,1],[-7,-2],[-3,-1],[-3,2],[0,4],[5,3],[1,2],[-1,4],[-2,2],[-4,0],[-6,3],[-2,3],[-4,2],[-1,2],[-1,2],[0,4],[-2,1],[-5,2],[-6,1],[-1,0],[-3,1],[-3,5],[1,4],[3,1],[-4,3],[-4,7],[-2,1],[-4,0],[-8,2],[-3,0],[-4,2],[-5,1],[-1,1],[0,4],[3,1],[5,-1],[5,0],[1,2],[-1,1],[-4,0],[-3,1],[-2,1],[0,2],[-3,3],[-1,2],[2,3],[0,3],[-1,2],[-4,4],[-8,1],[-4,1],[-6,0],[-3,1],[-1,-1],[-2,1],[-3,6],[0,3],[-3,5],[-1,1],[-5,2],[-4,0],[-3,1],[-4,-1],[-3,-1],[-3,-2],[-4,-6],[-1,-2],[-5,-2],[-4,0],[-2,1],[-6,4],[-1,2],[0,4],[2,5],[-1,3],[-2,4],[-1,3],[-2,4],[-2,4],[-5,1],[-5,3],[-4,1],[-3,5],[-3,-1],[-1,-4],[-5,-2],[-4,-2],[-1,-1],[-6,-1],[-4,2],[-4,0],[-3,2],[0,4],[-2,1],[-2,0],[-3,-2],[-5,-2],[-1,-3],[-1,0],[-3,2],[-1,2],[1,2],[-1,6],[0,2],[-3,3],[-1,1],[-2,-1],[-6,-3],[-3,0],[-3,1],[-3,3],[-1,1],[0,3],[2,2],[0,4],[-1,3],[-8,4],[-5,1],[-3,-5],[-4,-3],[-2,-1],[-4,0],[-3,1],[-2,3],[-2,3],[-1,0],[-6,-5],[-3,-3],[-2,-2],[-1,-3],[-2,-9],[0,-2],[-2,-3],[-6,-3],[-6,-1],[-2,1],[-2,2],[0,2],[-2,2],[-2,1],[-2,1],[-5,-1],[-7,-4],[-6,-2],[-11,-1],[0,-6],[0,-66],[0,-6],[-6,-4],[-3,0],[-2,0],[0,3],[0,1],[3,3],[0,2],[-2,3],[-4,1],[-7,-1],[-1,-1],[1,-6],[-1,-2],[-4,-1],[-5,0],[-6,0],[-6,0],[-8,1],[-5,0],[-5,-2],[-6,2],[-4,3],[-6,6],[-3,1],[-3,0],[-3,0],[-6,-4],[-3,0],[-9,-4],[-3,-2],[-5,-6],[-1,-4],[-2,-2],[-4,0],[-3,4],[-1,1],[-5,1],[-2,1],[-1,3],[-4,5],[-4,6],[-4,3],[-3,1],[-4,0],[-3,-2],[-1,-1],[-6,-4],[-2,0],[-2,2],[2,7],[-1,2],[-3,1],[-2,1],[-2,-1],[-8,-1],[-2,0],[-3,2],[-4,1],[-7,1],[-4,-1],[-2,-3],[-2,-1],[-4,3],[-2,3],[-3,3],[-4,2],[-2,0],[-2,-3],[-2,-2],[-2,-1],[-4,-1],[-3,-1],[-6,-5],[-2,-2],[2,-2],[7,1],[1,-3],[-1,-2],[-3,-2],[-7,-2],[-1,1],[-7,7],[-4,3],[-5,1],[-3,0],[-4,-1],[-3,-1],[-3,-2],[-7,-2],[-3,-2],[-4,-2],[-3,-3],[-4,-2],[-3,0],[-7,4],[-9,3],[-5,0],[-5,-3],[-3,0],[-2,1],[-6,-2],[-2,1],[-5,2],[-5,3],[-4,2],[-5,2],[0,2],[4,2],[0,2],[-2,2],[-2,0],[-3,-1],[-2,-2],[-5,-1],[-6,0],[-4,1],[-4,0],[-5,-1],[-4,0],[-3,1],[-2,3],[-3,2],[-2,4],[0,2],[-4,3],[-3,0],[-3,-2],[-5,-4],[-3,-4],[-3,0],[-2,1],[-1,2],[-2,0],[-7,4],[-3,-2],[-2,-1],[-4,1],[-3,1],[-4,0],[-3,-1],[-2,1],[-1,4],[-2,1],[-3,2],[0,2],[3,3],[2,1],[0,1],[-1,3],[-1,1],[-8,4],[-1,3],[-3,4],[-3,3],[-1,3],[1,2],[0,2],[-2,4],[-2,2],[0,3]],[[4263,5075],[3,-4],[0,-3],[-2,-2],[-7,-3],[-3,-2],[0,-2],[-3,-3],[-1,-2],[-6,-4],[0,-4],[-3,-3],[-1,-4],[0,-5],[2,-1],[2,-4],[0,-3],[0,-1],[1,-3],[-3,-3],[-1,-3],[-5,-2],[-3,-4],[-2,1],[-9,0],[-3,-1],[-3,1],[-7,-3],[-2,-5],[-3,-3],[-6,-1],[-2,-3],[-2,-4],[-4,-2],[-3,-2],[-3,-2],[-6,-2],[-3,-5],[-3,-1],[-1,-3],[2,-3],[0,-4],[-2,-1],[0,-2],[-2,-3],[1,-2],[2,-6],[-1,-3],[-7,-1],[-2,-3],[-3,-3],[-1,-2],[-3,-2],[-3,-3],[-5,-1],[0,-1],[-4,-3],[-2,-4],[-4,-1],[-1,-2],[1,-4],[-1,-4],[-1,-2],[-3,-3],[0,-2],[2,-2],[1,-3],[-2,-2],[2,-2],[-1,-3],[-2,-5],[0,-5],[-5,-5],[2,-2],[-2,-6],[-1,-1],[-1,-5],[0,-2],[-2,-6],[-3,-3],[1,-1],[3,-5],[0,-1],[1,-1],[-2,-3],[-1,-2],[1,-3],[-3,-1],[-2,-4],[0,-4],[5,-4],[-1,-2],[-4,-2],[-2,-1],[-4,-1],[-2,1],[-3,-3],[-1,-3],[-1,-3],[-6,-2],[-7,-4],[-1,-5],[-3,-4],[2,-3],[-5,0],[-3,-2],[-2,-1],[0,-2],[4,-1],[1,-4],[-2,-1],[0,-3],[-4,-1],[-3,-3],[-1,-3],[-1,-2],[-3,-2],[-3,-2],[-1,-2],[-6,-4],[-2,-4],[1,-3],[-2,-2],[0,-2],[1,-2],[0,-3],[-3,-4],[-3,0],[-2,-1],[-1,-2],[-1,0],[-5,0],[-3,-3],[0,-5],[-3,-1],[-5,2],[-2,-1],[0,-3],[1,-2],[-3,-2],[-4,-1],[-3,-2],[-1,-4],[-2,-1],[0,-3],[-1,-2]],[[4018,4713],[-2,-1],[-4,0],[-4,0],[-4,0],[-2,1],[-1,2],[-1,0],[-3,2],[0,3],[-3,-1],[-4,0],[-1,2],[-4,1],[-5,0],[-4,2],[-5,0],[-3,1],[-6,0],[-2,-1],[0,2],[4,5],[0,3],[-2,1],[-1,2],[-2,1],[-1,4],[1,2],[-1,3],[1,3],[-1,3],[0,5],[3,1],[3,9],[4,4],[1,3],[2,3],[0,3],[2,3],[-3,5],[0,6],[1,4],[2,2],[3,5],[3,3],[2,5],[3,2],[3,3],[2,3],[-1,3],[2,0],[1,6],[2,1],[2,4],[-1,1],[0,2],[-2,1],[-2,1],[0,4],[-2,2],[2,2],[-1,3],[3,7],[-1,4],[1,3],[1,2],[0,1],[-2,1],[0,2],[-4,4],[-3,2],[1,3],[-2,6],[2,2],[1,1],[-2,4],[-4,1],[-2,3],[-1,0],[-4,-1],[-3,2],[-3,1],[-2,-2],[-2,-2],[-4,1],[-2,2],[-3,-1],[-1,3],[-3,-1],[-1,1],[1,2],[-1,1],[-2,0],[-4,-2],[-1,1],[-1,-2],[-4,1],[-3,0],[-2,1],[-2,-1],[-4,3],[-3,0],[0,2],[2,0],[-3,2],[1,3],[1,0],[1,-1],[1,0],[2,2],[-1,2],[0,3],[3,1],[0,2],[-3,1],[1,1],[3,-1],[1,1],[4,1],[1,1],[5,2],[-2,0],[-7,3],[1,3],[-2,0],[0,2],[2,0],[1,1],[2,1],[1,4],[-2,1],[-2,2],[-1,1],[2,0],[0,3],[1,1],[0,2],[1,1],[0,2],[1,3],[0,2],[1,1],[0,3],[-2,1],[1,2],[-1,1],[-3,0],[-2,1],[1,2],[-1,1],[1,4],[3,2],[2,0],[1,3],[-3,1],[-1,0],[1,3],[4,2],[-1,1],[1,2],[2,0],[0,2],[1,3],[-2,0],[0,1],[-1,1],[-2,1],[1,5],[3,2],[3,1],[1,1],[-1,2],[0,3],[-1,0],[-3,3],[0,1],[2,3],[3,0],[6,5],[0,2],[2,1],[-1,3],[1,2],[5,3],[3,0],[1,3],[2,1],[1,3],[2,1],[1,3],[2,1],[1,-2],[2,0],[3,-1],[3,0],[1,-2],[1,1],[6,1],[1,-1],[4,1],[4,0],[1,-2],[0,-2],[3,1],[4,0],[3,-1],[3,1],[4,-2],[6,1],[1,0],[4,1],[3,1],[2,-1],[6,-1],[1,1],[5,-1],[1,1],[4,1],[1,1],[-5,32]],[[4044,5074],[2,1],[2,0],[0,1],[3,1],[1,1],[5,-1],[1,0],[4,-3],[2,0],[5,-2],[1,-1],[4,-1],[1,-2],[6,-2],[2,0],[2,4],[4,0],[0,1],[4,-2],[1,1],[0,-2],[3,1],[5,-1],[0,1],[4,-2],[5,0],[2,2],[2,1],[1,1],[3,0],[6,-3],[7,2],[6,-1],[1,-1],[4,-1],[4,-1],[3,1],[3,0],[1,0],[3,0],[4,-2],[2,0],[3,-2],[4,-1],[4,1],[2,-1],[2,1],[1,-1],[0,-3],[4,0],[4,-5],[0,-1],[2,-2],[2,-3],[2,-1],[5,0],[4,-2],[1,2],[2,1],[1,2],[6,4],[3,0],[3,1],[4,-1],[3,1],[3,1],[1,5],[0,2],[3,1],[4,0],[3,-2],[2,2],[4,1],[2,1],[3,3],[0,2],[2,1],[1,0],[5,3],[5,0]],[[4271,5124],[0,-3],[0,-5],[-1,-3],[-1,-4],[-1,-2],[2,-2],[-2,-3],[1,-1],[-2,-1],[-2,-2],[-1,-4],[-1,-2],[1,0],[2,-4],[0,-2],[4,-3],[-3,-2],[-4,-4],[0,-2]],[[4044,5074],[-1,-1],[-7,-1],[-2,-1],[-2,1],[-1,-1],[-1,1],[-3,0],[-3,0],[-2,1],[-3,0],[-1,-1],[-5,0],[-3,3],[-4,-1],[-1,2],[-2,2],[-3,0],[0,-1],[-4,1],[0,-1],[-3,-2],[-3,2],[-4,1],[0,3],[-1,1],[-5,0],[-1,0],[-3,2],[-6,2],[-5,2],[-4,-3],[-1,-2],[-3,-1],[-5,3],[0,-1],[-3,-2],[0,2],[5,4],[1,5],[0,5],[1,1],[0,5],[-1,1],[0,1],[-1,4],[-3,1],[-2,-1],[-3,-2],[-3,0],[-3,-1],[-1,2],[-2,-2],[1,-3],[-3,1],[-1,0],[0,-3],[-3,-2],[-1,-1],[-3,-2],[-6,2],[-4,-2],[-2,-1],[-2,0],[-4,1],[-1,2],[2,2],[-1,1],[-4,-2],[-2,0],[0,2],[3,3],[-2,1],[-2,-2],[-3,1],[2,5],[-1,1],[3,0],[1,-1],[0,2],[-4,2],[0,2],[2,1],[3,-1],[2,1],[0,3],[-2,1],[0,2],[-1,1],[-4,-1],[-2,2],[1,1],[-4,1],[1,1],[5,2],[4,3],[3,-2],[3,0],[1,2],[0,4],[1,2],[4,5],[0,2],[-2,4],[4,1],[-1,2],[-1,1],[-3,2],[-3,2],[-2,6],[-1,0],[-6,-3],[-1,-3],[-3,0],[-2,0],[-3,-1],[-1,-2],[-2,0],[-4,2],[-1,1],[-2,1],[-3,0],[-5,-1],[-1,-1],[-5,1],[-4,2],[-1,3],[-4,2],[0,3],[-1,1],[1,3],[-1,1],[1,2],[1,3],[0,4],[-1,4],[-1,1],[-3,0],[-1,1],[-4,2],[0,2],[-5,1],[-2,2],[-1,2],[-1,0],[-3,2],[-6,2],[0,3],[-2,4],[1,2],[-3,2],[1,3],[-2,3],[-5,9],[-2,1],[1,4],[0,2],[-2,1],[-1,2],[0,3],[-3,1],[-3,3],[-4,1],[-1,2],[0,2],[-3,2],[-3,4],[-2,2],[-2,2],[1,3],[1,1]],[[4053,7739],[3,0],[2,0],[3,0],[1,-2],[4,-1],[0,-1],[4,0],[6,3],[4,2],[6,4],[1,-1],[4,1],[5,4],[3,4],[2,1],[1,1],[3,4],[5,6],[5,6],[3,6],[5,8],[5,13],[1,3],[5,11],[3,10],[1,7],[2,10],[0,8],[-1,6],[1,-1],[0,5],[-2,0],[0,3],[-2,7],[-2,3],[-2,4],[-5,4],[-2,1],[-2,2],[-2,6],[-3,5],[-4,6],[-2,3],[-1,-1],[-2,1],[-3,0],[-2,-1],[-4,-1],[-1,2],[-5,2],[-4,3],[-2,1],[-4,1],[-8,-1],[-1,0],[-3,0],[-6,-1],[-6,1],[-2,0],[-5,-2],[-2,-2],[0,1],[2,3],[6,3],[2,2],[1,2],[-1,2],[2,2],[2,0],[3,1],[0,1],[0,3],[3,1],[4,2],[1,2],[4,2],[3,1],[8,5],[2,4],[-3,6],[4,2],[6,6],[2,4],[0,2],[3,4],[0,3],[2,2],[1,5],[-2,0],[0,2],[1,3],[1,3],[2,4],[1,4],[0,2],[-4,5],[-1,1],[1,3],[0,3],[2,1],[3,5],[5,3],[5,8],[2,6],[1,3],[0,2],[-1,5],[0,1],[4,3],[3,3],[2,3],[2,4],[0,2],[2,4],[1,7],[-1,2],[-1,3],[-5,4],[2,3],[5,2],[1,3],[1,6],[0,4],[-1,3],[-1,5],[-1,5],[0,2],[1,0],[0,2],[3,6],[0,4],[-3,5]],[[3815,4228],[-3,4],[3,4],[2,1],[2,2],[3,2],[3,1],[1,4],[-1,1],[0,1],[-3,1],[-2,3],[0,3],[-2,7],[2,2],[3,1],[1,3],[-1,2],[3,1],[1,1],[-3,4],[-2,7],[-2,0],[-1,2],[-5,3],[3,4],[-2,3],[1,1],[-1,3],[-4,1],[0,2],[2,2],[5,3],[2,2],[-1,2],[1,3],[2,1],[3,1],[3,0],[3,2],[2,5],[-1,2],[-4,-1],[-1,2],[-3,0],[-1,1],[0,7],[3,6],[-2,5],[0,5],[2,1],[1,3],[0,4],[6,0],[0,4],[1,1],[0,4],[3,3],[0,4],[-1,2],[-2,2],[0,3],[3,1],[4,4],[1,4],[8,5],[1,2],[-1,4],[3,3],[1,3],[2,4],[3,2],[2,4],[0,1],[2,1],[-3,6],[-1,3],[3,1],[-1,1],[1,6],[-1,1],[-1,2],[-3,2],[1,1],[-2,6],[3,2],[2,5],[-5,7],[1,2],[1,1],[2,1],[3,-1],[1,1],[2,0],[1,1],[1,2],[0,4],[1,2],[1,0],[1,2],[6,2],[1,-1],[2,0],[3,4],[1,1],[1,1],[1,2],[-3,1],[0,3],[-2,1],[0,2],[-2,1],[-1,3],[2,2],[-1,3],[1,2],[2,2],[4,0],[2,1],[2,4],[-1,4],[4,1],[0,2],[1,1],[3,0],[2,2],[2,0],[3,0],[2,1],[0,2],[3,4],[-1,4],[3,2],[0,4],[1,2],[2,1],[1,4],[3,2],[0,4],[-1,3],[3,0],[3,2],[2,3],[-1,1],[0,3],[6,0],[2,2],[6,4],[3,6],[2,1],[0,4],[1,2],[1,1],[3,0],[1,1],[2,1],[0,1],[-6,5],[1,3],[-1,3],[1,3],[2,3],[4,2],[1,1],[5,5],[2,4],[4,3],[2,-1],[0,-2],[1,-1],[5,1],[1,4],[4,4],[1,1],[3,6],[1,2],[-2,1],[1,4],[2,2],[0,3],[2,2],[3,2],[2,3],[2,4],[0,2],[-1,1],[1,2],[-1,1],[0,2],[-3,2],[2,4],[-1,1],[1,4],[2,2],[5,0],[2,-3],[3,0],[2,2],[0,4],[3,4],[3,0],[2,2],[2,2],[2,1],[2,3],[1,3],[2,0],[2,1],[2,4],[3,1],[0,3],[-2,2],[-4,2],[-4,4],[0,4]],[[3021,4692],[0,1],[6,0],[1,-1],[-2,-4],[-2,-1],[1,3],[-2,0],[-1,-3],[-1,2],[-1,1],[-1,2],[2,0]],[[2846,4224],[-2,2],[-2,2],[-1,1],[3,4],[3,0],[-1,1],[-5,1],[-3,1],[-4,-1],[-1,0],[-6,-1],[-2,0],[-8,-4],[-1,-1],[-4,1],[-1,2],[1,3],[3,2],[2,3],[8,10],[6,5],[10,11],[4,6],[3,3],[4,2],[1,-1],[2,1],[0,2],[2,2],[0,2],[1,2],[2,0],[7,4],[3,2],[9,7],[12,11],[5,2],[2,0],[1,-1],[-1,-1],[0,-3],[3,-3],[2,1],[-1,1],[6,8],[-2,1],[1,5],[4,5],[3,2],[3,2],[2,2],[9,13],[1,3],[2,4],[2,3],[3,3],[1,1],[0,-6],[1,-4],[-2,-4],[1,0],[0,-3],[-1,0],[2,-3],[4,-3],[4,4],[2,2],[3,0],[6,3],[0,1],[-4,5],[1,7],[-6,3],[-1,1],[-3,2],[-5,2],[-3,2],[-5,4],[2,4],[1,2],[4,4],[4,3],[4,2],[3,4],[5,4],[3,2],[2,5],[-1,3],[3,2],[9,9],[4,5],[5,6],[4,3],[3,0],[-1,-1],[1,-2],[1,-1],[6,2],[4,1],[2,0],[7,2],[5,1],[5,3],[6,1],[-1,-2],[-1,-2],[1,-1],[5,2],[1,1],[6,6],[0,1],[5,3],[2,1],[1,3],[1,0],[4,-1],[3,3],[1,6],[0,3],[1,5],[1,1],[2,1],[1,1],[-2,3],[0,4],[4,1],[2,-1],[3,-2],[7,-3],[2,3],[-2,2],[0,3],[0,9],[0,3],[0,3],[-2,0],[-2,4],[-2,1],[-3,-1],[-1,-2],[-2,-1],[-1,-3],[-2,0],[-1,1],[0,3],[0,5],[-2,5],[-1,4],[-2,5],[1,1],[-1,3],[-1,6],[0,4],[2,3],[2,1],[2,-2],[3,-1],[5,0],[4,1],[4,4],[-1,4],[-3,4],[-1,4],[-2,7],[-4,10],[2,2],[1,-1],[4,-2],[3,-1],[3,1],[3,-1],[3,-1],[3,0],[2,2],[0,2],[3,0],[3,-2],[2,-1],[2,2],[-1,3],[5,3],[5,0],[2,2],[2,2],[-1,5],[4,5],[1,3],[5,1],[2,2],[2,0],[2,2],[2,0],[8,0],[2,1],[1,2],[3,-1],[1,0],[2,0],[5,4],[1,4],[-4,1],[-2,-2],[-2,0],[-1,1],[-3,2],[0,1],[-2,0],[-2,3],[-2,1],[-1,3],[1,0],[-1,5],[-4,2],[-5,-2],[1,-4],[0,-3],[-1,-5],[-2,-3],[-2,-1],[-6,-1],[-5,2],[-3,0],[-3,-2],[-4,1],[-6,-5],[-4,-2],[-1,-2],[-4,-1],[-1,0],[-2,-1],[-4,-1],[-1,-3],[-2,-1],[0,2],[-2,0],[-4,-2],[1,-2],[-3,-5],[-3,0],[-6,4],[-4,0],[-2,-1],[-1,-2],[-2,0],[-2,0],[-6,1],[-2,0],[-1,-1],[1,-2],[-3,0],[-3,2],[-2,1],[-7,-1],[-2,-3],[-2,0],[0,1],[-3,0],[-1,2],[-3,1],[1,-2],[0,-1],[-4,2],[-2,3],[-2,-1],[-2,2],[-1,-2],[-4,1],[-2,4],[0,3],[-2,-1],[-4,5],[-3,1],[-3,0],[-1,4],[1,3],[-1,1],[4,0],[1,-1],[3,2],[-1,3],[2,1],[2,3],[1,1],[0,3],[-3,1],[-5,2],[-2,-1],[-2,1],[-3,3],[0,1],[-2,-1],[-1,0],[-2,-2],[-3,0],[0,2],[-1,1],[0,2],[2,0],[0,4],[-1,4],[3,-2],[1,1],[0,2],[2,2],[1,1],[-2,1],[-1,5],[-2,3],[1,2],[2,-1],[0,2],[3,0],[0,2],[2,0],[0,-1],[3,2],[2,-1],[1,1],[-2,2],[4,2],[2,4],[1,3],[1,0],[1,1],[2,-1],[-1,-1],[0,-2],[2,0],[1,2],[-1,3],[3,0],[0,-2],[1,-1],[0,3],[2,3],[3,0],[5,-2],[1,-2],[1,1],[1,-1],[5,0],[2,2],[-2,2],[4,1],[1,-2],[1,1],[-1,2],[3,1],[3,0],[0,-1],[2,1],[-1,1],[2,2],[2,-2],[1,4],[1,-1],[2,3],[2,1],[3,1],[1,0],[1,2],[1,2],[-4,0],[4,3],[3,3],[2,1],[1,2],[-1,0],[-1,3],[2,0],[-1,2],[2,-1],[1,1],[-3,0],[3,2],[-1,2],[1,0],[1,3],[-2,2],[-5,0],[-4,0],[-1,3],[-1,0],[-6,0],[-4,-2],[-1,5],[2,2],[0,1],[-4,5],[-3,1],[-3,0],[-2,-1],[0,-3],[-2,-3],[-1,0],[-4,-1],[-4,-5],[-4,4],[0,3],[1,2],[-5,-2],[-4,-6],[-1,-2],[-2,-2],[0,-1],[-3,-2],[-3,0],[-1,-2],[-1,1],[-3,1],[2,-2],[-1,-2],[-3,-1],[-1,0],[0,3],[-2,-2],[0,-1],[-1,-3],[1,-3],[-1,-1],[-4,0],[0,-1],[2,-1],[-1,-3],[-2,-1],[1,-1],[-2,1],[-2,-4],[2,0],[1,-1],[0,-1],[-1,-1],[-2,1],[-1,-4],[-1,-2],[1,0],[2,-1],[-1,-2],[-2,-1],[0,-1],[1,0],[-1,-2],[-2,-3],[2,-2],[0,-2],[-2,0],[-2,0],[-2,2],[-2,-2],[0,-1],[-1,-3],[-1,-2],[-2,-5],[-1,-3],[-1,-2],[0,-2],[-3,-5],[-3,-2],[-2,0],[-2,-1],[-2,2],[-2,2],[-1,4],[-3,6],[-1,2],[-3,3],[-3,3],[-4,5],[-2,0],[-5,3],[-4,4],[-5,3],[-4,3],[-7,4],[-4,4],[-3,4],[-1,5],[-7,7]],[[7985,3372],[0,-3],[0,-358],[5,2],[4,0],[2,-2],[6,-6],[3,-1],[3,-1],[5,1],[2,2],[3,3],[2,4],[2,4],[3,2],[4,2],[5,3],[13,6],[6,1],[7,0],[5,-2],[3,-1],[2,2],[5,3],[3,1],[4,0],[1,-1],[-1,-4],[-3,-6],[1,-11],[1,-2],[6,0],[3,-1],[2,-1],[5,-1],[3,0],[3,3],[1,3],[4,1],[5,0],[7,4],[3,0],[4,-2],[1,-1],[2,1],[4,4],[4,2],[2,0],[2,1],[5,-1],[4,-1],[5,-3],[4,-3],[4,-3],[4,-3],[8,-1],[5,1],[5,0],[5,-1],[9,-1],[5,1],[13,2],[9,2],[4,0],[2,-2],[4,0],[2,0],[5,1],[5,-2],[3,-1],[7,1],[2,-1],[1,-2],[0,-3],[-1,-1],[0,-1],[2,-6],[1,-1],[5,-2],[6,-2],[3,1],[3,3],[2,5],[2,2],[4,2],[8,6],[1,2],[1,5],[2,1],[3,-4],[3,1],[2,0],[1,-1],[4,-1],[4,1],[3,2],[3,-2],[4,0],[7,3],[2,1],[4,-3],[3,-3],[4,-2],[1,-3],[4,-4],[5,0],[2,-1],[-1,-3],[11,0],[3,0],[6,0],[6,1],[4,0],[-1,-3],[1,-4],[3,-3],[4,0],[1,-1],[4,-5],[5,-3],[4,-3],[4,-3],[2,-4],[4,-2],[0,-3],[-13,-9],[0,-3],[2,-2],[3,0],[2,-1],[1,-3],[3,-2],[4,0],[2,-1],[7,-3],[5,-1],[2,-1],[4,-5],[-1,-3],[-1,-1],[-4,0],[-5,1],[-3,-1],[-2,-2],[-1,-2],[-1,-4],[1,-2],[3,-3],[3,-5],[5,-3],[7,-4],[6,-6],[5,0],[5,2],[1,-1],[0,-2],[1,-1],[1,-4],[-1,-6],[-2,-4],[-3,-3],[-3,0],[-5,2],[-2,0],[-4,-2],[-1,-2],[0,-2],[1,-2],[0,-2],[-1,-7],[1,-1],[2,-3],[2,-1],[3,-2],[1,-3],[1,-2],[-1,-3],[2,-3],[2,-5],[0,-6],[-1,-1],[-5,-4],[-1,-1],[-2,-1],[-3,0],[-4,2],[-3,0],[-2,-4],[-5,-3],[-1,-1],[0,-5],[0,-2],[4,-8],[1,-2],[2,-1],[1,-1],[3,1],[3,0],[3,-1],[6,-3],[1,-2],[3,-3],[1,0],[1,-2],[3,-3],[4,-7],[4,-7],[2,-2],[3,-2],[2,-2],[2,-6],[-2,-4],[-1,-2],[-3,0],[-3,2],[-1,2],[-3,3],[-4,0],[-5,-1],[-5,1],[-2,4],[-1,0],[-4,-1],[-3,-2],[-1,2],[-2,1],[-4,0],[-2,1],[-5,-3],[-1,-1],[-3,0],[-1,-1],[2,-1],[0,-3],[-3,-2],[-3,-1],[0,-2],[1,-1],[2,-5],[-1,-2],[1,-1],[-1,-4],[-3,0],[-4,2],[-9,-3],[-3,0],[-2,-1],[1,-3],[-3,1],[-1,2],[-2,1],[-2,2],[-1,1],[-7,-3],[-1,1],[-3,0],[-1,-1],[-4,1],[-3,-3],[-6,1],[-2,2],[-3,-1],[-4,-1],[0,2],[1,2],[4,2],[2,3],[0,1],[-1,4],[-2,2],[-1,3],[2,4],[1,3],[-3,1],[-5,-1],[-5,-3],[-4,-4],[-5,-3],[0,-3],[-2,1],[0,4],[0,3],[-1,0],[-2,-2],[-4,3],[-2,1],[-2,-1],[1,-4],[-2,-2],[-4,-3],[-1,-3],[-1,-1],[-1,-3],[-2,0],[-3,2],[-6,8],[-6,5],[-7,5],[-4,3],[-4,2],[-4,3],[0,3],[-2,4],[-2,1],[-2,4],[-2,2],[-3,0],[-2,2],[-5,1],[-4,4],[-1,1],[2,2],[1,4],[-5,2],[-1,0],[-3,-1],[-6,2],[-3,5],[1,2],[-3,3],[-4,-1],[-8,1],[-5,-5],[-4,-2],[-1,1],[-2,-1],[-3,-1],[0,-3],[-3,-2],[-4,1],[-1,0],[-5,-4],[-4,-1],[-3,-3],[0,-2],[1,-2],[-1,-4],[-2,-4],[-1,0],[-6,1],[-3,0],[-5,0],[-3,2],[-2,-2],[-1,-3],[1,-3],[-2,1],[-4,-2],[-4,-4],[-2,1],[-2,-2],[-4,-2],[0,-1],[1,-1],[0,-5],[3,-2],[-2,-2],[-4,0],[-6,0],[-1,-1],[1,-3],[-1,0],[0,-3],[-1,-3],[2,-2],[-3,-1],[0,2],[-3,3],[-2,3],[-1,2],[-2,1],[-3,1],[-1,-1],[0,-2],[-2,-1],[-3,5],[-1,0],[-3,3],[1,4],[-3,2],[-3,1],[2,2],[-2,1],[-2,2],[-3,0],[-2,0],[-3,-1],[-4,1],[-1,2],[-9,-1],[-3,-1],[1,-5],[-1,-1],[-2,-2],[-2,1],[0,2],[-4,-2],[-1,1],[-2,-1],[-2,-3],[-1,0],[-1,-3],[-4,0],[0,-4],[-1,-1],[0,-2],[-3,-5],[-1,-2],[-2,-1],[-3,-1],[-4,-1],[-1,-1],[-1,0],[-1,2],[-5,4],[-1,-2],[-3,-2],[-5,-3],[0,-2],[-3,0],[-7,-4],[-3,0],[-2,-3],[-2,-1],[0,-2],[-4,-1],[-1,0],[0,-2],[-1,-1],[-3,0],[-1,-1],[0,-3],[-1,0],[-4,3],[-1,3],[-2,2],[-3,0],[-3,3],[-3,-1],[0,1],[-3,0],[-2,-3],[-2,-1],[-4,2],[-4,-1],[-1,1],[-3,-1],[-1,-2],[-1,-3],[-3,0],[-3,3],[-2,0],[-6,-3],[-5,0],[-3,2],[-1,2],[-2,1],[-2,-3],[-2,0],[-5,2],[-1,0],[-3,3],[-1,-1],[0,-2],[2,-2],[-1,-1],[-3,-5],[-2,-1],[-4,-2],[-1,-3],[-3,-4],[-2,1],[-2,2],[-4,-1],[0,1],[-4,1],[-2,1],[-3,0],[-2,4],[0,2],[-3,1],[-1,1],[-6,1],[-4,-2],[-3,1],[0,-2],[2,0],[0,-2],[-2,0],[-4,4],[-4,-1],[1,-2],[3,-1],[2,-3],[0,-1],[-3,-1],[1,-2],[0,-3],[-7,-4],[-2,3],[-3,-2],[-4,-1],[-2,1],[-1,2],[2,4],[-4,3],[-4,2],[-4,1],[-6,-2],[0,-257],[0,-124],[0,-4],[3,-3],[0,-2],[-3,-2],[0,-2],[-2,-4],[0,-2],[-1,-2],[-1,-1],[-2,0],[-2,-3],[1,-1],[-3,-3],[-2,-1],[0,-2],[2,-2],[2,-2],[0,-2],[2,-4],[2,-4],[2,-1],[1,1],[2,-2],[2,-2],[1,1],[5,-2],[0,-1],[3,-2],[1,-2],[2,-1],[7,-2],[3,-2],[3,-2],[4,-2],[2,-2],[2,-3],[1,-3],[-1,-2],[3,-2],[3,0],[4,-5],[0,-3],[3,-3],[1,-1],[2,-2],[2,-1],[2,0],[0,-2],[3,-1],[3,0],[3,-2],[-1,-2],[2,-3],[1,-2],[3,-2],[3,1],[1,0],[0,-3],[1,-3],[1,0],[0,-2],[4,-3],[-1,-2],[3,0],[1,-4],[2,-1],[3,-1],[3,-1],[0,-1],[3,-1],[-1,-1],[5,-2],[3,-1],[3,0],[2,-1],[1,0],[1,3],[1,-1],[2,2],[0,-1],[2,-1],[2,0],[2,-1],[3,-1],[4,1],[2,-1],[6,1],[1,1],[3,0],[1,-3],[3,1],[1,-2],[0,-2],[1,-1],[0,-2],[2,0],[0,-3],[2,-2],[0,-4],[-1,-2],[2,-1],[1,1],[2,-1],[5,1],[3,0],[3,-1],[4,-4],[6,-1],[-1,-2],[0,-1],[3,-2],[2,-1],[2,1],[2,-2],[2,1],[-1,1],[3,1],[3,-4],[2,-2],[2,-2],[0,1],[3,-1],[1,-2],[1,1],[2,-1],[-1,-2],[0,-1],[1,1],[1,-2],[2,0],[0,-3],[3,0],[1,-2],[0,1],[2,-1],[-2,-2],[2,-2],[0,-1],[1,0],[1,-3],[4,0],[0,-1],[3,-1],[1,-3],[2,2],[0,-2],[2,2],[0,-2],[0,-1],[2,0],[1,-1],[2,0],[2,-2],[2,2],[1,-2],[3,0],[0,2],[2,0],[0,-3],[2,1],[-2,-2],[3,0],[0,1],[3,-1],[3,-3],[1,1],[0,-2],[1,0],[1,-2],[2,2],[2,-2],[3,1],[4,-2],[0,2],[1,-2],[2,0],[0,-1],[2,0],[0,-2],[1,-1],[3,0],[3,-2],[2,0],[-2,-1],[1,-2],[2,-1],[-2,-1],[2,-1],[3,-1],[1,-2],[2,3],[1,-2],[1,0],[2,-1],[-1,-1],[5,-1],[-1,2],[2,0],[0,-2],[3,1],[-1,-2],[3,2],[1,-2],[-1,-1],[3,-1],[-2,-1],[1,-1],[-2,-2],[1,-1],[-2,-3],[-2,0],[2,-2],[-2,-1],[2,0],[-1,-3],[1,-1],[-1,-2],[2,0],[0,-2],[3,-1],[1,1],[1,-2],[3,-2],[-2,-1],[0,-1],[2,1],[-1,-2],[2,-1],[2,1],[1,-2],[-3,-2],[3,0],[1,-2],[-1,-2],[-2,0],[1,-5],[-2,-2],[2,-1],[-2,-3],[-2,-1],[0,-2],[-2,0],[0,-3],[1,-1],[2,1],[1,-2],[1,0],[2,-2],[3,0],[-1,-3],[3,-2],[2,-2],[-3,-1],[1,-1],[1,-1],[3,1],[1,2],[4,-3],[0,-1],[2,-1],[-3,-1],[0,-2],[-1,0],[1,-2],[2,-1],[3,1],[1,-2],[2,0],[-1,-3],[-2,-1],[-3,0],[-2,-3],[1,0],[-2,-2],[1,-1],[0,-2],[-2,-1],[1,-1],[1,0],[0,-1],[-2,0],[-3,1],[0,-3],[3,0],[0,-2],[-2,-2],[-3,1],[-1,-1],[2,-2],[0,-3],[-4,0],[-2,-3],[-2,1],[0,-2],[2,-1],[-1,-1],[-2,1],[-2,2],[0,-2],[0,-1],[2,0],[0,-2],[-4,0],[0,-2],[2,1],[1,-1],[-3,-1],[1,-2],[-2,-3],[1,-1],[-1,-1],[-2,2],[-1,-1],[0,-1],[3,-2],[-2,-3],[-2,0],[0,3],[-4,-1],[0,-1],[2,0],[1,-2],[2,0],[-1,-2],[-3,0],[-3,-1],[-1,-2],[-1,3],[-2,-1],[1,-3],[-1,-1],[3,-1],[1,1],[1,-1],[-4,-2],[-2,-2],[1,-1],[1,0],[2,2],[1,0],[2,-2],[-1,-2],[1,-1],[-1,-2],[-2,0],[1,-1],[2,0],[1,1],[2,-1],[3,0],[-3,-1],[1,-2],[-2,-2],[4,-1],[-1,-1],[2,0],[1,1],[0,-2],[2,-1],[-1,-1],[0,-2],[1,-1],[2,1],[1,0],[-1,-3],[-3,1],[1,-2],[4,0],[2,2],[1,-1],[2,1],[1,-1],[-1,-2],[2,-1],[-3,0],[1,-3],[2,0],[0,-4],[3,1],[-1,-1],[1,-1],[2,1],[0,1],[2,0],[-1,-2],[-1,-4],[5,0],[-1,2],[2,1],[2,-1],[0,-3],[1,0],[3,-4],[-1,-1],[-1,-3],[-4,-3],[-3,-1],[-1,-3],[2,-1],[2,-3],[3,-1],[3,1],[2,-1],[0,-2],[2,-1],[2,1],[1,-1],[-1,-2],[2,-3],[3,0],[1,1],[2,0],[0,-2],[1,-2],[1,2],[0,2],[1,0],[2,-2],[-1,-2],[1,-1],[3,0],[0,-3],[-1,0],[-3,1],[0,-2],[1,0],[5,0],[-5,-1],[0,-2],[4,-1],[1,-3],[-1,-2],[2,-1],[-3,-1],[-3,0],[0,-1],[2,-1],[4,0],[-1,-2],[-4,1],[-3,-1],[-1,-1],[2,-2],[2,1],[1,-2],[-1,-1],[0,-3],[0,-2],[3,0],[0,-2],[-3,-1],[3,-1],[4,1],[1,-2],[-1,-2],[3,0],[1,0],[1,3],[1,-2],[-1,-3],[2,0],[0,-2],[1,-1],[2,0],[2,-1],[2,0],[0,-2],[-2,-1],[1,-1],[2,0],[2,3],[1,0],[1,-2],[-2,-2],[2,-1],[2,3],[1,0],[4,-3],[0,-2],[2,0],[1,-2],[3,1],[0,-2],[2,-2],[3,-1],[1,-2],[-2,0],[0,-3],[0,-3],[-1,0],[-1,-1],[2,-3],[3,0],[1,-1],[0,-2],[1,0],[1,1],[1,0],[2,-3],[2,0],[5,3],[2,1],[1,-2],[1,-3],[-1,-2],[3,-1],[1,2],[2,0],[1,-1],[2,0],[1,2],[2,0],[0,-4],[-2,-1],[-2,0],[-2,2],[-3,-1],[1,-3],[3,0],[2,1],[2,-2],[-2,-1],[-2,0],[-3,-1],[-2,1],[-1,-1],[2,-1],[0,-2],[-4,-1],[1,-2],[-1,-1],[-1,0],[-2,3],[-2,0],[2,-4],[0,-2],[4,0],[1,-1],[2,0],[-1,-2],[1,-1],[1,3],[1,0],[0,-4],[4,-2],[2,2],[1,-2],[-3,-1],[-2,-5],[1,-2],[-4,0],[3,-3],[2,-1],[2,0],[0,-1],[-2,-2],[-3,1],[-2,2],[-1,0],[-1,-1]],[[8266,5864],[7,3],[3,5],[6,3],[7,1],[6,-1],[5,2],[11,6],[6,1],[5,2],[6,-4],[4,-4],[5,-7],[2,-5],[3,-7],[3,-4],[2,-1],[6,-1],[5,0],[2,0],[6,-3],[6,-1],[3,1],[4,1],[6,-2],[6,0],[3,0],[3,2],[7,7],[3,3],[3,8],[1,2],[7,5],[9,6],[7,5],[3,1],[3,0],[5,1],[6,0],[4,4],[3,6],[2,4],[4,4],[7,5],[5,1],[4,0],[4,1],[5,2],[3,6],[6,2],[9,3],[4,1],[3,0],[5,1],[5,0],[6,-1],[3,-1],[1,-3],[3,-6],[4,-4],[3,-1],[7,-1],[12,3],[7,0],[3,0],[6,-4],[9,-3],[5,-3],[5,-1],[8,0],[3,0],[5,-1],[3,-1],[7,-2],[5,-1],[8,-1],[6,2],[6,4],[6,1],[9,1],[3,0],[5,-1],[8,-4],[3,-2],[2,-2],[3,-3],[2,-3],[1,-2],[1,-2],[2,0],[8,2],[8,1],[9,3],[5,0],[8,-2],[4,-1],[7,0],[7,0],[5,-1],[3,-2],[1,-5],[4,-4],[6,0],[9,1],[8,-1],[3,-1],[4,0],[6,2],[5,3],[3,2],[4,5],[7,3],[6,4],[5,2],[4,0],[4,0],[2,-1],[13,-7],[3,-1],[5,-1],[7,2],[7,4],[2,3],[3,5],[2,2],[4,2],[4,0],[6,0],[4,0],[5,2],[9,0],[4,0],[4,2],[4,0],[6,-1],[4,-2],[3,0],[3,0],[6,2],[7,-2],[7,0],[4,1],[3,1],[3,0],[4,0],[2,-1],[3,-1],[6,-2],[7,-3],[2,-1],[5,-3],[4,-1],[7,-1],[4,0],[3,0],[8,2],[6,3],[4,2],[3,2],[6,3],[2,4],[5,3],[2,1],[7,-1],[3,1],[8,2],[9,3],[10,1],[5,1],[4,0],[7,2],[3,3],[4,2],[8,2],[9,1],[3,0],[5,-1],[7,0],[3,1],[5,2],[4,0],[4,0],[11,-3],[7,-3],[6,-4],[4,-4],[3,-3],[5,-3],[3,0],[6,0],[7,3],[7,3],[6,1],[8,-1],[4,1],[10,6],[9,5],[7,2],[6,2],[4,3],[5,4],[4,4],[5,6],[2,1],[8,5],[3,2],[8,4],[11,7],[3,2],[3,5],[2,1],[7,3],[16,4],[6,-1],[4,-2],[4,-4],[7,-5],[2,-2],[5,-3],[6,-2],[2,0],[14,3],[5,1],[5,1],[3,0],[6,-3],[4,-1],[3,0],[12,0],[3,0],[6,-1],[3,-1],[7,0],[6,0],[6,0],[4,1],[5,-1],[4,-1],[5,-4],[5,-5],[3,-3],[3,-2],[4,-1],[6,1],[6,1],[8,1],[5,0],[6,-3],[3,-1],[9,-10],[6,-5],[5,-2],[6,-3],[9,-5],[5,-2],[5,-4],[2,-2],[4,-4],[1,-3],[-15,-11],[-5,-3],[-1,-2],[-3,-7],[-1,-4],[-1,-5],[1,-3],[2,-5],[3,-3],[6,-7],[2,-5],[1,-6],[2,-2],[6,-7],[3,-4],[6,-4],[6,-4],[7,-3],[0,-1],[0,-5],[1,-2],[2,-2],[4,-3],[4,-3],[1,-5],[0,-4],[-1,-4],[-4,-3],[-11,-3],[-8,-4],[-12,-7],[-4,-4],[-4,-7],[-2,-2],[-8,-3],[-8,-5],[-9,-3],[-6,-3],[-7,-5],[-4,-4],[-6,-8],[-5,-4],[-1,-3],[-3,-5],[-4,-3],[-6,-3],[-7,-6],[-4,-4],[-2,-3],[-1,-4],[0,-4],[-2,-3],[-3,-4],[-2,-4],[-1,-9],[-3,-6],[-1,-5],[-2,-6],[-2,-2],[-5,-5],[-1,-5],[-1,-5],[0,-6],[-1,-5],[0,-6],[-2,-6],[0,-2],[0,-11],[1,-5],[4,-7],[0,-5],[1,-2],[0,-4],[1,-4],[2,-4],[2,-2],[1,-5],[-1,-8],[1,-4],[3,-3],[6,-3],[3,-3],[2,-3],[0,-2],[-2,-5],[-2,-4],[-2,-2],[-3,0],[-3,-2],[-2,-4],[-2,-8],[0,-6],[-1,-6],[-3,-3],[-4,-3],[-4,-2],[-7,-4],[-5,-4],[-4,-4],[-4,-2],[-7,-5],[-1,-1],[-7,-1],[-5,-1],[-5,-2],[-5,-4],[-3,-3],[-4,-5],[-1,-1],[-5,-1],[-11,-4],[-6,-4],[-8,-5],[-5,-2],[-10,-4],[-5,-2],[-5,-4],[-5,-7],[-2,-2],[-6,-4],[-1,-1],[-5,-3],[-7,-7],[-1,-2],[-1,-10],[0,-3],[1,-4],[2,-3],[3,-2],[7,-2],[1,-2],[4,-4],[0,-3],[-1,-2],[-2,-5],[-2,-6],[2,-8],[2,-4],[1,-3],[-2,-3],[-5,-5],[-2,-3],[-3,-7],[-4,-8],[-4,-6],[-1,-2],[1,-3],[2,-3],[6,-6],[3,-3],[5,-9],[2,-3],[3,-3],[0,-7],[0,-3],[4,-3],[5,-2],[2,-2],[-1,-3],[-1,-4],[-7,-7],[-1,-4],[0,-5],[0,-7],[-1,-5],[0,-6],[-2,-6],[-3,-9],[-3,-2],[-2,-3],[-1,-2],[0,-3],[1,-5],[0,-5],[1,-8],[0,-4],[0,-5],[0,-5],[2,-4],[3,-6],[2,-7],[1,-7],[0,-7],[0,-6],[1,-6],[-3,-10],[1,-6],[0,-8],[1,-7],[0,-6],[0,-4],[1,-3],[2,-4],[1,-4],[0,-4],[-1,-4],[-2,-4],[-4,-6],[-7,-11],[-2,-4],[-2,-6],[0,-9],[1,-8],[-2,-8],[0,-4],[2,-4],[2,-10],[1,-4],[0,-3],[-1,-1],[-7,-6],[-3,-3],[-2,-5],[1,-3],[2,-4],[9,-7],[12,-4],[3,-1],[6,-4],[7,-6],[4,-5],[1,-2],[-1,-6],[-2,-4],[-1,-5],[0,-2],[2,-3],[5,-4],[7,-2],[2,-1],[1,-4],[-4,-5],[-2,-2],[0,-4],[1,-8],[6,-3],[3,-4],[1,-3],[1,-3],[1,-4],[-2,-5],[-3,-1],[-3,0],[-6,1],[-6,0],[-5,-3],[-4,-4],[-1,-7],[3,-7],[3,-6],[4,-9],[-1,-5],[-2,-4],[0,-7],[-2,-4],[0,-3],[1,-4],[5,-6],[3,-3],[3,-1],[3,-4],[0,-8],[0,-4],[2,-4],[3,-5],[0,-3],[13,-9],[5,-4],[3,-3],[3,-6],[3,-11],[2,-5],[2,-5],[1,-7],[2,-6],[3,-6],[4,-5]]]}
