{"type":"Topology","bbox":[-75.70619902307396,6.171361296795579,-75.47226373674357,6.366631296390413],"transform":{"scale":[0.000023395868219861283,0.000019528952854768802],"translate":[-75.70619902307396,6.171361296795579]},"objects":{"municipios":{"type":"GeometryCollection","geometries":[{"type":"Polygon","arcs":[[0,1,2,3,4,5]]},{"type":"Polygon","arcs":[[6,7,8,9,-4]]},{"type":"Polygon","arcs":[[10,11,12,13,14,15,16,-8]]},{"type":"Polygon","arcs":[[17,18,19,20,21,22]]},{"type":"Polygon","arcs":[[23,24,25,26,-20]]},{"type":"Polygon","arcs":[[-27,27,28,-13,29,30,-21]]},{"type":"Polygon","arcs":[[31,32,33,34,35,36]]},{"type":"Polygon","arcs":[[-30,-12,37]]},{"type":"Polygon","arcs":[[38,-22,-31,-38,-11,-7,-3]]},{"type":"Polygon","arcs":[[39,40,-23,-39,-2]]},{"type":"Polygon","arcs":[[41,42,43,44,45]]},{"type":"Polygon","arcs":[[46,47,-18,-41,48,49,50,51]]},{"type":"Polygon","arcs":[[52,53,54,-6,55,56]]},{"type":"Polygon","arcs":[[-5,57,58,-56]]},{"type":"Polygon","arcs":[[-10,59,60,61,62,-58]]},{"type":"Polygon","arcs":[[63,64,-46,65,66]]},{"type":"Polygon","arcs":[[67,68,69,70,-61]]},{"type":"Polygon","arcs":[[-9,-17,71,-68,-60]]},{"type":"Polygon","arcs":[[-16,72,73,74,-69,-72]]},{"type":"Polygon","arcs":[[-75,75,76,-70]]},{"type":"Polygon","arcs":[[-26,77,78,79,80,81,-28]]},{"type":"Polygon","arcs":[[-67,82,83,84,-80]]},{"type":"Polygon","arcs":[[-29,-82,85,86,-14]]},{"type":"Polygon","arcs":[[-81,-85,87,88,89,-86]]},{"type":"Polygon","arcs":[[90,91,92,93,94]]},{"type":"Polygon","arcs":[[-15,-87,-90,95,96,97,98,-73]]},{"type":"Polygon","arcs":[[-66,-45,99,100,101,-83]]},{"type":"Polygon","arcs":[[102,103,104,105,106,-37,107,108]]},{"type":"Polygon","arcs":[[109,110,111,112,113]]},{"type":"Polygon","arcs":[[-84,-102,114,115,116,117,-88]]},{"type":"Polygon","arcs":[[-101,118,119,-115]]},{"type":"Polygon","arcs":[[-117,120,121,122]]},{"type":"Polygon","arcs":[[-94,123,124,125,126]]},{"type":"Polygon","arcs":[[-116,-120,127,-103,128,-121]]},{"type":"Polygon","arcs":[[-119,129,130,131,-104,-128]]},{"type":"Polygon","arcs":[[132,133,134,135,-43]]},{"type":"Polygon","arcs":[[-44,-136,136,137,138,-130,-100]]},{"type":"Polygon","arcs":[[139,-59,-63,140,141,142,143]]},{"type":"Polygon","arcs":[[144,145,146,147,148]]},{"type":"Polygon","arcs":[[149,-144,150,151,152]]},{"type":"Polygon","arcs":[[153,154,155,156]]},{"type":"Polygon","arcs":[[157,-153,158,159,160,161]]},{"type":"Polygon","arcs":[[-152,162,163,-159]]},{"type":"Polygon","arcs":[[-151,-143,164,165,-163]]},{"type":"Polygon","arcs":[[-160,-164,-166,166,167,168]]},{"type":"Polygon","arcs":[[-62,169,-141]]},{"type":"Polygon","arcs":[[-170,-71,170,171,172,173,174,-142]]},{"type":"Polygon","arcs":[[-77,175,-171]]},{"type":"Polygon","arcs":[[-174,176,177]]},{"type":"Polygon","arcs":[[178,179,180,181,182,183]]},{"type":"Polygon","arcs":[[-76,-74,-99,184,185,186,-176]]},{"type":"Polygon","arcs":[[187,188,189,190]]},{"type":"Polygon","arcs":[[-187,191,192,193,-172]]},{"type":"Polygon","arcs":[[194,195,196]]},{"type":"Polygon","arcs":[[-98,197,198,199,-185]]},{"type":"Polygon","arcs":[[-97,200,201,-198]]},{"type":"Polygon","arcs":[[-199,-202,202,203,204,205]]},{"type":"Polygon","arcs":[[-205,206,207,208,209]]},{"type":"Polygon","arcs":[[210,211,212,213,214]]},{"type":"Polygon","arcs":[[-186,-200,-206,-210,215,216,-192]]},{"type":"Polygon","arcs":[[-216,-209,217,218,-146,219]]},{"type":"Polygon","arcs":[[-217,-220,-145,220,-195,-193]]},{"type":"Polygon","arcs":[[-201,-96,-89,-118,-123,221,-203]]},{"type":"Polygon","arcs":[[-204,-222,-122,-129,-109,222,-207]]},{"type":"Polygon","arcs":[[-223,-108,-36,223,224,225,-218,-208]]},{"type":"Polygon","arcs":[[-219,-226,226,227,228,-147]]},{"type":"Polygon","arcs":[[-225,229,230,-227]]},{"type":"Polygon","arcs":[[-228,-231,231,232]]},{"type":"Polygon","arcs":[[-35,233,234,235]]},{"type":"Polygon","arcs":[[236,-190,237,-157,238,239]]},{"type":"Polygon","arcs":[[240,241,-134,242]]},{"type":"Polygon","arcs":[[243,244,245,-137,-135,-242]]},{"type":"Polygon","arcs":[[-246,246,247,248,-138]]},{"type":"Polygon","arcs":[[-34,249,-184,250,251,-234]]},{"type":"Polygon","arcs":[[252,253,-239,-156,254,255,256,-106]]},{"type":"Polygon","arcs":[[257,258,259,-244,-241,260]]},{"type":"Polygon","arcs":[[261,262,263,264,265,266,267,268]]},{"type":"Polygon","arcs":[[269,-267,270,271]]},{"type":"Polygon","arcs":[[-248,272,-271,-266,273,274,-191,-237,275]]},{"type":"Polygon","arcs":[[276,277,-272,-273,-247,-245,-260,278]]},{"type":"Polygon","arcs":[[279,280,281,-279,-259]]},{"type":"Polygon","arcs":[[-268,-270,-278]]},{"type":"Polygon","arcs":[[-275,282,283,284,-188]]},{"type":"Polygon","arcs":[[285,286,287,288,289,-284]]},{"type":"Polygon","arcs":[[290,-212,291,-288]]},{"type":"Polygon","arcs":[[-211,292,293,294,295,296]]},{"type":"Polygon","arcs":[[-289,-292,-297,297,298,299]]},{"type":"Polygon","arcs":[[-238,-189,-285,-290,-300,300,-154]]},{"type":"Polygon","arcs":[[301,302,303,-214,304]]},{"type":"Polygon","arcs":[[305,306,-305,-213,-291,-287,307]]},{"type":"Polygon","arcs":[[-265,308,-308,-286,-283,-274]]},{"type":"Polygon","arcs":[[309,310,311,312,313,314]]},{"type":"Polygon","arcs":[[315,316,317,318,-303,319]]},{"type":"Polygon","arcs":[[320,321,322,323,324]]},{"type":"Polygon","arcs":[[325,326,327,-322]]},{"type":"Polygon","arcs":[[-107,-257,328,329,-32]]},{"type":"Polygon","arcs":[[-33,-330,330,-179,-250]]},{"type":"Polygon","arcs":[[-252,331,332,333,334,-235]]},{"type":"Polygon","arcs":[[-251,335,336,-332]]},{"type":"Polygon","arcs":[[-183,337,338,-336]]},{"type":"Polygon","arcs":[[-182,339,340,-338]]},{"type":"Polygon","arcs":[[-181,341,342,343,-340]]},{"type":"Polygon","arcs":[[344,345,346,347,348]]},{"type":"Polygon","arcs":[[349,350,351,-346,352]]},{"type":"Polygon","arcs":[[353,354,355,356,357]]},{"type":"Polygon","arcs":[[358,359,360,361,-356,362,363]]},{"type":"Polygon","arcs":[[364,365,366,367,368]]},{"type":"Polygon","arcs":[[369,-314,370,371,-367]]},{"type":"Polygon","arcs":[[372,-301,373,374,375]]},{"type":"Polygon","arcs":[[-299,376,377,-374]]},{"type":"Polygon","arcs":[[-298,-296,378,379,380,-377]]},{"type":"Polygon","arcs":[[-295,381,382,383,-379]]},{"type":"Polygon","arcs":[[-380,-384,384,385]]},{"type":"Polygon","arcs":[[-381,-386,386,387,388]]},{"type":"Polygon","arcs":[[-378,-389,389,390]]},{"type":"Polygon","arcs":[[391,392,393]]},{"type":"Polygon","arcs":[[-375,-391,394,395,396]]},{"type":"Polygon","arcs":[[-256,397,398,399,-329]]},{"type":"Polygon","arcs":[[-400,400,401,-331]]},{"type":"Polygon","arcs":[[-401,-399,402,-396,403,404,405,406,407]]},{"type":"Polygon","arcs":[[-402,-408,408,409,-180]]},{"type":"Polygon","arcs":[[-410,410,411,-342]]},{"type":"Polygon","arcs":[[-409,-407,412,-411]]},{"type":"Polygon","arcs":[[413,414,415,416,417]]},{"type":"Polygon","arcs":[[-406,418,-417,419,420,421,-413]]},{"type":"Polygon","arcs":[[-412,-422,422,423,-353,-345,424,-343]]},{"type":"Polygon","arcs":[[-421,425,-423]]},{"type":"Polygon","arcs":[[-420,-416,426,-350,-424,-426]]},{"type":"Polygon","arcs":[[-404,-395,-390,427,428,429]]},{"type":"Polygon","arcs":[[-405,-430,430,-418,-419]]},{"type":"Polygon","arcs":[[-429,431,432,-414,-431]]},{"type":"Polygon","arcs":[[-428,-388,433,434,-432]]},{"type":"Polygon","arcs":[[-387,-385,435,436,-434]]},{"type":"Polygon","arcs":[[-383,437,438,-436]]},{"type":"Polygon","arcs":[[439,440,441]]},{"type":"Polygon","arcs":[[442,-435,-437,-439,443,444]]},{"type":"Polygon","arcs":[[445,446,447,448]]},{"type":"Polygon","arcs":[[449,450]]},{"type":"Polygon","arcs":[[451,452,453,-450,454]]},{"type":"Polygon","arcs":[[455,-448,456,457,458,459,460,-453]]},{"type":"Polygon","arcs":[[461,462,463,464,465]]},{"type":"Polygon","arcs":[[466,467,468]]},{"type":"Polygon","arcs":[[469,470,471,472,473,-468]]},{"type":"Polygon","arcs":[[-473,474,475,476]]},{"type":"Polygon","arcs":[[-476,477,478,479]]},{"type":"Polygon","arcs":[[-472,480,481,482,-475]]},{"type":"Polygon","arcs":[[483,484,-110,485,-482]]},{"type":"Polygon","arcs":[[486,-464,487,488,489,490,-111,-485]]},{"type":"Polygon","arcs":[[-491,491,492,-112]]},{"type":"Polygon","arcs":[[-478,-483,-486,-114,493,494]]},{"type":"Polygon","arcs":[[-494,-113,495,496,497,498,499]]},{"type":"Polygon","arcs":[[-493,500,501,502,-496]]},{"type":"Polygon","arcs":[[-459,503,-466,504]]},{"type":"Polygon","arcs":[[-460,-505,-465,-487,-484,-481,-471,505]]},{"type":"Polygon","arcs":[[506,507,508,509,510]]},{"type":"Polygon","arcs":[[511,512,513,-509,514,515,516]]},{"type":"Polygon","arcs":[[517,518,519,520,521,522,523,524,525]]},{"type":"Polygon","arcs":[[526,527,-523]]},{"type":"Polygon","arcs":[[528,529,530,-463]]},{"type":"Polygon","arcs":[[531,532,533,534,535,-530]]},{"type":"Polygon","arcs":[[536,537,538,539,540]]},{"type":"Polygon","arcs":[[-525,541,542,543,-535]]},{"type":"Polygon","arcs":[[-524,-528,544,545,-542]]},{"type":"Polygon","arcs":[[-543,-546,546,547,548,549,550]]},{"type":"Polygon","arcs":[[-536,-544,-551,551,552,553,-488,-531]]},{"type":"Polygon","arcs":[[-545,554,-516,555,556,-547]]},{"type":"Polygon","arcs":[[-515,-508,557,-556]]},{"type":"Polygon","arcs":[[-510,-514,558,559,560,561,562]]},{"type":"Polygon","arcs":[[-511,-563,563,-92,564]]},{"type":"Polygon","arcs":[[-558,-507,-565,-91,565]]},{"type":"Polygon","arcs":[[-557,-566,566,567,-548]]},{"type":"Polygon","arcs":[[568,-555,-527,-522]]},{"type":"Polygon","arcs":[[-513,569,570,571,572,-559]]},{"type":"Polygon","arcs":[[573,574,575,576,-570,-512]]},{"type":"Polygon","arcs":[[-573,577,578,-560]]},{"type":"Polygon","arcs":[[-561,-579,579,580,581,582,583]]},{"type":"Polygon","arcs":[[-577,584,585,-571]]},{"type":"Polygon","arcs":[[-586,586,-580,-578,-572]]},{"type":"Polygon","arcs":[[-587,-585,-576,587,588,589,-581]]},{"type":"Polygon","arcs":[[-497,-503,590,591,592]]},{"type":"Polygon","arcs":[[-590,593,594,595,596,597,-582]]},{"type":"Polygon","arcs":[[-583,-598,598,599,600]]},{"type":"Polygon","arcs":[[-589,601,602,603,604,605,606,607,-594]]},{"type":"Polygon","arcs":[[-605,608,609,610]]},{"type":"Polygon","arcs":[[-604,611,612,613,614,-609]]},{"type":"Polygon","arcs":[[615,616,617,618,-612,-603]]},{"type":"Polygon","arcs":[[619,-498,-593,620,621,622]]},{"type":"Polygon","arcs":[[-592,623,624,-621]]},{"type":"Polygon","arcs":[[-622,-625,625,626,627]]},{"type":"Polygon","arcs":[[628,629,630,631,632]]},{"type":"Polygon","arcs":[[633,634,635]]},{"type":"Polygon","arcs":[[636,637,638,-634,639,640]]},{"type":"Polygon","arcs":[[641,642,-641,643,644]]},{"type":"Polygon","arcs":[[645,646,647,648,649]]},{"type":"Polygon","arcs":[[-125,650,-600,651,652,653]]},{"type":"Polygon","arcs":[[654,-637,-643,655]]},{"type":"Polygon","arcs":[[656,-632,657,658,659,660]]},{"type":"Polygon","arcs":[[661,662,663,664,-658,-631]]},{"type":"Polygon","arcs":[[-665,665,666,-659]]},{"type":"Polygon","arcs":[[667,-667,668,669,670]]},{"type":"Polygon","arcs":[[-669,-666,-664,671,672,673]]},{"type":"Polygon","arcs":[[674,-568,675,676,677]]},{"type":"Polygon","arcs":[[-567,-95,-127,678,679,-676]]},{"type":"Polygon","arcs":[[-672,-663,680,681,682,683,684]]},{"type":"Polygon","arcs":[[685,-649,686,687,-683]]},{"type":"Polygon","arcs":[[-553,688,689,690]]},{"type":"Polygon","arcs":[[-552,-550,691,692,-689]]},{"type":"Polygon","arcs":[[-549,-675,693,-629,694,-692]]},{"type":"Polygon","arcs":[[-694,-678,695,-681,-662,-630]]},{"type":"Polygon","arcs":[[-564,-562,-584,-601,-651,-124,-93]]},{"type":"Polygon","arcs":[[-677,-680,696,-650,-686,-682,-696]]},{"type":"Polygon","arcs":[[-679,-126,-654,697,698,-646,-697]]},{"type":"Polygon","arcs":[[-652,-599,-597,699,700,701]]},{"type":"Polygon","arcs":[[-701,702,703,704,705]]},{"type":"Polygon","arcs":[[-705,706,707,708]]},{"type":"Polygon","arcs":[[-698,-653,-702,-706,-709,709,710,711]]},{"type":"Polygon","arcs":[[-710,-708,712,713,714]]},{"type":"Polygon","arcs":[[-711,-715,715,716]]},{"type":"Polygon","arcs":[[717,-716,-714,718,719,720,721]]},{"type":"Polygon","arcs":[[722,723,724,725,726]]},{"type":"Polygon","arcs":[[-700,-596,727,728,-394,729,-442,730,-703]]},{"type":"Polygon","arcs":[[731,732,-610,-615,733,734,735]]},{"type":"Polygon","arcs":[[736,737,738,739,740,741]]},{"type":"Polygon","arcs":[[742,743,744,745,746,747,748]]},{"type":"Polygon","arcs":[[749,750,-743,751]]},{"type":"Polygon","arcs":[[-734,-614,752,753,754,755,756,757]]},{"type":"Polygon","arcs":[[758,-440,-730,-393,759,-735,-758,760,761,762,763]]},{"type":"Polygon","arcs":[[764,765,766,-756]]},{"type":"Polygon","arcs":[[-606,-611,-733,767]]},{"type":"Polygon","arcs":[[-768,-732,768,-607]]},{"type":"Polygon","arcs":[[-769,-736,-760,-392,-729,769]]},{"type":"Polygon","arcs":[[-608,-770,-728,-595]]},{"type":"Polygon","arcs":[[-441,-759,770]]},{"type":"Polygon","arcs":[[-713,-707,-704,-731,-771,-764,771,772,-719]]},{"type":"Polygon","arcs":[[-772,-763,773,774,775,776,777]]},{"type":"Polygon","arcs":[[-762,778,-774]]},{"type":"Polygon","arcs":[[-779,-761,-757,-767,779,780,781,-775]]},{"type":"Polygon","arcs":[[-776,-782,782,783,784,785,786]]},{"type":"Polygon","arcs":[[787,788,789,790,-311]]},{"type":"Polygon","arcs":[[791,792,793,794]]},{"type":"Polygon","arcs":[[-784,795,796,797,798,-793,799,800]]},{"type":"Polygon","arcs":[[-792,801,802,803,-800]]},{"type":"Polygon","arcs":[[804,-786,805,806]]},{"type":"Polygon","arcs":[[-781,807,808,-796,-783]]},{"type":"Polygon","arcs":[[-780,-766,809,810,-808]]},{"type":"Polygon","arcs":[[811,812]]},{"type":"Polygon","arcs":[[813,814,815]]},{"type":"Polygon","arcs":[[-794,-799,816,817,818]]},{"type":"Polygon","arcs":[[819,820,821]]},{"type":"Polygon","arcs":[[822,823,824,825,-820,826]]},{"type":"Polygon","arcs":[[827,828,829,830,831]]},{"type":"Polygon","arcs":[[832,-748,833,834,-829]]},{"type":"Polygon","arcs":[[-831,835,836]]},{"type":"Polygon","arcs":[[837,838,839,840,841,842,843]]},{"type":"Polygon","arcs":[[844,845,-838,846,847]]},{"type":"Polygon","arcs":[[848,849,850,851]]},{"type":"Polygon","arcs":[[852,853,854,855,856,857]]},{"type":"Polygon","arcs":[[858,859,-848,860,-789,861]]},{"type":"Polygon","arcs":[[862,863,864,-845,-860]]},{"type":"Polygon","arcs":[[865,-863,-859,866,867]]},{"type":"Polygon","arcs":[[868,869,-867,-862,-788,870,871]]},{"type":"Polygon","arcs":[[872,873,874,875]]},{"type":"Polygon","arcs":[[876,877,878,879,880,881]]},{"type":"Polygon","arcs":[[882,-881,883,-850,884,885]]},{"type":"Polygon","arcs":[[886,887,888,889,890,891,892,893,-879]]},{"type":"Polygon","arcs":[[894,895]]},{"type":"Polygon","arcs":[[896,897,-892]]},{"type":"Polygon","arcs":[[-891,898,899,900,901,902,-897]]},{"type":"Polygon","arcs":[[903,904,905,906]]},{"type":"Polygon","arcs":[[907,908,909,910,911,912,913,914]]},{"type":"Polygon","arcs":[[915,916,917,918,-911,919]]},{"type":"Polygon","arcs":[[920,921,-916,922]]},{"type":"Polygon","arcs":[[923,924,-912,-919]]},{"type":"Polygon","arcs":[[925,926,927,928,929]]},{"type":"Polygon","arcs":[[930,931,932,933,-928,934]]},{"type":"Polygon","arcs":[[935,936,937,-915,938,-931,939]]},{"type":"Polygon","arcs":[[940,941,942,943,-937,944]]},{"type":"Polygon","arcs":[[945,946,-908,-938,-944]]},{"type":"Polygon","arcs":[[-909,-947,947]]},{"type":"Polygon","arcs":[[948,949,950,951,952]]},{"type":"Polygon","arcs":[[953,954,955,956]]},{"type":"Polygon","arcs":[[957,958,959,960,-954,961]]},{"type":"Polygon","arcs":[[-929,-934,962,963,964]]},{"type":"Polygon","arcs":[[965,966,967,968,969,-963,-933]]},{"type":"Polygon","arcs":[[970,971,972,973,974,-968]]},{"type":"Polygon","arcs":[[975,976,-971,-967,977]]},{"type":"Polygon","arcs":[[-966,-932,-939,-914,978,979,-978]]},{"type":"Polygon","arcs":[[980,-974,981,-727,982,983]]},{"type":"Polygon","arcs":[[984,985,-723,986,987,988]]},{"type":"Polygon","arcs":[[989,990,991,-976,-980]]},{"type":"Polygon","arcs":[[992,-969,-975,-981,993,-959]]},{"type":"Polygon","arcs":[[-961,994,995,996,997,-955]]},{"type":"Polygon","arcs":[[-994,-984,998,-995,-960]]},{"type":"Polygon","arcs":[[-997,999,1000,1001,1002]]},{"type":"Polygon","arcs":[[-996,-999,-983,-726,1003,-1000]]},{"type":"Polygon","arcs":[[-986,1004,-724]]},{"type":"Polygon","arcs":[[-973,1005,1006,-987,-982]]},{"type":"Polygon","arcs":[[1007,1008,1009,-988,-1007]]},{"type":"Polygon","arcs":[[1010,1011,1012,-1008,-1006,-972,-977,1013]]},{"type":"Polygon","arcs":[[1014,1015,-1014,-992]]},{"type":"Polygon","arcs":[[1016,-1011,-1016]]},{"type":"Polygon","arcs":[[1017,1018,1019,1020,1021,1022,1023,1024,1025]]},{"type":"Polygon","arcs":[[1026,1027,1028,1029,1030,-1009]]},{"type":"Polygon","arcs":[[1031,1032,1033,1034,1035,1036,-1029]]},{"type":"Polygon","arcs":[[1037,1038,1039,1040,1041,1042]]},{"type":"Polygon","arcs":[[1043,1044,-1042,1045,1046,1047]]},{"type":"Polygon","arcs":[[-1046,-1041,1048,1049]]},{"type":"Polygon","arcs":[[1050,-1048,1051,1052,-841]]},{"type":"Polygon","arcs":[[1053,1054,1055,-1044,-1051,-840]]},{"type":"Polygon","arcs":[[1056,1057,1058]]},{"type":"Polygon","arcs":[[1059,1060,1061,1062,1063,1064,-1057]]},{"type":"Polygon","arcs":[[1065,1066,1067,1068,-1061]]},{"type":"Polygon","arcs":[[-1069,1069,1070,-1062]]},{"type":"Polygon","arcs":[[-1068,1071,1072,1073,1074,1075,-1070]]},{"type":"Polygon","arcs":[[1076,1077,1078,1079,1080,1081]]},{"type":"Polygon","arcs":[[1082,1083,1084,1085,1086]]},{"type":"Polygon","arcs":[[1087,-1087,1088,-1073,1089]]},{"type":"Polygon","arcs":[[-1074,-1089,-1086,1090,1091,1092]]},{"type":"Polygon","arcs":[[-1063,-1071,-1076,1093,1094,1095]]},{"type":"Polygon","arcs":[[1096,1097,1098,1099,-539]]},{"type":"Polygon","arcs":[[-1075,-1093,1100,1101,-1094]]},{"type":"Polygon","arcs":[[1102,-1095,-1102,1103,1104,1105]]},{"type":"Polygon","arcs":[[-1105,1106,1107,1108,1109,1110,1111]]},{"type":"Polygon","arcs":[[-1101,-1092,1112,1113,-1107,-1104]]},{"type":"Polygon","arcs":[[1114,-1110,1115,1116]]},{"type":"Polygon","arcs":[[1117,1118,1119,-1116]]},{"type":"Polygon","arcs":[[1120,1121,1122,1123,-1119]]},{"type":"Polygon","arcs":[[1124,1125,1126,-1121,-1118,-1109]]},{"type":"Polygon","arcs":[[-1114,1127,1128,-1125,-1108]]},{"type":"Polygon","arcs":[[-1091,1129,-1128,-1113]]},{"type":"Polygon","arcs":[[-1130,1130,1131,1132,1133,1134,-1126,-1129]]},{"type":"Polygon","arcs":[[1135,1136,1137,1138,1139,-1134]]},{"type":"Polygon","arcs":[[1140,1141,1142,1143,-1138]]},{"type":"Polygon","arcs":[[1144,1145,1146,1147,1148,1149,1150,1151,1152]]},{"type":"Polygon","arcs":[[-1144,1153,1154,1155,-1153,1156,1157,-1139]]},{"type":"Polygon","arcs":[[-1143,1158,1159,-1154]]},{"type":"Polygon","arcs":[[1160,-1145,-1156]]},{"type":"Polygon","arcs":[[1161,-1146,-1161,1162]]},{"type":"Polygon","arcs":[[-1160,1163,1164,-1163,-1155]]},{"type":"Polygon","arcs":[[-1127,-1135,-1140,-1158,1165,1166,1167,-1122]]},{"type":"Polygon","arcs":[[1168,1169,1170,1171,1172]]},{"type":"Polygon","arcs":[[1173,1174,-1117,1175,1176]]},{"type":"Polygon","arcs":[[1177,-1111,-1115,-1175,1178]]},{"type":"Polygon","arcs":[[-741,1179,1180,1181,1182,-745,1183]]},{"type":"Polygon","arcs":[[-1176,-1120,-1124,1184,1185,1186,-1170,1187]]},{"type":"Polygon","arcs":[[-1123,-1168,1188,1189,-1185]]},{"type":"Polygon","arcs":[[1190,1191,1192,1193,1194,1195]]},{"type":"Polygon","arcs":[[-746,-1183,1196,1197,1198]]},{"type":"Polygon","arcs":[[-1199,1199,1200,1201,1202,-747]]},{"type":"Polygon","arcs":[[-1182,1203,1204,1205,-1197]]},{"type":"Polygon","arcs":[[-1064,-1096,-1103,1206,1207]]},{"type":"Polygon","arcs":[[1208,1209,1210,1211,1212]]},{"type":"Polygon","arcs":[[-1202,1213,1214]]},{"type":"Polygon","arcs":[[1215,1216,1217,1218,1219]]},{"type":"Polygon","arcs":[[1220,-1214,-1201,1221,1222,1223,-1220,1224]]},{"type":"Polygon","arcs":[[1225,1226,1227,1228,1229]]},{"type":"Polygon","arcs":[[1230,1231,1232,1233,1234]]},{"type":"Polygon","arcs":[[1235,1236,-1228,1237,1238,1239,1240,1241]]},{"type":"Polygon","arcs":[[1242,1243,1244,1245,-1239]]},{"type":"Polygon","arcs":[[1246,1247,1248,1249,-1245]]},{"type":"Polygon","arcs":[[1250,1251,1252,1253]]},{"type":"Polygon","arcs":[[1254,1255,-1254,1256,1257,1258,1259]]},{"type":"Polygon","arcs":[[-1249,1260,-1260,1261]]},{"type":"Polygon","arcs":[[1262,1263,-1255,-1261,-1248]]},{"type":"Polygon","arcs":[[1264,-1172,1265,1266,1267,-1226]]},{"type":"Polygon","arcs":[[-1268,1268,1269,-1243,-1238,-1227]]},{"type":"Polygon","arcs":[[1270,1271,-1263,-1247,-1244,-1270]]},{"type":"Polygon","arcs":[[-1187,1272,1273,-1266,-1171]]},{"type":"Polygon","arcs":[[-1186,-1190,1274,-1077,1275,1276,-1273]]},{"type":"Polygon","arcs":[[-1274,-1277,1277,1278,-1271,-1269,-1267]]},{"type":"Polygon","arcs":[[-1276,-1082,1279,1280,-1278]]},{"type":"Polygon","arcs":[[-1281,1281,1282,-1264,-1272,-1279]]},{"type":"Polygon","arcs":[[-1081,1283,-1282,-1280]]},{"type":"Polygon","arcs":[[-1149,1284,1285]]},{"type":"Polygon","arcs":[[1286,1287,1288,1289,1290]]},{"type":"Polygon","arcs":[[1291,1292]]},{"type":"Polygon","arcs":[[1293,1294,1295,1296,1297,1298,1299]]},{"type":"Polygon","arcs":[[1300,-1300,1301,1302,1303]]},{"type":"Polygon","arcs":[[1304,1305,1306]]},{"type":"Polygon","arcs":[[1307,1308,1309]]},{"type":"Polygon","arcs":[[1310,1311,1312,-1235,1313,1314]]},{"type":"Polygon","arcs":[[1315,1316,1317,1318,1319,1320]]},{"type":"Polygon","arcs":[[1321,1322,1323]]},{"type":"Polygon","arcs":[[1324,1325,1326,1327,1328,1329,1330,1331]]},{"type":"Polygon","arcs":[[1332,1333,-1292,1334,1335,1336,1337,1338,1339,1340]]},{"type":"Polygon","arcs":[[1341,-1336,1342,-1319,1343]]},{"type":"Polygon","arcs":[[1344,1345,1346,1347,-1344,-1318]]},{"type":"Polygon","arcs":[[-1297,1348,1349,1350,-1347,1351,1352]]},{"type":"Polygon","arcs":[[1353,1354,1355,-1337,-1342]]},{"type":"Polygon","arcs":[[1356,1357,-1354,-1348]]},{"type":"Polygon","arcs":[[1358,1359,-1315,1360,-1357,-1351]]},{"type":"Polygon","arcs":[[1361,-1332,1362,-1232,1363]]},{"type":"Polygon","arcs":[[1364,1365,-1339]]},{"type":"Polygon","arcs":[[-1258,1366,1367,1368]]},{"type":"Polygon","arcs":[[1369,1370,1371,1372,1373]]},{"type":"Polygon","arcs":[[1374,-1370,1375]]},{"type":"Polygon","arcs":[[1376,1377,1378,-1371,-1375,1379]]},{"type":"Polygon","arcs":[[1380,1381,-1377,1382]]},{"type":"Polygon","arcs":[[1383,-1329,1384,1385,-1381,1386]]},{"type":"Polygon","arcs":[[-1386,1387,-1378,-1382]]},{"type":"Polygon","arcs":[[-1330,-1384,1388,1389]]},{"type":"Polygon","arcs":[[-1331,-1390,-1233,-1363]]},{"type":"Polygon","arcs":[[1390,1391]]},{"type":"Polygon","arcs":[[-1241,1392,1393,1394,-1311,-1360,1395]]},{"type":"Polygon","arcs":[[1396,-1250,-1262,-1259,-1369,1397,1398,-1394]]},{"type":"Polygon","arcs":[[-1399,1399,-1312,-1395]]},{"type":"Polygon","arcs":[[1400,-1252,1401,1402,1403,-1326]]},{"type":"Polygon","arcs":[[-1240,-1246,-1397,-1393]]},{"type":"Polygon","arcs":[[1404,1405,1406,1407,1408,1409]]},{"type":"Polygon","arcs":[[-1409,1410,1411,1412]]},{"type":"Polygon","arcs":[[-1411,-1408,1413,1414,1415,1416,1417,1418]]},{"type":"Polygon","arcs":[[-1036,1419,1420,1421,1422,-1406,1423]]},{"type":"Polygon","arcs":[[1424,1425,1426,1427,1428]]},{"type":"Polygon","arcs":[[1429,1430,1431,1432,1433,1434,1435]]},{"type":"Polygon","arcs":[[1436,1437,1438,1439,-1432,1440,1441]]},{"type":"Polygon","arcs":[[1442,1443,1444,-1438]]},{"type":"Polygon","arcs":[[1445,1446,1447,-1437,1448]]},{"type":"Polygon","arcs":[[-1428,1449,1450,1451,1452,1453,1454]]},{"type":"Polygon","arcs":[[1455,1456,1457,1458,1459,1460,1461,1462]]},{"type":"Polygon","arcs":[[1463,-1429,-1455,1464,-1443,-1448]]},{"type":"Polygon","arcs":[[1465,-1291,1466,1467,1468]]},{"type":"Polygon","arcs":[[1469,1470,1471,1472,-1451]]},{"type":"Polygon","arcs":[[1473,1474,1475,1476,1477,1478,1479,-1471]]},{"type":"Polygon","arcs":[[1480,1481,-1475,1482]]},{"type":"Polygon","arcs":[[1483,1484,1485,1486,1487]]},{"type":"Polygon","arcs":[[-1487,1488,1489,1490,1491]]},{"type":"Polygon","arcs":[[-1460,1492,-1287,-1466,1493]]},{"type":"Polygon","arcs":[[1494]]},{"type":"Polygon","arcs":[[-1491,1495,1496,1497,1498]]},{"type":"Polygon","arcs":[[1499,-1472,-1480,1500,1501,1502]]},{"type":"Polygon","arcs":[[1503,-1473,-1500,1504,1505,1506]]},{"type":"Polygon","arcs":[[-1505,-1503,1507,1508]]},{"type":"Polygon","arcs":[[-1506,-1509,1509,1510]]},{"type":"Polygon","arcs":[[-1454,1511,1512,-1444,-1465]]},{"type":"Polygon","arcs":[[-1512,-1453,1513,1514,1515]]},{"type":"Polygon","arcs":[[1516,-1507,-1511,1517,1518,1519]]},{"type":"Polygon","arcs":[[-1452,-1504,-1517,1520,-1514]]},{"type":"Polygon","arcs":[[1521,-1515,-1521,-1520,1522,1523,1524]]},{"type":"Polygon","arcs":[[-1439,-1445,-1513,-1516,-1522,1525,1526]]},{"type":"Polygon","arcs":[[-1440,-1527,1527,1528,-1433]]},{"type":"Polygon","arcs":[[-1528,-1526,-1525,1529,1530]]},{"type":"Polygon","arcs":[[-1529,-1531,1531,1532,-1434]]},{"type":"Polygon","arcs":[[1533,-1435,-1533,1534,1535,1536,-1463,1537,-1415,1538]]},{"type":"Polygon","arcs":[[-1532,-1530,-1524,1539,1540,1541,-1535]]},{"type":"Polygon","arcs":[[-1542,1542,-1536]]},{"type":"Polygon","arcs":[[-1518,-1510,-1508,1543,1544,1545]]},{"type":"Polygon","arcs":[[-1523,-1519,-1546,1546,1547,-1540]]},{"type":"Polygon","arcs":[[-1547,-1545,1548,-1457,1549]]},{"type":"Polygon","arcs":[[-1543,-1541,-1548,-1550,-1456,-1537]]},{"type":"Polygon","arcs":[[-1544,-1502,1550,1551,1552,-1458,-1549]]},{"type":"Polygon","arcs":[[1553,1554,1555,-1552]]},{"type":"Polygon","arcs":[[-1553,-1556,1556,1557,1558,1559,1560,1561,-1459]]},{"type":"Polygon","arcs":[[1562,-1498,1563,1564,1565]]},{"type":"Polygon","arcs":[[-1290,1566,1567,-1467]]},{"type":"Polygon","arcs":[[1568,1569,1570,1571,1572]]},{"type":"Polygon","arcs":[[1573,1574,1575,-1569,1576]]},{"type":"Polygon","arcs":[[1577,1578,1579,-1574,1580]]},{"type":"Polygon","arcs":[[1581,1582,-1571]]},{"type":"Polygon","arcs":[[1583,1584,-1575,-1580]]},{"type":"Polygon","arcs":[[1585,1586,1587,-1582,-1570,-1576,-1585]]},{"type":"Polygon","arcs":[[1588,1589,1590,1591,1592,-1578]]},{"type":"Polygon","arcs":[[-1593,1593,-1586,-1584,-1579]]},{"type":"Polygon","arcs":[[-1592,1594,-1587,-1594]]},{"type":"Polygon","arcs":[[-1289,1595,-1561,1596,1597,-1567]]},{"type":"Polygon","arcs":[[-1562,-1596,-1288,-1493]]},{"type":"Polygon","arcs":[[1598,1599,1600,1601,1602,1603,-1097,-538,1604,1605,1606,1607,1608,-1572,-1583,-1588,1609,1610,1611]]},{"type":"Polygon","arcs":[[1612,1613,-1599,1614]]},{"type":"Polygon","arcs":[[1615,-1600,-1614,1616]]},{"type":"Polygon","arcs":[[-1616,1617,1618,1619,1620,-1601]]},{"type":"Polygon","arcs":[[-1621,1621,1622,1623,-1602]]},{"type":"Polygon","arcs":[[-1461,-1494,-1469,1624,-1619,1625]]},{"type":"Polygon","arcs":[[-1625,-1468,1626,-1622,-1620]]},{"type":"Polygon","arcs":[[-1568,1627,1628,-1623,-1627]]},{"type":"Polygon","arcs":[[-1560,1629,1630,-1597]]},{"type":"Polygon","arcs":[[1631,1632,1633,1634,1635]]},{"type":"Polygon","arcs":[[1636,1637,-1632,1638]]},{"type":"Polygon","arcs":[[1639,1640,1641,1642,-1637]]},{"type":"Polygon","arcs":[[-1638,-1643,1643,1644,1645,-1633]]},{"type":"Polygon","arcs":[[-1646,1646,-1084,1647,-1634]]},{"type":"Polygon","arcs":[[1648,-1131,-1085,-1647]]},{"type":"Polygon","arcs":[[-1645,1649,1650,-1649]]},{"type":"Polygon","arcs":[[-1642,1651,-1608,1652,1653,1654,-1650,-1644]]},{"type":"Polygon","arcs":[[-1655,1655,1656,1657,-1132,-1651]]},{"type":"Polygon","arcs":[[1658,1659,-1136,-1133,-1658]]},{"type":"Polygon","arcs":[[1660,1661,-1656,-1654]]},{"type":"Polygon","arcs":[[-1165,1662,1663,1664,1665,1666,-1147,-1162]]},{"type":"Polygon","arcs":[[1667,1668,1669,1670,1671]]},{"type":"Polygon","arcs":[[1672,1673,1674,-1663,-1164,-1159,-1142,1675]]},{"type":"Polygon","arcs":[[1676,-1676,-1141,-1137,-1660]]},{"type":"Polygon","arcs":[[-1662,1677,1678,-1673,-1677,-1659,-1657]]},{"type":"Polygon","arcs":[[1679,1680,-1678,1681]]},{"type":"Polygon","arcs":[[1682,-1682,-1661,-1653,-1607]]},{"type":"Polygon","arcs":[[1683,1684,1685,1686,1687,1688,1689]]},{"type":"Polygon","arcs":[[-1690,1690,1691]]},{"type":"Polygon","arcs":[[1692,1693,1694,-1684,-1692,-1680]]},{"type":"Polygon","arcs":[[1695,1696,-1693,-1683,-1606]]},{"type":"Polygon","arcs":[[-1697,1697,1698,1699,-1694]]},{"type":"Polygon","arcs":[[-1696,-1605,-537,1700,-1698]]},{"type":"Polygon","arcs":[[-1701,-541,1701,1702,-1699]]},{"type":"Polygon","arcs":[[-1700,-1703,-1307,1703,-1685,-1695]]},{"type":"Polygon","arcs":[[-540,-1100,1704,1705,1706,-1305,-1702]]},{"type":"Polygon","arcs":[[-1672,1707,1708]]},{"type":"Polygon","arcs":[[-1099,1709,-1668,-1709,1710,-1705]]},{"type":"Polygon","arcs":[[-1098,-1604,1711,-1669,-1710]]},{"type":"Polygon","arcs":[[-1624,-1629,1712,1713,1714,1715,1716,1717,1718,1719,-1603]]},{"type":"Polygon","arcs":[[-1598,-1631,1720,1721,1722,1723,-1713,-1628]]},{"type":"Polygon","arcs":[[1724,1725,1726,-1722]]},{"type":"Polygon","arcs":[[-1724,1727,-1714]]},{"type":"Polygon","arcs":[[-1723,-1727,1728,1729,1730,-1715,-1728]]},{"type":"Polygon","arcs":[[-1731,1731,-1716]]},{"type":"Polygon","arcs":[[1732,-1718,1733,1734,1735]]},{"type":"Polygon","arcs":[[1736,1737,-1712,-1720]]},{"type":"Polygon","arcs":[[1738,1739,1740,1741,1742]]},{"type":"Polygon","arcs":[[1743,1744,1745,1746]]},{"type":"Polygon","arcs":[[1747,1748,1749,-1687]]},{"type":"Polygon","arcs":[[-1704,-1306,-1707,1750,-1744,1751,-1748,-1686]]},{"type":"Polygon","arcs":[[1752,1753,1754,1755]]},{"type":"Polygon","arcs":[[1756,1757,-1664,-1675,1758]]},{"type":"Polygon","arcs":[[-1691,-1689,1759,-1759,-1674,-1679,-1681]]},{"type":"Polygon","arcs":[[1760,1761,1762,1763,1764]]},{"type":"Polygon","arcs":[[-1764,1765,1766,1767]]},{"type":"Polygon","arcs":[[1768,1769,-1742,1770,1771,1772,1773,1774]]},{"type":"Polygon","arcs":[[1775,-1755,1776,-1774,1777,1778,-1762,1779]]},{"type":"Polygon","arcs":[[1780,-1775,-1777,-1754]]},{"type":"Polygon","arcs":[[-1773,1781,1782,1783,-1778]]},{"type":"Polygon","arcs":[[1784,-1743,-1770,1785]]},{"type":"Polygon","arcs":[[1786,1787,1788]]},{"type":"Polygon","arcs":[[1789,-47,1790]]},{"type":"Polygon","arcs":[[-79,1791,1792,1793,1794,1795,1796,1797,1798,-64]]},{"type":"Polygon","arcs":[[1799,-65,-1799]]},{"type":"Polygon","arcs":[[-1798,1800,-261,-243,-133,-42,-1800]]},{"type":"Polygon","arcs":[[-1797,1801,1802,-280,-258,-1801]]},{"type":"Polygon","arcs":[[1803,-262,1804]]},{"type":"Polygon","arcs":[[-282,1805,-1805,-269,-277]]},{"type":"Polygon","arcs":[[1806,1807,1808,1809,1810]]},{"type":"Polygon","arcs":[[1811,1812,1813,-326,-321,1814,-1808]]},{"type":"Polygon","arcs":[[1815,1816,1817,-1809,-1815,-325,1818,-317,1819]]},{"type":"Polygon","arcs":[[1820,1821,1822,1823,1824,1825,1826,1827]]},{"type":"Polygon","arcs":[[1828,1829,1830,1831,1832]]},{"type":"Polygon","arcs":[[1833]]},{"type":"Polygon","arcs":[[1834,1835]]},{"type":"Polygon","arcs":[[1836]]},{"type":"Polygon","arcs":[[-373,1837,-155]]},{"type":"Polygon","arcs":[[1838,1839,1840,1841,1842,-1049]]},{"type":"Polygon","arcs":[[-1040,-956,-998,-1003,1843,-1839]]},{"type":"Polygon","arcs":[[-1038,1844,-1055,1845,1846,1847]]},{"type":"Polygon","arcs":[[-1043,-1045,-1056,-1845]]},{"type":"Polygon","arcs":[[-1050,-1843,1848,1849,1850,-1052,-1047]]},{"type":"Polygon","arcs":[[-842,-1053,-1851,1851,1852,1853]]},{"type":"Polygon","arcs":[[1854,1855,1856,1857,1858,1859]]},{"type":"Polygon","arcs":[[1860,-1855,1861,1862,-1852]]},{"type":"Polygon","arcs":[[1863,1864,-1856,-1861,-1850]]},{"type":"Polygon","arcs":[[-754,1865,1866,1867]]},{"type":"Polygon","arcs":[[1868,1869,1870,1871,1872,-1857,-1865]]},{"type":"Polygon","arcs":[[1873,1874,1875,1876,-1871,1877]]},{"type":"Polygon","arcs":[[1878,1879,1880,-1878,-1870,1881]]},{"type":"Polygon","arcs":[[1882,-1882,-1869,-1864,-1849]]},{"type":"Polygon","arcs":[[1883,1884,1885,-1875,1886]]},{"type":"Polygon","arcs":[[1887,1888,-1887,-1874,-1881]]},{"type":"Polygon","arcs":[[1889,1890,-1879,-1883,-1842]]},{"type":"Polygon","arcs":[[1891,-623,-628,1892,1893]]},{"type":"Polygon","arcs":[[-624,-591,-502,1894,1895,1896,1897,1898,1899,-626]]},{"type":"Polygon","arcs":[[1900,-1898,1901]]},{"type":"Polygon","arcs":[[1902,1903,1904,1905]]},{"type":"Polygon","arcs":[[-661,1906,1907]]},{"type":"Polygon","arcs":[[1908,1909,1910,-1080]]},{"type":"Polygon","arcs":[[-674,1911,1912,1913,1914,-670]]},{"type":"Polygon","arcs":[[1915,1916,1917,1918,1919,1920,1921]]},{"type":"Polygon","arcs":[[1922,-1916,1923,1924]]},{"type":"Polygon","arcs":[[1925,1926,1927,-738,1928,-618,1929]]},{"type":"Polygon","arcs":[[1930,1931,-520,1932,-334,1933]]},{"type":"Polygon","arcs":[[-371,-313,1934,1935,1936]]},{"type":"Polygon","arcs":[[-372,-1937,1937,1938,1939]]},{"type":"Polygon","arcs":[[-368,-1940,1940,1941,1942]]},{"type":"Polygon","arcs":[[1943,1944,1945,1946,1947]]},{"type":"Polygon","arcs":[[1948,-1944,1949,1950]]},{"type":"Polygon","arcs":[[1951,1952,-1179,-1174,1953,-1951]]},{"type":"Polygon","arcs":[[1954,-1195,1955,1956,1957]]},{"type":"Polygon","arcs":[[1958,-1196,-1955,-1205,1959]]},{"type":"Polygon","arcs":[[1960,1961,1962,1963,1964,1965,1966]]},{"type":"Polygon","arcs":[[1967,-1966,1968,-318,-1819,-324]]},{"type":"Polygon","arcs":[[1969,1970,1971,1972]]},{"type":"Polygon","arcs":[[1973,-1191,-1959]]},{"type":"Polygon","arcs":[[-1023,1974,1975,-359,1976,1977]]},{"type":"Polygon","arcs":[[-1958,1978,-1222,-1200,-1198,-1206]]},{"type":"Polygon","arcs":[[1979,1980,-1204,-1181]]},{"type":"Polygon","arcs":[[1981,1982,1983,-1025,1984]]},{"type":"Polygon","arcs":[[-1936,1985,1986,-1026,-1984,1987,-1938]]},{"type":"Polygon","arcs":[[1988,-320,-302,-307,1989]]},{"type":"Polygon","arcs":[[-50,1990]]},{"type":"Polygon","arcs":[[-51,-1991,-49,-40,-1,-55,1991]]},{"type":"Polygon","arcs":[[-1941,-1939,-1988,-1983,1992]]},{"type":"Polygon","arcs":[[-319,-1969,-1965,1993,1994,1995,1996,-304]]},{"type":"Polygon","arcs":[[-53,1997,1998,1999]]},{"type":"Polygon","arcs":[[-57,-140,-150,-158,2000,-1998]]},{"type":"Polygon","arcs":[[-1999,-2001,-162,2001,2002]]},{"type":"Polygon","arcs":[[-2002,-161,-169,2003,2004]]},{"type":"Polygon","arcs":[[-165,-175,-178,2005,2006,-167]]},{"type":"Polygon","arcs":[[-173,-194,-197,2007,2008,-2006,-177]]},{"type":"Polygon","arcs":[[2009,2010,2011,-360,-1976]]},{"type":"Polygon","arcs":[[-196,-221,-149,2012,2013,-2008]]},{"type":"Polygon","arcs":[[-1982,2014,-1977,-364,2015,2016,-444,2017]]},{"type":"Polygon","arcs":[[2018,-315,-370,2019,2020,2021]]},{"type":"Polygon","arcs":[[-229,-233,2022,-518,2023,2024,-2013,-148]]},{"type":"Polygon","arcs":[[-232,-230,-224,-236,-335,-1933,-519,-2023]]},{"type":"Polygon","arcs":[[-310,-2019,2025,-871]]},{"type":"Polygon","arcs":[[2026,2027,-1990,-306,-309,-264]]},{"type":"Polygon","arcs":[[2028,2029,-365,2030,-293,-215,-1997]]},{"type":"Polygon","arcs":[[2031,-2029,-1996]]},{"type":"Polygon","arcs":[[-1995,2032,-2020,-366,-2030,-2032]]},{"type":"Polygon","arcs":[[2033,-872,-2026,-2022,2034,-1963]]},{"type":"Polygon","arcs":[[-2035,-2021,-2033,-1994,-1964]]},{"type":"Polygon","arcs":[[-328,2035,-1967,-1968,-323]]},{"type":"Polygon","arcs":[[-2031,-369,-1943,2036,-382,-294]]},{"type":"Polygon","arcs":[[-337,-339,-341,-344,-425,-349,2037,-1934,-333]]},{"type":"Polygon","arcs":[[-2038,-348,2038,2039,-1931]]},{"type":"Polygon","arcs":[[-1024,-1978,-2015,-1985]]},{"type":"Polygon","arcs":[[-347,2040,2041,2042,-2039]]},{"type":"Polygon","arcs":[[-352,2043,2044,-1970,2045,-2041]]},{"type":"Polygon","arcs":[[-1993,-2018,-438,-2037,-1942]]},{"type":"Polygon","arcs":[[2046,-358,2047,2048,-1972]]},{"type":"Polygon","arcs":[[2049,2050,2051,-354,-2047,-1971,-2045]]},{"type":"Polygon","arcs":[[-363,-355,-2052,2052,-2016]]},{"type":"Polygon","arcs":[[-2046,-1973,-2049,2053,-2042]]},{"type":"Polygon","arcs":[[-1838,-376,-397,-403,-398,-255]]},{"type":"Polygon","arcs":[[-443,2054,-2050,-2044,-351,-427,-415,-433]]},{"type":"Polygon","arcs":[[-445,-2017,-2053,-2051,-2055]]},{"type":"Polygon","arcs":[[-2004,2055,-449,-456,-452,2056,2057]]},{"type":"Polygon","arcs":[[2058,2059,2060,-457,-447]]},{"type":"Polygon","arcs":[[2061,2062,-2060]]},{"type":"Polygon","arcs":[[-455,-451,-454,-461,-506,-470,-467,2063,2064,-2057]]},{"type":"Polygon","arcs":[[-2064,-469,-474,-477,-480,2065,2066]]},{"type":"Polygon","arcs":[[-495,-500,2067,2068,-2066,-479]]},{"type":"Polygon","arcs":[[2069,2070,2071,-532,-529,-462,-504,-458,-2061,-2063]]},{"type":"Polygon","arcs":[[-168,-2007,-2009,-2014,-2025,2072,-2070,-2062,-2059,-446,-2056]]},{"type":"Polygon","arcs":[[-2073,-2024,-526,-534,2073,-2071]]},{"type":"Polygon","arcs":[[-533,-2072,-2074]]},{"type":"Polygon","arcs":[[2074,-574,-517,-569,-521,-1932,-2040,-2043,-2054,-2048,-357,-362]]},{"type":"Polygon","arcs":[[-361,-2012,2075,-616,-602,-588,-575,-2075]]},{"type":"Polygon","arcs":[[-1930,-617,-2076,-2011,2076]]},{"type":"Polygon","arcs":[[-2068,-499,-620,-1892,2077]]},{"type":"Polygon","arcs":[[2078,2079,-1980,-1180,-740,2080,2081]]},{"type":"Polygon","arcs":[[2082,2083,-1907,-660,-668,2084,2085,-1902,-1897]]},{"type":"Polygon","arcs":[[-639,2086,-2085,-671,-1915,2087,2088,-635]]},{"type":"Polygon","arcs":[[-645,2089,2090,2091,2092]]},{"type":"Polygon","arcs":[[-695,-633,-657,-1908,-2084,2093,-690,-693]]},{"type":"Polygon","arcs":[[-1893,-627,-1900,2094,-656,-642,-2093,2095]]},{"type":"Polygon","arcs":[[-644,-640,-636,-2089,2096,2097,-2090]]},{"type":"Polygon","arcs":[[-1901,-2086,-2087,-638,-655,-2095,-1899]]},{"type":"Polygon","arcs":[[-685,2098,2099,2100,2101,-1912,-673]]},{"type":"Polygon","arcs":[[-2100,2102,2103,2104,2105]]},{"type":"Polygon","arcs":[[2106,-2105,2107]]},{"type":"Polygon","arcs":[[-501,-492,-490,2108,-1895]]},{"type":"Polygon","arcs":[[-489,-554,-691,-2094,-2083,-1896,-2109]]},{"type":"Polygon","arcs":[[-647,-699,-712,-717,-718,2109,2110,2111]]},{"type":"Polygon","arcs":[[-773,-778,2112,2113,-720]]},{"type":"Polygon","arcs":[[2114,2115,2116,2117,2118,2119,2120]]},{"type":"Polygon","arcs":[[2121,-721,-2114,2122,2123,-2115,2124]]},{"type":"Polygon","arcs":[[-2110,-722,-2122,2125,2126]]},{"type":"Polygon","arcs":[[-1867,2127,-752,-749,2128,2129]]},{"type":"Polygon","arcs":[[-755,-1868,-2130,2130,2131,-810,-765]]},{"type":"Polygon","arcs":[[-648,-2112,2132,-687]]},{"type":"Polygon","arcs":[[-2119,2133,2134,2135,2136]]},{"type":"Polygon","arcs":[[2137,2138,-2120,-2137,2139]]},{"type":"Polygon","arcs":[[2140,-2138]]},{"type":"Polygon","arcs":[[2141,2142,2143,2144,2145,2146,2147,2148]]},{"type":"Polygon","arcs":[[-2099,-684,-688,-2133,-2111,-2127,2149,-2103]]},{"type":"Polygon","arcs":[[2150,-2082,2151]]},{"type":"Polygon","arcs":[[-941,2152,2153,2154,2155]]},{"type":"Polygon","arcs":[[-1929,-737,2156,-750,-2128,-1866,-753,-613,-619]]},{"type":"Polygon","arcs":[[-742,-1184,-744,-751,-2157]]},{"type":"Polygon","arcs":[[-787,-805,2157,-2113,-777]]},{"type":"Polygon","arcs":[[2158,2159,-815,2160,2161,-2134,-2118]]},{"type":"Polygon","arcs":[[-2162,2162,-1822,2163,-1828,2164,-2135]]},{"type":"Polygon","arcs":[[2165,2166,2167,-2145,2168]]},{"type":"Polygon","arcs":[[2169,-806,-785,-801,-804,2170,-2116,-2124]]},{"type":"Polygon","arcs":[[-2171,-803,2171,-2159,-2117]]},{"type":"Polygon","arcs":[[-795,-819,2172,-816,-2160,-2172,-802]]},{"type":"Polygon","arcs":[[-2131,-2129,-833,-828,2173,2174,2175]]},{"type":"Polygon","arcs":[[2176,-1853,-1863,2177,2178,2179]]},{"type":"Polygon","arcs":[[-2174,-832,-837,2180,2181]]},{"type":"Polygon","arcs":[[-869,-2034,-1962,2182]]},{"type":"Polygon","arcs":[[-2158,-807,-2170,-2123]]},{"type":"Polygon","arcs":[[-2176,2183,2184,-813,2185,-811,-2132]]},{"type":"Polygon","arcs":[[-2185,2186,2187,2188,-797,-809,-2186,-812]]},{"type":"Polygon","arcs":[[-2184,-2175,-2182,2189,2190,-2187]]},{"type":"Polygon","arcs":[[-2181,2191,2192,2193,2194,-2190]]},{"type":"Polygon","arcs":[[-817,-798,-2189,2195]]},{"type":"Polygon","arcs":[[-791,2196,2197,2198,-312]]},{"type":"Polygon","arcs":[[-814,-2173,-818,-2196,-2188,-2191,-2195,2199,2200,-1823,-2163,-2161]]},{"type":"Polygon","arcs":[[2201,2202,-2200,-2194]]},{"type":"Polygon","arcs":[[-861,-847,-844,2203,2204,-2197,-790]]},{"type":"Polygon","arcs":[[2205,2206,-1020,2207,2208,-2179]]},{"type":"Polygon","arcs":[[2209,2210,-1846,-1054,-839,-846,-865,2211]]},{"type":"Polygon","arcs":[[-2203,2212,2213,2214,-1824,-2201]]},{"type":"Polygon","arcs":[[-2214,2215,-823,2216,2217,2218]]},{"type":"Polygon","arcs":[[2219,-824,-2216,-2213,-2202,-2193,2220]]},{"type":"Polygon","arcs":[[-843,-1854,-2177,-2204]]},{"type":"Polygon","arcs":[[2221,2222,2223,-1021,-2207,2224]]},{"type":"Polygon","arcs":[[-2217,-827,-822,2225,2226,2227,2228]]},{"type":"Polygon","arcs":[[-2215,-2219,2229,2230,-1825]]},{"type":"Polygon","arcs":[[-836,-830,-835,2231,2232,-2221,-2192]]},{"type":"Polygon","arcs":[[2233,-2169,-2144,2234]]},{"type":"Polygon","arcs":[[-2220,-2233,2235,2236,2237,2238,2239,-825]]},{"type":"Polygon","arcs":[[-2239,2240,-853,2241]]},{"type":"Polygon","arcs":[[-2226,-821,-826,-2240,-2242,-858,2242,2243]]},{"type":"Polygon","arcs":[[-855,2244,2245,2246]]},{"type":"Polygon","arcs":[[2247,2248,2249,2250,-2246]]},{"type":"Polygon","arcs":[[2251,2252,-2155,2253,-901]]},{"type":"Polygon","arcs":[[-856,-2247,-2251,2254,2255,2256]]},{"type":"Polygon","arcs":[[2257,2258,2259,-2255,-2250]]},{"type":"Polygon","arcs":[[-2259,2260,2261,2262,2263]]},{"type":"Polygon","arcs":[[2264,2265,2266]]},{"type":"Polygon","arcs":[[2267,-2235,-2143,2268]]},{"type":"Polygon","arcs":[[2269,-2243,-857,-2257,2270,-2267,2271,2272]]},{"type":"Polygon","arcs":[[2273,2274,-2212,-864,2275]]},{"type":"Polygon","arcs":[[-875,2276,2277,-1847,-2211,2278]]},{"type":"Polygon","arcs":[[2279,2280,-876,-2279,-2210,-2275]]},{"type":"Polygon","arcs":[[-884,-880,-894,2281,2282,-873,-2281,2283,-851]]},{"type":"Polygon","arcs":[[2284,2285,-953,2286,-1848,-2278]]},{"type":"Polygon","arcs":[[-2283,2287,-2285,-2277,-874]]},{"type":"Polygon","arcs":[[2288,2289,2290,2291,2292,-2276,-866,2293]]},{"type":"Polygon","arcs":[[2294,-885,-849,2295,-2292]]},{"type":"Polygon","arcs":[[-852,-2284,-2280,-2274,-2293,-2296]]},{"type":"Polygon","arcs":[[-2254,-2154,2296,2297,-902]]},{"type":"Polygon","arcs":[[-893,-898,-903,-2298,2298,-896,2299,-949,-2286,-2288,-2282]]},{"type":"Polygon","arcs":[[2300,-889,2301]]},{"type":"Polygon","arcs":[[-899,-890,-2301,2302,2303,2304]]},{"type":"Polygon","arcs":[[2305,2306,2307,2308]]},{"type":"Polygon","arcs":[[2309,2310,-2252,-900,-2305,2311]]},{"type":"Polygon","arcs":[[2312,2313,2314,-2308,2315,-2311]]},{"type":"Polygon","arcs":[[2316,-930,-965,2317,2318,-951]]},{"type":"Polygon","arcs":[[2319,2320,2321,2322,-2314,-904]]},{"type":"Polygon","arcs":[[-905,-2313,-2310,2323]]},{"type":"Polygon","arcs":[[2324,-906,-2324,-2312,-2304,2325]]},{"type":"Polygon","arcs":[[-964,-970,-993,-958,2326,-2318]]},{"type":"Polygon","arcs":[[2327,2328,2329,-1888,-1880,-1891,2330,2331]]},{"type":"Polygon","arcs":[[2332,2333,2334,2335,-2166,-2234,-2268,2336,-1903,2337]]},{"type":"Polygon","arcs":[[-1952,-1950,-1948,2338,2339]]},{"type":"Polygon","arcs":[[2340,2341,2342,-921,2343,-2309,-2315]]},{"type":"Polygon","arcs":[[2344,2345,2346]]},{"type":"Polygon","arcs":[[-2307,2347,-942,-2156,-2253,-2316]]},{"type":"Polygon","arcs":[[-1858,-1873,2348,2349,2350,2351]]},{"type":"Polygon","arcs":[[2352,2353,2354,-2349,-1872,-1877]]},{"type":"Polygon","arcs":[[-1876,-1886,2355,2356,-2353]]},{"type":"Polygon","arcs":[[2357,2358,-2341,-2323]]},{"type":"Polygon","arcs":[[2359,2360,-2346,-2358,-2322]]},{"type":"Polygon","arcs":[[2361,2362,-2347,-2361,2363]]},{"type":"Polygon","arcs":[[2364,-2362,2365]]},{"type":"Polygon","arcs":[[-2153,-945,-936,2366,-926,-2317,-950,-2300,-895,-2299,-2297]]},{"type":"Polygon","arcs":[[2367,-917,-922,-2343]]},{"type":"Polygon","arcs":[[-923,-920,-910,-948,-946,-943,-2348,-2306,-2344]]},{"type":"Polygon","arcs":[[-940,-935,-927,-2367]]},{"type":"Polygon","arcs":[[-2319,-2327,-962,-957,-1039,-2287,-952]]},{"type":"Polygon","arcs":[[-925,2368,2369,-990,-979,-913]]},{"type":"Polygon","arcs":[[2370,2371,-1018,-1987]]},{"type":"Polygon","arcs":[[-1862,-1860,2372,-2225,-2206,-2178]]},{"type":"Polygon","arcs":[[-2224,2373,2374,2375,-1975,-1022]]},{"type":"Polygon","arcs":[[2376,-2147,2377,2378,-2350,-2355]]},{"type":"Polygon","arcs":[[2379,-2148,-2377,-2354,-2357]]},{"type":"Polygon","arcs":[[2380,2381,-1027,-1013]]},{"type":"Polygon","arcs":[[-1031,2382,2383,2384,-989,-1010]]},{"type":"Polygon","arcs":[[-2199,2385,2386,-2371,-1986,-1935]]},{"type":"Polygon","arcs":[[-2180,-2209,2387,-2386,-2198,-2205]]},{"type":"Polygon","arcs":[[-2388,-2208,-1019,-2372,-2387]]},{"type":"Polygon","arcs":[[-2356,-1885,2388,2389,-2149,-2380]]},{"type":"Polygon","arcs":[[2390,-2269,-2142,-2390,2391]]},{"type":"Polygon","arcs":[[-2330,2392,-1905,2393,-2392,-2389,-1884,-1889]]},{"type":"Polygon","arcs":[[2394,2395,-2328,2396,-1921]]},{"type":"Polygon","arcs":[[2397,2398,2399,-1033,2400]]},{"type":"Polygon","arcs":[[2401,-1926,-2077,-2010,-2376]]},{"type":"Polygon","arcs":[[-2375,2402,-2379,-1927,-2402]]},{"type":"Polygon","arcs":[[-2373,-1859,-2352,2403,-2222]]},{"type":"Polygon","arcs":[[-2404,-2351,-2403,-2374,-2223]]},{"type":"Polygon","arcs":[[-2337,-2391,-2394,-1904]]},{"type":"Polygon","arcs":[[-2396,2404,2405,2406,-2338,-1906,-2393,-2329]]},{"type":"Polygon","arcs":[[2407,-1919,2408,2409,2410,2411,-2406]]},{"type":"Polygon","arcs":[[2412,2413,2414,-2411]]},{"type":"Polygon","arcs":[[-2407,-2412,-2415,2415,2416,2417,-2333]]},{"type":"Polygon","arcs":[[2418,2419,-2331,-1890,-1841]]},{"type":"Polygon","arcs":[[-2408,-2405,-2395,-1920]]},{"type":"Polygon","arcs":[[-1925,2420,-2419,-1840,-1844,-1002,2421]]},{"type":"Polygon","arcs":[[-725,-1005,-985,-2385,2422,-1917,-1923,-2422,-1001,-1004]]},{"type":"Polygon","arcs":[[-1924,-1922,-2397,-2332,-2420,-2421]]},{"type":"Polygon","arcs":[[2423,-2152,-2081,-739,-1928,-2378]]},{"type":"Polygon","arcs":[[-1058,-1065,2424,-2080,2425]]},{"type":"Polygon","arcs":[[-2151,-2424,-2146,-2168,2426,-1059,-2426,-2079]]},{"type":"Polygon","arcs":[[-2167,2427,-1066,-1060,-2427]]},{"type":"Polygon","arcs":[[-1090,-1072,-1067,-2428,-2336,2428]]},{"type":"Polygon","arcs":[[2429,2430,-2429,-2335]]},{"type":"Polygon","arcs":[[2431,-1635,-1648,-1083,-1088,-2431]]},{"type":"Polygon","arcs":[[2432,-2432,-2430,-2334]]},{"type":"Polygon","arcs":[[-1152,2433,-1909,-1079,2434,2435]]},{"type":"Polygon","arcs":[[2436,-2435,-1078,-1275,-1189,-1167]]},{"type":"Polygon","arcs":[[-1151,2437,2438,-1910,-2434]]},{"type":"Polygon","arcs":[[-1166,-1157,-2436,-2437]]},{"type":"Polygon","arcs":[[-1208,2439,-2339,-1947,2440,-1192,-1974,-1960,-1981,-2425]]},{"type":"Polygon","arcs":[[-1106,-1112,-1178,-1953,-2340,-2440,-1207]]},{"type":"Polygon","arcs":[[2441,2442,2443,-1217]]},{"type":"Polygon","arcs":[[2444,2445,-2442,-1216,-1224]]},{"type":"Polygon","arcs":[[2446,2447,-2445,-1223,-1979]]},{"type":"Polygon","arcs":[[2448,2449,2450,-2447,-1957]]},{"type":"Polygon","arcs":[[-1956,-1194,2451,2452,2453,2454,-2449]]},{"type":"Polygon","arcs":[[-1210,2455,-2452,-1193,-2441,-1946,2456,2457]]},{"type":"Polygon","arcs":[[-1177,-1188,-1169,2458,-2457,-1945,-1949,-1954]]},{"type":"Polygon","arcs":[[-1173,2459,-2458,-2459]]},{"type":"Polygon","arcs":[[-2460,-1265,-1230,2460,2461,-1211]]},{"type":"Polygon","arcs":[[-1209,2462,-2453,-2456]]},{"type":"Polygon","arcs":[[-1213,2463,2464,-2463]]},{"type":"Polygon","arcs":[[-1212,-2462,2465,2466,2467,-2464]]},{"type":"Polygon","arcs":[[-2466,-2461,-1229,-1237,2468,2469]]},{"type":"Polygon","arcs":[[-2454,-2465,-2468,2470,2471,2472,2473,2474]]},{"type":"Polygon","arcs":[[2475,2476,2477,-2472]]},{"type":"Polygon","arcs":[[2478,2479,2480,-2477]]},{"type":"Polygon","arcs":[[2481,2482,-1295,2483,-2480]]},{"type":"Polygon","arcs":[[-2483,2484,-1349,-1296]]},{"type":"Polygon","arcs":[[-1236,2485,-2469]]},{"type":"Polygon","arcs":[[-2486,-1242,-1396,-1359,-1350,-2485,-2482,-2479,-2476,-2471,-2467,-2470]]},{"type":"Polygon","arcs":[[-1299,2486,2487,2488,2489,-1302]]},{"type":"Polygon","arcs":[[-1421,2490,-1436,-1534,2491]]},{"type":"Polygon","arcs":[[-1284,-1911,-2439,2492,2493,-1402,-1251,-1256,-1283]]},{"type":"Polygon","arcs":[[-1285,-1148,2494,2495,2496,2497,2498,2499]]},{"type":"Polygon","arcs":[[-1286,-2500,2500,-2493,-2438,-1150]]},{"type":"Polygon","arcs":[[2501,-1352,-1346,2502,2503,2504]]},{"type":"Polygon","arcs":[[-1234,-1389,-1387,-1383,-1380,-1376,-1374,2505,2506,2507,2508,-1355,-1358,-1361,-1314]]},{"type":"Polygon","arcs":[[2509,2510,2511,2512,-2241,-2238,2513]]},{"type":"Polygon","arcs":[[2514,2515,-2514,-2237]]},{"type":"Polygon","arcs":[[2516,-2510,-2516,2517]]},{"type":"Polygon","arcs":[[-2232,-834,-1203,-1215,-1221,2518,-2518,-2515,-2236]]},{"type":"Polygon","arcs":[[-2519,-1225,-1219,2519,-2511,-2517]]},{"type":"Polygon","arcs":[[-2492,2520,-1422]]},{"type":"Polygon","arcs":[[-2443,-2446,-2448,-2451,2521,2522,2523]]},{"type":"Polygon","arcs":[[2524,-1303,-2490,2525,2526,-2523]]},{"type":"Polygon","arcs":[[-2473,-2478,-2481,-2484,-1294,-1301,2527]]},{"type":"Polygon","arcs":[[-2474,-2528,-1304,-2525,-2522,2528]]},{"type":"Polygon","arcs":[[-2475,-2529,-2450,-2455]]},{"type":"Polygon","arcs":[[-2487,-1298,-1353,-2502,2529,2530,2531]]},{"type":"Polygon","arcs":[[2532,-1309,2533,2534,-2530,-2505,2535,2536]]},{"type":"Polygon","arcs":[[2537,-1310,-2533,2538,2539]]},{"type":"Polygon","arcs":[[2540,2541,-2534,-1308,-2538]]},{"type":"Polygon","arcs":[[2542,-1321,2543,-1322,2544,2545]]},{"type":"Polygon","arcs":[[-2526,-2489,2546,-2531,-2535,-2542,2547]]},{"type":"Polygon","arcs":[[-2488,-2532,-2547]]},{"type":"Polygon","arcs":[[-1323,-2544,-1320,-1343,-1335,-1293,-1334,2548]]},{"type":"Polygon","arcs":[[-2504,2549,-1316,-2543,2550,2551,-2536]]},{"type":"Polygon","arcs":[[-2503,-1345,-1317,-2550]]},{"type":"Polygon","arcs":[[-1356,-2509,2552,-2507,2553,2554,2555,2556,2557,2558,-1338]]},{"type":"Polygon","arcs":[[-2557,2559]]},{"type":"Polygon","arcs":[[-2508,-2553]]},{"type":"Polygon","arcs":[[-2559,2560,-1365]]},{"type":"Polygon","arcs":[[-1373,2561,2562,2563,2564,-2554,-2506]]},{"type":"Polygon","arcs":[[2565,-2555,-2565]]},{"type":"Polygon","arcs":[[-1372,-1379,-1388,-1385,-1328,2566,-2562]]},{"type":"Polygon","arcs":[[2567,2568,-2409,-1918,-2423,-2384,2569]]},{"type":"Polygon","arcs":[[2570,2571,-1430,-2491,-1420,-1035]]},{"type":"Polygon","arcs":[[-2563,-2567,-1327,-1404,2572,2573,2574]]},{"type":"Polygon","arcs":[[-1030,-1037,-1424,-1405,-2570,-2383]]},{"type":"Polygon","arcs":[[-1410,-1413,2575,-2416,-2414,2576,-2568]]},{"type":"Polygon","arcs":[[-2577,-2413,-2410,-2569]]},{"type":"Polygon","arcs":[[-2574,2577,-1392,2578]]},{"type":"Polygon","arcs":[[-1398,-1368,2579,-1364,-1231,-1313,-1400]]},{"type":"Polygon","arcs":[[-1257,-1253,-1401,-1325,-1362,-2580,-1367]]},{"type":"Polygon","arcs":[[-1419,2580,-2417,-2576,-1412]]},{"type":"Polygon","arcs":[[-1423,-2521,-1539,-1414,-1407]]},{"type":"Polygon","arcs":[[-1441,-1431,-2572,2581]]},{"type":"Polygon","arcs":[[-2400,2582,-1449,-1442,-2582,-2571,-1034]]},{"type":"Polygon","arcs":[[2583,-1446,-2583,-2399]]},{"type":"Polygon","arcs":[[2584,2585,-1447,-2584,-2398]]},{"type":"Polygon","arcs":[[2586,2587,-1425,-1464,-2586]]},{"type":"Polygon","arcs":[[2588,-1474,-1470,-1450,-1427]]},{"type":"Polygon","arcs":[[2589,-1483,-2589,-1426,-2588]]},{"type":"Polygon","arcs":[[2590,-1477,2591]]},{"type":"Polygon","arcs":[[2592,2593,2594,-1478,-2591]]},{"type":"Polygon","arcs":[[2595,-1488,2596,-2594]]},{"type":"Polygon","arcs":[[2597,2598,2599,-1564,-1497,2600]]},{"type":"Polygon","arcs":[[2601,2602,2603,-2593,-2592,-1476,-1482]]},{"type":"Polygon","arcs":[[2604,2605,2606,-1489,-1486]]},{"type":"Polygon","arcs":[[2607,2608,2609]]},{"type":"Polygon","arcs":[[-2599,2610,2611]]},{"type":"Polygon","arcs":[[-2604,2612,2613,-1484,-2596]]},{"type":"Polygon","arcs":[[2614,-2609,2615,-2605,-1485,-2614]]},{"type":"Polygon","arcs":[[2616,-2610,-2615,-2613,-2603]]},{"type":"Polygon","arcs":[[-1565,-2600,-2612,2617,-1557,2618]]},{"type":"Polygon","arcs":[[-1490,-2607,2619,-2601,-1496]]},{"type":"Polygon","arcs":[[2620,-1554,2621]]},{"type":"Polygon","arcs":[[-2595,-2597,-1492,-1499,-1563,2622,-2621,2623]]},{"type":"Polygon","arcs":[[-1479,-2624,-2622,-1551,-1501]]},{"type":"Polygon","arcs":[[-1566,-2619,-1555,-2623]]},{"type":"Polygon","arcs":[[2624,2625]]},{"type":"Polygon","arcs":[[2626,2627,-1640,-1639,-1636,-2433,-2418]]},{"type":"Polygon","arcs":[[2628,-1652,-1641,-2628]]},{"type":"Polygon","arcs":[[-2581,-1418,2629,-1581,-1577,-1573,-1609,-2629,-2627]]},{"type":"Polygon","arcs":[[-1590,2630,2631]]},{"type":"Polygon","arcs":[[-1591,-2632,2632,-1610,-1595]]},{"type":"Polygon","arcs":[[2633,-1611,-2633,-2631,-1589,-2630,-1417]]},{"type":"Polygon","arcs":[[-1416,-1538,2634,-1615,-1612,-2634]]},{"type":"Polygon","arcs":[[-1626,-1618,-1617,-1613,-2635,-1462]]},{"type":"Polygon","arcs":[[-1559,2635,2636,-1725,-1721,-1630]]},{"type":"Polygon","arcs":[[2637,2638,-1729,-1726,-2637]]},{"type":"Polygon","arcs":[[-1717,-1732,-1730,-2639,2639,-2626,2640,2641,-1734]]},{"type":"Polygon","arcs":[[2642,-1735,-2642,2643,2644]]},{"type":"Polygon","arcs":[[2645,2646,2647,2648,-1670,-1738]]},{"type":"Polygon","arcs":[[2649,2650,-2646,-1737]]},{"type":"Polygon","arcs":[[-1719,-1733,2651,2652,-2650]]},{"type":"Polygon","arcs":[[2653,2654,2655,2656,2657,2658]]},{"type":"Polygon","arcs":[[2659,2660,2661,-2648,2662]]},{"type":"Polygon","arcs":[[-2651,-2653,2663,2664,2665,-2663,-2647]]},{"type":"Polygon","arcs":[[-1736,-2643,2666,-2664,-2652]]},{"type":"Polygon","arcs":[[-2661,2667]]},{"type":"Polygon","arcs":[[-2659,2668,2669,2670,2671]]},{"type":"Polygon","arcs":[[-2649,-2662,-2668,2672,2673,2674,-1745,-1751,-1706,-1711,-1708,-1671]]},{"type":"Polygon","arcs":[[-1752,-1747,2675,-2654,-2672,2676,-1749]]},{"type":"Polygon","arcs":[[-2675,2677,-2655,-2676,-1746]]},{"type":"Polygon","arcs":[[2678,2679,2680,-1740,2681]]},{"type":"Polygon","arcs":[[-2678,-2674,2682,2683,2684,-2656]]},{"type":"Polygon","arcs":[[2685,2686,2687,2688,-1666]]},{"type":"Polygon","arcs":[[-2669,-2658,2689,2690,2691,2692]]},{"type":"Polygon","arcs":[[2693,-2691]]},{"type":"Polygon","arcs":[[2694,2695,2696,-2680]]},{"type":"Polygon","arcs":[[2697,-2684]]},{"type":"Polygon","arcs":[[-2670,-2693,2698,-2686,-1665,-1758,2699]]},{"type":"Polygon","arcs":[[-2671,-2700,-1757,-1760,-1688,-1750,-2677]]},{"type":"Polygon","arcs":[[-1667,-2689,2700,-2495]]},{"type":"Polygon","arcs":[[-2699,-2692,-2694,2701,2702,2703,-2687]]},{"type":"Polygon","arcs":[[-2697,2704,2705,2706,2707,-2681]]},{"type":"Polygon","arcs":[[-2498,2708,2709,2710,2711,2712]]},{"type":"Polygon","arcs":[[-2497,2713,2714,-2709]]},{"type":"Polygon","arcs":[[2715,-2703,2716]]},{"type":"Polygon","arcs":[[2717,2718,-2710,-2715]]},{"type":"Polygon","arcs":[[2719,-1765,-1768,2720,2721]]},{"type":"Polygon","arcs":[[-2701,-2688,-2704,-2716,2722,-2718,-2714,-2496]]},{"type":"Polygon","arcs":[[-1767,2723,2724,2725,2726,2727]]},{"type":"Polygon","arcs":[[2728,2729,2730,2731,2732,2733,-1783]]},{"type":"Polygon","arcs":[[2734,-1781,-1753,2735,2736,2737,2738]]},{"type":"Polygon","arcs":[[-1782,-1772,2739,-2707,2740,-2729]]},{"type":"Polygon","arcs":[[-1741,-2708,-2740,-1771]]},{"type":"Polygon","arcs":[[-2696,2741,2742,-2705]]},{"type":"Polygon","arcs":[[-2682,-1739,-1785,2743,2744]]},{"type":"Polygon","arcs":[[2745,-2744,-1786,-1769,-2735]]},{"type":"Polygon","arcs":[[2746,-2731]]},{"type":"Polygon","arcs":[[-1784,-2734,2747,-2724,-1766,-1763,-1779]]},{"type":"Polygon","arcs":[[-2721,-2728,2748]]},{"type":"Polygon","arcs":[[2749,2750,2751,-1780,-1761,-2720,2752]]},{"type":"Polygon","arcs":[[-2750,2753]]},{"type":"Polygon","arcs":[[-2736,-1756,-1776,-2752,2754]]},{"type":"Polygon","arcs":[[2755,2756,2757,2758]]},{"type":"Polygon","arcs":[[2759,-2101,-2106,-2107,2760,2761]]},{"type":"Polygon","arcs":[[-1789,2762,-2248,-2245,-854,-2513]]},{"type":"Polygon","arcs":[[2763,2764,-2759,2765]]},{"type":"Polygon","arcs":[[2766,-2263,2767,2768,2769,-2764,2770]]},{"type":"Polygon","arcs":[[-2756,-2765,-2770,2771,2772,2773,-1835,2774,2775]]},{"type":"Polygon","arcs":[[2776,-2757,-2776,2777,2778]]},{"type":"Polygon","arcs":[[2779,2780,-1795,2781]]},{"type":"Polygon","arcs":[[2782,-2779,2783,2784]]},{"type":"Polygon","arcs":[[-1788,2785,-2539,-2537,-2552,2786,2787,-2261,-2258,-2249,-2763]]},{"type":"Polygon","arcs":[[-1218,-2444,-2524,-2527,-2548,-2541,-2540,-2786,-1787,-2512,-2520]]},{"type":"Polygon","arcs":[[-2098,2788,2789,-2091]]},{"type":"Polygon","arcs":[[-2097,-2088,-1914,2790,-2762,2791,2792,2793,-2789]]},{"type":"Polygon","arcs":[[-1913,-2102,-2760,-2791]]},{"type":"Polygon","arcs":[[2794,-2793]]},{"type":"Polygon","arcs":[[2795,2796,2797,2798,-24,-19,-48,-1790]]},{"type":"Polygon","arcs":[[2799,2800,-1793,2801,-2798]]},{"type":"Polygon","arcs":[[2802,2803,-2780,2804,-2800,-2797]]},{"type":"Polygon","arcs":[[-2782,-1794,-2801,-2805]]},{"type":"Polygon","arcs":[[-2802,-1792,-78,-25,-2799]]},{"type":"Polygon","arcs":[[-1817,2805]]},{"type":"Polygon","arcs":[[-2804,2806,2807,2808,2809,-1802,-1796,-2781]]},{"type":"Polygon","arcs":[[2810,-1820,-316,-1989,-2028,2811,2812]]},{"type":"Polygon","arcs":[[2813,-2808,2814]]},{"type":"Polygon","arcs":[[2815,2816,-2812,-2027,-263,-1804,-1806,-281,-1803,-2810]]},{"type":"Polygon","arcs":[[2817,-887,-878,2818]]},{"type":"Polygon","arcs":[[2819,-2813,-2817,2820]]},{"type":"Polygon","arcs":[[2821,2822,-882,-883,2823]]},{"type":"Polygon","arcs":[[2824,2825,-1813]]},{"type":"Polygon","arcs":[[2826,2827,-2821,-2816,-2809,-2814]]},{"type":"Polygon","arcs":[[-2828,2828,-1810,-1818,-2806,-1816,-2811,-2820]]},{"type":"Polygon","arcs":[[2829,-2825,-1812,-1807,2830]]},{"type":"Polygon","arcs":[[2831,-2294,-868,-870,-2183,-1961,-2036,-327,-1814,-2826,-2830]]},{"type":"Polygon","arcs":[[2832,2833,-2824,-886,-2295,-2291,2834]]},{"type":"Polygon","arcs":[[2835,-2835,-2290,2836]]},{"type":"Polygon","arcs":[[2837,2838,-2822,-2834,2839]]},{"type":"Polygon","arcs":[[-2819,-877,-2823,-2839,2840]]},{"type":"Polygon","arcs":[[-2840,-2833,-2836,2841]]},{"type":"Polygon","arcs":[[2842,2843,-2325,2844]]},{"type":"Polygon","arcs":[[2845,-2843,2846]]},{"type":"Polygon","arcs":[[-2846,2847,2848,-2320,-907,-2844]]},{"type":"Polygon","arcs":[[-2366,-2364,-2360,-2321,-2849,2849]]},{"type":"Polygon","arcs":[[2850,2851,-2273,2852]]},{"type":"Polygon","arcs":[[2853,2854,2855,-2851,2856]]},{"type":"Polygon","arcs":[[2857,-2270,-2852,-2856]]},{"type":"Polygon","arcs":[[-2244,-2858,-2855,-2227]]},{"type":"Polygon","arcs":[[2858,-2228,-2854,2859]]},{"type":"MultiPolygon","arcs":[[[2860]],[[2861]]]},{"type":"Polygon","arcs":[[2862,-2230,-2218,-2229,-2859,2863]]},{"type":"Polygon","arcs":[[-1826,-2231,-2863,2864]]},{"type":"Polygon","arcs":[[-2262,-2788,2865,2866,2867,-2768]]},{"type":"Polygon","arcs":[[-2866,-2787,-2551,-2546,2868,2869]]},{"type":"Polygon","arcs":[[2870,2871,2872,-2772,-2769,-2868]]},{"type":"MultiPolygon","arcs":[[[2873]],[[2874]]]},{"type":"Polygon","arcs":[[2875,2876,-1341,2877,2878,-2872]]},{"type":"Polygon","arcs":[[2879]]},{"type":"Polygon","arcs":[[-2867,-2870,2880,-2876,-2871]]},{"type":"Polygon","arcs":[[2881]]},{"type":"Polygon","arcs":[[2882]]},{"type":"Polygon","arcs":[[-2545,-1324,-2549,-1333,-2877,-2881,-2869]]},{"type":"Polygon","arcs":[[2883,-1829,2884]]},{"type":"Polygon","arcs":[[-2879,2885,-2773,-2873]]},{"type":"Polygon","arcs":[[-1832,2886]]},{"type":"Polygon","arcs":[[2887,-1830,-2884]]},{"type":"Polygon","arcs":[[2888]]},{"type":"MultiPolygon","arcs":[[[2889]],[[2890]]]},{"type":"Polygon","arcs":[[-2712,2891,2892,2893]]},{"type":"Polygon","arcs":[[-2726,2894]]},{"type":"Polygon","arcs":[[-2893,2895]]},{"type":"Polygon","arcs":[[2896]]},{"type":"MultiPolygon","arcs":[[[2897]],[[2898]],[[2899]]]},{"type":"MultiPolygon","arcs":[[[2900]],[[2901]]]},{"type":"Polygon","arcs":[[2902]]},{"type":"Polygon","arcs":[[2903,-2785,2904]]},{"type":"MultiPolygon","arcs":[[[2905]],[[2906]],[[2907]],[[2908]]]},{"type":"Polygon","arcs":[[2909]]},{"type":"Polygon","arcs":[[2910]]},{"type":"Polygon","arcs":[[-2738,2911]]},{"type":"Polygon","arcs":[[2912]]},{"type":"Polygon","arcs":[[2913]]},{"type":"Polygon","arcs":[[-2667,-2645,2914,-2665]]},{"type":"MultiPolygon","arcs":[[[2915]],[[2916]],[[2917]]]},{"type":"Polygon","arcs":[[2918]]},{"type":"Polygon","arcs":[[2919]]},{"type":"Polygon","arcs":[[2920,-253,-105,-132]]},{"type":"Polygon","arcs":[[-139,-249,-276,-240,-254,-2921,-131]]},{"type":"Polygon","arcs":[[2921,2922]]},{"type":"Polygon","arcs":[[2923,-2766,-2758,-2777,-2783,-2904,2924]]},{"type":"Polygon","arcs":[[-2271,-2256,-2260,-2264,-2767,2925,2926,-2265]]},{"type":"Polygon","arcs":[[-2926,-2771,-2924,2927]]},{"type":"Polygon","arcs":[[-2370,2928,-2381,-1012,-1017,-1015,-991]]},{"type":"Polygon","arcs":[[-2706,-2743,2929,-2923,2930,-2732,-2747,-2730,-2741]]}]}},"arcs":[[[6991,6682],[16,-35],[-14,-29],[7,-31],[17,-47]],[[7017,6540],[-17,-7],[-15,6],[-20,19],[-7,13]],[[6958,6571],[-24,2],[-13,-2],[-16,-36],[-8,-13],[-15,10],[-10,-11]],[[6872,6521],[-4,10],[18,49],[0,11],[9,12],[-34,16]],[[6861,6619],[4,37]],[[6865,6656],[17,-3],[31,10],[26,30],[-7,21],[2,12],[8,6],[9,-14],[-1,-20],[25,-23],[16,7]],[[6872,6521],[2,-17],[-9,-41],[-10,-29]],[[6855,6434],[-21,12],[-8,16],[-20,7]],[[6806,6469],[3,17],[13,16],[8,31]],[[6830,6533],[5,27],[12,12],[9,17],[5,30]],[[6855,6434],[0,-16]],[[6855,6418],[3,-13],[-5,-40]],[[6853,6365],[-5,-41],[7,-33]],[[6855,6291],[-12,-15],[-5,19],[-14,2],[-26,-6],[-14,5],[-2,-12],[-24,8]],[[6758,6292],[5,18]],[[6763,6310],[6,13],[-1,29],[3,17]],[[6771,6369],[5,11],[27,25],[6,43],[-3,21]],[[7066,6346],[-10,-13],[-7,-17]],[[7049,6316],[-9,-22],[-2,-14],[4,-31],[-2,-23]],[[7040,6226],[-7,31],[-9,10],[-28,7],[-15,6],[-6,33]],[[6975,6313],[8,12],[-12,18],[-10,25]],[[6961,6368],[-4,13],[0,40],[-4,23],[-5,47]],[[6948,6491],[13,-5],[28,-32],[8,-4],[28,-32],[9,-5],[32,-67]],[[7040,6226],[-6,-12]],[[7034,6214],[-3,-6],[-28,-17]],[[7003,6191],[2,7],[-16,3],[6,30],[-31,-5],[-31,-14],[-5,19],[-1,21],[3,21]],[[6930,6273],[16,0],[9,23],[20,17]],[[6930,6273],[-24,8],[-8,-1]],[[6898,6280],[-24,-7],[-20,10],[1,8]],[[6853,6365],[15,-8],[31,-6],[3,12],[14,-15],[6,-1]],[[6922,6347],[19,1],[20,20]],[[6564,5888],[-16,17],[-17,9],[-33,2],[0,5],[-23,1]],[[6475,5922],[-27,1]],[[6448,5923],[3,63],[-26,2],[2,30]],[[6427,6018],[-1,22]],[[6426,6040],[20,-7],[21,12],[15,-1],[24,9]],[[6506,6053],[0,-24],[-4,-65],[14,-8],[12,-1],[-2,-31],[22,-4],[13,-6],[3,-26]],[[6855,6418],[32,13],[9,9],[16,0],[9,-25],[-4,-26],[9,-27],[-4,-15]],[[6958,6571],[-2,-7],[-14,-7],[-8,-10],[2,-16],[12,-4],[0,-36]],[[7017,6540],[15,-55],[2,-17],[20,0],[19,5]],[[7073,6473],[14,-43],[-6,-18],[4,-20],[0,-27],[-19,-19]],[[6924,5943],[4,-40]],[[6928,5903],[-46,5],[-67,9]],[[6815,5917],[5,41]],[[6820,5958],[2,23],[9,35]],[[6831,6016],[39,-12],[13,-9],[19,-26],[22,-26]],[[7258,6464],[-52,-8],[-22,5],[-10,-9],[-1,-17],[-19,-17],[-13,3],[-24,-11],[-8,-9],[0,-26],[-4,-17],[-11,-10]],[[7094,6348],[-45,-32]],[[7073,6473],[-3,6],[9,20],[1,22]],[[7080,6521],[16,0],[-1,8],[15,0],[2,18],[13,-9],[37,7],[15,10],[8,-1],[5,-17],[14,18]],[[7204,6555],[4,19]],[[7208,6574],[10,-12],[6,-36],[8,-16],[18,-15],[10,1],[11,8],[9,0],[-5,-17],[-17,-23]],[[6772,6788],[17,-14],[17,0],[20,28],[21,7],[14,-6],[13,-1],[24,-10],[23,-6],[3,22]],[[6924,6808],[12,-12],[15,-4],[5,-18],[10,-2],[15,17],[16,-1],[13,-23],[26,-15],[17,-4],[21,-21],[10,-5],[3,-14]],[[7087,6706],[-31,7],[-18,-14],[-47,-17]],[[6865,6656],[-13,-1],[-51,25],[-19,22],[-13,-4],[-39,21]],[[6730,6719],[20,47],[-7,22],[10,22],[13,-3],[6,-19]],[[6861,6619],[-23,8],[-19,15],[-17,7],[-19,-1],[-6,-10],[-14,0],[-16,-17],[-15,3]],[[6732,6624],[3,26],[-3,21],[6,18],[-8,30]],[[6830,6533],[-18,29]],[[6812,6562],[-16,-18],[-10,-5],[-11,8],[-23,6],[-12,14],[4,33],[-6,0],[-11,-28],[-14,-12],[-5,5]],[[6708,6565],[21,47]],[[6729,6612],[3,12]],[[6963,6060],[-17,5],[-20,-9]],[[6926,6056],[-6,-22],[-10,-20],[0,-16],[14,-55]],[[6831,6016],[12,62],[-2,30],[33,-11],[16,-9],[17,5],[8,19]],[[6915,6112],[16,2],[11,-9],[14,-3],[7,-42]],[[6812,6562],[-8,-24],[-14,-12],[-12,-15],[-23,-20]],[[6755,6491],[-14,-15],[-16,-3]],[[6725,6473],[-4,20],[6,24],[-34,16]],[[6693,6533],[15,32]],[[6771,6369],[-20,15],[0,6],[-17,21],[7,44],[11,11],[5,13],[-2,12]],[[6763,6310],[-10,0],[-13,11],[-19,6]],[[6721,6327],[-16,17],[-14,7]],[[6691,6351],[-11,15],[0,7],[13,27],[15,10],[11,20],[-3,8],[5,27],[4,8]],[[6691,6351],[-7,-1],[-22,15],[-8,10],[-1,12],[-11,28]],[[6642,6415],[8,25],[16,6],[-2,18],[3,13],[26,56]],[[7003,6191],[-10,-17],[-2,-11],[1,-30],[-12,-19],[-1,-50]],[[6979,6064],[-16,-4]],[[6963,6060],[11,16],[-19,53],[-8,6],[-26,38],[-16,1],[-9,10],[-5,18]],[[6891,6202],[-2,13]],[[6889,6215],[3,39],[6,26]],[[6915,6112],[-9,1],[-11,-8],[-28,5],[-9,7],[-26,8]],[[6832,6125],[-2,7],[13,0],[9,11],[-18,3],[-5,7],[-20,-4],[-28,22]],[[6781,6171],[-2,11],[24,-7],[10,8],[33,-1],[17,5],[28,15]],[[6889,6215],[-90,-10],[-1,38],[-53,14]],[[6745,6257],[13,35]],[[6781,6171],[-8,2],[-20,-19]],[[6753,6154],[-1,33],[-25,11]],[[6727,6198],[18,59]],[[5634,6241],[-18,-62]],[[5616,6179],[-18,-64]],[[5598,6115],[-57,23]],[[5541,6138],[-77,30],[35,127]],[[5499,6295],[46,-18],[89,-36]],[[6727,6198],[-35,-1],[-25,2]],[[6667,6199],[-7,49],[11,20],[7,30]],[[6678,6298],[19,4],[22,20]],[[6719,6322],[2,5]],[[6820,5958],[-30,3],[-6,-2],[-32,5]],[[6752,5964],[1,22],[6,29],[13,9],[4,27],[15,35]],[[6791,6086],[12,18],[17,-11],[0,26],[12,6]],[[6535,6071],[-1,-29],[12,3],[24,0],[-1,-8],[41,-14],[-3,-32]],[[6607,5991],[-4,-41]],[[6603,5950],[1,-14],[-7,-49],[-7,-32]],[[6590,5855],[-8,16],[-19,11]],[[6563,5882],[1,6]],[[6506,6053],[9,20]],[[6515,6073],[20,-2]],[[5889,6971],[-8,-23],[48,-27],[-13,-42]],[[5916,6879],[0,-1]],[[5916,6878],[-93,51],[-20,10]],[[5803,6939],[17,57]],[[5820,6996],[3,9],[66,-34]],[[6791,6086],[-16,3],[-30,-10],[-13,1],[-17,-19],[-12,2]],[[6703,6063],[-2,2]],[[6701,6065],[6,37],[-32,12],[11,39]],[[6686,6153],[1,17],[58,-7],[8,-9]],[[6752,5964],[-30,8],[-82,13]],[[6640,5985],[5,22],[12,13],[-4,18],[15,17],[31,-3],[4,11]],[[6701,6065],[-6,-9],[-8,13],[-40,7],[-3,-5],[-21,8],[-4,10],[-10,6],[-12,-9],[-5,10],[-17,-6],[5,-10],[-1,-10],[-20,14],[-6,-10],[-5,6]],[[6548,6080],[-15,9],[-8,15],[6,24],[37,-14],[6,20],[17,11]],[[6591,6145],[13,10],[13,1],[44,18],[8,-12],[-9,-8],[2,-9],[24,8]],[[5541,6138],[-18,-63],[-95,37]],[[5428,6112],[-19,9]],[[5409,6121],[52,188]],[[5461,6309],[38,-14]],[[6640,5985],[-33,6]],[[6535,6071],[13,9]],[[6752,5964],[-9,-77],[-33,8],[-5,-53],[-5,-1]],[[6700,5841],[-20,0]],[[6680,5841],[-3,1],[5,80],[-36,19],[-43,9]],[[6928,5903],[-3,-15],[1,-20]],[[6926,5868],[-24,-19],[-13,2],[-11,-5]],[[6878,5846],[-20,-18],[-24,-1],[-14,-12]],[[6820,5815],[3,24],[18,0],[4,36],[-34,3],[4,39]],[[6820,5815],[-5,-5],[-19,1],[-7,15],[-17,-2]],[[6772,5824],[-15,13],[-10,-9],[-8,3],[-11,-9],[-6,9],[-7,-1]],[[6715,5830],[-12,2],[-3,9]],[[6690,6740],[40,-21]],[[6729,6612],[-7,3],[-17,-5],[-10,4],[-16,17],[-5,15],[-18,16],[-10,1],[-10,8],[-30,8],[-11,-4]],[[6595,6675],[-27,0]],[[6568,6675],[6,15],[1,22]],[[6575,6712],[31,-15],[3,-5],[22,-2],[16,3],[2,12],[-10,8],[2,9],[13,15],[2,15],[22,-6],[12,-6]],[[6375,6369],[12,-39],[6,-10],[10,-3]],[[6403,6317],[-1,-20]],[[6402,6297],[-13,5],[-37,8],[-22,9],[-9,-5]],[[6321,6314],[-5,6],[-8,-7],[-18,11],[-7,-2],[-15,25]],[[6268,6347],[17,12],[8,-4],[15,15],[26,-34],[24,40],[7,2],[10,-9]],[[6643,6850],[-12,-39],[1,-3],[39,-15],[12,-1],[8,-10],[3,-17],[-4,-25]],[[6575,6712],[3,24],[11,28],[-44,21]],[[6545,6785],[7,35],[18,-5],[14,24]],[[6584,6839],[16,23],[13,4],[30,-16]],[[6576,5404],[-44,9]],[[6532,5413],[8,53],[2,0],[3,31],[13,90]],[[6558,5587],[22,-5],[8,52],[4,23],[10,-12],[7,-19]],[[6609,5626],[-33,-222]],[[6708,6844],[-3,-15],[12,-20],[-2,-14],[-28,13],[-6,14],[-24,22],[-14,6]],[[6584,6839],[-95,32]],[[6489,6871],[12,48]],[[6501,6919],[55,-19],[16,25]],[[6572,6925],[55,-25],[36,-15],[45,-41]],[[6545,6785],[-55,17],[-5,-17],[-30,-47],[-42,34]],[[6413,6772],[1,26],[10,28],[7,42],[21,-6],[-3,-19],[30,-15],[10,43]],[[6568,6675],[-16,11],[-27,14],[-1,4],[-30,14],[-32,4],[-27,19],[-9,10],[-9,2]],[[6417,6753],[-4,19]],[[6417,6753],[-21,4],[-16,8]],[[6380,6765],[3,33],[0,24],[-5,33],[-6,60],[0,25]],[[6372,6940],[21,1],[45,-12],[1,11],[62,-21]],[[6708,6565],[-9,5],[-17,3],[-34,10],[-37,1],[-19,6],[-30,21],[33,64]],[[6693,6533],[-27,12],[-45,14],[-4,-7],[-24,1],[-4,-6],[-28,-2],[-13,12],[-13,4],[-2,-22],[5,-16]],[[6538,6523],[-18,4],[-4,13],[-15,13]],[[6501,6553],[-14,14],[-10,4],[-10,-5],[-10,5]],[[6457,6571],[18,35],[23,-2],[8,7],[17,30]],[[6523,6641],[19,-15],[26,49]],[[6642,6415],[-7,3],[-19,21],[-13,27],[-26,16],[-7,16],[-22,20],[-10,5]],[[6457,6571],[-5,7],[-10,-7],[-23,0],[-5,9],[-30,3],[-2,12],[-9,9]],[[6373,6604],[22,36],[10,37],[46,-7],[-4,-20],[29,0],[7,21],[15,-10],[18,6],[19,-2],[-12,-24]],[[6422,5925],[-3,-64],[-26,2],[-6,-131]],[[6387,5732],[-50,3]],[[6337,5735],[1,65]],[[6338,5800],[4,64]],[[6342,5864],[3,65]],[[6345,5929],[77,-4]],[[6719,6322],[-38,14],[-27,21],[-17,30],[-5,2],[-14,-16],[-19,-25],[-31,6],[-7,-5]],[[6561,6349],[25,53],[-19,16]],[[6567,6418],[-59,43],[28,52],[2,10]],[[6665,5385],[-45,9]],[[6620,5394],[-10,2]],[[6610,5396],[2,37],[-3,11],[3,19],[17,24],[24,17],[4,16],[-7,11],[-3,27],[7,20],[6,30],[7,17],[3,21]],[[6670,5646],[23,-7],[-2,-18],[-9,-39],[6,-38],[-23,-159]],[[6567,6418],[-24,-47],[-22,13],[-8,22],[-7,7],[-28,13],[-9,11]],[[6469,6437],[20,39],[-20,14]],[[6469,6490],[32,63]],[[6469,6490],[-12,-25],[-6,-29],[-18,4],[-14,10]],[[6419,6450],[-11,7],[-27,5]],[[6381,6462],[-17,16],[-9,27],[2,22],[15,36],[97,-73]],[[6678,6298],[-10,9],[-5,14],[-49,12],[-6,-41],[-3,1]],[[6605,6293],[-12,10],[-8,-3],[-9,-18],[-24,6],[6,29],[-6,18]],[[6552,6335],[9,14]],[[6667,6199],[-35,1]],[[6632,6200],[7,24],[2,30],[-18,7],[7,6],[-28,10],[3,16]],[[6632,6200],[-45,18],[12,12],[17,-1],[7,16],[-3,13],[-7,-2],[-13,14],[-8,-19],[-14,7],[-8,14],[-6,-5],[-3,-22]],[[6561,6245],[-38,2]],[[6523,6247],[-15,10]],[[6508,6257],[13,34],[14,37],[5,7],[12,0]],[[6523,6247],[-17,-2]],[[6506,6245],[-32,-12],[-21,4],[6,14],[-8,2]],[[6451,6253],[10,38],[-1,45]],[[6460,6336],[9,10],[12,23],[14,-6],[-1,-15],[-10,-78],[6,-14],[18,1]],[[6568,5038],[13,93]],[[6581,5131],[88,-18]],[[6669,5113],[-6,-45],[33,-6]],[[6696,5062],[5,-10],[15,-12]],[[6716,5040],[-12,-8],[-23,-3],[-31,7],[-10,-10],[-72,12]],[[6460,6336],[-12,14],[-4,37]],[[6444,6387],[25,50]],[[6451,6253],[-4,-8]],[[6447,6245],[-17,11],[-5,10],[-20,23],[-3,8]],[[6403,6317],[13,13],[7,42],[10,20],[11,-5]],[[6375,6369],[5,5],[11,29],[-15,10],[9,18],[15,-9],[19,28]],[[6591,6145],[-50,16],[18,66],[2,18]],[[6515,6073],[-7,10],[-20,6],[-26,12],[22,75],[22,69]],[[6426,6040],[-4,17],[-15,35],[5,31]],[[6412,6123],[19,75]],[[6431,6198],[10,34],[6,13]],[[6431,6198],[-106,51]],[[6325,6249],[4,17],[-27,14]],[[6302,6280],[8,23],[12,4],[-1,7]],[[6412,6123],[-96,34],[-40,12]],[[6276,6169],[11,55],[8,25],[26,-13],[4,13]],[[6276,6169],[-60,15],[-49,16],[3,13]],[[6170,6213],[31,59],[13,21],[25,29],[19,-30],[19,-23],[19,-10],[6,21]],[[6427,6018],[-11,11],[-59,0],[-11,10]],[[6346,6039],[-18,-18],[-19,3],[-12,7],[-16,1],[-5,5],[-19,1],[-3,6],[9,13],[-4,11],[-14,1],[-4,22],[-9,29],[-23,3],[-10,12],[-29,-2],[-18,10]],[[6152,6143],[3,10],[29,-8],[12,1],[32,17],[25,-4],[13,-15],[21,-39],[12,-13],[10,-4],[17,1],[19,7],[14,-1],[10,-7],[45,-41],[12,-7]],[[6673,5655],[-3,-9]],[[6610,5396],[-34,8]],[[6609,5626],[15,11],[1,25],[3,8]],[[6628,5670],[42,-12],[3,-3]],[[6923,5860],[-9,-10],[-2,-13],[1,-26],[-11,-19],[-16,-8],[-25,-2],[-10,-15],[11,-19],[-6,-19]],[[6856,5729],[-8,7],[-16,-18],[-14,16],[-15,23],[-2,11],[14,23],[13,0],[17,17],[19,11],[15,18],[-1,9]],[[6926,5868],[-3,-8]],[[6856,5729],[0,-7],[12,-15],[6,-36]],[[6874,5671],[-29,3],[-17,-6],[-19,0],[-17,4],[-15,-5]],[[6777,5667],[-5,10],[1,18],[-8,24],[2,13],[8,16],[24,28],[-5,19],[-22,5],[0,24]],[[6777,5667],[2,-11],[-36,-12]],[[6743,5644],[-5,6],[-7,-10],[-24,6]],[[6707,5646],[-1,26],[9,98],[-1,11],[1,49]],[[6448,5923],[-26,2]],[[6345,5929],[2,61],[-2,3]],[[6345,5993],[1,46]],[[6590,5855],[19,-2],[11,-11],[20,-9]],[[6640,5833],[-4,-83],[-6,-76],[-2,-4]],[[6558,5587],[7,56],[-8,22]],[[6557,5665],[-3,14],[3,46],[2,53]],[[6559,5778],[4,104]],[[6931,5853],[6,-11],[2,-32],[-4,-14],[-14,-7],[-6,-9],[27,-3],[3,-21],[-3,-20],[27,0],[-8,-35]],[[6961,5701],[-19,0],[-9,-25],[-9,0],[-8,21],[-10,-8]],[[6906,5689],[-7,-7],[-17,-3],[-8,-8]],[[6923,5860],[8,-7]],[[6832,5383],[0,-67]],[[6832,5316],[-1,-9]],[[6831,5307],[-6,-3],[-41,10]],[[6784,5314],[-3,38],[-2,8],[-52,11]],[[6727,5371],[6,40],[7,73],[-1,9]],[[6739,5493],[17,4],[-1,15],[-13,22],[16,13],[11,-3],[3,-19],[7,-5],[8,19],[18,11]],[[6805,5550],[18,1]],[[6823,5551],[5,-11],[11,-56],[0,-18],[-8,-40],[1,-43]],[[6759,5634],[2,-29],[11,-13],[19,9],[27,-17],[-3,-9],[-13,-3],[3,-22]],[[6739,5493],[-8,27],[-20,27],[-9,22],[-2,38],[10,13],[33,17]],[[6743,5637],[16,-3]],[[6743,5644],[0,-7]],[[6727,5371],[-18,4]],[[6709,5375],[-44,10]],[[6673,5655],[20,-8],[14,-1]],[[6885,5522],[-12,28],[-50,1]],[[6823,5551],[28,46],[7,18],[-57,27],[-14,1],[-28,-9]],[[6906,5689],[-6,-22],[4,-3],[-7,-62],[-9,-46],[-3,-34]],[[6961,5701],[-8,-35],[-8,-17],[-1,-14],[-7,-24]],[[6937,5611],[-9,-28],[-6,-12],[-7,-44],[-1,-36]],[[6914,5491],[-30,4],[1,27]],[[6709,5375],[-14,-88]],[[6695,5287],[-88,19]],[[6607,5306],[13,88]],[[6695,5287],[-7,-42]],[[6688,5245],[-6,-45]],[[6682,5200],[-88,19]],[[6594,5219],[7,44]],[[6601,5263],[6,43]],[[6682,5200],[-13,-87]],[[6581,5131],[13,88]],[[6568,5038],[-4,-19],[-19,1],[-4,7],[-11,-5],[-24,2],[-5,-39],[-5,15],[-9,8],[-8,-5],[-11,-25]],[[6468,4978],[5,35]],[[6473,5013],[14,93]],[[6487,5106],[6,44]],[[6493,5150],[88,-19]],[[6493,5150],[13,88]],[[6506,5238],[13,87]],[[6519,5325],[44,-9],[-6,-44],[44,-9]],[[6519,5325],[13,88]],[[6756,5133],[55,-9]],[[6811,5124],[-1,-27],[-4,-17],[-18,2],[-15,-14],[-31,-13]],[[6742,5055],[-26,-15]],[[6696,5062],[8,34],[5,11],[21,16],[7,15],[19,-5]],[[6740,5233],[23,-4],[-7,-45]],[[6756,5184],[-4,-32],[4,-19]],[[6688,5245],[52,-12]],[[6784,5314],[-2,-12],[-16,-13],[-20,-32],[-6,-24]],[[6502,4799],[-9,-93],[-3,-17],[24,-5],[9,-7]],[[6523,4677],[-21,1],[-13,-7],[-25,-24],[-20,-25],[-5,-25],[-9,-7]],[[6430,4590],[-6,0],[-16,21]],[[6408,4611],[13,5],[15,41],[7,73]],[[6443,4730],[7,75]],[[6450,4805],[52,-6]],[[6877,5111],[5,-15]],[[6882,5096],[2,-8],[2,-69],[4,-20]],[[6890,4999],[-19,-3],[-4,-8],[-30,-36],[-16,10]],[[6821,4962],[-62,70],[-17,23]],[[6811,5124],[66,-13]],[[6993,4937],[-22,-8],[9,-9],[-3,-27],[27,-5],[-2,-40]],[[7002,4848],[-5,-7],[-34,9],[-49,7],[-3,-2]],[[6911,4855],[-8,5]],[[6903,4860],[8,33],[5,-1],[5,14],[1,23],[-18,25],[-7,47]],[[6897,5001],[11,3],[1,53],[8,13],[14,3],[28,-6],[5,-38],[-13,0],[2,-15],[15,0],[25,-77]],[[7002,4848],[11,-9],[-6,-51],[-19,-107]],[[6988,4681],[-2,-34],[-6,-2],[-4,-22],[-33,10],[-35,8],[-9,7]],[[6899,4648],[-6,20],[9,12],[2,56],[9,14],[2,12],[-12,32],[14,36],[-6,25]],[[6559,5778],[-37,13],[-3,-64],[-53,2]],[[6466,5729],[2,63],[3,36],[2,66],[2,28]],[[6466,5729],[-79,3]],[[6345,5993],[-19,-1],[-33,2],[-32,5],[-127,8],[-31,3]],[[6103,6010],[13,23],[11,10],[14,-4],[8,6],[-16,57],[1,11]],[[6134,6113],[16,25]],[[6150,6138],[2,5]],[[6345,5929],[-118,7],[-124,7]],[[6103,5943],[0,67]],[[6342,5864],[-100,6],[-27,1],[-78,6],[-18,-4]],[[6119,5873],[-16,70]],[[6338,5800],[-132,7],[-68,6],[-11,24]],[[6127,5837],[-8,36]],[[6337,5735],[-89,4]],[[6248,5739],[-68,4],[-63,1]],[[6117,5744],[10,83],[0,10]],[[6115,5728],[-3,-15],[-15,-49],[-3,-39]],[[6094,5625],[-26,-1],[3,-46],[-2,-8],[-16,-7],[-3,-14],[-5,-1],[-3,38],[-20,-7]],[[6022,5579],[-27,21],[-19,8],[-8,18],[2,26]],[[5970,5652],[12,37],[21,18],[12,17],[8,33]],[[6023,5757],[92,-29]],[[6100,5582],[1,-69],[-12,-25],[-7,-29],[2,-18]],[[6084,5441],[-9,-19],[-4,-23]],[[6071,5399],[-6,-1],[-9,23],[-22,36],[-13,52],[5,42],[-4,28]],[[6094,5625],[6,-43]],[[6013,5347],[-7,-29],[-8,-21],[-6,8],[-23,-20]],[[5969,5285],[-21,-24]],[[5948,5261],[-55,65],[-16,12],[-43,13]],[[5834,5351],[14,74]],[[5848,5425],[23,-6],[16,-18],[19,-27],[23,-11],[41,8],[14,-2],[29,-22]],[[6015,5022],[-41,16],[-2,-5]],[[5972,5033],[-80,32],[-34,17],[-19,16],[-25,35],[-13,44]],[[5801,5177],[21,109]],[[5822,5286],[12,65]],[[5948,5261],[35,-42],[40,-50],[13,-4]],[[6036,5165],[-21,-143]],[[6465,4956],[-4,-40]],[[6461,4916],[-6,-51]],[[6455,4865],[-34,4],[-11,10],[-25,-7]],[[6385,4872],[-3,3],[-5,48],[10,30]],[[6387,4953],[10,2],[22,28],[22,5],[13,-7],[11,-25]],[[6455,4865],[-5,-60]],[[6443,4730],[-65,9],[-18,14]],[[6360,4753],[23,27],[28,-5],[-5,37],[-37,8],[13,32],[11,9],[-8,11]],[[6489,5422],[43,-9]],[[6519,5325],[-75,16]],[[6444,5341],[13,88]],[[6457,5429],[32,-7]],[[6506,5238],[-75,16]],[[6431,5254],[13,87]],[[6487,5106],[-44,10]],[[6443,5116],[6,44],[-31,7]],[[6418,5167],[13,87]],[[6473,5013],[-165,34]],[[6308,5047],[6,46]],[[6314,5093],[121,-27],[8,50]],[[6314,5093],[7,50]],[[6321,5143],[46,-11],[6,44],[45,-9]],[[6321,5143],[7,42]],[[6328,5185],[13,88]],[[6341,5273],[90,-19]],[[6341,5273],[13,88]],[[6354,5361],[90,-20]],[[5461,5710],[-16,-91],[-4,-9],[-22,5],[-12,-12]],[[5407,5603],[-30,29]],[[5377,5632],[4,16],[11,79],[15,-1],[30,-27],[4,16],[20,-5]],[[6354,5361],[9,61]],[[6363,5422],[4,28]],[[6367,5450],[35,-10],[55,-11]],[[6557,5665],[-11,-19],[-15,-12],[-18,-4],[-2,-9],[-16,-15]],[[6495,5606],[-33,4]],[[6462,5610],[4,119]],[[6462,5610],[-78,4]],[[6384,5614],[2,56],[1,62]],[[6495,5606],[-11,-19],[-2,-11],[-10,-12],[-31,-27],[-10,9],[4,33],[-42,12],[-16,-71],[-10,-70]],[[6363,5422],[-24,4],[2,25]],[[6341,5451],[1,6]],[[6342,5457],[3,15],[-16,10],[-1,11]],[[6328,5493],[1,55]],[[6329,5548],[27,-2],[3,69],[25,-1]],[[6329,5548],[4,69]],[[6333,5617],[4,118]],[[6333,5617],[-43,1],[-5,12],[-20,-1]],[[6265,5629],[-17,110]],[[6328,5493],[-9,-3],[-14,5],[-5,8],[-7,48],[-49,2],[1,7],[18,38],[-9,9],[11,22]],[[6215,5390],[-6,-43]],[[6209,5347],[-26,6],[-8,5],[-3,14],[-10,14],[-31,22],[-45,36]],[[6086,5444],[7,9]],[[6093,5453],[27,5],[23,-14],[11,5],[15,-3],[20,19],[29,6],[11,6]],[[6229,5477],[-14,-87]],[[6342,5457],[-25,4],[-8,7],[-9,-4],[-29,12],[-11,-2],[-13,10],[-18,-7]],[[6093,5453],[17,33],[24,1],[17,28]],[[6151,5515],[18,-18],[21,27],[18,25],[-8,78]],[[6200,5627],[65,2]],[[6200,5627],[-56,0],[-1,-6]],[[6143,5621],[-21,-34],[-8,-5],[-14,0]],[[6115,5728],[2,16]],[[6151,5515],[16,24],[5,15],[-2,22],[-27,45]],[[6086,5444],[-2,-3]],[[6341,5273],[-26,5],[3,20],[-20,4]],[[6298,5302],[11,68]],[[6309,5370],[12,84],[20,-3]],[[6309,5370],[-94,20]],[[6298,5302],[-43,10],[-18,-30],[-8,16],[-27,5]],[[6202,5303],[7,44]],[[6328,5185],[-138,30]],[[6190,5215],[12,88]],[[6314,5093],[-44,8],[6,50],[-93,20]],[[6183,5171],[7,44]],[[6308,5047],[-139,30]],[[6169,5077],[14,94]],[[5351,5657],[-31,30]],[[5320,5687],[18,97]],[[5338,5784],[14,-4],[25,-23],[-11,-39],[-14,-41],[6,-7],[-7,-13]],[[6144,5313],[58,-10]],[[6169,5077],[-21,101],[-47,10]],[[6101,5188],[18,128],[25,-3]],[[6325,6932],[7,-45]],[[6332,6887],[-85,-3],[0,-19],[-15,0]],[[6232,6865],[-1,70]],[[6231,6935],[9,7],[15,-2],[23,6],[25,-10],[22,-4]],[[6239,7142],[-12,-22],[-52,2],[0,17],[-35,2]],[[6140,7141],[2,50],[86,-3],[23,3],[2,-8],[-14,-41]],[[6278,7115],[-10,-19],[-16,-41],[-12,-43]],[[6240,7012],[-105,4]],[[6135,7016],[5,125]],[[6239,7142],[37,-16],[2,-11]],[[6240,7012],[-6,-33],[-3,-44]],[[6232,6865],[1,-30],[-7,-30],[-13,-22]],[[6213,6783],[-22,-20],[-23,-11],[-15,2],[-14,14],[-2,16],[-8,5]],[[6129,6789],[14,37],[-7,28],[-43,58]],[[6093,6912],[-7,11],[-6,30],[1,38]],[[6081,6991],[45,-3],[9,28]],[[6126,6769],[-9,-29],[-13,-38],[-20,-44]],[[6084,6658],[-40,23],[-26,1],[-35,-17],[-43,-23]],[[5940,6642],[9,90],[7,31]],[[5956,6763],[7,-28],[16,-43],[34,17],[16,20],[34,81]],[[6063,6810],[63,-41]],[[6088,7159],[-5,-126]],[[6083,7033],[-49,2],[-2,18],[5,99],[0,9]],[[6037,7161],[51,-2]],[[6083,7033],[-1,-8]],[[6082,7025],[-8,-15],[-25,-25]],[[6049,6985],[-80,43],[3,10]],[[5972,7038],[8,21],[-3,10],[-12,17],[1,17],[12,9],[5,13]],[[5983,7125],[0,27],[54,9]],[[5972,7038],[-57,5]],[[5915,7043],[7,114]],[[5922,7157],[44,0],[17,-32]],[[5915,7043],[-50,6],[-25,10]],[[5840,7059],[30,109]],[[5870,7168],[19,-8],[33,-3]],[[6049,6985],[-53,-56],[-9,-12]],[[5987,6917],[-50,27],[15,42],[-47,25]],[[5905,7011],[10,32]],[[5987,6917],[-15,-38],[2,-1],[-8,-27]],[[5966,6851],[-50,28]],[[5889,6971],[16,40]],[[5966,6851],[-7,-69],[-3,-19]],[[5940,6642],[-82,-43],[-26,-2],[-15,8]],[[5817,6605],[56,130],[2,13]],[[5875,6748],[0,10],[-10,57]],[[5865,6815],[47,0],[-2,20],[6,43]],[[5865,6815],[-5,24],[-63,0]],[[5797,6839],[0,74],[6,26]],[[5820,6996],[-58,22],[14,66]],[[5776,7084],[64,-25]],[[5803,6939],[-30,13],[-31,0]],[[5742,6952],[1,27],[-3,35]],[[5740,7014],[9,44]],[[5749,7058],[9,34]],[[5758,7092],[18,-8]],[[5797,6839],[-41,-2],[0,45],[-21,0]],[[5735,6882],[1,15]],[[5736,6897],[6,55]],[[6129,6789],[-3,-20]],[[6063,6810],[-24,16],[4,5],[-10,14],[-13,3],[-7,18],[5,47],[75,-1]],[[6082,7025],[-1,-34]],[[5686,6080],[30,-12]],[[5716,6068],[59,-24]],[[5775,6044],[-18,-62],[-60,23]],[[5697,6005],[-87,35]],[[5610,6040],[19,63],[57,-23]],[[5816,5899],[-12,4],[-3,-9],[-62,24]],[[5739,5918],[-59,24]],[[5680,5942],[17,63]],[[5775,6044],[32,-14]],[[5807,6030],[13,-10],[9,-20],[11,-11]],[[5840,5989],[-24,-90]],[[6134,6261],[-10,-24]],[[6124,6237],[-18,-73]],[[6106,6164],[-9,-29],[-20,-29],[-38,-42],[-24,-49],[-4,-44],[-6,-45],[-13,-45]],[[5992,5881],[-38,21]],[[5954,5902],[15,23],[-7,12],[-43,16],[-7,9],[1,15],[13,54],[6,87],[14,50]],[[5946,6168],[13,44],[9,38],[11,30],[11,41],[-34,33],[-16,12]],[[5940,6366],[5,17]],[[5945,6383],[7,28]],[[5952,6411],[7,-5],[4,-15],[9,-3],[30,-22],[10,-28],[21,-32],[31,-6],[20,-18],[10,-20],[4,13],[18,-9],[3,6],[15,-11]],[[5946,6168],[-53,20]],[[5893,6188],[18,68],[29,110]],[[6084,6658],[-23,-39],[-26,-33]],[[6035,6586],[-13,5],[-29,-40],[-30,22],[-41,25]],[[5922,6598],[16,31],[2,13]],[[6035,6586],[-36,-44]],[[5999,6542],[-9,-14],[-14,-29],[-20,-76]],[[5956,6423],[-4,-12]],[[5952,6411],[-9,-6],[-13,7],[-2,10],[19,51],[4,18],[-27,28],[-35,12]],[[5889,6531],[33,67]],[[4828,2644],[54,-11]],[[4882,2633],[-19,-118]],[[4863,2515],[-93,20]],[[4770,2535],[18,119]],[[4788,2654],[40,-10]],[[5945,6383],[-5,17],[-12,-5],[-1,-26],[-6,-19],[-29,18],[-5,28],[-20,17],[2,14],[-10,22],[-5,4]],[[5854,6453],[12,30]],[[5866,6483],[23,48]],[[5893,6188],[-12,4],[-12,-4],[-15,-22],[-10,-6],[16,77],[-10,4],[-2,11],[-31,40],[-17,4],[1,12],[-16,8],[4,12],[-30,12]],[[5759,6340],[8,29],[7,5],[12,52],[50,-27],[18,54]],[[5759,6340],[-29,11]],[[5730,6351],[-60,23]],[[5670,6374],[15,53],[12,30]],[[5697,6457],[10,18],[-5,29]],[[5702,6504],[7,6],[24,7],[34,-11],[9,15],[20,-5],[18,-9],[21,0],[6,4],[25,-28]],[[5702,6504],[-2,20],[25,33]],[[5725,6557],[10,2],[31,-7],[17,4],[3,6],[15,53]],[[5801,6615],[16,-10]],[[5893,6188],[-53,-199]],[[5807,6030],[20,64],[16,59],[-6,7],[-86,35]],[[5751,6195],[19,69],[-58,25],[18,62]],[[5716,6068],[35,127]],[[5680,5942],[-62,25]],[[5618,5967],[-2,1]],[[5616,5968],[-53,21]],[[5563,5989],[18,63]],[[5581,6052],[29,-12]],[[5581,6052],[17,63]],[[5616,6179],[88,-36],[-18,-63]],[[5634,6241],[117,-46]],[[5634,6241],[19,70]],[[5653,6311],[17,63]],[[5954,5902],[-40,44],[-25,18],[-49,25]],[[5739,5918],[-12,-41]],[[5727,5877],[-20,12]],[[5707,5889],[-20,10],[-18,-1]],[[5669,5898],[1,7],[-20,28],[-32,34]],[[5816,5899],[-20,-74],[-43,-164],[-9,-45]],[[5744,5616],[0,-8]],[[5744,5608],[-5,16],[3,27],[-4,16],[-7,5],[14,71],[-4,10]],[[5741,5753],[-6,56],[16,3],[-2,26],[-16,-2],[-2,32],[-4,9]],[[5669,5898],[7,-85]],[[5676,5813],[-24,-3],[-1,14],[-32,-4],[-2,13],[-8,-1],[-1,14],[-11,0],[-10,7],[-34,32],[17,26],[23,22],[23,35]],[[5676,5813],[2,-25]],[[5678,5788],[-4,-30],[-10,-2],[-4,23],[-11,0],[-1,13],[-12,9],[-33,-6]],[[5603,5795],[-1,20],[-26,6],[-36,44],[-15,5],[-25,-11]],[[5500,5859],[-12,35],[22,12],[18,31],[16,59]],[[5544,5996],[19,-7]],[[5741,5753],[-25,-3]],[[5716,5750],[-4,30],[-4,-1],[-3,27],[6,1],[-8,66],[4,16]],[[5716,5750],[-10,6],[-28,32]],[[5744,5608],[-6,-54]],[[5738,5554],[-6,2],[-1,15],[-12,10],[2,27],[-36,8],[-23,0],[-28,29],[-13,6],[-8,12],[-25,-3],[-8,7]],[[5580,5667],[8,6],[-5,14],[2,10],[28,4],[-4,51],[-6,43]],[[5736,6897],[-22,6],[-2,-10],[-20,15],[12,67]],[[5704,6975],[5,9],[8,37]],[[5717,7021],[23,-7]],[[5580,5667],[-7,11],[-18,15],[-1,16]],[[5554,5709],[-7,19],[-13,6],[-20,-1],[0,13],[-7,0],[-11,11],[-6,21],[-19,-13],[-4,-15]],[[5467,5750],[-22,17],[-23,9],[-21,22],[-15,11],[-7,1]],[[5379,5810],[2,13],[13,24]],[[5394,5847],[15,-13],[27,-5],[12,4],[52,26]],[[5394,5847],[30,58],[8,14]],[[5432,5919],[12,23],[20,73]],[[5464,6015],[11,-5],[-1,-7],[13,-9],[17,19],[40,-17]],[[5738,5554],[-14,-127],[-15,-75]],[[5709,5352],[-8,10],[-2,10],[-7,-24],[-14,-13],[-17,-6]],[[5661,5329],[12,47],[-14,8],[-34,23],[-30,18]],[[5595,5425],[-29,27]],[[5566,5452],[39,63],[-16,22],[-36,42]],[[5553,5579],[-7,69]],[[5546,5648],[12,9],[-23,42],[14,4],[5,6]],[[5595,5425],[-48,-55],[-21,14],[-17,-4],[-9,17],[-5,19],[-10,-7],[-19,33]],[[5466,5442],[47,62]],[[5513,5504],[53,-52]],[[5661,5329],[-129,-58],[-98,-41],[-35,2]],[[5399,5232],[-22,3],[-54,2]],[[5323,5237],[6,22],[17,9],[-20,22],[5,11],[8,1],[73,-3],[32,0],[5,26],[-3,27]],[[5446,5352],[26,42],[-23,26],[17,22]],[[5709,5352],[-8,-48],[-24,-122]],[[5677,5182],[-45,-231],[-23,-122]],[[5609,4829],[-9,1],[-7,15],[-29,20],[-10,21],[0,25],[10,32],[12,21],[3,16],[-3,23],[-10,21],[-8,8]],[[5558,5032],[-11,9],[-66,60],[-74,62],[-9,23],[-2,17],[3,29]],[[5676,7067],[73,-9]],[[5717,7021],[-13,7],[-53,-17],[-16,-3]],[[5635,7008],[-3,10]],[[5632,7018],[-11,49],[-2,21],[12,-3],[15,-13],[30,-5]],[[5704,6975],[-15,-14],[-23,-5],[-14,2]],[[5652,6958],[-13,6],[-3,10],[-1,34]],[[5652,6958],[-5,-12],[-36,21],[-13,16],[-12,-17],[-9,-2],[-6,-12],[0,28],[-21,16],[-12,-3]],[[5538,6993],[19,72]],[[5557,7065],[18,-6],[35,-21],[22,-20]],[[5589,6510],[-17,-33],[-8,-27]],[[5564,6450],[-28,12],[-4,33],[-23,-6],[-16,4]],[[5493,6493],[5,20],[14,27]],[[5512,6540],[9,19]],[[5521,6559],[68,-49]],[[5397,6909],[5,-33],[-1,-30],[-6,-49]],[[5395,6797],[-1,-5],[-78,44]],[[5316,6836],[-1,27],[9,40],[-1,15],[27,-16],[11,28],[36,-21]],[[5450,6931],[1,-19],[21,4],[6,-8]],[[5478,6908],[-24,-91]],[[5454,6817],[-11,-41],[-28,10],[1,9],[-21,2]],[[5397,6909],[-3,17],[7,8]],[[5401,6934],[38,-5],[11,2]],[[5456,7066],[-5,-18]],[[5451,7048],[-9,-40],[5,-21],[-7,-17],[12,-29],[-2,-10]],[[5401,6934],[-34,43]],[[5367,6977],[17,-3],[10,4],[4,22],[7,11],[17,16],[14,45],[10,6],[10,-12]],[[5424,6325],[-35,-127]],[[5389,6198],[-93,34]],[[5296,6232],[7,16],[-5,33]],[[5298,6281],[37,18],[4,18],[-6,44]],[[5333,6361],[15,-6],[76,-30]],[[5428,6112],[-15,-53],[20,-18],[3,-8],[28,-18]],[[5432,5919],[-53,21],[11,68],[-30,12]],[[5360,6020],[22,82]],[[5382,6102],[8,26],[19,-7]],[[5509,7000],[-4,-31],[-17,-32],[1,-25],[-11,-4]],[[5451,7048],[46,-59],[6,18],[6,-7]],[[5542,6611],[5,-4],[-26,-48]],[[5512,6540],[-39,-7],[-4,-7],[-22,7]],[[5447,6533],[-5,26],[18,24],[4,12],[0,52],[-8,34]],[[5456,6681],[12,6]],[[5468,6687],[12,-33],[62,-43]],[[5493,6493],[-5,-15],[-15,-11],[-22,-5]],[[5451,6462],[-12,4],[0,-22],[-13,-3],[-18,8],[-11,12],[-28,4],[-6,6]],[[5363,6471],[33,44]],[[5396,6515],[22,-16],[19,-5],[10,39]],[[5396,6515],[9,19],[2,18],[-6,18]],[[5401,6570],[7,21],[0,34],[5,8],[15,7],[14,30],[14,11]],[[5449,6706],[7,-25]],[[5401,6570],[-16,44],[2,17]],[[5387,6631],[6,15],[-1,24],[-8,63]],[[5384,6733],[18,-13],[4,1],[40,-15],[3,0]],[[5363,6471],[-6,1],[-44,69],[-7,5],[0,17]],[[5306,6563],[3,31],[9,39]],[[5318,6633],[69,-2]],[[5555,6420],[92,-36],[23,-10]],[[5653,6311],[-172,69]],[[5481,6380],[17,63]],[[5498,6443],[57,-23]],[[5461,6309],[1,2]],[[5462,6311],[19,69]],[[5451,6462],[10,-4]],[[5461,6458],[-17,-62],[-76,28],[-8,-26]],[[5360,6398],[-70,41]],[[5290,6439],[-2,8]],[[5288,6447],[0,6],[-46,34],[6,10],[16,10],[7,10],[11,31],[12,17],[12,-2]],[[5360,6398],[-21,-24],[-6,-13]],[[5298,6281],[-24,-15],[-7,8],[6,12],[9,4],[11,14],[8,25],[0,17],[-16,34],[-1,17]],[[5284,6397],[13,16],[-7,26]],[[5725,6557],[-5,4],[-55,33],[35,22],[9,8],[6,15],[-72,44]],[[5643,6683],[2,13],[-15,78]],[[5630,6774],[74,-46],[-4,-8],[25,-15],[-15,-34],[91,-56]],[[5697,6457],[-99,72]],[[5598,6529],[17,32],[22,0],[12,14],[-66,45],[9,12],[20,39],[31,12]],[[5555,6420],[9,30]],[[5589,6510],[9,19]],[[5498,6443],[-37,15]],[[5462,6311],[-38,14]],[[5382,6102],[-16,13],[5,20]],[[5371,6135],[18,63]],[[5379,5810],[-13,2],[-2,-20],[-14,11],[-8,13],[-17,8]],[[5325,5824],[26,171],[6,26]],[[5357,6021],[3,-1]],[[5325,5824],[-19,1],[-15,5]],[[5291,5830],[2,21],[-17,4]],[[5276,5855],[13,82],[16,-8],[7,45],[18,-4],[6,36],[6,22]],[[5342,6028],[15,-7]],[[5276,5855],[-13,-3],[-5,8]],[[5258,5860],[7,37],[20,135],[-1,17]],[[5284,6049],[58,-21]],[[5284,6049],[-17,7]],[[5267,6056],[29,109]],[[5296,6165],[75,-30]],[[5258,5860],[-16,6],[-16,10],[-8,27],[-10,2],[9,37]],[[5217,5942],[14,94],[6,2]],[[5237,6038],[10,25],[20,-7]],[[5237,6038],[-35,10],[34,129]],[[5236,6177],[3,10],[57,-22]],[[5215,6209],[-2,-24],[23,-8]],[[5217,5942],[-20,0]],[[5197,5942],[-4,44],[-5,17],[1,80],[20,53],[-20,23],[-12,21]],[[5177,6180],[24,27]],[[5201,6207],[14,2]],[[6245,3251],[-54,0],[-2,4],[-2,35],[-21,13],[-25,-34]],[[6141,3269],[-17,16],[8,11],[-19,18]],[[6113,3314],[39,53]],[[6152,3367],[18,-20],[28,38]],[[6198,3385],[18,-19],[-12,-18],[18,-19],[10,-18],[2,-20],[32,0],[-21,-40]],[[5467,5750],[-5,-34]],[[5462,5716],[-1,-6]],[[5377,5632],[-26,25]],[[5338,5784],[-43,39],[-4,7]],[[5458,5558],[36,-36]],[[5494,5522],[19,-18]],[[5446,5352],[-4,3],[-47,5],[-16,11],[-42,48]],[[5337,5419],[58,89],[43,67]],[[5438,5575],[20,-17]],[[5356,4972],[24,-22],[17,-10],[24,-6],[27,-20],[14,-18],[0,-14],[5,-19],[-3,-9],[-9,-3],[0,-9],[10,-8],[8,5],[10,35],[11,19],[9,29],[27,27]],[[5530,4949],[1,-16],[-10,-37],[-6,-30],[-16,-46],[-60,-105],[-19,-29],[-8,-20],[-8,-30],[-2,-31],[5,-42],[0,-20],[-13,-48]],[[5394,4495],[-5,-19]],[[5389,4476],[-47,15],[-24,12],[-53,41],[-12,6],[-58,48]],[[5195,4598],[19,46],[-5,21]],[[5209,4665],[10,9],[19,-4],[4,33],[8,9],[11,-1],[25,27],[6,1],[-3,25],[16,28],[2,11],[-2,55],[-8,32],[-1,13],[10,24],[10,54],[9,9],[13,-3],[7,-11],[11,-4]],[[4924,5173],[68,-39],[56,-39],[18,-27],[9,-17]],[[5075,5051],[6,-21],[15,-138],[6,-47]],[[5102,4845],[-9,-30]],[[5093,4815],[-26,27],[-92,65],[-24,25],[-37,51]],[[4914,4983],[-31,43],[-53,82],[-30,42]],[[4800,5150],[13,22],[23,52]],[[4836,5224],[20,-13],[68,-38]],[[5133,5182],[27,-15],[8,-21],[-35,-16],[1,-4]],[[5134,5126],[-38,-20],[-14,-13],[-5,-18],[-2,-24]],[[4924,5173],[26,6],[77,31],[27,4],[24,-7],[33,-19],[22,-6]],[[5323,5237],[-18,0]],[[5305,5237],[-16,59]],[[5289,5296],[11,41],[-9,6],[-8,20],[-10,3],[-8,13],[-1,9],[-10,18],[-18,18],[-9,20],[-29,4],[-7,9],[-21,3],[-17,10],[-20,17],[-5,17],[5,17],[-3,18],[-15,6]],[[5115,5545],[3,15],[14,15],[-10,16],[21,22],[-20,29]],[[5123,5642],[18,17]],[[5141,5659],[37,-20],[14,-12],[6,-10],[30,-74],[65,-75],[44,-49]],[[5266,5735],[14,-10],[40,-38]],[[5407,5603],[31,-28]],[[5141,5659],[15,14]],[[5156,5673],[18,12],[39,21],[19,23],[-9,15],[-4,28]],[[5219,5772],[-2,20]],[[5217,5792],[30,-36],[4,-17],[15,-4]],[[5115,5545],[-4,28],[5,9],[-19,31]],[[5097,5613],[6,12]],[[5103,5625],[20,17]],[[5494,5522],[45,68],[14,-11]],[[5458,5558],[25,36],[7,-5],[29,51],[18,-11],[9,19]],[[5462,5716],[14,3],[8,-5],[21,-41],[41,-25]],[[5266,5735],[12,65],[15,-5],[15,-15],[5,15],[25,-11]],[[5217,5792],[-11,70],[-4,13],[-6,38],[0,27]],[[5196,5940],[1,2]],[[5219,5772],[-19,6],[-26,-1],[-61,-13]],[[5113,5764],[-9,8],[-21,45]],[[5083,5817],[18,13],[34,35]],[[5135,5865],[53,85]],[[5188,5950],[8,-10]],[[5156,5673],[-12,31],[-31,60]],[[5103,5625],[-3,12],[-12,19],[4,16],[-12,14],[-6,14],[-11,7],[-11,20]],[[5052,5727],[-10,11],[-3,18],[-13,15],[-11,-2]],[[5015,5769],[20,16],[48,32]],[[5015,5769],[-8,-7],[-7,7],[-10,44],[-24,25],[-19,-6],[4,50]],[[4951,5882],[1,0]],[[4952,5882],[14,15],[69,57]],[[5035,5954],[1,2]],[[5036,5956],[12,-11],[47,-44],[40,-36]],[[6523,4677],[-4,-31],[-2,-56],[19,-24],[17,29],[31,-26],[-18,-30]],[[6566,4539],[-60,-98]],[[6506,4441],[-14,13],[-18,2],[-44,48],[-7,23]],[[6423,4527],[-2,26],[8,9],[13,-6],[6,7],[-18,27]],[[4844,5983],[21,-15],[34,-30]],[[4899,5938],[8,-6],[-8,-14],[-12,7],[-17,-14],[-5,-17],[1,-10],[-18,-44]],[[4848,5840],[-25,-4],[-11,5],[0,32],[7,20],[-29,19],[-26,24]],[[4764,5936],[58,40],[16,12],[6,-5]],[[4951,5882],[-8,-11],[-19,-36],[-11,-35],[-6,-31],[-7,-22]],[[4900,5747],[-14,-36]],[[4886,5711],[-13,17],[-21,12],[-10,17],[1,12],[18,31]],[[4861,5800],[4,22],[-17,18]],[[4899,5938],[22,27],[8,15]],[[4929,5980],[8,-13],[13,-1],[7,-22],[1,-19],[-8,-14],[2,-29]],[[4844,5983],[23,33]],[[4867,6016],[16,19]],[[4883,6035],[34,-43],[12,-12]],[[5053,6006],[-17,-50]],[[5035,5954],[-32,13],[-18,-3],[-9,5],[-16,25],[-16,16],[-38,20],[-20,17],[7,12],[17,-3],[5,3],[11,22],[-4,9]],[[4922,6090],[20,5],[5,7],[25,-14],[16,-37],[7,-6],[25,-3],[12,-20],[21,-16]],[[5052,5727],[-8,-6],[-14,18],[-30,-31],[-46,-44]],[[4954,5664],[-6,13],[-48,70]],[[5097,5613],[-20,-54]],[[5077,5559],[-23,30],[-9,6],[-32,7],[-16,19],[-40,37],[-3,6]],[[4917,5495],[24,18],[5,11],[-1,20],[-11,25],[-24,30],[-2,12],[4,10],[18,19]],[[4930,5640],[11,-18],[10,-7],[3,-15],[11,-16],[10,-4],[7,-10],[1,-25],[-4,-77],[-2,-7],[-25,4],[-9,8],[-31,-1],[5,23]],[[4732,5966],[-20,-22],[-23,49]],[[4689,5993],[32,37]],[[4721,6030],[41,-28],[-30,-36]],[[4861,5800],[-61,-19]],[[4800,5781],[-6,30],[-21,-7],[6,8],[-3,29],[-23,19],[-9,-12],[-13,14],[-4,13],[5,7],[-11,19],[5,17],[23,27]],[[4749,5945],[15,-9]],[[4391,5705],[-18,-31],[28,-25],[-5,-10],[7,-7],[-2,-13],[-32,-49]],[[4369,5570],[-51,41],[-14,16],[4,21],[-11,16]],[[4297,5664],[12,24],[8,-17],[18,21],[4,-4],[26,39],[26,-22]],[[4492,5694],[8,-12],[31,-31],[21,-29],[12,-33]],[[4564,5589],[18,-43],[1,-20],[15,-32],[-1,-8],[-12,10],[-4,-5],[9,-20]],[[4590,5471],[-16,25],[-5,37],[-9,16],[-25,12],[-10,-2],[-4,-12],[-1,-24],[-5,-10],[-19,-10],[-4,-10],[1,-20],[-3,-7]],[[4490,5466],[-21,14],[-12,18],[-1,16],[-8,7],[-21,-1],[-20,13],[-25,27],[-13,10]],[[4391,5705],[-6,26],[10,9],[14,-4],[33,-21],[6,0],[4,-20],[17,2],[11,-12],[12,9]],[[4819,5298],[11,-19],[0,-18],[-18,-26]],[[4812,5235],[-36,-3],[-32,-1],[-12,13],[-68,9]],[[4664,5253],[31,50]],[[4695,5303],[36,53],[13,22]],[[4744,5378],[15,-7],[17,-27],[22,-12],[21,-34]],[[4812,5235],[24,-11]],[[4800,5150],[-24,43],[-9,10],[-18,9],[-58,5],[-38,25]],[[4653,5242],[11,11]],[[4695,5303],[-21,18],[43,74],[5,16]],[[4722,5411],[22,-33]],[[6462,4368],[-30,-45],[-29,-50],[80,-67]],[[6483,4206],[-40,-69]],[[6443,4137],[-46,39]],[[6397,4176],[-61,53]],[[6336,4229],[-29,23]],[[6307,4252],[39,68],[3,8],[22,36],[15,21]],[[6386,4385],[16,-5],[16,-13],[16,26],[28,-25]],[[6544,4352],[30,-26]],[[6574,4326],[-58,-95],[-33,-25]],[[6462,4368],[22,37]],[[6484,4405],[60,-53]],[[6894,4077],[22,-9],[22,-42]],[[6938,4026],[-42,-35]],[[6896,3991],[-37,-44],[-17,17],[-3,18],[-2,42]],[[6837,4024],[16,0],[4,13],[-10,31],[-13,15],[-6,11],[-4,33],[6,19],[15,-2],[15,-30],[34,-37]],[[4152,5535],[8,-18],[9,-5],[23,-49],[0,-39]],[[4192,5424],[-16,-2],[-38,-12],[-25,-11],[-11,-10],[-37,-41],[-29,-19]],[[4036,5329],[-8,26],[8,8],[-8,31],[-7,6],[-54,1],[-29,-11],[3,7],[-5,30],[8,11],[-26,-4]],[[3918,5434],[-9,14],[-4,21],[6,22],[-18,7],[-13,10],[-4,-7],[-19,-1],[-7,16],[12,10],[-8,37],[-17,-13],[1,13],[9,16],[-1,11],[17,10],[19,1],[15,8],[25,22],[13,5],[35,-1],[8,18]],[[3978,5653],[20,3],[9,-5],[3,-13],[29,16],[33,29],[8,2]],[[4080,5685],[8,-24],[-1,-14],[10,-17],[1,-24],[8,-11],[7,-16],[16,-8],[4,-17],[19,-19]],[[6656,4462],[-21,-36]],[[6635,4426],[-31,25],[-60,-99]],[[6484,4405],[22,36]],[[6566,4539],[39,-34],[51,-43]],[[6635,4426],[-19,-31],[3,-22],[14,23],[32,-28],[-18,-31],[16,-14],[12,17],[32,-29]],[[6707,4311],[-11,-11],[-8,2],[-22,-8],[3,-21],[-17,-14]],[[6652,4259],[-78,67]],[[6863,4419],[-5,-10],[-19,-17],[-10,-1],[-30,-43],[-19,-11],[-10,-2],[-17,-20],[-14,0],[-16,-5],[-16,1]],[[6656,4462],[30,-27],[38,62]],[[6724,4497],[12,-9],[-2,-16],[13,8],[8,-1],[6,-12],[18,-5],[18,5],[13,12],[6,-3],[-1,-22],[-9,-26],[5,-9],[26,-10],[24,14],[2,-4]],[[6756,4653],[1,-5],[-3,-52],[7,-41],[-17,-26]],[[6744,4529],[-20,-32]],[[6523,4677],[6,3],[15,36]],[[6544,4716],[26,-4],[-12,-31],[53,-17],[8,12],[14,-8],[45,-7],[7,-13],[29,-18],[42,23]],[[6768,3979],[2,-7],[-5,-25],[-1,-69]],[[6764,3878],[-7,6],[-85,2],[-53,-9]],[[6619,3877],[4,41],[2,64]],[[6625,3982],[67,13],[25,11],[11,2],[31,-9],[9,-20]],[[7045,3975],[10,-70]],[[7055,3905],[6,-10],[-5,-21],[-15,-17],[10,-19],[-6,-15],[-19,-29]],[[7026,3794],[-40,73],[1,7],[-13,46],[-9,44]],[[6965,3964],[-2,4]],[[6963,3968],[10,4],[52,15]],[[7025,3987],[4,-8],[16,-4]],[[7011,4061],[11,-45],[3,-29]],[[6963,3968],[-15,21],[-14,2],[-23,-18],[-15,18]],[[6938,4026],[18,20],[8,43],[17,34],[11,48],[6,9],[23,12]],[[7021,4192],[21,-10],[-11,-48],[-20,6],[-4,-17],[4,-24],[-14,-9],[4,-19],[8,4],[2,-14]],[[7026,3794],[9,-8],[16,-3],[5,-5],[0,-17],[25,-32]],[[7081,3729],[6,-13],[14,-15]],[[7101,3701],[5,-11],[-3,-26],[4,-1]],[[7107,3663],[2,-12],[-10,-30],[13,-5],[-8,-22],[4,-9],[-1,-25],[13,-18],[-2,-41]],[[7118,3501],[-8,1],[-15,35],[-47,-29],[-6,17],[-15,14],[-13,5],[-13,26],[-6,18],[0,39],[-12,44]],[[6983,3671],[5,20],[-6,42],[-19,29],[-36,28],[-37,-39],[10,-17],[-13,-11]],[[6887,3723],[-15,15],[-15,28],[-1,13],[7,34],[-15,47]],[[6848,3860],[-2,7],[31,13],[1,6],[19,18],[11,20],[17,21],[19,15],[21,4]],[[6757,3623],[-54,29],[-17,3]],[[6686,3655],[3,34],[4,3],[10,-10],[16,44],[32,-15],[17,-18],[22,-5],[39,-35],[4,-14],[-8,-23],[-10,-4],[-20,12],[-19,19],[-10,3],[-9,-23]],[[6983,3671],[-26,6],[-8,-6],[2,-16],[-17,0],[5,-16],[-18,2],[-20,-3]],[[6901,3638],[-8,33],[15,22],[-21,30]],[[7118,3501],[31,-11],[-32,-94]],[[7117,3396],[-11,-32]],[[7106,3364],[-52,24],[9,28],[-14,13],[-21,14],[-12,28]],[[7016,3471],[-16,24],[-39,76],[-35,37],[-23,15]],[[6903,3623],[-2,15]],[[7528,3122],[-41,-17],[-10,1],[-31,12],[-11,23],[-32,2],[-10,12],[-14,8],[-43,10],[-13,1],[-36,-35],[-24,25],[-23,-34],[-18,17]],[[7222,3147],[5,4],[42,59],[28,23],[19,4],[46,66]],[[7362,3303],[13,-14],[24,11],[32,-1],[-10,14],[0,21],[30,33]],[[7451,3367],[4,-7],[18,-7],[6,-8],[-9,-12],[-6,-16],[18,-11],[-5,-15],[6,-34],[8,-5],[36,3],[11,-8],[-9,-32],[27,-8],[1,-17],[-8,-11],[-9,-40],[-9,-6],[-3,-11]],[[6831,3183],[28,-46],[15,-29],[22,-33],[18,-11]],[[6914,3064],[21,-16]],[[6935,3048],[20,-23]],[[6955,3025],[-22,-31],[-18,-15]],[[6915,2979],[-40,-26],[-28,-7],[-3,-33],[10,-5],[-40,-13],[-62,-18]],[[6752,2877],[-17,14],[-3,15],[27,20],[6,19],[-4,11],[-25,12],[-3,7],[7,13],[-2,13],[-15,7],[-4,30],[7,39],[8,72],[-6,39]],[[6728,3188],[-3,61]],[[6725,3249],[49,-36],[35,-7],[15,-11],[7,-12]],[[7004,2983],[-5,-32],[11,-16],[-12,-7],[9,-18],[-21,-4],[-6,-5],[-7,-24],[-7,-34],[12,-8],[10,1]],[[6988,2836],[13,-33],[-3,-11],[-14,-14],[12,-23]],[[6996,2755],[-4,-5],[-44,2],[-6,-15],[-11,0],[-9,26],[-17,18]],[[6905,2781],[6,18],[19,69],[-6,18],[-13,6],[7,26],[19,39],[-1,16],[-21,6]],[[6955,3025],[31,-35],[18,-7]],[[7053,3000],[8,-32],[-1,-16],[-11,-23],[6,-23],[12,-22]],[[7067,2884],[-11,-12],[-27,-10],[-8,13],[-9,1],[-24,-40]],[[7004,2983],[13,0],[10,30],[26,-13]],[[6905,2781],[-1,-40],[-37,23],[-16,5],[-13,19]],[[6838,2788],[3,1],[-17,38],[-22,15],[-21,18],[-29,17]],[[6620,3520],[36,-22],[32,-21]],[[6688,3477],[9,-7]],[[6697,3470],[-8,-15],[-14,-7],[-4,-19],[10,-11],[-11,-8],[-33,-58],[-25,14],[-75,45]],[[6537,3411],[55,125]],[[6592,3536],[28,-16]],[[6732,3449],[-5,-11],[-8,-62],[-27,-15],[-22,-33],[16,-16],[-10,-25]],[[6676,3287],[-58,8],[-25,9],[-11,14],[-31,17],[-8,8]],[[6543,3343],[-23,28]],[[6520,3371],[17,40]],[[6697,3470],[35,-21]],[[6789,3414],[46,-27]],[[6835,3387],[-13,-24],[-20,-48],[2,-15],[-9,-5],[11,-21],[19,-18],[41,-43]],[[6866,3213],[-18,-25],[-17,-5]],[[6725,3249],[-22,19],[-27,19]],[[6732,3449],[57,-35]],[[6838,3385],[66,-38],[24,-26],[21,-36]],[[6949,3285],[11,-21]],[[6960,3264],[-37,-42],[-5,-27],[6,-30],[-7,-7]],[[6917,3158],[-20,24],[-31,31]],[[6835,3387],[3,-2]],[[6917,3158],[8,-14],[14,-11]],[[6939,3133],[-10,-17],[-15,-52]],[[6939,3133],[40,-5],[16,-10],[7,-14],[13,-48],[1,-22],[-7,-13],[-10,1],[-12,18],[-8,4],[-44,4]],[[6518,3735],[68,-52],[4,-2],[57,-4],[-1,-22],[28,0]],[[6674,3655],[0,-10],[-11,-25]],[[6663,3620],[-26,16],[-16,-33],[-51,30],[-21,5],[-18,9],[-11,13]],[[6520,3660],[9,13],[-10,5],[-12,34],[-25,48]],[[6482,3760],[36,-25]],[[6399,3655],[-31,-68],[-23,15],[-36,-70]],[[6309,3532],[-21,22],[-11,25],[-30,41],[0,5]],[[6247,3625],[0,6],[76,72]],[[6323,3703],[76,-48]],[[6458,3619],[-55,-152]],[[6403,3467],[-41,19]],[[6362,3486],[-17,14]],[[6345,3500],[-36,32]],[[6399,3655],[59,-36]],[[6520,3371],[-19,26],[-38,29]],[[6463,3426],[13,49],[17,33],[25,53],[7,18]],[[6525,3579],[67,-43]],[[6543,3343],[-8,-8],[-39,-1],[-2,-4]],[[6494,3330],[-16,-33],[-33,21]],[[6445,3318],[-58,38]],[[6387,3356],[41,95]],[[6428,3451],[35,-25]],[[6445,3318],[-17,-40],[-28,-58],[-13,-10],[-33,-15],[-6,-9],[3,-9]],[[6351,3177],[-19,-16]],[[6332,3161],[3,20],[-9,40],[-8,30]],[[6318,3251],[14,19],[20,13]],[[6352,3283],[5,6],[30,67]],[[6511,3276],[-42,-91],[-10,-4]],[[6459,3181],[-67,-29],[-23,16],[-9,-12],[-6,3],[-3,18]],[[6494,3330],[31,-21],[-14,-33]],[[6728,3188],[-113,-29],[-5,-13]],[[6610,3146],[-10,-4],[-21,-1],[0,14],[-5,36],[-15,41],[-19,25],[-29,19]],[[6283,3321],[12,-15],[9,14],[10,-13],[38,-24]],[[6318,3251],[-73,0]],[[6198,3385],[13,17]],[[6211,3402],[30,-31],[42,-50]],[[6147,3146],[-49,32]],[[6098,3178],[5,11],[12,6],[14,12],[22,-1],[11,3],[8,11],[-6,16],[-24,4],[-12,12],[13,17]],[[6245,3251],[-4,-56],[-3,-9]],[[6238,3186],[-15,-34],[-24,-46],[-20,17],[-12,3]],[[6167,3126],[0,3],[-20,17]],[[6610,3146],[34,-70],[-13,1]],[[6631,3077],[-15,4],[-30,18],[-35,25]],[[6551,3124],[-19,9],[-73,48]],[[6403,3467],[25,-16]],[[6283,3321],[25,31],[-19,21],[40,54],[16,25],[17,34]],[[6345,3500],[-26,-39],[-8,9],[-24,-34],[-28,30],[-25,-33]],[[6234,3433],[-26,27],[-6,30],[3,3]],[[6205,3493],[10,14],[2,108]],[[6217,3615],[24,3],[6,7]],[[6211,3402],[23,31]],[[6205,3493],[-9,18],[-22,-30],[-5,-10],[-27,12],[-33,-4]],[[6109,3479],[-25,50],[-10,15]],[[6074,3544],[38,52]],[[6112,3596],[24,17],[14,16],[13,7],[22,1],[18,-6],[14,-16]],[[6152,3367],[-22,26],[0,31],[-11,37],[-10,18]],[[6098,3178],[-33,19],[-7,-1],[-14,12],[11,12],[23,39],[1,19],[8,17],[7,-8],[19,27]],[[6332,3161],[-17,-43]],[[6315,3118],[-6,31],[-13,-4],[-58,41]],[[6315,3118],[-41,-5],[-18,-11],[-5,-29],[-11,-44],[-32,-19]],[[6208,3010],[-8,9]],[[6200,3019],[-13,34],[-12,19],[-9,22],[1,32]],[[6411,3086],[-15,-2],[-14,-8],[-4,-7],[34,-24],[24,-8],[28,-2],[13,-9],[18,-5]],[[6495,3021],[-6,-37],[5,-1],[-1,-22]],[[6493,2961],[-23,11],[-45,1],[-11,2],[4,31],[-11,-3],[-11,5],[-31,-8],[-26,8],[-11,-1],[-18,-17],[16,-8],[-3,-14],[7,-6],[-6,-21],[-39,19],[-52,20],[-25,30]],[[6459,3181],[-1,-33],[-55,-23],[-2,-12],[11,-6],[-1,-21]],[[6551,3124],[-8,-32]],[[6543,3092],[-26,16],[-12,-24],[-15,-8],[-79,10]],[[6543,3092],[-9,-22],[-15,-4],[-10,-19],[-6,-19],[-8,-7]],[[6139,4735],[-6,-10],[-25,-8],[-9,-19],[-7,-4],[-11,-38]],[[6081,4656],[-13,-42]],[[6068,4614],[-1,-4]],[[6067,4610],[-16,5],[-93,19]],[[5958,4634],[14,90],[4,34]],[[5976,4758],[39,-7]],[[6015,4751],[38,-7],[24,-2]],[[6077,4742],[12,0],[6,13],[23,21]],[[6118,4776],[4,-13],[17,-20],[0,-8]],[[6208,3010],[-9,-13],[9,-23],[40,-35],[4,-9],[-7,-11],[-21,-3],[1,-19],[18,-31],[34,-32],[4,-13],[-3,-14]],[[6278,2807],[-1,-20],[3,-69],[-13,-69],[-5,-5],[-11,3]],[[6251,2647],[4,12],[-4,21],[-18,27],[-17,13],[-27,9],[-13,14],[-16,4],[-43,2],[-13,3],[-19,17],[-20,6],[-25,13]],[[6040,2788],[3,15],[-6,21]],[[6037,2824],[25,-7],[10,10],[5,20],[0,23],[-4,4],[-25,11],[-14,19],[5,29],[11,11],[27,20],[27,9],[6,-9],[-2,-16],[6,-17],[12,8],[23,1],[16,7],[20,-4],[5,60],[10,16]],[[6251,2647],[-13,6],[-11,-6],[-9,-16],[1,-14]],[[6219,2617],[-5,-42],[-14,-37],[-42,-16],[-11,-14],[-3,-11],[3,-18],[5,-8],[15,-9],[15,4],[38,27],[18,5],[15,-8],[37,-85],[31,-78],[36,-72],[3,-14],[-4,-18],[-14,-12]],[[6342,2211],[-11,-2],[-27,8],[-75,19]],[[6229,2236],[-83,21],[-37,15],[-13,8]],[[6096,2280],[-27,31],[-8,23],[3,40],[-11,18],[-18,1],[-24,-1],[-18,10],[-6,17],[-1,38],[-11,31],[-1,13],[5,13],[27,20],[11,20],[17,121],[-2,27],[-6,29]],[[6026,2731],[-1,19],[5,21],[10,17]],[[6374,3863],[31,-18],[20,-26]],[[6425,3819],[-71,-81],[-6,3],[-25,-38]],[[6323,3703],[-77,47]],[[6246,3750],[59,125],[5,13]],[[6310,3888],[3,6]],[[6313,3894],[13,-14],[15,-5],[0,-7],[22,6],[11,-11]],[[6363,4052],[20,-20]],[[6383,4032],[-70,-138]],[[6310,3888],[-7,12],[-24,16],[-22,-4]],[[6257,3912],[17,36],[-31,19],[20,43],[35,68]],[[6298,4078],[31,-27],[16,-7],[18,8]],[[6246,3750],[-107,64]],[[6139,3814],[47,118],[45,-33],[17,6],[9,7]],[[6397,4176],[-21,-37],[-37,-62],[24,-25]],[[6298,4078],[-33,27]],[[6265,4105],[28,49],[43,75]],[[6443,4137],[14,-12],[-23,-39],[37,-30],[0,-17],[6,-17],[-2,-13]],[[6475,4009],[-24,5]],[[6451,4014],[-39,9],[-29,9]],[[5287,4167],[-35,8],[-31,0],[-47,-14],[-18,-1],[-18,5],[-19,13]],[[5119,4178],[22,37],[19,67],[12,37],[50,-32],[6,-1]],[[5228,4286],[39,-21],[-6,-26],[43,-25],[-17,-47]],[[5287,4167],[-22,-60],[-7,-42],[-1,-61],[-3,-49]],[[5254,3955],[-41,5]],[[5213,3960],[-102,14],[-35,6]],[[5076,3980],[-58,8]],[[5018,3988],[4,33],[37,166]],[[5059,4187],[39,0],[21,-9]],[[5254,3955],[76,-12],[24,-9]],[[5354,3934],[-113,-134],[-7,-8]],[[5234,3792],[-13,14],[-21,-26],[-70,76]],[[5130,3856],[43,-15],[26,-11],[14,130]],[[5130,3856],[-6,4],[-62,23]],[[5062,3883],[-1,12],[15,85]],[[5234,3792],[-58,-70]],[[5176,3722],[-41,-49]],[[5135,3673],[-9,6],[-68,24],[-26,27],[-28,14]],[[5004,3744],[28,70],[23,51]],[[5055,3865],[7,18]],[[4337,3704],[27,-8]],[[4364,3696],[-6,-42],[41,-14],[-2,-48]],[[4397,3592],[-74,23]],[[4323,3615],[-33,11],[-3,-6],[-37,8],[-4,-24],[-41,10]],[[4205,3614],[8,52],[6,20],[9,16],[21,27]],[[4249,3729],[88,-25]],[[5213,3549],[-21,-29],[-10,-6],[-42,-2],[-19,-7],[-11,-24]],[[5110,3481],[-36,-1]],[[5074,3480],[-45,-2],[-57,1]],[[4972,3479],[150,179]],[[5122,3658],[63,-77],[28,-32]],[[5259,3631],[-20,-32],[-26,-50]],[[5122,3658],[13,15]],[[5176,3722],[56,-66],[20,25],[3,-46],[4,-4]],[[4972,3479],[-15,14],[-25,31],[-55,72]],[[4877,3596],[9,8],[-2,34],[7,38],[11,24],[19,23],[19,14]],[[4940,3737],[18,8],[30,3],[16,-4]],[[5055,3865],[-42,13],[-38,3],[-29,-4]],[[4946,3877],[12,119]],[[4958,3996],[60,-8]],[[4863,2515],[-21,-136]],[[4842,2379],[-50,11]],[[4792,2390],[8,46],[-43,9],[6,49]],[[4763,2494],[7,41]],[[4940,3737],[-23,63]],[[4917,3800],[37,13],[-8,56],[0,8]],[[4914,4002],[44,-6]],[[4917,3800],[-21,56],[-30,-13]],[[4866,3843],[-6,61],[10,105]],[[4870,4009],[44,-7]],[[4866,3843],[4,-40],[-27,-31],[-16,-27],[20,-25],[-20,-57]],[[4827,3663],[-39,51]],[[4788,3714],[-19,27]],[[4769,3741],[34,36],[-1,13],[-11,27],[9,24],[8,63]],[[4808,3904],[12,111]],[[4820,4015],[50,-6]],[[4877,3596],[-20,29]],[[4857,3625],[-30,38]],[[4704,3920],[29,-4],[75,-12]],[[4769,3741],[-97,125],[-40,54]],[[4632,3920],[15,7],[12,0],[45,-7]],[[4769,3741],[-35,-35]],[[4734,3706],[-65,91],[-21,-23],[-80,19]],[[4568,3793],[4,27],[10,35],[8,14],[42,51]],[[4734,3706],[-21,-15],[-35,-12],[-14,-1],[-29,8],[-28,21],[-1,-59]],[[4606,3648],[-43,2],[-7,5]],[[4556,3655],[0,18],[8,80]],[[4564,3753],[4,40]],[[4788,3714],[-28,-30],[-89,-91],[2,-39]],[[4673,3554],[1,-9],[-66,3]],[[4608,3548],[-2,100]],[[4857,3625],[-45,-47],[-68,-75],[-10,-9]],[[4734,3494],[-27,-1],[-4,20],[-30,41]],[[4972,3479],[-18,-6],[-160,-6],[-1,29],[-59,-2]],[[4972,3479],[-31,-40]],[[4941,3439],[-38,-2]],[[4903,3437],[-93,-5],[-20,-5]],[[4790,3427],[0,9],[-179,-9]],[[4611,3427],[-3,121]],[[4790,3427],[-21,-19],[-39,-67]],[[4730,3341],[-36,-63]],[[4694,3278],[-6,69],[-76,-4]],[[4612,3343],[-1,57]],[[4611,3400],[0,27]],[[4694,3278],[-35,-62]],[[4659,3216],[-13,-23],[-12,-11],[-19,-4]],[[4615,3178],[-1,63],[-2,74]],[[4612,3315],[0,28]],[[4368,3376],[-54,-26],[5,-76]],[[4319,3274],[1,-36],[-10,-7],[0,-7]],[[4310,3224],[-23,-15],[-7,-7],[-9,-24]],[[4271,3178],[-7,17]],[[4264,3195],[9,39],[13,45],[2,16]],[[4288,3295],[-2,28],[-7,17],[-21,22],[-32,21]],[[4226,3383],[20,3],[93,4]],[[4339,3390],[28,1]],[[4367,3391],[1,-15]],[[4612,3315],[-28,4],[0,-20],[-62,-3],[0,-24],[-25,0]],[[4497,3272],[-2,35],[-52,-3],[1,-23],[-27,-1]],[[4417,3280],[0,20],[-7,18],[-42,58]],[[4367,3391],[179,7]],[[4546,3398],[65,2]],[[4615,3178],[-15,-3],[-52,-19],[-19,0],[-8,7],[-24,32]],[[4497,3195],[0,77]],[[4417,3280],[-98,-6]],[[4445,3207],[-49,-3],[-59,17],[-27,3]],[[4417,3280],[2,-65],[25,2],[1,-10]],[[4497,3195],[-17,12]],[[4480,3207],[-35,0]],[[4546,3398],[-12,45],[-4,1],[-4,74]],[[4526,3518],[4,78],[2,53]],[[4532,3649],[24,6]],[[4507,4050],[38,-17]],[[4545,4033],[-2,-19],[-19,-12],[25,-64],[-21,-14],[-6,1],[-8,16],[-21,-14],[-9,-21],[-1,-27],[-3,-6],[-28,2],[-20,-2]],[[4432,3873],[6,123]],[[4438,3996],[4,61]],[[4442,4057],[42,-2],[23,-5]],[[4672,4033],[13,0],[56,-7]],[[4741,4026],[-8,-81],[-26,4],[-3,-29]],[[4632,3920],[-28,38],[4,46],[32,-4],[3,34]],[[4643,4034],[29,-1]],[[4769,4023],[51,-8]],[[4741,4026],[28,-3]],[[5195,4598],[-51,-110]],[[5144,4488],[-39,23],[7,18],[-27,15],[14,36],[-60,34]],[[5039,4614],[24,43]],[[5063,4657],[31,47],[17,22],[-11,20],[-27,33],[20,36]],[[5102,4845],[12,-43],[8,-20],[27,-45],[60,-72]],[[4564,3753],[-28,7],[-110,21]],[[4426,3781],[3,45]],[[4429,3826],[3,47]],[[4545,4033],[16,-2],[82,3]],[[4532,3649],[-4,1],[-107,31]],[[4421,3681],[5,100]],[[4821,4511],[-38,23],[-37,-89]],[[4746,4445],[-25,6]],[[4721,4451],[1,6],[-85,23]],[[4637,4480],[19,104]],[[4656,4584],[59,-15],[48,-27],[34,79],[19,-11]],[[4816,4610],[21,-12],[-21,-54],[14,-8],[-9,-25]],[[5063,4657],[-45,39],[-67,50],[-55,40],[-31,23],[-29,-76]],[[4836,4733],[-87,50],[34,86]],[[4783,4869],[14,-7],[4,4],[18,43],[-3,2],[40,65],[43,-39],[6,10],[-13,22],[10,16],[12,-2]],[[4783,4869],[-16,7],[-54,14]],[[4713,4890],[7,36]],[[4720,4926],[12,70],[16,82],[8,21]],[[4756,5099],[21,27],[23,24]],[[5039,4614],[-23,-53],[-44,24],[-9,-27]],[[4963,4558],[-136,79]],[[4827,4637],[9,26],[-22,13],[22,57]],[[4914,4002],[9,93],[5,19],[37,47],[-7,-1],[-27,10],[-42,20],[3,33]],[[4892,4223],[5,-5],[32,-16],[48,-17],[82,2]],[[4523,4312],[67,-55]],[[4590,4257],[-4,-6]],[[4586,4251],[-30,-15],[-76,-34],[-11,-6],[-48,-18],[12,24],[10,12],[-1,8],[-24,80]],[[4418,4302],[28,32]],[[4446,4334],[29,-36],[20,27],[28,-13]],[[4720,4926],[-57,16],[11,33],[-85,24],[-7,8]],[[4582,5007],[14,32],[7,30],[-3,32],[-10,23],[36,16],[17,10],[8,-3],[9,-14],[10,9],[34,0],[0,8],[32,8],[3,-4],[17,-55]],[[4548,4934],[-10,-21],[-8,-3],[-30,-27],[-16,21]],[[4484,4904],[-13,16],[-26,8],[-6,16],[4,16],[19,18],[1,16],[-7,22]],[[4456,5016],[-3,12],[2,15],[27,-10],[6,5],[-1,13]],[[4487,5051],[26,-6],[5,-8],[0,-37],[2,-9],[12,3],[2,26],[16,18],[-7,24]],[[4543,5062],[12,-4],[10,-15],[6,-37],[7,-18],[17,-21],[-20,-26],[-16,9],[-14,0],[3,-16]],[[4557,5069],[9,-8],[7,-16],[9,-38]],[[4713,4890],[-6,-34]],[[4707,4856],[-91,-2]],[[4616,4854],[-2,19],[-16,7],[-33,23],[-13,5],[-4,26]],[[4543,5062],[14,7]],[[4348,4065],[-25,6],[-30,10],[-20,10]],[[4273,4091],[-27,22]],[[4246,4113],[-2,1]],[[4244,4114],[17,26],[37,21],[46,21],[32,58]],[[4376,4240],[14,-46],[-21,-38],[-21,-91]],[[3746,4152],[-6,-4],[-3,-40]],[[3737,4108],[-13,-16],[-83,-39]],[[3641,4053],[-16,-8]],[[3625,4045],[-12,42],[33,14],[-13,43],[26,13],[9,1],[13,-38],[13,6],[1,13],[-8,-1],[-2,11],[10,0],[1,21],[18,12]],[[3714,4182],[10,-18],[14,7],[8,-19]],[[4198,4162],[18,-17]],[[4216,4145],[28,-31]],[[4246,4113],[-16,-17],[-56,-53]],[[4174,4043],[-43,64],[-23,-23],[-21,31]],[[4087,4115],[3,4],[-27,35],[10,24]],[[4073,4178],[23,54]],[[4096,4232],[17,-10],[70,-47],[15,-13]],[[4174,4043],[-24,-22]],[[4150,4021],[-48,-48]],[[4102,3973],[-36,25],[-51,39]],[[4015,4037],[57,60],[15,18]],[[4102,3973],[-56,-78]],[[4046,3895],[-60,61]],[[3986,3956],[-24,24],[28,31]],[[3990,4011],[25,26]],[[3910,3760],[-59,-13]],[[3851,3747],[-58,-18],[-20,-13],[-21,-8],[-27,15],[-35,13],[7,28]],[[3697,3764],[39,-11],[34,9],[19,12],[25,26],[17,28]],[[3831,3828],[30,-41],[15,16],[34,-43]],[[3904,3884],[39,-55],[-15,-17],[25,-33]],[[3953,3779],[-43,-19]],[[3831,3828],[19,31],[22,25],[-20,27],[-8,19]],[[3844,3930],[1,24],[4,13],[10,16]],[[3859,3983],[2,2]],[[3861,3985],[46,-63],[-17,-19],[14,-19]],[[3986,3956],[-13,-19],[-10,10],[-59,-63]],[[3861,3985],[9,7],[59,63],[61,-44]],[[4046,3895],[-29,-40],[-22,-52]],[[3995,3803],[-42,-24]],[[4348,4065],[94,-8]],[[4438,3996],[-52,-44],[-16,-1],[-19,5],[-36,2]],[[4315,3958],[-23,4],[-22,22]],[[4270,3984],[13,47],[-29,22],[19,38]],[[4270,3984],[-30,-40],[-28,-21],[-35,-9],[-8,-15],[-2,-16]],[[4167,3883],[-31,40],[49,47],[-35,51]],[[4167,3883],[-6,-16],[-29,-39]],[[4132,3828],[-22,-14],[-63,8],[-18,-2],[-34,-17]],[[4429,3826],[-66,5],[-2,-3],[-41,19],[5,26],[-24,7]],[[4301,3880],[14,78]],[[4421,3681],[-57,15]],[[4337,3704],[7,47],[-47,21],[8,27],[-23,9]],[[4282,3808],[19,72]],[[4282,3808],[-61,26],[-9,-25],[-47,22],[-24,-17]],[[4141,3814],[-9,14]],[[4249,3729],[-25,6],[-27,-4],[-39,59]],[[4158,3790],[-17,24]],[[4158,3790],[-19,-24],[-17,-52],[-12,-50],[-3,-36]],[[4107,3628],[-8,4],[-67,11],[-18,0],[-8,7],[35,126],[-28,5],[-43,-26],[-17,24]],[[4205,3614],[-75,10],[-23,4]],[[4264,3195],[-14,17],[-32,11],[-18,2],[-31,0],[-28,6],[-20,10]],[[4121,3241],[0,26],[5,20],[31,-2],[9,38],[68,-13],[-2,-13],[56,-2]],[[5304,1726],[-11,-35]],[[5293,1691],[-10,-27],[-5,-5],[-13,4],[-12,-49]],[[5253,1614],[-75,37]],[[5178,1651],[40,118]],[[5218,1769],[86,-43]],[[3626,4430],[-4,2]],[[3622,4432],[-6,13],[10,21],[-5,6],[-13,-7],[-15,25],[-1,10],[-11,9],[-3,20],[-7,5],[9,20],[-15,9],[5,10],[13,0],[18,-14],[7,-20],[8,-7],[-7,-15],[15,-8],[28,10],[8,8],[0,9],[16,6],[-4,-27],[3,-7],[-15,-7],[-15,0],[-1,-10],[-18,-61]],[[4246,4518],[-16,-25],[-63,-30],[1,-15]],[[4168,4448],[-23,-3]],[[4145,4445],[-58,-8],[-28,8]],[[4059,4445],[6,13]],[[4065,4458],[31,-11],[21,5],[18,13],[44,56]],[[4179,4521],[21,31],[32,37],[10,15]],[[4242,4604],[13,-7],[10,-36],[-19,-43]],[[4330,4560],[-43,-22],[5,-16],[-22,-11],[-15,-12],[-9,19]],[[4242,4604],[13,26],[9,25],[14,8]],[[4278,4663],[16,6],[26,3]],[[4320,4672],[1,-47],[-6,-15],[2,-11],[13,-39]],[[4748,2663],[-13,-47],[-41,2],[-2,-8],[-15,-1],[-47,4]],[[4630,2613],[22,103]],[[4652,2716],[54,-16],[-6,-33],[32,-5],[16,1]],[[4004,4929],[10,-15],[-23,-30],[-5,-14],[-12,-18]],[[3974,4852],[-22,-12],[19,35],[-15,-4],[-5,4],[-2,22],[-11,23],[-6,27],[6,4]],[[3938,4951],[11,2],[5,-22],[8,-4],[34,4],[8,-2]],[[3877,4238],[-6,-10],[-20,-8],[-17,-2]],[[3834,4218],[-29,-4],[-20,-10],[-24,-35]],[[3761,4169],[-15,-17]],[[3714,4182],[23,24],[12,25],[18,9],[32,20],[22,-5],[14,1],[7,6]],[[3842,4262],[35,-24]],[[3767,4640],[8,-4],[-2,-23],[8,-10],[17,24],[22,-1],[5,-5]],[[3825,4621],[22,-35],[17,-35],[-21,3],[-2,-19]],[[3841,4535],[-13,0],[-36,-16]],[[3792,4519],[-22,-4],[-9,-8]],[[3761,4507],[-7,23],[-21,29],[-3,17],[2,14]],[[3732,4590],[4,54],[31,-4]],[[3667,4659],[8,-18]],[[3675,4641],[-10,-13],[21,-12],[-3,-11],[-7,0],[-13,-14],[-3,11],[-14,1],[0,-11],[-10,-3],[-11,-12],[-9,0],[-2,24],[-36,13],[-25,31],[-11,19]],[[3542,4664],[4,14],[-3,19],[8,9],[3,12],[10,8],[17,8],[15,-3],[9,-9],[-2,-13],[12,-9],[-3,-12],[10,-20],[45,-9]],[[3697,3866],[-3,-27],[-12,-8],[-19,-3],[-17,-34]],[[3646,3794],[-26,34],[-8,16],[-22,15]],[[3590,3859],[-35,5],[-14,-3]],[[3541,3861],[-2,32]],[[3539,3893],[31,2]],[[3570,3895],[21,-5]],[[3591,3890],[14,-3],[20,22],[22,34],[13,27]],[[3660,3970],[7,-11],[1,-28],[24,-33],[-9,-10],[14,-22]],[[3353,4635],[3,-17],[16,0],[-1,-31],[21,-21],[4,-16],[15,-28],[19,-20],[5,-12],[18,-1],[16,-5],[6,-14],[17,-16],[-5,-19],[13,-18],[19,-8],[29,15],[-4,19],[-18,36],[14,25],[11,3],[-8,27],[3,5]],[[3546,4539],[5,-10],[14,-10],[21,-51],[10,-26],[26,-10]],[[3626,4430],[27,-12]],[[3653,4418],[-18,-62]],[[3635,4356],[-19,-3]],[[3616,4353],[-27,-15],[-25,-3],[-45,19],[-12,-5],[-10,8],[-15,5],[-5,14],[-11,8],[-17,18],[-23,12],[-17,-3],[-8,8],[-22,0]],[[3379,4419],[-3,10],[-25,14],[-2,8],[14,10],[-10,40],[-16,51],[-23,27],[8,8],[28,7],[-7,18],[-29,28]],[[3314,4640],[-8,32],[15,53],[6,8]],[[3327,4733],[11,10],[-5,-20],[-9,-12],[17,-30],[2,-28],[7,-4],[3,-14]],[[3822,4403],[-26,6],[-34,-8],[-15,-6],[-13,-16],[-20,-13],[-21,-22],[-27,3],[-31,9]],[[3653,4418],[14,-4],[29,-1],[36,19],[-8,18],[14,14],[22,-18],[2,16],[-1,45]],[[3792,4519],[-2,-17],[15,-26],[-4,-45],[21,-4],[0,-24]],[[3841,4535],[44,-4]],[[3885,4531],[0,-17],[23,-1],[58,-15],[-4,-11]],[[3962,4487],[-18,-30],[-23,16],[-25,-49],[-18,5],[-8,-15]],[[3870,4414],[-34,-13],[-14,2]],[[4059,4445],[-53,-104]],[[4006,4341],[-26,18],[-5,-9],[-26,19]],[[3949,4369],[-37,23],[-31,21],[-11,1]],[[3962,4487],[68,-30],[3,40]],[[4033,4497],[5,-6],[0,-18],[27,-15]],[[3822,4403],[5,-15],[-39,-4],[1,-53],[-23,-4],[1,-30],[-28,-5],[-9,-30]],[[3730,4262],[-76,-1],[-23,1],[-5,-7]],[[3626,4255],[-5,21],[-10,28],[8,25],[1,15],[-4,9]],[[3870,4414],[-18,-45],[-8,-6],[3,-32],[-4,-17],[2,-23],[-10,-26]],[[3835,4265],[-25,7],[-15,1],[-23,-10],[-12,-2],[-30,1]],[[3949,4369],[-23,-26],[44,-32]],[[3970,4311],[-52,-40],[-31,-28],[-10,-5]],[[3842,4262],[-7,3]],[[3722,3977],[-22,-41],[2,-24],[12,-8],[0,-11],[-17,-27]],[[3660,3970],[5,6],[-24,77]],[[3737,4108],[-6,-40],[9,-61],[-5,-18],[-13,-12]],[[3379,4419],[-9,2],[-14,-13],[-33,8],[-6,8],[-32,-17],[-13,-3]],[[3272,4404],[-26,11],[-13,-14],[-14,2],[1,14],[-12,16],[-20,6],[-9,-1],[-10,12],[5,21],[-1,25],[-8,11],[2,6],[14,-12],[20,-3],[11,4],[10,-5],[32,47],[3,14],[-1,18],[10,22],[19,21],[19,-13],[10,-2],[6,15],[-6,21]],[[3844,3930],[-9,11],[-48,36]],[[3787,3977],[4,9],[1,35],[-1,26],[40,1]],[[3831,4048],[41,0],[0,-25],[-4,0],[-11,-31],[2,-9]],[[3438,4141],[-3,-9],[-13,-1],[-2,-26],[24,-21],[-14,-8],[-8,-27],[4,-8],[-22,-15],[10,-7],[-9,-15],[-5,-31]],[[3400,3973],[1,-44]],[[3401,3929],[-14,-2],[-18,3],[-11,-3],[-21,3]],[[3337,3930],[10,13],[5,19],[-15,12],[-14,1],[11,20],[3,12],[7,-6],[6,31],[-2,9],[21,11],[7,28],[14,20],[2,16],[6,9],[2,17],[13,41],[13,9]],[[3426,4192],[14,-24],[4,-13],[-6,-14]],[[3567,4112],[-41,-19],[-48,-30],[-17,-28],[-2,-16],[-9,-18],[-3,-25],[-5,-12],[-19,-14],[-2,9],[-16,2],[-5,12]],[[3438,4141],[9,-23],[56,15],[25,10],[11,-4],[28,-27]],[[3574,4096],[-15,-10],[-18,-6],[-27,-29],[-20,-23],[-2,-11],[-13,-9],[-6,-22],[-10,-12],[10,-15]],[[3473,3959],[7,-4],[2,-20],[13,13],[10,-8],[2,-16],[-9,-21],[8,-8]],[[3506,3895],[2,-7],[-17,2],[-7,10],[-14,6],[-4,-4],[-19,12],[-25,-3],[-21,18]],[[3567,4112],[7,-16]],[[3595,4056],[-27,-14],[-20,-30],[-2,-8],[13,-13],[-11,2],[-6,-9],[-8,1]],[[3534,3985],[-4,15],[-13,1],[-6,-7],[-26,-12],[-12,-23]],[[3574,4096],[7,-15],[13,2],[-7,-12],[8,-15]],[[3607,4036],[-10,-10],[-9,-19],[-8,4],[0,-14],[-8,-19],[1,-21],[-6,-19],[3,-43]],[[3539,3893],[-9,2]],[[3530,3895],[4,25],[-1,14],[7,35],[-6,16]],[[3595,4056],[12,-20]],[[3530,3895],[-24,0]],[[3607,4036],[18,9]],[[3625,4045],[2,-27],[-8,-33],[-2,-22],[-11,-9],[-9,-19],[6,-15],[-7,-1],[-5,-29]],[[3135,3831],[-27,-13],[-21,5],[-30,-1],[-8,-10],[-3,-17],[-9,-6],[-25,4],[-2,8],[-11,-2],[-2,10],[-9,2],[-4,8],[7,23],[17,14]],[[3008,3856],[11,2],[40,29],[8,13],[16,-4],[11,5],[-4,-12],[-19,-21],[-4,-13],[17,4],[46,-7],[-1,-12],[6,-9]],[[4073,4178],[-35,20],[-7,-11],[-24,-18],[-17,-18],[-12,-8],[-7,-27],[-16,-34]],[[3955,4082],[-42,32],[-18,15],[-26,33],[-14,14]],[[3855,4176],[-20,4],[-1,38]],[[3970,4311],[17,-6],[27,-17],[33,-18],[49,-38]],[[3955,4082],[60,-45]],[[3831,4048],[0,20],[37,1],[0,22],[5,16],[-18,27]],[[3855,4134],[0,42]],[[3855,4134],[-67,1],[-10,-12],[-16,-3],[-10,9],[0,13],[9,27]],[[3646,3794],[51,-30]],[[3851,3747],[-1,-97],[-5,-99]],[[3845,3551],[-12,14],[-14,5],[-9,-6],[-56,18],[-17,-4],[-35,19],[-9,2],[-5,-11],[-13,-1],[-19,-35],[-22,-10],[-16,10],[-4,9],[-19,16],[-14,50],[-9,-9],[-3,10],[-13,20],[13,31],[14,7],[-10,9],[-13,1],[9,16],[-16,19],[-11,29],[-14,-9],[-3,10],[17,15],[10,3],[4,20],[-8,19]],[[3548,3818],[16,9],[11,19],[15,13]],[[5847,2877],[8,-39],[0,-101]],[[5855,2737],[0,-88]],[[5855,2649],[-7,-1],[-74,51],[-9,3]],[[5765,2702],[-4,36],[-45,31],[-5,1]],[[5711,2770],[2,23],[7,25],[9,17],[60,93]],[[5789,2928],[58,-51]],[[5711,2770],[-103,12]],[[5608,2782],[2,27],[13,-7],[112,173]],[[5735,2975],[54,-47]],[[5765,2702],[-13,-166],[-10,-85],[-4,-113],[-7,-28],[-11,-16],[-33,-42]],[[5687,2252],[-47,-23],[-20,-6],[-61,9],[-53,10],[-21,7]],[[5485,2249],[9,77]],[[5494,2326],[21,172],[31,261]],[[5546,2759],[3,33]],[[5549,2792],[59,-10]],[[6096,2280],[12,-44],[-34,4],[-14,-23],[-27,-5],[-41,0],[-22,-6],[-10,-18],[-11,-2]],[[5949,2186],[-40,9]],[[5909,2195],[6,31],[24,1],[12,41],[4,23],[-6,36],[-8,0],[-38,20],[-14,13],[-11,20],[-8,45],[-12,13],[-22,4]],[[5836,2442],[4,21],[5,47],[2,60],[8,79]],[[5855,2737],[22,-7],[23,51],[15,1],[40,-13],[5,-6],[3,-24],[11,-9],[32,-6],[20,7]],[[6441,1671],[-2,-17],[-29,-85],[-3,-30],[7,-30],[18,-40],[2,-13],[-4,-22],[-32,-53]],[[6398,1381],[-20,-34]],[[6378,1347],[-19,27],[-14,52],[-7,7],[-45,28],[-30,41]],[[6263,1502],[12,21],[6,31],[15,17],[1,34],[-23,34],[2,27]],[[6276,1666],[10,3],[8,25],[33,-11],[14,0],[22,5],[41,1],[16,-16],[21,-2]],[[5943,2124],[-17,-42],[16,-12],[43,11],[35,16],[20,-1],[25,15]],[[6065,2111],[-6,-33]],[[6059,2078],[-20,-14],[-2,-6]],[[6037,2058],[-41,-28],[-19,6],[-32,-13],[-14,18]],[[5931,2041],[-19,-1],[-17,-7],[-39,10],[2,9],[-41,11]],[[5817,2063],[3,17],[2,51]],[[5822,2131],[20,5],[34,1],[27,-8],[29,-2],[11,-3]],[[6289,2032],[9,-53],[-3,-31],[-10,-25]],[[6285,1923],[-22,1],[-55,-7],[-84,-4],[-35,-3],[-33,-10],[-11,0]],[[6045,1900],[-53,21]],[[5992,1921],[40,121],[5,16]],[[6059,2078],[11,-9],[51,-12],[17,1],[27,11],[8,-6],[7,-34],[6,-8],[23,-4],[19,2],[16,10],[21,19],[-4,30],[18,20]],[[6279,2098],[10,-66]],[[6285,1923],[-3,-25],[4,-25]],[[6286,1873],[-20,-3],[-5,-6],[-24,-5],[-44,1],[-24,-8],[-13,2],[-40,-14],[-17,16],[-17,0]],[[6082,1856],[-15,32],[-22,12]],[[6446,2075],[43,-36],[6,-11],[0,-16],[-6,-18],[-11,-17]],[[6478,1977],[-8,-14],[-4,-18],[1,-69]],[[6467,1876],[-53,28],[-14,4],[-31,-6],[-18,4],[-25,14],[-41,3]],[[6289,2032],[15,-5],[7,9],[-1,34],[-10,17],[0,8],[12,7],[29,-17],[-4,-34],[73,-12],[4,2],[32,34]],[[6263,1502],[-1,-10],[8,-16],[4,-28],[-8,-18],[9,-19],[-14,-3],[-19,8],[-14,23],[-29,12],[-40,11]],[[6159,1462],[-65,14],[-38,13]],[[6056,1489],[32,18],[47,-1]],[[6135,1506],[12,8],[24,51],[5,16],[0,36],[7,35],[13,44]],[[6196,1696],[2,12]],[[6198,1708],[24,-5],[0,-18],[-20,-12],[-1,-10],[7,-9],[14,-1],[9,6],[15,17],[11,4],[11,-4],[8,-10]],[[5555,2146],[-24,-289]],[[5531,1857],[-15,-186]],[[5516,1671],[-4,-50]],[[5512,1621],[-94,49]],[[5418,1670],[5,46]],[[5423,1716],[4,41],[21,171]],[[5448,1928],[18,148],[9,90]],[[5475,2166],[51,-12],[29,-8]],[[6467,1876],[2,-58],[-4,-17],[-13,-23],[-5,-16],[-6,-91]],[[6198,1708],[4,29],[18,29],[36,30],[18,17],[3,23],[9,19],[0,18]],[[5317,1762],[-13,-36]],[[5218,1769],[-86,42]],[[5132,1811],[13,35]],[[5145,1846],[172,-84]],[[6159,1462],[-8,-18],[11,-12],[-8,-15],[3,-8],[-11,-54],[-49,19],[-23,-59],[29,-23],[27,-11],[-19,-44],[-18,-49],[-5,-7]],[[6088,1181],[-15,20],[-82,58]],[[5991,1259],[-1,5]],[[5990,1264],[16,34],[9,31],[3,58],[3,14],[35,88]],[[6088,1181],[6,-13],[25,-17],[24,-7],[59,-35],[29,-21],[30,-19]],[[6261,1069],[-24,-37],[-11,-34]],[[6226,998],[-7,-29]],[[6219,969],[-18,14],[-10,3],[-38,-6],[-16,-22],[-27,-3],[-13,-5],[-23,-2],[-29,17],[-9,-8]],[[6036,957],[-8,19],[-26,42],[-7,7],[-57,22]],[[5938,1047],[41,113]],[[5979,1160],[8,38],[4,61]],[[6490,1014],[7,-11],[13,-49],[5,-53]],[[6515,901],[-20,-23],[-1,23],[-16,1],[-24,9],[-6,-1],[-24,8],[-21,3],[-14,-36],[-22,37],[-41,29],[-21,17],[-22,0],[-27,6],[-8,20],[-13,-6],[-9,10]],[[6261,1069],[20,-2],[10,9],[9,-6],[2,-19],[12,0],[9,20],[6,2],[8,-18],[12,-2],[13,11],[12,0],[87,-18],[8,-5],[21,-27]],[[6057,553],[-15,-34]],[[6042,519],[-13,-18],[-10,-1],[2,-27],[-16,-15],[-21,13],[-36,2],[-46,20],[-6,5]],[[5896,498],[-3,11],[-35,-11],[-39,10],[-10,0]],[[5809,508],[-9,9],[-12,47],[0,16],[12,29],[-2,48],[26,84]],[[5824,741],[14,-7],[28,-3],[-5,-23],[64,-30],[21,-8],[16,-1],[13,-7],[-7,-40],[26,-11],[10,-10],[39,-24],[1,-17],[13,-7]],[[5809,508],[-4,-4],[-29,-5]],[[5776,499],[-16,17],[-10,3],[-29,-12],[-11,7],[-2,30],[-12,3],[-18,-5],[-11,13],[10,42],[27,-10],[19,4],[7,-12],[9,2],[15,46],[10,7],[2,12]],[[5766,646],[-1,18],[-8,19],[6,17],[-7,17],[-5,24]],[[5751,741],[12,-3],[61,3]],[[5418,1670],[-57,29],[-13,-36],[-55,28]],[[5317,1762],[64,-31],[3,-3],[39,-12]],[[7263,356],[18,-15],[21,10],[29,-9],[29,13],[8,-3],[10,-16],[17,-3],[7,-9],[49,-15],[20,-15],[22,-23],[-71,-48],[-18,-11],[-85,-62],[-17,-20],[-17,31],[-18,2],[-8,9],[-5,19],[-11,20],[-7,7],[-30,1],[-25,-16],[-2,-15],[-7,-7],[-17,-1],[-12,-12],[-25,-14],[-4,-13],[1,-26],[-3,-20],[-10,-12],[-9,-2],[-23,6],[-38,-7],[-14,-6],[-47,-1],[-16,3],[-20,14],[-32,51],[-15,17],[-27,11],[-25,0],[11,53],[6,17],[20,29],[9,20],[0,38],[9,9],[22,14],[25,-22],[32,-5],[7,-6],[-9,-16],[8,-4],[21,-22],[27,-6],[31,3],[5,-3],[5,20],[6,7],[28,14],[12,-6],[20,7],[31,-3],[29,11],[19,12],[28,-11],[7,7],[9,30],[9,0]],[[5766,646],[-27,0],[-48,21],[-18,-9],[-27,5],[-33,18],[-26,3],[-55,5],[-19,7],[-20,12],[-8,9],[-29,19]],[[5456,736],[30,90]],[[5486,826],[15,66],[15,54]],[[5516,946],[35,-17],[56,-45],[12,-16],[14,-41],[8,-15],[36,-26],[74,-45]],[[5888,1308],[34,3],[13,-3],[38,-27],[17,-17]],[[5979,1160],[-12,4],[-15,12],[-10,14],[-10,-2],[-29,29],[0,13],[-20,18],[-1,11],[-47,11],[-4,11],[-11,9],[-24,5],[-18,7],[-7,18],[-21,6],[-11,7],[-19,22],[-6,20],[-44,18],[-16,4]],[[5654,1397],[28,63]],[[5682,1460],[27,-24],[7,-14],[13,-10],[41,-19],[32,-22],[51,-53],[11,-7],[24,-3]],[[6019,1511],[37,-22]],[[5888,1308],[6,40],[10,32],[16,19],[-2,10],[9,24],[-2,9],[-19,13]],[[5906,1455],[26,94]],[[5932,1549],[14,-9],[25,-6],[48,-23]],[[5682,1460],[28,55]],[[5710,1515],[43,-19],[38,-23],[33,-12],[15,-15],[42,-23],[6,4],[19,28]],[[5710,1515],[10,24],[29,107]],[[5749,1646],[42,-20],[11,-8],[99,-49],[31,-20]],[[6196,1696],[-17,-9],[-19,9],[-15,28],[-27,6],[-10,6],[-13,26],[-17,-1],[-4,11]],[[6074,1772],[-7,23],[22,7],[-7,54]],[[6135,1506],[-9,19],[-10,37],[28,9],[-6,10],[-17,3],[-8,21],[1,13],[-10,5],[-3,17],[-6,8],[-13,0],[-12,28],[-18,10],[-4,26],[-12,-5],[-6,30],[-11,-4],[-12,7],[-7,15],[2,17],[-23,20],[-4,6]],[[5975,1798],[9,8]],[[5984,1806],[9,-14],[56,-20],[25,0]],[[5990,1608],[40,-53],[1,-13],[-12,-31]],[[5749,1646],[9,50]],[[5758,1696],[4,31],[-3,33]],[[5759,1760],[28,-21],[23,-20],[26,-6],[27,-10],[3,16],[43,2],[22,-12],[-15,-42],[43,-31],[5,-2],[26,-26]],[[5990,1608],[16,29],[-4,45],[4,18],[-1,22],[-8,10],[-5,23],[-13,12],[-10,24],[6,7]],[[5884,1851],[15,-16],[13,-6],[14,1],[19,12],[9,-7],[20,4],[10,-33]],[[5759,1760],[-5,31],[1,18],[8,52]],[[5763,1861],[3,28]],[[5766,1889],[13,2],[12,10],[19,-7],[11,-16],[21,-8],[4,10],[11,2],[19,-8],[-7,-15],[3,-9],[12,1]],[[5884,1851],[5,17],[25,-26],[15,-1],[8,8],[21,64]],[[5958,1913],[7,21],[27,-13]],[[5958,1913],[-16,6],[-3,-12],[-18,8],[-28,7]],[[5893,1922],[38,119]],[[5766,1889],[1,11],[22,71]],[[5789,1971],[104,-49]],[[5789,1971],[13,38]],[[5802,2009],[15,54]],[[5823,2219],[-1,-88]],[[5802,2009],[-101,46]],[[5701,2055],[-47,23],[-65,53],[-30,14]],[[5559,2145],[-4,1]],[[5475,2166],[10,83]],[[5687,2252],[9,-9],[17,-6],[57,-14],[24,2],[29,-6]],[[5763,1861],[-17,-3],[-11,3],[-24,-1],[-9,20],[-6,3]],[[5696,1883],[-28,-3],[-34,-14]],[[5634,1866],[-1,8],[21,8],[-6,37],[-8,18],[1,16],[23,75],[25,-11],[12,38]],[[5634,1866],[-18,6],[-15,24],[-22,76],[-8,43],[6,75],[1,18],[-19,37]],[[5682,1460],[-4,25],[-80,55],[4,7],[21,18],[15,31]],[[5638,1596],[28,64],[6,22]],[[5672,1682],[15,25],[24,2],[47,-13]],[[5672,1682],[-24,2],[-11,6],[2,13],[23,44],[12,30]],[[5674,1777],[17,1],[7,21],[1,30],[-5,34],[2,20]],[[5638,1596],[-51,29],[-13,-5],[2,17],[-60,34]],[[5531,1857],[86,-47],[57,-33]],[[5654,1397],[-25,-59],[-14,-58],[-5,-18]],[[5610,1262],[-9,23],[-12,16],[-1,25],[-34,24],[-21,-34],[-18,7],[8,8],[-4,22],[-7,10],[-15,4],[-7,20],[-6,3]],[[5484,1390],[8,30],[6,32],[5,48],[9,121]],[[5610,1262],[-11,-18],[-39,-44],[-7,-12],[-6,-34],[2,-32]],[[5549,1122],[-28,12],[-13,12],[-17,24],[-13,11],[-12,5],[-49,11]],[[5417,1197],[12,35],[35,95],[20,63]],[[5417,1197],[-44,13],[-42,15]],[[5331,1225],[21,74]],[[5352,1299],[14,44]],[[5366,1343],[5,13],[16,71],[6,37]],[[5393,1464],[8,57]],[[5401,1521],[17,149]],[[5534,1016],[-18,-70]],[[5486,826],[-37,10],[-7,6],[-13,47],[-25,19],[-5,7],[-22,57]],[[5377,972],[4,17]],[[5381,989],[19,5],[8,12],[12,30],[29,25],[10,5],[14,-2],[61,-48]],[[5178,1651],[-7,-19],[-6,3],[-75,52]],[[5090,1687],[42,124]],[[5214,2950],[-14,-64],[2,-59]],[[5202,2827],[-32,-6],[-16,-12]],[[5154,2809],[-24,44],[-53,-42],[-7,-3]],[[5070,2808],[8,34],[1,28],[6,38]],[[5085,2908],[13,-4],[6,44],[5,18],[35,5],[70,-21]],[[5299,2972],[-10,-46],[-24,8],[-7,-33]],[[5258,2901],[-15,-72],[-15,-1]],[[5228,2828],[-26,-1]],[[5214,2950],[6,23],[16,19],[63,-20]],[[5467,2791],[-74,31]],[[5393,2822],[-32,14]],[[5361,2836],[9,29],[-61,20],[-51,16]],[[5299,2972],[85,-27],[36,-12],[17,-8],[58,-42],[-28,-92]],[[5154,2809],[23,-44],[-66,-51],[32,-61]],[[5143,2653],[-79,25],[-8,17],[-1,35],[15,78]],[[5361,2836],[-26,-78],[-9,-15],[-11,-7],[-69,-6],[-13,-9]],[[5233,2721],[-4,36],[1,26],[-2,45]],[[5233,2721],[-9,-21]],[[5224,2700],[-14,-68]],[[5210,2632],[-67,21]],[[5467,2791],[-24,-73],[-42,-138],[-12,-62]],[[5389,2518],[-61,17]],[[5328,2535],[3,17],[-56,16],[4,17],[12,-3],[5,24]],[[5296,2606],[36,-12],[21,66]],[[5353,2660],[40,162]],[[5353,2660],[-129,40]],[[5296,2606],[-86,26]],[[5253,1614],[1,-25],[49,-25],[72,-36],[26,-7]],[[5393,1464],[-25,6],[-219,65],[19,29],[-70,28],[-35,17]],[[5063,1609],[27,78]],[[5136,2309],[-10,-73],[-5,-34]],[[5121,2202],[-15,-79]],[[5106,2123],[-59,13],[-3,-2],[-6,-37],[-11,-79]],[[5027,2018],[-46,29],[-16,-3],[-6,-10],[-7,-31],[-23,-41],[-36,-45],[-10,-31]],[[4883,1886],[-37,4],[-15,6],[-9,8],[-46,69],[-18,42]],[[4758,2015],[11,4],[17,26],[19,119],[20,122],[7,27],[10,66]],[[4882,2633],[13,86]],[[4895,2719],[16,104],[2,26],[-2,55],[-3,54]],[[4908,2958],[21,12],[9,18],[10,54],[10,29],[11,13]],[[4969,3084],[113,4]],[[5082,3088],[1,-52],[2,-73],[0,-55]],[[5210,2632],[-30,-130]],[[5180,2502],[-17,-44],[-5,-18],[-14,-5],[-3,-14],[10,-11]],[[5151,2410],[-8,-42],[-25,-13],[1,-18],[11,-25],[6,-3]],[[5320,2228],[-61,-118]],[[5259,2110],[-28,18],[-110,74]],[[5136,2309],[16,6],[3,9],[16,-4],[29,-15],[101,-64],[19,-13]],[[5225,2045],[-119,78]],[[5259,2110],[-34,-65]],[[5225,2045],[-25,-48]],[[5200,1997],[-24,-61]],[[5176,1936],[-33,9],[-12,5],[-74,48]],[[5057,1998],[-30,20]],[[5057,1998],[-36,-92],[-14,-33]],[[5007,1873],[-7,-42]],[[5000,1831],[-7,24],[-12,16],[-14,7],[-84,8]],[[5145,1846],[31,90]],[[5200,1997],[248,-69]],[[5132,1811],[-27,14],[-98,48]],[[5090,1687],[-59,40]],[[5031,1727],[-11,20],[-20,84]],[[5366,1343],[-64,14],[-50,9],[-74,15],[1,6],[-109,37],[-62,23]],[[5008,1447],[24,71],[31,91]],[[5280,3372],[-73,-3]],[[5207,3369],[0,24],[-37,-1]],[[5170,3392],[-2,61],[18,1],[-1,30]],[[5185,3484],[77,3]],[[5262,3487],[1,-34],[4,-31],[13,-50]],[[5278,3251],[-76,0],[0,38]],[[5202,3289],[-1,80],[6,0]],[[5280,3372],[1,-16],[-3,-105]],[[5278,3251],[-1,-79]],[[5277,3172],[-56,1],[-19,-3],[-121,-42]],[[5081,3128],[-1,51],[-1,73]],[[5079,3252],[50,2],[-2,19],[2,16],[73,0]],[[5079,3252],[-2,67]],[[5077,3319],[-1,45]],[[5076,3364],[57,0],[1,-8],[29,2],[7,34]],[[5076,3364],[-2,83],[0,33]],[[5110,3481],[75,3]],[[5076,3364],[-62,-2],[0,-15],[-70,-3],[-3,95]],[[5077,3319],[-106,-5],[11,-79],[-60,-2]],[[4922,3233],[-3,178],[22,28]],[[5081,3128],[1,-40]],[[4969,3084],[-91,-3]],[[4878,3081],[-1,56],[-1,33],[26,2],[-1,24],[-29,-2],[-3,71]],[[4869,3265],[30,1],[2,-34],[21,1]],[[4869,3265],[-63,-1]],[[4806,3264],[-1,14]],[[4805,3278],[32,40],[-16,20],[82,99]],[[4805,3278],[-11,-12]],[[4794,3266],[-64,75]],[[4878,3081],[-68,-3]],[[4810,3078],[0,71],[-4,115]],[[4480,3207],[2,-103],[-34,-2],[0,-42]],[[4448,3060],[-39,0],[-47,-1]],[[4362,3059],[-66,-3]],[[4296,3056],[-11,42]],[[4285,3098],[-14,80]],[[4655,2494],[-8,-37],[101,-58]],[[4748,2399],[-17,-61],[3,-8],[-55,0],[-22,-6],[-19,-26]],[[4638,2298],[-11,18],[-29,75],[-14,-8]],[[4584,2383],[-7,35],[3,22],[23,77]],[[4603,2517],[52,-23]],[[4666,3147],[0,-35],[-50,-3],[1,-39]],[[4617,3070],[-62,-5]],[[4555,3065],[-90,-5],[-17,0]],[[4659,3216],[2,-69],[5,0]],[[4794,3266],[-60,-71],[1,-45],[-69,-3]],[[4810,3078],[-109,-4]],[[4701,3074],[-84,-4]],[[4814,2913],[-48,18],[-16,11],[-15,24],[-11,3],[-20,-3]],[[4704,2966],[2,33],[-5,75]],[[4810,3078],[2,-52],[2,-113]],[[4908,2958],[-87,-44],[-7,-1]],[[4680,2857],[-6,-31]],[[4674,2826],[-11,-53],[-63,18],[-7,-32]],[[4593,2759],[-29,12],[-21,3],[-5,-4]],[[4538,2770],[-35,38],[-37,42]],[[4466,2850],[32,7],[22,13],[33,44],[27,13]],[[4580,2927],[82,27]],[[4662,2954],[-14,-89],[32,-8]],[[4662,2954],[42,12]],[[4704,2966],[-24,-109]],[[4814,2913],[1,-31],[-23,-52]],[[4792,2830],[-35,10],[-7,-36],[-37,11]],[[4713,2815],[-39,11]],[[4895,2719],[-20,16]],[[4875,2735],[13,82],[0,10],[-25,5],[-4,-21],[-67,19]],[[4875,2735],[-92,73],[-9,-51]],[[4774,2757],[-32,11]],[[4742,2768],[-36,11],[7,36]],[[4828,2644],[13,70],[-9,9],[-22,10],[-19,18],[-17,6]],[[4788,2654],[-40,9]],[[4748,2663],[5,19],[12,39],[-31,9],[8,38]],[[4652,2716],[4,23],[-31,6],[-32,14]],[[4763,2494],[-7,2],[-29,20],[-32,13],[-32,10],[-16,20],[-26,22]],[[4621,2581],[7,23]],[[4628,2604],[2,9]],[[4603,2517],[12,41]],[[4615,2558],[11,-7],[45,-38],[15,1],[24,-12],[6,-6],[-3,-20],[-14,-4],[-44,22]],[[4792,2390],[-44,9]],[[4615,2558],[6,23]],[[4758,2015],[-37,84],[-27,66],[-24,55],[-18,44],[-14,34]],[[5031,1727],[-7,-15],[-19,-59],[-9,-8],[-16,-7],[-16,-29],[-14,-10],[-4,-14],[-1,-34]],[[4945,1551],[-22,9],[-37,23],[-15,3],[-7,-6]],[[4864,1580],[-18,-10],[-14,-4],[-42,-3]],[[4790,1563],[-32,4],[-66,27]],[[4692,1594],[-31,22],[-35,18]],[[4626,1634],[-15,11],[-12,27],[-14,20]],[[4585,1692],[12,14],[30,-6],[29,41],[0,7],[-23,43],[-3,42],[6,70],[-8,62],[1,11],[8,12],[2,14]],[[4639,2002],[24,-13],[16,-2],[17,7],[38,19],[24,2]],[[5008,1447],[-3,-8]],[[5005,1439],[-36,18],[-3,-9],[-24,11]],[[4942,1459],[3,15]],[[4945,1474],[3,65],[-3,12]],[[5005,1439],[-41,-120]],[[4964,1319],[-24,11],[-63,18]],[[4877,1348],[19,38],[32,37],[14,36]],[[4945,1474],[-87,22],[4,28],[2,56]],[[4877,1348],[-43,23]],[[4834,1371],[4,9],[-27,16],[12,29],[14,2],[-6,17],[-59,26],[-24,32],[-3,6]],[[4745,1508],[-1,10],[26,22],[20,23]],[[4745,1508],[-10,-3],[-37,18],[-7,1],[-16,12],[17,58]],[[4412,1769],[39,-27],[26,-27],[27,2],[24,-2],[17,6],[12,-6],[28,-23]],[[4626,1634],[-25,-2],[-35,-13],[-30,-16],[-30,2],[-75,13],[-11,5],[-29,28],[-20,8],[-27,-8],[-16,13],[-12,-1]],[[4316,1663],[1,43],[18,24],[15,45]],[[4350,1775],[45,-13],[17,7]],[[4639,2002],[-29,106],[-13,52]],[[4597,2160],[-4,21],[5,36],[8,22],[32,59]],[[2788,257],[17,-74]],[[2805,183],[-25,0],[-59,-12],[-29,-2],[-3,2]],[[2689,171],[9,76],[-3,66],[7,38]],[[2702,351],[47,6],[45,2]],[[2794,359],[1,-65],[-7,-37]],[[4463,2640],[2,-23],[-13,-3],[-59,-30],[-9,-8],[-14,-53],[35,-5],[46,1],[38,-3]],[[4489,2516],[5,-15],[0,-37],[17,-38],[-1,-11],[-12,-8],[-12,4],[-30,24],[-126,19],[-28,9],[-15,23],[-9,2]],[[4278,2488],[3,9],[22,51],[-12,18],[-19,0],[-2,64]],[[4270,2630],[62,4],[48,8],[38,-5],[45,3]],[[4538,2770],[20,-24],[6,-22],[-1,-22],[-93,13]],[[4470,2715],[-20,3],[8,63],[5,3],[-17,19],[13,18],[-16,22]],[[4443,2843],[23,7]],[[4628,2604],[-22,6],[-43,-2],[1,-27],[-50,-34],[-14,-14],[-11,-17]],[[4463,2640],[7,75]],[[2749,588],[2,-13]],[[2751,575],[-9,-20],[-16,16],[-30,12],[-11,8],[-15,0],[-26,8],[-11,-1],[-39,-31]],[[2594,567],[-26,1],[-64,3],[-29,18],[8,29],[-1,32],[-5,16],[-13,9],[-1,8],[15,18],[2,19]],[[2480,720],[16,6],[27,21],[12,40],[8,6],[11,-1],[24,-23],[19,-10],[-5,-21],[7,-3],[21,-17],[14,-8],[24,-33],[50,-14],[13,-10],[37,-33],[2,-9],[-11,-23]],[[4514,2974],[-71,-3],[-78,-4]],[[4365,2967],[-3,92]],[[4555,3065],[-2,-33],[-41,-2],[2,-56]],[[4580,2927],[-35,41],[-12,6],[-19,0]],[[2287,739],[27,-5],[21,-30]],[[2335,704],[-9,-19],[18,-35],[2,-10],[-1,-29],[-15,-17],[-33,-4],[-55,12],[-10,10],[-18,-6],[-14,4],[-20,-8],[-16,4]],[[2164,606],[1,25]],[[2165,631],[4,17],[11,4],[24,-10],[8,0],[7,17],[25,-12],[9,49],[-18,3],[0,40]],[[2235,739],[52,0]],[[2165,631],[-28,5],[-5,-37],[-55,10],[-32,4],[0,18]],[[2045,631],[8,98]],[[2053,729],[21,-6],[60,-9],[12,1],[57,-8],[6,33],[26,-1]],[[2831,464],[-6,-15],[1,-11],[13,-12],[21,-13],[10,-16]],[[2870,397],[-33,-9],[-30,-22],[-13,-7]],[[2702,351],[-26,7]],[[2676,358],[-17,2],[-19,-12],[-26,-1],[-24,-7],[-59,6],[-27,-1],[-56,10],[-25,5]],[[2423,360],[11,29],[-7,24],[27,5],[13,-1],[3,6],[-1,32],[-8,2],[-17,-9],[3,21],[-14,13],[8,7]],[[2441,489],[6,-2],[12,8],[9,-9],[0,-8],[15,1],[17,16],[12,-21],[9,10],[9,-9]],[[2530,475],[14,4],[12,-16],[19,-3],[11,14],[15,-4],[8,-10],[13,-4],[13,5],[3,13],[35,10],[5,15],[7,3],[10,-9],[9,-1],[1,-9],[13,-8],[8,-11],[18,12],[21,3],[2,-18],[16,-7],[13,6],[9,-2],[20,8],[6,-2]],[[2416,801],[9,-21],[23,-4],[10,-15],[0,-13],[-14,-13],[2,-15],[34,0]],[[2594,567],[-1,-8],[-38,-57],[-13,-9],[-12,-18]],[[2441,489],[-17,7],[-6,16],[-7,3],[-11,-17],[-8,-2],[-13,9],[-26,8],[-25,19],[-16,-8],[-3,18],[-7,8],[-10,-6],[-10,-13],[-15,0],[-24,14],[-6,16],[-13,-7],[-13,0],[-9,17],[-12,-4],[-12,6],[-25,-9],[0,-3]],[[2153,561],[-7,10],[3,19],[15,16]],[[2335,704],[26,21],[8,27],[24,12],[7,16],[-6,31],[15,7],[7,-17]],[[2751,575],[5,-42],[3,-8],[14,-5],[50,10],[9,-3],[5,-11],[-6,-33],[0,-19]],[[2423,360],[-21,1],[-33,-6],[-24,0],[-37,14],[-35,-1],[-10,4]],[[2263,372],[-18,6],[-10,11],[-19,8],[-44,-1],[-27,11],[-30,31],[-12,10],[-16,5],[-35,-5],[-25,-7],[-14,0],[-26,-9],[-18,16],[-20,7],[-13,1]],[[1936,456],[3,14],[15,0],[12,8],[13,1],[11,-13],[15,12],[7,-5],[17,1],[14,-4],[4,17],[10,7],[9,15],[8,-5],[16,12],[14,21],[13,10],[12,20],[18,-9],[6,3]],[[2941,270],[-17,2],[-27,-4],[-14,8],[-27,3],[-27,-26],[-41,4]],[[2870,397],[30,-21],[11,-12],[15,-44],[7,-26],[8,-24]],[[4170,5176],[-12,-5],[-41,8],[-17,8],[-39,-13],[-29,-31]],[[4032,5143],[-12,6],[-17,-2],[-18,5],[-24,26],[-6,0],[4,39],[11,7],[21,-12]],[[3991,5212],[15,-8],[10,18],[15,14],[9,3],[11,11],[19,4],[9,-7],[1,-13],[34,-21],[29,-26],[27,-11]],[[7283,6280],[-5,-8],[-4,10],[-20,19],[5,15],[-7,0],[-7,-11],[-44,-4],[-4,3],[-25,2],[-20,19],[11,16],[-9,2],[-13,14],[-5,-12],[-8,3],[-13,-5],[-21,5]],[[7258,6464],[5,0],[16,15],[2,-8],[-7,-16],[16,-11],[-14,-8],[-2,-19],[11,9],[10,-12],[-14,-21],[17,-62],[0,-6],[-29,-23],[14,-22]],[[6979,6064],[26,-2],[10,-9],[13,-5],[9,4],[4,-8],[15,-1]],[[7056,6043],[-2,-11],[8,-25]],[[7062,6007],[-1,-14],[19,-8],[-13,-14],[-3,-19]],[[7064,5952],[-6,-11],[-14,-6],[-6,-8],[11,-27],[16,-1],[14,13],[11,-4],[6,-23],[11,-19]],[[7107,5866],[-4,-2]],[[7103,5864],[-21,10],[-15,13],[-20,-13],[-4,4]],[[7043,5878],[-6,14],[-19,12],[-20,33]],[[6998,5937],[2,28],[-6,12],[-29,29],[2,17],[-21,21],[-14,5],[-6,7]],[[6998,5937],[-12,2],[6,13],[-26,-2],[-7,-4],[-5,9],[-20,-12],[-10,0]],[[7043,5878],[-7,7],[-32,0],[-13,3],[-14,-7],[-13,-16],[-23,-1],[-10,-11]],[[7103,5864],[-8,-2],[-5,-18],[-23,-13],[-23,-2],[17,-20],[-6,-14],[2,-43],[-4,-13],[0,-75],[-7,-14],[2,-18]],[[7048,5632],[-2,-32],[-6,-50],[-29,9],[0,13],[-20,21],[-24,12],[-17,-1],[-13,7]],[[6883,5308],[-15,-2],[-36,10]],[[6832,5383],[45,1],[9,-27],[2,-39],[-5,-10]],[[6914,5491],[0,-47],[-11,0],[-2,-16],[7,-69],[-9,-26],[-16,-25]],[[7338,5062],[-25,-11],[-14,-11]],[[7299,5040],[-9,3]],[[7290,5043],[-8,0],[-19,13]],[[7263,5056],[-4,14],[-21,24],[-22,29],[-7,5],[-24,5],[21,28],[13,22],[18,-1],[15,10],[37,14],[15,-1]],[[7304,5205],[-10,-55],[11,-3],[2,-14],[10,-11],[1,-13],[24,-21],[-7,-17],[3,-9]],[[7299,5040],[1,-16],[-10,-14],[-2,-26],[3,-21],[-5,-15],[1,-19],[12,-30],[12,-17],[-6,-10],[-27,-7],[-7,8],[-17,3],[-10,12]],[[7244,4888],[-24,12],[-23,-7],[-14,2],[-48,-4],[-45,-13],[-12,-22],[-6,-52]],[[7072,4804],[-15,-18],[-8,-19],[-20,-30],[-3,-19],[2,-34],[-25,-5],[-15,2]],[[6993,4937],[20,-1],[3,6],[34,4],[20,-15],[31,2],[38,-4],[3,-3],[38,-1],[11,19],[17,0],[12,4],[7,26],[-11,-2],[-12,11],[6,11],[12,-13],[11,19],[16,2],[8,6],[17,1],[18,25],[-2,9]],[[7022,5172],[-18,-13],[-9,-16],[-1,-15]],[[6994,5128],[4,-16],[7,-12],[26,-29],[5,-11],[-1,-21],[5,-12],[6,10],[11,-6],[0,24],[23,-24],[7,-12],[17,3],[10,-6]],[[7114,5016],[21,-27],[20,-7],[18,9],[21,3],[5,6],[6,26],[44,3],[19,-9],[0,10],[-10,16],[-5,16],[10,-6]],[[6897,5001],[-7,-2]],[[6882,5096],[14,3],[21,21],[8,3],[9,16],[20,17],[0,13],[22,-3],[0,16],[21,-7],[13,2],[12,-5]],[[4562,6128],[0,-1]],[[4562,6127],[0,-18],[6,-12],[20,-11],[4,-15],[14,-12],[3,-9],[20,-9],[14,-22]],[[4643,6019],[8,-18],[3,-23],[7,-1],[14,-14],[4,-15],[6,-4],[2,-18],[-7,-16],[1,-20],[8,-26],[5,0]],[[4694,5864],[-4,-14],[-13,-9]],[[4677,5841],[3,8],[-3,16],[-16,15],[8,17],[-3,9],[-26,18],[-10,-2],[-16,-13],[-8,-1],[-25,8],[-18,39],[-42,45]],[[4521,6000],[8,6],[32,-9],[22,-1],[20,18],[6,14],[-3,14],[-13,3],[-12,-7],[8,21],[-20,11],[3,8],[-16,11],[-18,8],[-4,20],[0,29]],[[4534,6146],[14,6],[12,11]],[[4560,6163],[4,-8],[-9,-17],[7,-10]],[[3380,2722],[33,-14],[1,3],[33,-24],[16,8],[21,-19],[20,-2],[17,-10]],[[3521,2664],[-62,-5],[-18,3],[-40,1],[6,-51]],[[3407,2612],[-9,1],[-13,23],[-22,-11],[-20,-16],[-30,-17],[-13,1],[-12,8],[-12,2],[-18,8],[-17,-4],[-19,15],[-6,12],[-10,-10],[-4,-19],[0,-31],[17,-15],[4,-15],[-6,-10],[-7,4],[-18,-3],[-2,23],[-11,-5],[-14,6],[-20,-6],[-13,4],[-17,-8],[0,-12],[-24,2],[-6,6],[-3,36],[-5,13],[40,-3],[-8,23],[-7,-12],[-29,0]],[[3073,2602],[-1,12],[-21,3],[-5,15]],[[3046,2632],[9,3],[-1,20],[11,4],[25,31],[10,-1],[0,17],[15,1],[4,-5],[6,11],[18,-1],[16,-13],[14,4],[18,-7],[19,15],[18,-1],[26,-10],[14,2],[-10,26],[1,9],[12,13],[7,-3],[6,-43],[10,4],[34,2],[5,8],[-1,18],[-7,2],[0,21],[10,0],[-2,-22],[10,0],[19,-8],[-12,-16],[-1,-10],[21,9],[10,-5],[0,15]],[[2406,5436],[-1,-18],[8,-5],[19,4],[5,-9],[18,-4],[-3,-10],[-12,3],[1,-8],[-16,-14],[-14,14],[-6,-29],[-19,4],[-3,8],[-19,-2],[7,12],[0,18],[-14,19],[-19,16],[-5,10],[-15,9],[-11,-13],[-12,11],[-4,9],[21,15],[-9,6],[-13,19],[-26,16],[-11,11],[0,16],[14,14],[5,18],[14,-22],[-6,-16],[23,0],[5,-17],[-12,-12],[13,-14],[8,7],[9,-5],[1,-11],[16,-6],[9,10],[14,-8],[0,-12],[9,-1],[7,14],[10,-10],[12,-2],[9,-7],[-7,-28]],[[2723,5403],[41,-26]],[[2764,5377],[-8,-7],[-15,-6],[2,-22],[-9,-3],[2,-12],[-26,-30],[-11,-8],[-4,9],[-38,-13],[-1,-22],[-14,0],[-24,-8],[-12,-19],[-7,-24],[-21,-15],[-9,-13],[-16,-1],[-24,-15],[-9,-1],[-9,-10],[-30,16],[-15,-10],[-18,-15],[-3,34],[-26,-28],[-26,28],[-14,3],[-3,-9],[-24,9],[-8,-1],[0,-10],[-24,-3],[-13,-7],[-10,1],[-4,-9],[3,-14],[2,-34],[-5,-16],[-15,1],[-16,-5],[-16,5],[-5,-14],[1,-12],[-7,3],[-20,24],[-11,-4],[13,29],[20,28],[13,33],[11,13],[10,5],[-3,11],[7,22],[10,4],[11,15],[-1,17],[9,2],[2,35],[-2,19],[37,-8],[25,8],[15,-10],[-2,-8],[13,-19],[35,-8],[28,4],[11,-3],[8,6],[6,-6],[18,0],[32,7],[1,10],[18,2],[20,-3],[10,23],[17,11],[15,2],[8,8],[15,2],[2,17],[7,3],[11,-7],[23,13],[19,14],[6,15],[21,7]],[[2687,1313],[31,-12],[-2,-32],[-8,-32],[5,-29],[-9,-13],[-8,2],[-29,20],[-10,20],[-6,24],[18,-1],[7,-11],[8,3],[1,19],[-12,11],[2,24],[-8,51],[2,12],[-16,1],[10,33],[19,25],[9,2],[3,-26],[-7,-18],[4,-39],[-5,-16],[1,-18]],[[6489,5422],[13,88],[13,87],[43,-10]],[[6246,3750],[-22,-46],[-67,42],[-40,-96],[-24,-39]],[[6093,3611],[-25,20],[-39,20]],[[6029,3651],[39,90]],[[6068,3741],[20,48],[0,5],[18,40]],[[6106,3834],[33,-20]],[[6112,3596],[-19,15]],[[6374,3863],[6,15],[16,28],[55,108]],[[6475,4009],[36,-9]],[[6511,4000],[-18,-62]],[[6493,3938],[-13,-27],[-39,-73],[-16,-19]],[[6106,3834],[34,79],[7,21],[12,45],[30,47]],[[6189,4026],[39,98],[4,8]],[[6232,4132],[33,-27]],[[6232,4132],[23,36],[-101,103]],[[6154,4271],[19,37],[24,-19],[20,37]],[[6217,4326],[41,-35],[49,-39]],[[6068,4330],[-23,-39],[37,-26]],[[6082,4265],[-33,-68],[-26,-46]],[[6023,4151],[-91,69],[4,12]],[[5936,4232],[9,26]],[[5945,4258],[28,85]],[[5973,4343],[6,-3],[12,28],[21,-6],[7,4],[49,-36]],[[6232,4132],[-114,93],[5,10],[-41,30]],[[6068,4330],[34,-26]],[[6102,4304],[22,-17],[30,-16]],[[6189,4026],[-109,83],[-16,11]],[[6064,4120],[-41,31]],[[5305,5237],[-51,-5],[-24,-9],[-40,-22]],[[5190,5201],[-3,23],[-13,-2],[-7,10],[-10,41],[0,18],[10,56]],[[5167,5347],[35,-10],[17,-12],[46,-27],[13,3],[11,-5]],[[6064,4120],[-18,-33]],[[6046,4087],[-29,22],[-31,-58],[-10,-24],[-30,21],[-10,23]],[[5936,4071],[-8,16],[4,40],[-7,22],[-7,6],[-32,9],[-35,17]],[[5851,4181],[-5,2]],[[5846,4183],[8,74],[34,-6],[21,-6],[27,-13]],[[5910,3999],[-26,14]],[[5884,4013],[-79,46]],[[5805,4059],[30,78]],[[5835,4137],[16,44]],[[5936,4071],[-26,-72]],[[5991,3957],[-33,-82]],[[5958,3875],[-40,28]],[[5918,3903],[17,28],[20,44],[-45,24]],[[6046,4087],[-14,-32],[-41,-98]],[[6106,3834],[-64,38],[22,37],[-27,25],[-12,7],[-34,16]],[[5818,3890],[-63,24]],[[5755,3914],[32,95]],[[5787,4009],[18,50]],[[5884,4013],[-17,-43],[-18,-40],[-5,-16],[-4,2],[-6,-19],[-12,4],[-4,-11]],[[5918,3903],[-24,-45]],[[5894,3858],[-40,17],[-3,-12],[-16,6],[-7,-20],[-8,4],[6,19],[-10,5],[2,13]],[[6068,3741],[-36,23],[-57,53],[-18,14]],[[5957,3831],[19,31],[-18,13]],[[5688,7138],[3,-15],[-32,-19],[17,-37]],[[5557,7065],[0,3],[26,87]],[[5583,7155],[4,-7],[47,-9],[23,-3],[10,7],[21,-5]],[[5735,6882],[-9,-24],[-8,-6],[-51,-19],[-13,-11]],[[5654,6822],[-8,-14]],[[5646,6808],[-43,25],[4,18]],[[5607,6851],[-44,30],[-22,13],[-5,10]],[[5536,6904],[2,23],[-2,64]],[[5536,6991],[2,2]],[[5504,6844],[18,20],[14,40]],[[5607,6851],[-15,-6],[-6,4],[-10,-12],[0,-13],[-7,3],[-28,-18],[-37,35]],[[5591,3552],[2,47],[-1,43]],[[5592,3642],[92,-4],[30,-10],[20,62],[24,81]],[[5758,3771],[32,-16]],[[5790,3755],[-17,-51],[-4,2],[-25,-78],[4,-3],[-24,-76],[-29,14],[-14,-47],[-78,34],[-12,2]],[[5468,6687],[11,44],[16,10],[29,-7],[14,10],[47,66],[6,4],[20,0],[11,-9],[6,-22]],[[5628,6783],[-48,-98],[-16,-34],[-22,-40]],[[4323,3615],[-12,-97]],[[4311,3518],[-121,8]],[[4190,3526],[15,88]],[[5318,6633],[-2,14],[-32,24]],[[5284,6671],[5,12],[-1,38],[8,27]],[[5296,6748],[-2,18],[14,26]],[[5308,6792],[47,-28],[-3,-7],[33,-18],[-1,-6]],[[5943,3495],[-4,-10],[-17,-19],[-12,2],[-5,22],[-31,-35],[-11,-9]],[[5863,3446],[-15,-42],[-11,-21],[9,-21],[-3,-5]],[[5843,3357],[-17,10]],[[5826,3367],[0,10],[-7,15]],[[5819,3392],[24,75],[12,35]],[[5855,3502],[24,71]],[[5879,3573],[52,-25],[0,4],[29,-13],[-17,-44]],[[6040,3481],[-4,-12],[-21,-9],[-19,10],[-19,0],[-1,-31],[-6,-42],[-8,-1],[-26,22],[2,-44],[-53,5],[-9,43],[1,15],[-14,9]],[[5943,3495],[13,-6],[7,24],[54,5]],[[6017,3518],[8,-10],[-5,-16],[20,-11]],[[5711,4721],[-15,-57],[-17,-48]],[[5679,4616],[-13,-34]],[[5666,4582],[-16,25],[-20,-40],[-28,-37],[-1,-15],[-27,-8],[-24,-11],[-42,-9],[-25,-3],[-33,-1],[-21,2],[-35,10]],[[5530,4949],[28,83]],[[5609,4829],[-2,-44],[15,-1],[46,-12],[16,-26],[3,-15],[24,-10]],[[6059,5834],[-40,14],[-27,-24],[-22,-23],[-10,-2],[-15,6]],[[5945,5805],[19,19],[13,18],[15,39]],[[6106,6164],[44,-26]],[[6134,6113],[-30,-44],[-24,-41],[-22,-69],[-2,-11],[6,-29],[-2,-43],[7,-20],[-2,-14],[-6,-8]],[[6408,4611],[-33,36],[-13,7],[-36,5],[19,35],[-39,7],[-47,10]],[[6259,4711],[8,57]],[[6267,4768],[90,-19],[3,4]],[[6267,4768],[11,73]],[[6278,4841],[5,36]],[[6283,4877],[62,-13],[13,0],[27,8]],[[6283,4877],[8,56]],[[6291,4933],[9,62]],[[6300,4995],[22,-11],[26,4],[11,-5],[11,-19],[17,-11]],[[4786,4238],[-31,16],[-64,7]],[[4691,4261],[3,24]],[[4694,4285],[3,35],[21,117]],[[4718,4437],[29,-18],[9,-13],[19,-40],[42,-81]],[[4817,4285],[-31,-47]],[[4680,4115],[9,123],[2,23]],[[4786,4238],[-18,-34],[-35,-75]],[[4733,4129],[-10,-21],[-43,7]],[[4733,4129],[45,-35],[16,-20]],[[4794,4074],[-9,-12],[-16,-39]],[[4672,4033],[8,82]],[[4827,4637],[-11,-27]],[[4656,4584],[8,45]],[[4664,4629],[18,91]],[[4682,4720],[145,-83]],[[4926,4472],[-43,27],[-11,-16],[-51,28]],[[4963,4558],[-37,-86]],[[6822,4651],[-10,-11]],[[6812,4640],[-17,25],[-13,2]],[[6782,4667],[-44,66],[-4,44]],[[6734,4777],[8,53],[6,54]],[[6748,4884],[85,-9]],[[6833,4875],[-1,-7]],[[6832,4868],[-8,-76],[-8,-23],[7,-16],[-1,-102]],[[6903,4860],[-29,2],[-42,6]],[[6833,4875],[4,36],[-2,11],[-17,3],[-14,14],[17,23]],[[5996,5438],[19,-38],[20,-7]],[[6035,5393],[-9,-31],[-13,-5]],[[6013,5357],[-33,44],[-4,25]],[[5976,5426],[-1,6],[12,15],[9,-9]],[[4926,4472],[-48,-115],[-13,-20],[-11,29],[-19,32],[-21,21],[-40,19],[-28,7]],[[5976,4758],[-49,9]],[[5927,4767],[12,50],[33,172],[8,34],[-8,10]],[[6015,5022],[12,-11],[24,-9]],[[6051,5002],[-12,-98],[-24,-153]],[[4682,4720],[17,88],[8,48]],[[5144,4488],[-11,-26]],[[5133,4462],[-125,73],[-45,23]],[[6096,4971],[23,-2],[49,-19]],[[6168,4950],[3,-23],[-1,-31],[-8,-30],[-4,0],[-18,-49]],[[6140,4817],[-22,-41]],[[6077,4742],[5,47],[21,131],[-15,0],[8,51]],[[6259,4711],[0,0]],[[6259,4711],[-4,5],[-27,6],[-1,-4],[-88,17]],[[6140,4817],[64,-35],[32,-8],[11,73],[31,-6]],[[6860,5160],[17,-49]],[[6756,5184],[66,-16],[4,26],[15,-3],[-4,-26],[23,-5]],[[7080,6521],[-2,25],[-4,14],[-2,26],[3,15],[29,4],[4,-23],[19,2],[7,-5],[19,-2],[8,6],[2,10],[16,-9],[5,-19],[12,0],[8,-10]],[[7087,6706],[32,-19],[18,-47],[25,-20],[6,15],[6,-1],[17,-28],[7,-20],[10,-12]],[[6168,4950],[37,-4],[21,1],[16,13],[17,-37],[32,10]],[[6748,4884],[-63,6],[1,18]],[[6686,4908],[6,17]],[[6692,4925],[-3,23]],[[6689,4948],[6,11],[14,12],[5,13],[-3,36],[5,20]],[[6772,6788],[11,9],[-5,26],[3,12],[-9,24]],[[6772,6859],[20,-15],[23,8],[24,-4],[20,16]],[[6859,6864],[2,-12],[17,-18],[12,-18],[34,-8]],[[6708,6844],[15,8],[11,0],[18,8],[20,-1]],[[6572,6925],[58,19],[14,-5],[4,-7]],[[6648,6932],[6,-4],[26,-3],[14,5],[25,-41],[10,3],[12,-5],[8,5],[14,-12],[16,2],[8,-10],[11,-4],[48,13],[13,-17]],[[6372,6940],[1,63],[-2,17],[-11,38],[1,23],[4,17],[11,19]],[[6376,7117],[31,-26],[15,-7],[-4,-23],[5,-14],[23,-19],[16,-22],[61,-26],[8,-6],[25,-6],[20,4],[13,-15],[22,-9],[31,4],[6,-20]],[[6373,6604],[-4,4],[-31,15]],[[6338,6623],[8,30],[20,55],[14,57]],[[6381,6462],[-35,-4],[-21,14],[-22,45]],[[6303,6517],[28,80],[7,26]],[[5927,4767],[-45,8],[-151,29]],[[5731,4804],[12,53],[34,182],[19,108]],[[5796,5147],[5,30]],[[6268,6347],[-26,37]],[[6242,6384],[3,5],[19,51],[33,61],[6,16]],[[6096,4971],[-28,23],[-17,8]],[[6036,5165],[6,37]],[[6042,5202],[59,-14]],[[6169,5077],[-4,0],[1,-123],[2,-4]],[[6622,4782],[-120,17]],[[6455,4865],[102,-14],[72,-9]],[[6629,4842],[-3,-28]],[[6626,4814],[-4,-32]],[[6170,6213],[-32,14],[-14,10]],[[6134,6261],[15,26],[11,14],[26,24]],[[6186,6325],[26,26],[30,33]],[[6622,4782],[-11,-20],[-30,-10],[-25,-32],[-12,-4]],[[6831,5307],[4,-54],[27,-35]],[[6862,5218],[2,-22],[-4,-36]],[[6689,4948],[-66,-5],[-27,-6],[-80,-26],[-3,1]],[[6513,4912],[-52,4]],[[6465,4956],[3,22]],[[6692,4925],[-15,-5],[-17,10],[-7,-1],[-15,-19],[-17,1],[-6,18],[-13,-2],[-11,-17],[-11,-5],[-22,-20],[-49,-9],[4,36]],[[6686,4908],[-24,-8],[2,-7],[-18,-27],[-16,-16],[-1,-8]],[[6782,4667],[-26,-14]],[[6626,4814],[21,-28],[87,-9]],[[6899,4648],[5,-11],[-1,-18],[-10,3],[-4,9],[-29,22],[-12,4],[-26,-6]],[[6300,4995],[8,52]],[[6023,5757],[4,34],[24,23],[8,20]],[[5970,5652],[-26,4],[-16,28],[-37,-10]],[[5891,5674],[0,46],[3,19],[15,31],[13,17],[23,18]],[[6022,5579],[-2,-4],[-43,0],[24,-38],[9,-30],[-29,-11]],[[5981,5496],[-56,134],[-18,-12],[-20,1]],[[5887,5619],[4,55]],[[6071,5399],[0,-4]],[[6071,5395],[-23,-4],[-13,2]],[[5996,5438],[-8,17],[-12,38],[5,3]],[[6013,5357],[0,-10]],[[5848,5425],[21,99],[12,63]],[[5881,5587],[22,-7],[9,-7],[24,-33],[-6,-25],[7,-3],[-6,-27],[15,-6],[2,-32],[14,-16],[14,-5]],[[6071,5395],[-2,-19]],[[6069,5376],[-21,-130]],[[6048,5246],[-51,15],[-15,7],[-13,17]],[[6048,5246],[-6,-44]],[[5881,5587],[6,32]],[[6144,5313],[2,31],[-4,16],[-73,16]],[[6372,6940],[-18,-1],[-1,8],[-28,-15]],[[6278,7115],[56,96]],[[6334,7211],[3,-4],[38,-15],[6,-13],[12,-1],[13,-11],[-16,-22],[-14,-28]],[[6332,6887],[1,-14]],[[6333,6873],[-9,-2],[-17,-42],[-33,-1],[0,-19],[-7,0],[-2,-17]],[[6265,6792],[-52,-9]],[[6333,6873],[5,-71],[-4,-30]],[[6334,6772],[-14,12],[-21,2],[-34,1],[0,5]],[[6088,7159],[11,45]],[[6099,7204],[8,-3],[17,4],[18,-6],[34,3],[10,6],[25,-8],[23,10],[34,-1],[23,-5],[22,12],[21,-5]],[[5870,7168],[8,21],[-10,15]],[[5868,7204],[15,12],[8,2],[17,-7],[10,11],[23,15],[19,-3],[27,11],[25,-13],[10,-11],[20,-9],[23,-15],[21,9],[13,-2]],[[5758,7092],[7,34]],[[5765,7126],[18,15],[24,5],[19,-1],[18,12],[10,27],[14,20]],[[6334,6772],[-13,-66],[-19,-69],[-10,-32],[-35,-101],[-8,-19],[-43,-63],[-44,-59]],[[6162,6363],[-24,37],[-16,2],[-7,6],[-12,1],[-30,33],[-15,9]],[[6058,6451],[-31,21],[-11,27],[-13,20],[8,9],[-12,14]],[[6186,6325],[-19,21],[-12,8],[7,9]],[[5956,6423],[6,-2],[10,-17],[38,-27],[8,-8],[7,-17],[7,-7],[26,5],[4,9],[3,29],[-7,63]],[[5822,5286],[-19,5],[-13,-1],[-7,14],[10,61],[17,79],[6,47],[8,36],[18,48],[-6,16],[-30,11],[-62,14]],[[5796,5147],[-39,13],[-80,22]],[[5731,4804],[-10,-50],[-10,-33]],[[5688,7138],[15,-5],[22,3],[8,9],[14,2],[7,-16],[11,-5]],[[5351,4338],[-46,26]],[[5305,4364],[-36,21],[-136,77]],[[5389,4476],[-1,-6]],[[5388,4470],[-27,-99],[-10,-33]],[[5646,6808],[-17,-30]],[[5629,6778],[-1,5]],[[5449,6706],[0,56],[4,13],[20,33]],[[5473,6808],[14,20],[17,16]],[[5454,6817],[19,-9]],[[5308,6792],[1,3]],[[5309,6795],[7,41]],[[5367,6977],[-11,-4],[-18,-27],[-29,36],[-3,17],[-13,16],[-6,31],[-19,-1],[-4,-12],[5,-16],[-1,-14],[-6,-9],[-38,-32]],[[5224,6962],[-6,11],[-4,35],[-17,19],[-9,-3],[-6,-14],[-1,-26],[-31,-6],[-3,10],[-28,-10],[-4,2]],[[5115,6980],[6,19],[-4,7],[2,22],[10,0],[7,10],[5,34],[-31,1],[-21,11],[1,18],[45,1],[8,-8],[14,-4],[14,-10],[8,-13],[20,-4],[9,3],[12,-6],[14,7],[18,-6],[12,7],[13,-6],[5,6],[16,-13],[28,-9],[25,12],[21,17],[62,28],[12,12]],[[5446,7116],[2,-14],[20,-20],[-12,-16]],[[5629,6778],[1,-4]],[[5536,6991],[-9,12],[-18,-3]],[[5446,7116],[42,13],[7,9],[22,-1],[18,12],[12,17],[24,-13],[12,2]],[[5309,6795],[-90,54],[-21,1],[2,28]],[[5200,6878],[12,13],[9,14],[0,13],[-5,21],[8,23]],[[5288,6447],[-42,5],[-5,10],[-19,14],[-7,1],[-6,-29],[-13,-6],[-24,17],[1,34],[-6,10]],[[5167,6503],[15,19],[14,27],[9,25]],[[5205,6574],[11,30],[3,-2]],[[5219,6602],[18,-12],[7,11],[13,11],[6,18],[21,41]],[[5167,6503],[-17,-6],[-17,4],[-11,8],[-14,-11]],[[5108,6498],[-8,11],[-9,-5],[-11,14],[21,30],[-2,17]],[[5099,6565],[5,8],[20,-17],[7,12],[-27,19],[12,15]],[[5116,6602],[3,8],[29,-7],[57,-29]],[[5120,6649],[6,-5],[-14,-34],[4,-8]],[[5099,6565],[-17,22],[-7,1],[-19,20],[0,16],[-14,10],[-4,24],[8,5],[-13,19],[15,16],[10,-11],[12,6],[16,-22],[23,-20],[11,-2]],[[5875,6748],[-60,-1],[19,-31],[-30,-55],[-35,22],[5,15],[-2,10],[-17,28],[30,25],[-37,62],[-45,-38],[-4,8],[-31,-11],[-5,3],[-9,37]],[[5215,6209],[3,41]],[[5218,6250],[2,8]],[[5220,6258],[23,-21],[17,-9],[10,1],[4,14],[22,-11]],[[5188,5950],[-2,7],[-22,22],[-13,7],[-2,9],[-12,5],[-10,16],[-21,22],[-4,24]],[[5102,6062],[9,24],[-2,28],[11,33],[19,10],[20,6],[18,17]],[[4852,6373],[31,-29],[7,-16],[23,-21],[34,-46],[-20,-23],[1,-2]],[[4928,6236],[-13,-17],[-24,-16],[1,-15],[-19,-21],[-16,2],[-6,5],[-20,-35]],[[4831,6139],[-17,20],[-7,-1],[-9,22]],[[4798,6180],[-12,16],[-16,5],[-4,7],[-17,3],[-6,8]],[[4743,6219],[35,0],[13,17],[7,20],[15,13],[-1,15],[17,5],[36,23],[4,7],[-4,12]],[[4865,6331],[-34,46],[-9,1],[-16,24],[6,21]],[[4812,6423],[18,-24],[3,2],[8,-18],[11,-10]],[[5064,6298],[7,-11],[7,-27],[-2,-12],[-28,-30],[-7,-17],[9,-16],[18,3],[38,43],[12,1],[10,13],[15,-6],[11,-20],[11,16],[24,-30],[12,2]],[[5102,6062],[-6,10],[-13,7],[-9,24],[-6,-1],[-13,10],[-8,12],[-4,25],[-42,41],[0,-6],[-16,-4]],[[4985,6180],[-8,-6],[-2,8],[-19,14],[-14,17],[-14,23]],[[4852,6373],[15,6],[23,-20],[-2,-11],[9,-1],[34,37],[15,-20],[10,-5],[3,-11],[19,-25],[-2,-2],[23,-24],[31,-37],[34,38]],[[5064,6298],[12,14],[-9,11],[38,67],[-1,6],[12,4],[18,14]],[[5134,6414],[5,-8],[7,-26],[11,3],[19,-23],[-3,-3],[2,-27],[-6,-22],[10,-25],[5,3],[5,-15],[18,-8],[11,-13]],[[5190,5201],[-27,-12],[-30,-7]],[[4836,5224],[10,17],[16,9],[43,-7],[12,1],[18,12],[12,22],[0,23],[-4,14],[1,23],[11,23]],[[4955,5361],[7,-1],[43,13],[43,6],[33,3],[33,-7],[20,-8],[15,-13],[18,-7]],[[4955,5361],[36,61]],[[4991,5422],[34,53],[8,8],[19,6],[12,15],[8,41],[5,14]],[[5220,6258],[4,32],[19,48],[12,11],[1,38],[28,10]],[[4743,6219],[-7,-2]],[[4736,6217],[-11,11],[-6,13],[-13,13],[-18,8],[-19,1],[-23,25]],[[4646,6288],[-22,25],[12,12],[2,7]],[[4638,6332],[18,3],[15,-2],[30,4],[60,-1],[27,-9],[21,10],[11,-3],[45,-3]],[[4703,6511],[-41,-6],[-22,19],[-10,3],[-7,-22],[11,-32],[2,-24],[25,-18],[9,-1],[49,22],[7,9],[16,6],[40,-7]],[[4782,6460],[30,-37]],[[4638,6332],[-10,20],[-13,-8],[-19,21],[1,9],[-10,13],[6,3],[-5,27],[-8,-7],[-17,10],[-7,14],[-2,13],[-10,5],[-4,16],[-15,18],[5,3],[-12,41],[63,21],[21,11],[43,38],[23,11],[6,-36],[18,-30],[13,-33],[-2,-1]],[[4703,6511],[12,-38],[16,2],[2,7],[16,12],[11,1],[22,-31],[0,-4]],[[5601,3985],[-27,11],[-2,-5]],[[5572,3991],[-9,3]],[[5563,3994],[-47,20],[-17,8]],[[5499,4022],[12,43],[-21,7],[-45,19]],[[5445,4091],[29,61],[39,89]],[[5513,4241],[54,-32],[44,-29]],[[5611,4180],[-6,-102]],[[5605,4078],[-4,-93]],[[5134,6414],[-6,6],[-3,34],[-7,11],[-10,33]],[[5451,4278],[-28,19],[-72,41]],[[5388,4470],[47,-14],[37,-5],[-1,-57],[14,-11],[0,-18],[-17,-41],[0,-7],[-17,-39]],[[6838,3385],[14,21],[2,12],[10,18],[17,15],[-4,31],[23,6]],[[6900,3488],[4,-17],[15,-32]],[[6919,3439],[8,-32],[16,-34],[32,-12],[32,-3],[16,-9]],[[7023,3349],[-17,-21],[16,-28],[-12,-21],[-7,-18],[-8,0],[-43,26],[-3,-2]],[[5356,4972],[9,10],[1,20],[8,23],[-8,11],[-18,1],[-17,5],[-15,0],[-17,-11],[-21,-6],[-21,20],[-18,8],[-16,-6],[-24,1],[-10,4],[-47,-2],[-6,2],[-34,-1],[-15,13],[11,3],[11,12],[33,28],[-8,19]],[[5053,6006],[28,20],[21,36]],[[4798,6180],[-41,-82]],[[4757,6098],[-36,-68]],[[4689,5993],[-11,11],[-22,29]],[[4656,6033],[58,68],[-5,23],[11,16],[2,25],[14,52]],[[4656,6033],[-13,-14]],[[4562,6127],[0,1]],[[4560,6163],[12,16],[0,9],[13,11],[-5,31],[26,7],[40,51]],[[5462,3890],[-83,34]],[[5379,3924],[5,27],[28,70],[22,47]],[[5434,4068],[11,23]],[[5499,4022],[-37,-132]],[[4985,6180],[5,-41],[-25,-16],[-31,0],[-18,-24],[6,-9]],[[4883,6035],[-11,15],[-15,35],[-5,27],[-23,22],[2,5]],[[4867,6016],[-90,64],[-20,18]],[[4749,5945],[-17,21]],[[4819,5298],[5,7],[-18,28],[5,13],[-4,9],[42,38],[13,28],[12,1],[2,42]],[[4876,5464],[18,2]],[[4894,5466],[4,-6],[2,-29],[11,-11],[26,-8],[22,5],[17,19],[10,-1],[5,-13]],[[6257,4397],[-40,-71]],[[6102,4304],[61,114]],[[6163,4418],[23,-19],[21,39]],[[6207,4438],[50,-41]],[[4722,5411],[28,34],[31,24],[12,2],[21,-3],[14,12]],[[4828,5480],[11,0],[16,-13],[21,-3]],[[6812,4640],[-8,-29],[-9,-57],[-8,-22],[-18,-19],[-7,0],[-18,16]],[[4894,5466],[16,35]],[[4910,5501],[7,-6]],[[4930,5640],[24,24]],[[4910,5501],[4,7],[0,19],[-7,18],[2,9],[-4,29],[-8,5],[-30,35],[-24,23]],[[4843,5646],[15,25]],[[4858,5671],[28,40]],[[4828,5480],[-15,56],[-10,16],[-5,19]],[[4798,5571],[13,20],[28,35],[4,20]],[[4722,5411],[-14,37],[-12,22],[-6,33],[-8,20]],[[4682,5523],[2,0]],[[4684,5523],[8,-5],[5,-22],[6,-8],[58,56],[28,33]],[[4789,5577],[9,-6]],[[4858,5671],[-30,-8],[-17,50],[-2,27],[-9,41]],[[6423,4527],[-19,-33],[-31,-50],[-64,47]],[[6309,4491],[25,47]],[[6334,4538],[29,52],[7,21],[7,6],[31,-6]],[[4789,5577],[-14,10],[-19,29]],[[4756,5616],[-7,18],[-24,38],[-6,50],[-3,12],[-9,8],[2,10],[-5,29],[3,7],[0,44],[-3,22],[-10,10]],[[4684,5523],[-6,9],[4,8]],[[4682,5540],[4,3],[5,23],[13,12],[29,18],[23,20]],[[6386,4385],[-21,11],[-25,-12],[-23,-38],[-60,51]],[[6257,4397],[52,94]],[[6163,4418],[-56,39],[-73,55]],[[6034,4512],[24,68],[9,30]],[[6068,4614],[57,-10],[-15,-41],[93,-70]],[[6203,4493],[24,-19],[-20,-36]],[[6592,4109],[14,-27],[-16,-26]],[[6590,4056],[-12,-7],[-8,-33],[-19,-35],[-40,19]],[[6652,4259],[-17,-10],[-9,0],[-16,7],[-17,-15],[4,-14],[21,-7],[-7,-4],[-3,-13],[-16,-4],[-5,-32],[9,-3],[1,-16],[-9,-22],[4,-17]],[[4682,5540],[-4,16],[-11,12],[1,10],[-5,37],[-16,17],[-2,10],[6,15],[-7,14]],[[4644,5671],[-6,12],[-1,18],[-17,25],[-17,4],[-19,17],[5,21],[-5,11]],[[4584,5779],[19,5],[9,28],[8,0],[7,15],[9,7],[32,3],[9,4]],[[4644,5671],[-50,-50],[-30,-32]],[[4492,5694],[-17,27],[-6,24],[-18,56]],[[4451,5801],[30,31]],[[4481,5832],[15,-30],[10,-8],[28,-14],[6,1],[19,-9],[25,7]],[[4600,5454],[-10,17]],[[4682,5523],[-5,-2],[-8,-23],[-37,-49],[-13,-5],[-19,10]],[[6000,4422],[-72,15]],[[5928,4437],[14,91]],[[5942,4528],[16,106]],[[6034,4512],[-34,-90]],[[4297,5664],[-19,27],[3,28]],[[4281,5719],[-6,31],[23,-15],[16,23],[4,-4],[26,41],[-38,55]],[[4306,5850],[34,26],[27,12],[6,-1]],[[4373,5887],[4,-13],[27,-41],[19,-4],[28,-28]],[[4481,5832],[-6,40],[-7,28],[-10,14],[-8,36],[-6,5]],[[4444,5955],[11,13],[-1,37],[18,8],[24,15],[25,-28]],[[4653,5242],[-37,19]],[[4616,5261],[14,-3],[2,6],[-29,28],[-11,14],[-13,34],[-7,37],[-10,28],[-3,30],[-11,27],[5,19],[10,5],[24,-22],[8,-18],[14,-19],[-9,27]],[[5527,3863],[-65,27]],[[5563,3994],[-36,-131]],[[4616,5261],[-17,13],[-25,27],[-11,9],[-74,21]],[[4489,5331],[-64,32],[-19,1],[-35,-4],[-27,7],[-15,10]],[[4329,5377],[-18,11]],[[4311,5388],[13,0],[6,11],[36,-7],[13,0],[5,7],[-21,8],[8,27],[6,-3],[-13,46]],[[4364,5477],[18,10],[29,3],[36,-9],[18,-17],[20,-3],[5,5]],[[4311,5388],[-26,14],[-28,4],[-51,17],[-14,1]],[[4152,5535],[29,10],[21,-6],[30,14],[26,-4],[10,-8],[19,-26],[13,-8],[28,-5],[21,-20],[15,-5]],[[4080,5685],[-3,13],[1,26],[-7,16],[1,7],[24,11],[29,41],[26,-3],[38,20]],[[4189,5816],[32,-41],[26,-53],[18,19],[6,0],[10,-22]],[[4036,5329],[-20,-16],[-10,-12]],[[4006,5301],[-20,8],[-7,-9],[-22,-10],[-29,8],[-7,16],[-8,3],[-14,32],[-14,17]],[[3885,5366],[2,20],[-4,13],[5,8],[-4,21],[-5,-2],[-5,18],[6,7],[25,-16],[13,-1]],[[4006,5301],[-22,-29]],[[3984,5272],[-28,-23],[-75,-21],[-35,-19],[-25,-18],[-27,-11]],[[3794,5180],[-6,19],[7,8],[-3,9],[12,14],[5,41],[8,17],[40,42],[12,19],[3,10],[-8,16]],[[3864,5375],[6,10],[15,-19]],[[7106,3364],[11,-5],[-39,-37],[-10,-4]],[[7068,3318],[-45,31]],[[6919,3439],[15,-8],[11,8],[15,-5],[19,7],[37,30]],[[3864,5375],[-19,-10],[-14,-21],[-22,-6],[-14,-8],[-13,7]],[[3782,5337],[-12,4],[-15,-2],[-10,11],[2,12],[8,3],[30,-7],[9,1],[12,11],[6,14],[-1,26],[-7,19],[7,8],[23,-3],[-3,15],[-10,1],[-9,11],[0,12],[-7,1],[8,36],[-9,22],[-17,2],[-18,29],[-2,17],[-17,-2],[1,9],[-8,-4],[0,13],[-15,5],[-5,9],[6,8],[-18,38],[-14,21],[-12,7],[21,25],[10,3],[17,-9],[20,0],[34,9],[21,15]],[[3808,5727],[16,-20],[7,-23],[7,-7],[23,-1],[16,3],[25,-10],[11,10],[13,6],[16,-1],[15,-12],[13,-19],[8,0]],[[3794,5180],[-27,-1]],[[3767,5179],[-6,24],[-11,4],[-16,-5],[-4,11],[14,31],[6,24]],[[3750,5268],[41,3],[-1,15],[-10,35],[2,16]],[[3767,5179],[-36,0]],[[3731,5179],[-20,3],[-32,19],[-34,31],[-19,21],[-27,34],[-22,10],[-15,1],[-49,-9],[-23,5]],[[3490,5294],[5,1],[32,24],[89,72],[11,4]],[[3627,5395],[-1,-49],[12,-20],[21,-15],[28,-12],[9,4],[24,-3],[2,-7],[-14,-1],[5,-16],[19,0],[18,-8]],[[3847,5760],[-9,29],[-24,-18],[-7,0],[-29,-30],[-15,-8],[-15,-1],[-13,6],[-27,20],[-11,-18],[-14,21],[-7,3],[-5,13],[-16,13],[-19,9],[-6,16],[-12,10],[-15,3],[-4,7]],[[3599,5835],[40,8],[55,-17],[29,3],[23,-6],[19,13],[39,11],[13,12],[19,7]],[[3836,5866],[9,-5],[30,-29],[23,10],[9,-1],[8,-34],[-23,-29],[-2,-14],[-20,3],[-23,-7]],[[5597,3837],[-41,14],[-29,12]],[[5572,3991],[-1,-5],[30,-12],[-4,-137]],[[4109,5957],[19,-35],[26,-39],[24,-49],[11,-18]],[[3808,5727],[39,33]],[[3836,5866],[12,3],[12,22],[14,16],[4,13],[-10,30],[4,14],[12,7],[52,20],[7,10]],[[3943,6001],[16,4],[26,1],[11,17],[19,2],[3,-11],[-24,-70],[4,-10],[19,2],[11,17],[18,1],[17,12],[21,-9],[25,0]],[[6906,4224],[-6,-13],[-16,-9],[-64,-20],[-16,4],[-23,-8]],[[6781,4178],[-8,0],[-15,-14],[-3,-9],[-23,-13],[-9,5],[-31,-4],[-9,-13],[-12,-1],[-5,-16],[-18,-4],[-4,10],[-18,3],[-32,-3],[-2,-10]],[[6707,4311],[10,-25],[-2,-31],[12,8],[16,24],[14,10],[19,-3],[16,-15],[12,-27],[25,-20],[20,-22],[14,-1],[22,12],[9,-5],[12,8]],[[6619,3877],[-33,-7],[-12,9]],[[6574,3879],[-26,20],[-55,39]],[[6590,4056],[4,-12],[20,9],[6,-29],[5,-42]],[[6781,4178],[-19,-26],[-19,-20],[5,-18],[15,-23]],[[6763,4091],[12,-26],[0,-25],[-3,-20],[2,-22],[-6,-19]],[[6848,3860],[-23,0],[-11,-3],[-36,2]],[[6778,3859],[-2,10],[-12,9]],[[6763,4091],[25,-19],[39,-33],[10,-15]],[[6574,3879],[-17,-34],[-49,36],[-18,-34],[40,-29],[8,-4],[-1,-26],[11,-14],[0,-16]],[[6548,3758],[-12,8],[-18,-31]],[[6482,3760],[-16,5],[-28,29],[-13,25]],[[6778,3859],[-15,4],[-17,-1],[-14,-7],[-28,5],[-22,-3],[-23,-15],[-41,1],[-48,-7],[-2,-19],[10,4],[38,2],[7,-10],[-9,-16],[-33,-1],[-12,-20],[0,-17],[-7,-8],[-14,7]],[[7015,4425],[8,-7],[35,-26],[21,-9],[11,1],[10,-10],[17,8],[13,2],[8,-6],[11,6],[8,-8],[0,-8],[9,-7],[12,-1],[9,12],[17,-2],[15,10],[11,-3]],[[7230,4377],[-23,-12],[-21,-15],[-10,-3],[-18,5],[-9,-8],[-13,-2],[-33,10],[-15,-6],[-6,-15],[-9,-7]],[[7073,4324],[-34,-22],[-9,-43],[0,-39]],[[7030,4220],[-16,4],[-29,-15],[-28,13],[-26,0],[-11,7],[-9,-4]],[[6911,4225],[-5,-1]],[[6863,4419],[37,7],[12,8],[18,-6],[38,-6],[25,5],[22,-2]],[[7030,4220],[-9,-28]],[[6894,4077],[-6,24],[-19,21],[-3,8],[7,22],[15,11],[9,15],[17,14],[-3,33]],[[6900,3488],[-9,32],[-10,16],[-7,4],[-19,-2]],[[6855,3538],[6,29],[-14,14],[9,12],[7,22],[18,-1],[4,14],[18,-5]],[[6855,3538],[-20,12],[-52,49],[-14,16],[-12,8]],[[6686,3655],[-12,0]],[[7131,3653],[-24,10]],[[7101,3701],[8,15],[8,6],[7,-8],[12,12],[6,-16],[-5,-5],[8,-16],[-9,-5],[6,-17],[-3,-10],[-5,10],[-3,-14]],[[7131,3653],[15,-13],[28,-33],[31,-28],[4,-11],[-1,-29],[2,-28],[4,-12]],[[7214,3499],[7,-7],[19,-7],[3,-12],[-6,-10],[24,-29]],[[7261,3434],[-8,-13],[-13,-4],[-15,-24],[-26,19],[-18,-8],[-24,-20],[-4,-6],[-36,18]],[[7088,3101],[0,10],[-9,9],[-40,13]],[[7039,3133],[22,37],[-15,11],[12,19],[-12,11],[16,27]],[[7062,3238],[21,-8],[10,-12],[27,-54]],[[7120,3164],[5,-15],[-13,-18],[-4,-11],[-20,-19]],[[7233,3338],[-15,-4],[-18,-47]],[[7200,3287],[-11,3],[-41,18],[-10,-29],[-9,0],[-15,-43],[-27,23],[-9,14],[4,20],[-14,25]],[[7261,3434],[9,-7],[-10,-8],[-1,-18],[-13,-27],[3,-9],[-9,-2],[-9,-10],[2,-15]],[[7200,3287],[-8,-22],[-9,-11],[7,-15],[13,-2],[32,4],[4,-4],[-17,-5],[11,-13],[1,-21],[-18,-23],[-16,-8],[22,-20]],[[7222,3147],[-12,-19]],[[7210,3128],[-15,7],[-22,3],[-13,-12],[-11,-5],[-19,38],[-3,15],[-7,-10]],[[7062,3238],[-19,18],[-5,24],[26,29],[4,9]],[[6663,3620],[-43,-100]],[[6525,3579],[-4,5],[-25,13]],[[6496,3597],[21,59],[3,4]],[[7528,3122],[17,-12],[11,-1],[-13,-9],[-13,-14],[-29,-2],[-8,-4],[7,-14],[4,-25],[26,11],[-3,-17],[5,-3]],[[7532,3032],[11,-8],[0,-11]],[[7543,3013],[-46,-2],[-25,-10],[-18,1],[-6,11],[-23,20]],[[7425,3033],[-36,12],[-25,30],[-6,19],[-12,11],[-27,11],[-21,-9],[-14,-17],[-10,-2],[-41,23],[-10,11],[-13,6]],[[7233,3338],[11,1],[23,-9],[10,7],[-3,9],[15,14],[9,0],[6,14],[7,1],[10,-15],[13,4],[26,-5],[11,7],[20,-21],[-29,-42]],[[7456,3497],[-1,-19],[-7,-13],[-6,-35],[4,-27],[-2,-7],[12,-19],[-5,-10]],[[7214,3499],[15,21],[17,4],[10,-4],[13,-14],[3,-9],[19,-20],[6,-14],[9,-6],[18,-31],[7,3],[22,-14],[12,20],[-3,6],[12,8],[12,2],[25,20],[31,13],[14,13]],[[6458,3619],[38,-22]],[[5909,3657],[-93,45]],[[5816,3702],[12,35]],[[5828,3737],[25,46],[41,75]],[[5957,3831],[-38,-58],[-11,-20],[-21,-42],[36,-13]],[[5923,3698],[-14,-41]],[[5604,3475],[-6,-12],[-12,-6],[-10,5],[-11,18],[-2,15],[-16,4],[-48,-2]],[[5499,3497],[-31,114]],[[5468,3611],[-24,84],[-50,174]],[[5394,3869],[-15,55]],[[5597,3837],[-5,-159],[0,-36]],[[5591,3552],[-2,-40],[12,-19],[3,-18]],[[4817,4285],[11,-17],[19,-20],[26,-15]],[[4873,4233],[-32,-87],[-25,-43],[-22,-29]],[[7210,3128],[-10,-9],[1,-12],[11,1],[18,-18],[-4,-19],[6,-9],[-1,-12],[31,-4],[5,-13],[-8,-7],[-19,1],[-6,-7],[4,-12],[13,-3],[14,-13],[-22,-93],[7,-7]],[[7250,2892],[2,-10],[-37,-8],[-18,-13],[-34,3],[-8,23],[-14,16],[-20,15],[-6,-30],[5,-20],[-17,-1],[-14,-20],[1,-19],[-4,-24]],[[7086,2804],[-7,29],[-2,21],[2,19],[-12,11]],[[7053,3000],[26,82],[9,19]],[[7492,2877],[-3,-10],[-31,-5],[-18,-10]],[[7440,2852],[6,37],[5,15],[14,18],[5,27],[-9,27],[9,18],[67,8],[17,-1],[28,6]],[[7582,3007],[9,-23],[-52,-25],[-3,-5],[6,-28],[-29,10],[-6,-3],[-14,-45],[-1,-11]],[[7039,3133],[-13,39],[-9,9],[-20,7],[-5,15],[-32,61]],[[5846,4183],[-35,16],[-26,16],[-15,23],[-9,29],[7,34],[0,20],[-22,42],[-4,13]],[[5742,4376],[-18,27],[5,24],[16,23]],[[5745,4450],[14,-17],[26,-13],[91,-19]],[[5876,4401],[-13,-87],[84,-18],[-5,-35],[3,-3]],[[5835,4137],[-49,25],[-19,11],[-17,-36],[-35,38]],[[5715,4175],[-23,26]],[[5692,4201],[11,27],[0,17],[18,60],[16,50],[5,21]],[[5787,4009],[-102,50]],[[5685,4059],[28,61],[-19,12],[21,43]],[[7425,3033],[-4,-8],[-10,-2],[-27,8],[-6,-5],[-4,-23],[0,-43],[30,-11],[1,-16],[-11,-3],[-16,5],[-5,-8],[3,-11],[25,-15],[25,5],[9,-13],[-3,-26],[8,-15]],[[7440,2852],[9,-12],[22,-22],[-28,-5],[-11,-41],[-30,6],[3,13],[-24,22],[-8,18],[-11,65],[1,15],[-8,13],[-17,10],[-15,-5],[-15,-16],[-8,-1],[-11,-13],[-39,-7]],[[7543,3013],[11,0],[22,14]],[[7576,3027],[6,-20]],[[7698,2989],[-7,-12],[-24,2],[-21,-10],[-16,-11],[-19,-4],[2,-31],[-5,-2],[-6,-16],[-8,-8]],[[7594,2897],[-19,-5],[-11,-27],[-7,-1],[-15,21],[-19,18],[-24,-15],[-7,-11]],[[7576,3027],[23,14],[9,-11],[21,-6],[12,3],[12,-10],[11,-18],[34,-10]],[[7775,2973],[6,1],[17,-13],[18,1],[31,10],[39,2],[24,-20],[7,-16],[11,-11],[13,-1],[20,-12],[23,15],[34,-2],[20,18],[16,-8],[11,2],[27,-31],[13,-6],[21,-28],[16,-10],[13,-18],[22,-23],[37,-16],[2,-7],[-37,1],[-12,-12],[8,-13],[9,-28],[-21,19],[-23,8],[-19,0],[-5,17],[-8,6],[-17,-1],[-12,13],[-12,0],[-32,12],[-6,13],[-15,11],[-19,6],[-24,0],[-19,12],[-28,7],[-46,-10],[-15,6],[-20,-2],[-8,-9],[-11,-31],[-11,-2],[-21,45],[-11,14],[-45,27],[-12,0],[-11,-10],[-11,-2],[-14,16],[-25,9],[-10,-4],[-3,-10],[-22,-20],[-5,-17],[-9,-1],[-9,8],[-11,19]],[[7698,2989],[24,1],[15,-8],[14,-1],[14,-12],[10,4]],[[6789,3414],[15,39],[-54,34],[10,21],[-42,10],[-17,-12],[-13,-29]],[[7086,2804],[9,-17],[35,-26],[-2,-10],[-18,-6],[-8,-7],[-38,19],[-12,17],[-7,0],[-5,-12],[-14,-8],[-30,1]],[[6838,2788],[-22,7],[-13,1],[-32,13],[-15,-29],[-16,10],[-21,3],[14,13],[8,16],[-18,-3],[-12,12],[1,12],[11,15],[-3,20],[-6,0],[8,22],[3,22],[-3,7],[9,27],[-5,22],[-18,6],[-3,21],[-26,2],[-26,-36],[-20,-17]],[[6633,2954],[-5,16],[3,62],[0,45]],[[6259,4711],[-5,-43]],[[6254,4668],[-64,14],[-6,-49],[-103,23]],[[5973,4343],[-2,1],[24,74],[5,4]],[[5942,4528],[-97,22]],[[5845,4550],[13,28]],[[5858,4578],[50,113],[13,34],[6,42]],[[5692,4201],[-24,23],[-16,9],[-37,14],[-3,-10],[-1,-57]],[[5513,4241],[113,251],[40,90]],[[5666,4582],[37,-58],[42,-74]],[[5685,4059],[-50,23],[-18,-5],[-12,1]],[[6493,2961],[-8,-25],[1,-8],[-9,-22],[-12,-17],[-4,-14],[4,-36]],[[6465,2839],[-25,12],[-10,19],[-3,19],[-7,-11],[-2,-20],[12,-19],[-9,-17],[-3,-17],[-24,-1],[-116,3]],[[6037,2824],[-24,42],[-26,26]],[[5987,2892],[-13,13]],[[5974,2905],[17,14],[4,16],[-1,12],[17,35],[25,18],[18,7],[5,8],[24,0],[0,8],[12,9],[-5,23],[12,10],[13,-3],[20,13],[6,25],[6,46]],[[6334,4538],[-52,42],[21,37],[-55,17]],[[6248,4634],[6,34]],[[6203,4493],[24,44],[11,57],[10,40]],[[5755,3914],[-29,14]],[[5726,3928],[-94,37],[2,7],[-33,13]],[[5687,3800],[-56,24],[-34,13]],[[5726,3928],[-19,-57],[-20,-71]],[[5828,3737],[-38,18]],[[5758,3771],[-71,29]],[[5855,3502],[-93,45]],[[5762,3547],[43,124],[11,31]],[[5909,3657],[-30,-84]],[[7016,2064],[-59,28],[-7,14],[-36,7],[-54,13],[9,-32],[-3,-12],[-16,-14],[-22,-10],[-14,2],[0,38],[5,9],[-5,19],[-5,59],[-7,16],[-18,3],[-53,-29]],[[6731,2175],[-17,-6],[-54,-4],[-35,7],[-8,10],[-1,11],[6,25],[-4,12],[-35,38],[-19,-19],[-18,-2],[-31,36],[-13,-5],[-25,-32],[-9,-6],[-7,3],[-3,13],[3,22],[-9,14],[-14,-1],[-14,-23],[-9,-8],[-7,-16],[-1,-39],[-5,-39],[5,-23],[11,-22],[-6,-18]],[[6412,2103],[-22,19],[-14,22],[-26,56],[-8,11]],[[6219,2617],[13,-27],[15,-16],[32,-27],[7,-12],[71,-71],[25,-12],[23,-3],[33,-17],[25,-28],[15,-29],[9,-9],[25,-16],[26,-32],[32,-37],[53,45],[-24,31],[-17,18],[-30,40],[-6,25],[8,56],[35,19],[14,20],[13,-1],[7,11],[16,0],[9,15],[11,-12],[21,-28],[69,-37],[14,-30],[21,-27],[30,-13],[35,-28],[8,-21],[23,-13],[11,7],[27,-8],[9,-5],[1,-14],[21,0],[19,-8],[14,-36],[9,-5],[3,-12],[-17,-33],[14,-18],[3,-16],[-3,-34],[3,-7],[26,-9],[9,-16],[2,-49],[-6,-1],[-9,-23]],[[5858,4578],[-82,16],[-48,11],[-8,42],[-5,1],[-6,-20],[-14,-16],[-16,4]],[[5845,4550],[-26,-58],[-21,-27],[-30,3],[-11,-4],[-12,-14]],[[5876,4401],[7,47],[45,-11]],[[5762,3547],[-45,-128]],[[5717,3419],[-26,13],[-11,-35],[-9,3],[11,36],[-22,11]],[[5660,3447],[-56,28]],[[5717,3419],[59,-31],[16,-4],[3,16],[10,4],[14,-12]],[[5826,3367],[-18,-20]],[[5808,3347],[-11,-11],[-7,-22],[-22,-32]],[[5768,3282],[-84,42],[-1,-5],[-24,11],[-5,5]],[[5654,3335],[-24,11],[30,101]],[[5768,3282],[-34,-48],[-19,-23],[-66,-64]],[[5649,3147],[-9,6],[-15,-6]],[[5625,3147],[-3,29],[-8,34],[40,125]],[[5625,3147],[5,-54],[-1,-38]],[[5629,3055],[-48,17]],[[5581,3072],[-1,110],[-3,46],[-7,30],[-71,239]],[[6029,3651],[-45,21]],[[5984,3672],[-61,26]],[[6017,3518],[-4,53],[10,7],[-12,32],[-26,24],[-1,38]],[[6074,3544],[-7,-10],[-7,-22],[-13,-15],[-7,-16]],[[5974,2905],[-8,23],[7,62],[6,17],[20,34],[4,14],[-2,19],[-34,70],[-10,16],[-31,38],[-13,26],[-29,99],[-16,19],[-25,15]],[[5513,4241],[-62,37]],[[5059,4187],[2,12],[-11,58],[2,11],[55,131],[26,63]],[[5305,4364],[-10,-27],[-38,22],[-29,-73]],[[5434,4068],[-15,13],[-11,-23],[-7,20],[-38,27],[-36,41],[-14,11],[-26,10]],[[5379,3924],[-25,10]],[[5394,3869],[-18,-23],[-39,-72],[-38,-70],[-40,-73]],[[5468,3611],[-24,-23],[-7,-3],[-81,-4]],[[5356,3581],[-2,28],[-76,-5],[-1,28],[-18,-1]],[[5356,3581],[-15,-3],[2,-29],[15,2],[1,-30],[-97,-6],[0,-28]],[[5499,3497],[-237,-10]],[[4339,3390],[-1,57],[-30,-1],[3,72]],[[4397,3592],[-1,-22],[21,-4],[-4,-53]],[[4413,3513],[-2,-46],[10,-10],[1,-15],[-5,-6],[-15,1],[-8,13],[-28,-2],[1,-57]],[[4526,3518],[-87,-4],[-1,21],[-25,-22]],[[4226,3383],[-28,19],[-13,17],[-6,18],[-6,-1]],[[4173,3436],[17,90]],[[4892,4223],[-19,10]],[[4718,4437],[3,14]],[[4484,4904],[-36,-61]],[[4448,4843],[-13,6],[-14,15],[-1,21],[-15,1],[-5,7],[-26,54],[-15,11]],[[4359,4958],[9,8],[28,7],[34,27],[17,18],[9,-2]],[[4616,4854],[-59,-34],[-4,-4],[-28,-45]],[[4525,4771],[-20,28],[-57,44]],[[4682,4720],[-137,38],[-14,-4]],[[4531,4754],[-6,17]],[[4664,4629],[-69,19],[-4,-18],[-77,19],[-12,-3]],[[4502,4646],[-6,59]],[[4496,4705],[35,49]],[[4637,4480],[-17,4],[-2,-7]],[[4618,4477],[-99,25]],[[4519,4502],[-1,10]],[[4518,4512],[-12,94],[-4,40]],[[4590,4257],[13,41],[30,159],[-18,6],[3,14]],[[4694,4285],[-12,-1],[-34,-9]],[[4648,4275],[-62,-24]],[[4507,4050],[0,6],[33,42],[10,16],[60,112],[18,30],[20,19]],[[4442,4057],[3,25],[12,36],[13,23],[23,27],[59,39],[9,8],[25,36]],[[4376,4240],[-3,13],[23,24]],[[4396,4277],[22,25]],[[4523,4312],[7,16],[5,36],[-16,138]],[[4446,4334],[4,5],[-4,39],[-19,-5],[-11,40],[8,3],[-5,48]],[[4419,4464],[-6,9],[30,22],[32,11],[19,0],[25,-4]],[[4396,4277],[-19,39],[-19,-9],[-10,30]],[[4348,4337],[20,9],[-13,50],[3,10],[12,16]],[[4370,4422],[49,42]],[[4216,4145],[34,63],[63,121]],[[4313,4329],[35,8]],[[4370,4422],[-4,7]],[[4366,4429],[-4,5],[15,15],[-16,51],[-27,-13],[-6,17]],[[4328,4504],[18,9],[-3,9],[55,20]],[[4398,4542],[54,31]],[[4452,4573],[33,-36],[25,-24],[8,-1]],[[4366,4429],[-48,-46],[-24,-20],[-25,-12]],[[4269,4351],[-4,7],[-1,41],[29,2],[-2,28],[-17,47]],[[4274,4476],[54,28]],[[4269,4351],[-16,-5],[-35,-3]],[[4218,4343],[-2,54],[-11,0],[-2,53]],[[4203,4450],[19,2],[32,13],[20,11]],[[4218,4343],[-101,-5]],[[4117,4338],[7,12],[47,3],[-1,42],[-24,-1],[-1,51]],[[4168,4448],[35,2]],[[4117,4338],[-53,-3],[-39,0],[-19,6]],[[4198,4162],[16,33],[-38,25],[27,75],[7,-3],[52,22],[28,13],[23,2]],[[4179,4521],[-41,37],[-9,1],[18,28],[-37,32],[29,47]],[[4139,4666],[11,-18],[31,44],[-7,25]],[[4174,4717],[37,65]],[[4211,4782],[16,-19],[1,-21],[13,-11],[2,-12],[9,-7],[26,-49]],[[5949,2186],[35,-21],[9,-3],[45,2],[1,-22],[-28,0],[-38,5],[-14,-20],[-16,-3]],[[5823,2219],[37,-16],[18,-1],[31,-7]],[[4173,3436],[1,-19],[7,-11],[32,-39],[22,-17],[-5,-4],[-77,5],[-14,6],[-48,40],[-11,-7],[-40,0],[-37,-18],[-15,-37]],[[3988,3335],[-8,17],[3,9],[0,29],[-43,67],[-13,15],[5,14],[11,48],[-49,-4],[-32,4],[-17,17]],[[4271,3178],[-42,15],[-19,-2],[-13,-17],[-12,-6],[-11,7],[-20,-4],[-15,5],[-13,11],[-23,-14]],[[4103,3173],[-16,10],[-13,3],[-19,-8],[-12,4],[-8,10],[-4,26],[-18,15]],[[4013,3233],[-13,7]],[[4000,3240],[1,4],[-26,20],[-46,44],[-18,10]],[[3911,3318],[5,29],[22,2],[46,-25]],[[3984,3324],[-1,-4],[40,-30],[25,-29],[35,8],[38,-28]],[[3984,3324],[4,11]],[[3992,4714],[41,-26],[-27,-53],[14,-14],[1,-14],[-21,16],[-12,-19],[19,-25],[16,-13],[11,-62],[-1,-7]],[[3885,4531],[11,-2],[63,1],[3,19],[-12,24],[-4,17],[-8,-15],[-10,7],[16,39],[14,14],[-18,4]],[[3940,4639],[-5,12],[8,28],[-4,12],[-3,25],[-18,65],[-1,20],[-9,7],[3,13],[-6,18],[-15,36]],[[3890,4875],[14,8],[9,16],[22,-12],[2,-6],[6,-46],[8,-30],[18,2],[4,-26],[14,-40],[5,-27]],[[3426,4192],[22,13],[5,7]],[[3453,4212],[17,-3],[36,20],[17,5]],[[3523,4234],[16,-3],[14,6],[25,-9],[22,0],[13,6]],[[3613,4234],[13,21]],[[4366,5268],[4,-13]],[[4370,5255],[11,-15],[39,-29],[9,-5]],[[4429,5206],[-1,-19],[-6,-12],[-26,-7],[-14,2],[-20,8],[-18,-13],[-33,-6],[-18,0],[-27,6],[-38,-1],[-28,3],[-30,9]],[[4170,5176],[10,32],[12,25],[6,-1],[4,35],[-4,2],[8,20],[22,17],[-2,12],[6,9],[-5,22],[-13,13],[7,22],[-17,15],[-11,3],[-1,22]],[[4329,5377],[-32,-15],[-7,-16],[-1,-13],[11,-46],[19,-22],[9,-1],[9,7],[6,15],[23,-18]],[[4489,5331],[-34,-11],[-3,-6],[-24,13],[-19,1]],[[4409,5328],[-16,-8],[-9,-14],[1,-29],[-6,-10],[-6,7],[-7,-6]],[[4442,5276],[-17,2],[-17,-5],[-10,-12],[-14,0],[-14,-6]],[[4409,5328],[26,-38],[7,-14]],[[4557,5069],[-19,14],[-42,16],[-6,13],[4,11],[21,8],[19,15],[18,27],[6,20],[-11,19],[-6,16],[-17,12],[-14,3],[-38,31],[-30,2]],[[4487,5051],[-17,10],[-14,14],[-3,16],[2,18],[-6,5],[-23,2],[-15,21],[0,13],[32,29],[0,19],[-14,8]],[[5823,2219],[1,113],[3,58],[9,52]],[[4496,4705],[-22,18],[-26,-48],[-26,-6],[-79,-5],[-10,4]],[[4333,4668],[2,28],[5,23],[-13,22],[-2,20],[12,15],[-4,8],[11,12],[-13,19],[-3,14],[-16,12],[6,16],[-9,9],[4,13],[-6,-2],[-16,21],[-6,19],[-7,7],[-21,6],[4,18],[-9,13],[-6,30]],[[4246,4991],[8,14],[17,-4],[8,-14],[12,-4],[7,4],[12,19],[10,6],[12,-2],[9,-18],[5,-21],[13,-13]],[[4333,4668],[-13,4]],[[4211,4782],[-18,15],[-15,3],[16,5],[6,11],[9,48],[-2,8]],[[4207,4872],[2,20],[6,17],[25,41],[1,24],[5,17]],[[4330,4560],[3,-9],[53,26],[12,-35]],[[4496,4705],[-24,-34],[-35,-35],[-2,-13],[17,-50]],[[3992,4714],[27,6]],[[4019,4720],[23,-12]],[[4042,4708],[13,-19],[15,-8],[-5,-19],[17,12],[20,31],[18,-12],[19,-27]],[[3926,5108],[0,-16],[-7,-4],[-1,-47],[7,-26],[-5,-45],[8,-2],[10,-17]],[[3974,4852],[8,-36],[9,-9],[-1,-23]],[[3990,4784],[17,-56],[12,-8]],[[3890,4875],[-14,49],[-20,43],[-9,27],[-3,33],[-6,21],[-12,22],[-14,13]],[[3812,5083],[20,9],[15,1],[36,18],[43,-3]],[[4012,4930],[-8,-1]],[[3926,5108],[23,-8],[13,1],[29,9]],[[3991,5110],[-14,-32],[-9,-11],[-9,-39],[5,-32],[12,-24],[36,-42]],[[4012,4930],[15,-17],[22,-29],[4,-22],[10,-26],[5,-5]],[[4068,4831],[-8,-19],[-9,-7],[-18,-24],[-43,3]],[[3775,4662],[-8,-22]],[[3732,4590],[-12,21],[-18,16],[-27,14]],[[3667,4659],[-30,24],[-4,14],[0,24]],[[3633,4721],[2,3],[18,-10],[3,9],[9,-14],[20,-14],[6,5],[9,20],[6,3],[19,-22],[9,-2],[9,-12],[16,-3],[9,-8],[7,-14]],[[4174,4717],[-7,34],[-9,-7],[-27,-4],[-18,19],[-12,-19],[-23,13],[-24,-15],[-12,-30]],[[4068,4831],[10,-12],[11,17],[3,32],[12,38],[-2,24],[7,17],[20,-18],[4,-15],[-15,-35],[1,-22],[7,-9],[20,-5],[18,26],[8,2],[17,-7],[18,8]],[[3546,4539],[-10,17],[7,37],[0,22],[-10,22],[-20,22],[-4,23],[19,-14],[14,-4]],[[3940,4639],[-12,-7],[-6,3],[10,25],[-1,13],[-36,13],[-9,-8],[-8,-21],[6,-24],[-13,23],[0,21],[-20,7],[-20,-33],[8,-25],[-14,-5]],[[3775,4662],[13,1],[3,-20],[13,-8],[8,4],[-2,10],[15,45],[17,3],[-12,82],[-9,19],[26,4],[-12,22],[-1,15],[-20,81],[-10,32],[-9,22],[-2,13],[-5,-4],[-2,19],[-14,3],[-6,-5],[-10,27],[-7,3],[-15,29]],[[3734,5059],[12,-2],[4,9],[9,-3],[14,10],[35,12],[4,-2]],[[3613,4234],[-5,32],[-42,47],[-10,3],[-40,0],[-23,8],[-34,32],[-21,-46],[4,-10],[32,-20],[11,-30],[13,-13],[25,-3]],[[3453,4212],[-11,1],[-20,-16],[-26,-3],[-39,-18],[-9,-8],[-29,-12],[-19,-29]],[[3300,4127],[-10,9],[-9,-1]],[[3281,4135],[-4,6],[-24,0],[-6,-8],[-12,3]],[[3235,4136],[5,17],[-4,13],[12,2],[2,12],[30,16],[18,17],[-7,15],[-16,-4],[-12,6],[-11,-3],[13,14],[17,-1],[14,21]],[[3296,4261],[20,26]],[[3316,4287],[10,19],[22,8],[11,30],[11,0],[29,14],[-3,12],[21,15],[-20,25],[-18,9]],[[3235,4136],[-15,0],[-11,9],[4,7],[-10,0],[-11,9],[-12,0],[2,19],[-20,10],[-27,21],[16,36],[19,18],[13,39],[14,5],[8,-6],[13,-1],[22,9],[9,-3],[19,-22],[0,-7],[28,-18]],[[3316,4287],[-14,18],[-14,29],[0,15],[-16,16],[-4,11],[-9,1],[4,16],[16,2],[-7,9]],[[3337,3930],[-5,-2],[-19,8],[-45,10],[-11,-3]],[[3257,3943],[-23,18],[-23,14],[-11,10],[-15,34],[-18,30]],[[3167,4049],[9,16],[27,-29],[9,2],[40,24],[1,-1]],[[3253,4061],[-11,-25],[-22,-7],[5,-24],[17,-5],[1,-20],[13,-19],[9,5],[20,47],[-9,6],[-4,12],[15,16],[16,0],[12,32],[3,15],[-5,20],[-13,13]],[[3253,4061],[24,8],[11,15],[-3,11],[7,11],[-8,9],[-10,4],[7,16]],[[3541,3861],[-27,-6],[-49,6],[-25,-9],[-13,0],[-18,7],[-24,-2],[-18,6],[-10,9],[-7,19],[-10,3],[-24,-1],[-28,19],[-31,31]],[[5847,2877],[-10,41],[-9,102],[-2,46]],[[5826,3066],[-10,177],[-4,35],[-4,69]],[[5987,2892],[-12,-12],[-8,-1],[-16,-12],[-7,-14],[-14,-4],[-13,-10],[-31,1],[-5,26],[-14,7],[-14,-2],[-6,6]],[[6229,2236],[2,-18],[21,-55]],[[6252,2163],[-34,-39],[-61,-12],[-60,23],[-8,-5],[-15,-20],[-9,1]],[[3548,3818],[-19,-1],[-17,18],[-20,-24],[-21,7],[-4,9],[-22,1],[-7,9],[-10,-11],[-23,-9],[-9,-18],[3,-4],[4,-36],[-20,-10],[-2,-30],[-6,-26],[-14,0],[0,10],[-11,1],[3,43],[-36,-13],[-1,13],[5,14],[11,2],[9,9],[-3,5],[-32,6],[-6,-13],[-14,4],[-10,27],[42,20],[0,19],[-7,-4],[-21,2],[-10,11],[-19,-5],[-6,7],[-20,4]],[[3235,3855],[0,12],[-6,13],[-29,26],[-2,12],[10,13],[-4,11],[-16,13],[-25,6],[-7,13],[20,15],[-9,5],[-20,-8],[-23,13],[-18,3],[-21,15],[-38,12],[-19,19],[-14,3],[9,19]],[[3023,4070],[16,5],[18,1],[20,-5],[17,5],[8,10],[14,2],[19,-12],[32,-27]],[[5735,2975],[-63,56],[-17,13],[-26,11]],[[5649,3147],[58,-29],[113,-50],[6,-2]],[[3235,3855],[-27,-1],[-1,-4],[-20,1],[0,-11],[-11,-1],[-6,7],[-13,-6],[-13,1],[-9,-10]],[[3008,3856],[-3,5],[-42,9],[-33,1],[-10,20],[-23,-25],[2,-19],[-10,-2],[9,-21],[0,-35],[-5,-17],[-12,-20],[-47,41],[-9,24],[14,33],[9,13],[25,18],[24,-6],[-6,10],[13,16],[4,15],[19,13],[2,34],[-2,19],[2,36],[10,22],[-20,16],[8,8],[-11,12],[-16,-16],[-26,-45],[4,-40],[-15,2],[-24,-1],[-12,13],[-23,-20],[-18,64],[15,12],[31,20],[18,15],[-3,5],[7,10],[2,17],[7,7],[21,8],[17,-5],[14,13],[8,-3],[16,8],[32,-21],[16,2],[8,-31],[18,4],[2,-11],[8,0],[0,-13]],[[3787,3977],[-15,-32],[-50,32]],[[5549,2792],[22,204],[10,76]],[[6252,2163],[24,-52],[3,-13]],[[6412,2103],[34,-28]],[[6731,2175],[-1,-11],[-10,-9],[-12,-20],[-5,-17],[6,-6],[-26,-40],[-20,2],[-6,-5],[-5,-18],[-18,-3],[-10,-14],[27,2],[5,-58],[-6,1],[-15,14],[-18,0],[-5,8],[-15,3],[-9,-11],[-9,1],[-10,-10],[-17,4],[-27,-7],[-17,-10],[-13,-1],[-17,7]],[[7016,2064],[3,-1],[-4,-78],[-20,-24],[22,-29],[-3,-27],[1,-28],[-5,-29],[-8,-3],[-4,-14],[2,-13],[-17,-4],[-16,-9],[-16,1],[-26,-6],[-10,-9],[-7,-20],[-19,-11]],[[6889,1760],[-18,54],[-11,-21],[-8,-29],[-19,8],[-18,3],[-17,14],[-24,-23],[-17,-5],[-17,-45],[7,-23],[-6,1],[-50,47],[-18,6],[-9,18],[4,17],[2,32],[-8,14],[-37,6],[-30,-3],[-19,11],[-22,1],[-21,10],[-1,16],[-7,3],[-42,-2],[-16,6]],[[6889,1760],[15,-23],[7,-25],[0,-46],[14,-28],[4,-22],[-4,-33],[-15,-41],[-2,-36],[-9,-20],[-11,-9],[-18,-3],[-27,15],[-9,1],[-10,-12],[0,-11],[7,-26],[-13,-8],[-26,-7],[-7,-4],[-21,-52],[-72,-87],[-8,-20],[-6,-76],[-10,14],[3,33],[-26,10]],[[6645,1244],[-17,40],[-11,21],[-6,50],[-11,24],[-8,-6],[-13,-21],[-9,-4],[-28,18],[-20,-4],[-26,12],[-26,-4],[-12,1],[-16,10],[-14,-11],[-30,11]],[[6378,1347],[-76,-129],[-6,-17],[-8,-36],[-7,-13],[-27,-12],[0,-15],[11,-38],[-4,-18]],[[6645,1244],[-23,9],[-10,12],[-17,13],[-20,-61],[-34,12],[-10,-35],[-9,3],[-9,-18],[9,-4],[-14,-22],[12,-5],[15,14],[6,21],[13,0],[13,-28],[8,11],[18,11],[15,-7],[24,-54],[3,-14],[-9,-32],[-103,43],[-24,12],[-7,-17],[-4,-39],[4,-10],[5,-39],[-7,-6]],[[6177,798],[-9,-6],[-34,-3],[-26,9],[-29,38],[-11,5],[-16,24],[-14,33],[1,33],[-3,26]],[[6219,969],[-25,-113],[-17,-58]],[[6177,798],[-5,-15],[1,-30],[19,-57],[6,-34],[-4,-16]],[[6194,646],[-13,8],[-8,17],[-34,10],[-5,14],[-16,15],[1,9],[-24,16],[-12,19],[-31,10],[-33,20],[-16,13],[-12,14],[-18,1],[-13,6],[-11,-4],[-7,12],[-21,-9],[-4,4]],[[5917,821],[3,11],[5,49],[-4,21],[-16,38],[2,27],[31,80]],[[6194,646],[-18,-6],[-50,16],[-14,-2],[-13,-13],[-25,-50],[-17,-38]],[[5824,741],[4,53],[13,11],[54,3],[14,4],[8,9]],[[5413,630],[-19,45],[-6,56],[-12,51],[-16,20],[-36,24],[7,19]],[[5331,845],[45,125]],[[5376,970],[1,2]],[[5456,736],[-14,-44],[-15,-38],[-14,-24]],[[6515,901],[13,-20],[28,-2],[10,-7],[7,-15],[3,14],[19,33],[6,26],[11,8],[19,-4],[168,-69],[14,-7],[10,-41],[2,-27],[-1,-32],[5,-24],[18,-36],[-7,-22],[-5,-40],[-8,-17],[-23,-4],[-12,15],[-13,103],[-4,16],[-9,13],[-23,7],[-12,-9],[-14,-42],[-4,-18],[-22,-33],[-8,-20],[-8,-78],[-3,-8],[-12,-8],[-17,9],[-27,-9],[-31,9],[-16,-8],[-46,-1],[-35,11],[-8,-1],[-20,-19],[-16,-10]],[[6444,534],[-7,34],[7,24],[-5,22],[-19,10],[-36,4],[-19,-8],[-29,4],[-31,-2]],[[6305,622],[-17,-2],[1,-15],[-11,-1],[-11,8],[-19,-1],[-11,7],[-17,20],[-26,8]],[[5896,498],[4,-10],[22,-19],[4,-17],[-6,-51],[13,-43],[4,-25],[-5,-23]],[[5932,310],[-10,9],[-14,28],[-34,32],[-18,2],[-21,17],[-12,5],[-10,-5],[-41,15],[-13,-7],[-29,0]],[[5730,406],[8,37],[11,-2],[31,12],[19,19],[-19,18],[-4,9]],[[6454,352],[10,-2],[5,-18],[-18,-37],[26,-5],[-7,-34],[-8,-29],[-2,-15],[-6,-8],[-29,13],[-1,46],[-19,-4],[-10,9],[-41,-47],[-1,-9],[-13,-2],[-17,-8],[-36,8],[-25,9],[-24,16],[-24,8],[-23,12]],[[6191,255],[-2,12],[1,24],[13,39]],[[6203,330],[15,21],[4,1],[33,-13],[13,1],[28,-12],[-4,-16],[4,-7],[44,-20],[24,55],[6,-4],[-1,-22],[6,-9],[11,-2],[8,25],[11,24],[10,2],[25,-5],[14,3]],[[5331,845],[-56,18],[-6,4],[-17,34],[8,27],[34,174],[3,13]],[[5297,1115],[14,-5],[4,13],[30,-18],[-6,-22],[-15,-81],[52,-32]],[[6305,622],[4,-69],[11,-18],[-2,-27],[-12,-21],[-20,-5],[-20,-13],[-23,-11],[-10,-1],[-20,-13],[-18,3],[-20,-29]],[[6175,418],[-9,5],[-4,16],[-10,7],[-14,24],[-12,14],[-8,17],[-18,13],[-7,10],[-9,3],[-29,-1],[-13,-7]],[[6175,418],[-14,-17],[15,-24],[5,-28],[22,-19]],[[6191,255],[-34,-1],[-11,-11],[-7,12],[-16,-6],[-11,-17],[-22,-8],[-7,20],[-17,3],[-4,-11],[-8,7],[-8,21],[-23,-2],[-20,-11],[-11,3],[0,22],[-14,15],[-19,2],[-5,7],[-22,10]],[[6444,534],[2,-17],[-5,-17],[15,-1],[17,11],[26,-4],[39,-17],[-5,-20],[-10,-11],[-12,-26],[-23,-28],[-15,-25],[-11,-7],[-8,-20]],[[5297,1115],[34,110]],[[5417,1197],[-6,-24],[-19,-95],[-5,-60],[-6,-29]],[[5730,406],[-10,0],[-15,10],[-16,17],[-17,9],[-9,14],[-23,6],[-8,12],[-26,9],[-6,6],[-10,20],[-5,22],[-10,18],[-35,-3],[-13,2],[-26,19],[-88,63]],[[5746,1138],[-9,-18],[-6,-42],[-7,-29],[-12,-15],[-16,-7],[-48,0],[-18,11],[-7,10],[-27,49],[-17,21],[-14,5],[-16,-1]],[[5610,1262],[22,-31],[31,-26],[37,-23],[26,-26],[20,-18]],[[5534,1016],[16,57],[-1,49]],[[5746,1138],[77,-46],[3,-5],[3,-27],[7,-10],[12,-3],[30,13],[23,3],[-2,6],[15,-6],[24,-16]],[[4770,1350],[-15,-6],[-8,-14],[-8,-6],[-11,24],[-18,25],[-26,14]],[[4684,1387],[9,27],[13,21],[22,-15],[37,-39],[13,-7],[-8,-24]],[[5581,3072],[-70,28],[-13,0]],[[5498,3100],[-2,33],[-81,21],[-66,15],[-72,3]],[[5498,3100],[-25,1],[-21,-4],[-50,-2],[-18,2],[-61,-1],[-6,-4],[-31,-1],[-7,4],[-197,-7]],[[5546,2759],[-27,4],[-3,7],[-49,21]],[[5389,2518],[-14,-69],[-97,25],[-35,9]],[[5243,2483],[10,54],[71,-20],[4,18]],[[5243,2483],[-63,19]],[[5494,2326],[-15,4],[-14,10],[-106,27],[-33,10],[-85,24],[-74,21],[-5,-10],[-11,-2]],[[5475,2166],[-42,10],[-31,13],[-61,27],[-21,12]],[[5352,1299],[-16,4],[-21,-9],[-43,-27],[-12,-6],[-16,-2],[-2,-9],[-64,23],[-4,5],[-89,31],[-8,1],[-14,-9],[-35,-101],[-59,-34],[-13,-15],[-12,-4],[-10,-14],[-11,-6],[-2,-17],[-26,5]],[[4895,1115],[69,204]],[[4895,1115],[-6,4],[-9,46],[-10,88],[2,38],[-46,21],[-9,7]],[[4817,1319],[7,18],[0,10],[10,24]],[[4817,1319],[-12,5],[-11,10],[-9,-1],[-15,17]],[[4684,1387],[-3,2],[-8,-20],[-14,9],[-9,-5],[-14,8],[-8,16],[-3,27],[-12,21],[-21,24],[-14,6],[-38,-1],[-31,1],[-15,6],[-23,-2],[-5,-15],[10,-11],[-14,-21],[-11,9],[1,7],[-10,11],[-28,15],[-8,11],[-13,39],[-2,21],[-6,7],[7,15],[-17,20],[-9,6],[-2,10],[-56,39]],[[4308,1642],[0,12],[8,9]],[[4284,1782],[6,-4],[28,3],[32,-6]],[[4308,1642],[5,-45],[-5,-11],[-30,23],[4,33],[-6,10],[-12,4],[-23,15],[-8,-16],[-32,33],[-7,-6],[-20,15],[-35,9],[-12,11],[-7,-3]],[[4120,1714],[10,28],[11,20],[21,2],[24,8],[20,14],[18,0],[19,-14],[13,6],[14,-3],[14,7]],[[4597,2160],[-20,-12],[-15,-1],[-21,-53],[-32,15]],[[4509,2109],[-6,1],[-4,61],[-17,-5],[-28,-3]],[[4454,2163],[-1,54]],[[4453,2217],[37,27],[42,25],[8,8],[13,24],[14,20],[6,21],[-1,31],[12,10]],[[4639,2002],[-29,18],[-13,-50],[-3,-23],[-6,-20],[-26,-33],[-13,0],[-12,14],[-56,-6],[0,29],[-2,48],[-4,36],[2,23],[-3,18],[-15,21]],[[4459,2077],[31,12],[1,-18],[14,-1],[4,39]],[[4412,1769],[-8,22],[-26,13],[-11,46],[-12,29],[-11,7],[27,68],[8,49],[-1,12]],[[4378,2015],[40,36],[28,40],[13,-14]],[[4285,2696],[-17,3]],[[4268,2699],[-18,0],[-12,-16],[-6,-28],[-19,-25],[-45,-44]],[[4168,2586],[-1,38],[-40,-21],[-14,40],[-8,-1],[6,30],[-5,14],[-22,-10],[-9,-12],[-1,-17],[-4,13],[-13,8]],[[4057,2668],[-10,29],[14,11],[18,-1],[2,9],[-10,11],[2,11]],[[4073,2738],[19,-7],[30,-25],[25,4],[15,-8],[9,0],[17,9],[9,13],[27,23],[32,17],[30,-4],[-1,22]],[[4285,2782],[17,0],[3,-81],[-20,3],[0,-8]],[[4118,1972],[-7,9],[-19,-1],[-1,24],[-5,22],[19,21],[19,11],[4,12],[-11,36],[-2,21],[7,12],[20,-3],[50,36],[16,3],[9,-4]],[[4217,2171],[2,-20],[-1,-30],[9,-1],[33,16],[8,-9],[40,-8],[22,17],[16,20],[46,27],[-3,13],[48,26]],[[4437,2222],[16,-5]],[[4454,2163],[-20,-16],[-10,-34],[-39,-31],[-41,-35],[-20,-16],[-19,-6],[7,-7],[-5,-5],[-31,-7],[-3,-6],[-20,-11],[-35,3],[-30,-27],[-24,-12],[-37,-14],[0,28],[-9,5]],[[4378,2015],[-20,-8],[-41,-32],[-35,-24],[-10,-11],[-25,-12],[-9,-11],[-8,-48],[3,-20]],[[4233,1849],[-9,12],[-19,11],[-7,14],[-9,4],[-29,-5],[-1,-10],[-9,-4],[-22,16],[-30,-13],[-7,-31],[-5,-10]],[[4086,1833],[-28,17],[-5,-7],[-10,8],[11,10],[-21,2],[5,22],[15,-1],[1,14],[6,0],[1,15],[14,8],[8,-10],[11,9],[18,3],[-2,15],[8,34]],[[4284,1782],[-2,31],[-15,20],[-27,9],[-7,7]],[[4217,2171],[19,11],[21,0],[22,12],[13,3],[5,41],[27,57],[23,0],[22,14],[15,2],[16,-8],[15,-23],[4,-27],[8,-20],[10,-11]],[[4285,2782],[-2,25],[9,29]],[[4292,2836],[13,-7],[-1,-8],[64,-6]],[[4368,2815],[39,-3],[13,-3]],[[4420,2809],[-13,-26],[-10,-15],[-52,-36],[-9,-11],[-7,-20],[-19,-11],[-25,6]],[[4217,2171],[-4,10],[-12,4],[-11,47],[-14,5],[2,15],[-7,5],[-10,20],[-12,5],[-2,17],[-10,14],[0,9],[7,29],[-5,20],[-12,4],[-11,-4],[-10,11],[5,21],[-17,9],[-6,16]],[[4088,2428],[11,29]],[[4099,2457],[16,4],[51,10],[56,23],[56,-6]],[[4270,2630],[-2,69]],[[4420,2809],[15,28],[8,6]],[[4099,2457],[-19,0],[-30,33],[-17,5],[-13,12],[8,10],[6,32],[11,-2],[29,4],[17,8],[28,0],[11,3],[38,24]],[[3024,181],[-22,-35],[-18,-1],[-10,-14],[-24,3],[-23,-13],[-9,8]],[[2918,129],[-5,22],[-6,12],[-84,-18],[1,-5],[-26,-20],[-19,-4],[-10,12]],[[2769,128],[-12,0],[-25,-10],[-6,17],[-7,3],[-10,-6],[-3,-9],[-26,7],[-16,-2],[5,21],[20,22]],[[2805,183],[36,2],[61,12],[11,-3],[32,5],[26,17],[6,6],[27,-12],[15,-15],[5,-14]],[[4088,2428],[-10,-10],[-5,4],[-15,-11],[-24,-7],[-23,2],[-12,17],[7,12],[-50,35]],[[3956,2470],[3,22],[-15,23],[-4,1],[3,46],[-41,6],[0,17],[-30,2],[1,12],[8,8],[-28,1],[-27,6],[-27,12]],[[3799,2626],[4,11],[21,-9],[35,-9],[45,8],[12,15],[-4,19],[30,-3],[27,-13],[3,-12],[9,-4],[12,-15],[12,-1],[11,26],[11,4],[8,27],[11,-8],[11,6]],[[4296,3056],[14,-49]],[[4310,3007],[-67,-1],[-1,20],[-10,0],[-1,11],[-53,-5],[6,29],[-65,-6]],[[4119,3055],[0,30]],[[4119,3085],[110,11],[56,2]],[[4073,2738],[14,29],[12,3],[27,-18],[9,13],[0,22],[-16,31],[-1,6],[14,-3],[-1,25],[-14,-1],[0,17]],[[4117,2862],[2,-5],[27,-7],[6,-13],[-7,-12],[12,-11],[20,-29],[21,-4],[-2,17],[9,2],[15,15],[4,14],[13,3],[-5,22],[3,15],[11,21],[-2,6]],[[4244,2896],[0,49],[47,-14],[27,-11]],[[4318,2920],[-9,-48],[-17,-36]],[[4117,2862],[27,8],[14,1],[7,14],[20,-8],[59,19]],[[2918,129],[-9,-16],[-18,-1],[-5,-7],[-23,-3],[-15,-9],[-7,-11],[-15,-3],[-9,4],[-14,-10],[-14,5],[-12,-7]],[[2777,71],[-3,17]],[[2774,88],[-5,40]],[[3956,2470],[-5,-23],[-11,-2],[0,8],[-10,-7],[-28,2],[1,11],[-11,1],[-3,21],[4,42],[3,7],[-14,-3],[-6,-8],[-9,4],[-2,14],[-19,-4],[5,34],[-41,3],[-7,9],[3,32],[-11,11],[4,4]],[[4318,2920],[0,21],[-6,7],[1,32],[-3,27]],[[4365,2967],[3,-108],[0,-44]],[[4119,3085],[7,70],[0,10],[-23,4],[0,4]],[[4117,2862],[-19,34],[-12,-10],[-8,0],[-8,-13],[-8,-1],[-14,14],[-6,-8],[-7,2]],[[4035,2880],[9,16],[16,5],[9,20],[-5,40],[1,10],[33,28]],[[4098,2999],[20,-4],[6,14],[-5,46]],[[2774,88],[-84,-18],[-6,3],[-4,20],[-12,6],[-101,-21],[-76,11],[-19,5]],[[2472,94],[-5,11],[6,9],[23,52]],[[2496,166],[21,0],[30,-4],[48,-10],[26,4]],[[2621,156],[42,11],[26,4]],[[4000,3240],[-8,-6],[-33,-2],[-22,9],[-19,-2]],[[3918,3239],[-15,-4]],[[3903,3235],[-29,1],[-20,5],[-31,15],[-28,6],[-18,16],[-12,-36],[-17,9],[-30,7],[-8,8],[-1,35],[-33,-8],[-13,2],[-29,12],[-17,2],[-38,-9],[-13,-14]],[[3566,3286],[-18,-1],[-14,9],[16,14],[11,-4],[16,4]],[[3577,3308],[9,9],[12,24],[7,0],[7,-12],[6,2],[21,19],[16,4],[27,-5],[21,6],[19,23],[4,0],[16,-17],[16,-3],[18,7],[27,-8],[9,-9],[30,-6],[11,-5],[20,4],[28,-20],[10,-3]],[[4013,3233],[-7,-41],[-17,8],[-12,-81],[-71,34]],[[3906,3153],[-10,10],[2,13],[5,4],[3,17],[6,-2],[6,44]],[[3927,2899],[18,34],[43,31],[25,19],[19,9],[50,11],[16,-4]],[[4035,2880],[-7,-33],[-18,-14],[-15,2],[-16,12],[-14,17],[-33,13],[-8,7],[3,15]],[[3906,3153],[-2,-12],[23,-28],[-30,-19],[-13,-5],[-2,-9],[6,-9],[-5,-10]],[[3883,3061],[-27,21],[-1,14],[11,19],[-2,17],[6,21],[10,7],[-5,14],[0,27],[28,-3],[2,10],[-2,27]],[[2074,853],[17,15],[11,2],[19,-23],[14,-2],[21,-17],[-6,-36],[0,-21],[25,6],[19,26],[33,6],[19,25],[12,-1],[25,-19],[18,-2],[-3,-15],[-31,-8],[3,-17],[26,6],[-9,-39]],[[2053,729],[4,70],[-14,5],[-2,24],[-10,11],[-22,7]],[[2009,846],[9,49],[33,35],[6,-10],[-4,-22],[21,-45]],[[3927,2899],[-28,2],[-1,-7],[-17,0],[-17,9],[-4,23],[27,13],[19,3],[11,11],[4,14],[-5,5],[-33,24],[-15,14],[-1,7],[30,2],[5,8],[14,-3],[16,9],[3,18],[-9,1],[-36,11],[-7,-2]],[[2045,631],[-39,-46],[-9,-5],[-37,-5],[-11,-8],[-34,-44],[-10,17],[-24,1],[-15,4],[-9,9],[-14,0]],[[1843,554],[1,15],[11,36],[-9,13],[-1,24]],[[1845,642],[22,37],[0,3]],[[1867,682],[22,5]],[[1889,687],[46,-4],[16,-5],[3,19],[-15,12],[1,9],[18,3],[27,21],[8,2],[33,0],[27,-15]],[[2263,372],[-21,-14],[-5,-9],[1,-22],[19,-41],[27,-23]],[[2284,263],[2,-9]],[[2286,254],[-42,1],[-40,-1],[-30,3],[-18,-11],[-24,3],[-36,-15],[-3,-39],[7,-56],[29,5],[14,-2],[9,9],[12,-3],[17,2],[16,-6],[11,2],[-13,45],[1,20],[38,-3],[17,-8],[25,-6],[20,1]],[[2296,195],[6,-34],[9,-22],[1,-17],[7,-10],[12,-3]],[[2331,109],[-23,-6],[-24,0],[-23,-15],[-19,-5],[-9,-6],[-29,-10],[-11,6],[-18,-3],[-29,8],[-23,-1],[1,-12],[-18,-10],[-16,0],[-10,-8],[-12,3],[-6,31],[-21,1],[-3,-19],[-19,7],[-11,20],[-16,-5],[-11,-28],[-93,66],[11,10],[5,26],[15,-1],[12,32],[8,45],[-3,26],[-11,40],[-21,-7],[-35,-1],[6,25],[-23,5],[-2,26],[33,2],[0,10]],[[1883,361],[12,-1],[4,7],[12,-1],[26,5],[-1,14],[-8,7],[-27,4],[-12,5],[-11,15],[8,-1],[5,9],[25,4],[2,19],[18,9]],[[2951,465],[-17,-3],[-9,-6],[-4,-13],[-8,-3],[-13,11],[-15,24],[-16,0],[-4,5],[-34,-16]],[[2749,588],[12,8],[16,17],[6,12],[0,14],[-5,23],[7,20],[10,57],[1,24],[-36,19],[-36,30]],[[2724,812],[0,5],[17,23],[22,3]],[[2763,843],[1,-10]],[[2764,833],[12,-32],[10,16],[6,2],[29,27],[7,-6],[25,-33],[10,-6],[-2,-13],[6,-18],[-13,-9],[6,-51],[11,-23],[4,-20],[-2,-16],[-12,-18],[-2,-9],[22,-22],[21,-6],[9,-10],[5,-19],[-1,-25],[9,-10],[22,-5],[-1,-29],[6,-33]],[[2676,358],[-54,-56],[-5,-12],[4,-134]],[[2496,166],[2,21],[-10,7],[-12,80],[-6,6],[-12,-3],[-11,10],[-13,26],[3,8],[-19,4],[-31,-6],[-12,-7],[-26,17],[-18,0],[-10,10],[-7,-4],[-24,11],[-21,0],[4,-26],[11,-57]],[[2777,71],[-9,-8],[-9,7],[-18,-4],[-2,-16],[-16,-5],[-15,-13],[-25,3],[-7,-12],[10,-10],[-15,-6],[-5,14],[-29,-11],[-14,0],[-21,10],[-4,-12],[-6,5],[-10,-11],[-11,7],[-16,-8],[-1,8],[-14,7],[-4,-9],[-9,5],[-12,-2],[-16,4],[-11,42],[-21,21]],[[2467,77],[5,17]],[[2941,270],[19,3],[10,21],[-4,9],[7,9],[21,0],[9,10],[-2,14]],[[3001,336],[32,-7],[7,-29],[26,-27],[3,-8],[-7,-20],[8,-23],[-15,-14],[-9,-1],[-12,-9],[-10,-17]],[[2951,465],[21,-37],[6,-17],[1,-18],[6,-18],[2,-28],[14,-11]],[[2286,254],[10,-59]],[[1883,361],[-13,6],[-1,25],[-11,16],[1,12],[-20,44],[4,17],[-4,54],[4,19]],[[1889,687],[2,11],[-21,21],[-7,15],[17,19],[-1,6],[-14,12],[4,4],[-5,12],[3,15],[13,11],[-28,18],[-4,31],[-11,16],[-29,10],[-3,4],[-6,43],[-3,8],[-11,3],[14,5],[3,12],[11,2],[11,11],[5,-2],[4,32],[9,0],[9,-19],[7,-1],[17,-20],[11,-21],[0,-20],[-17,-19],[-7,-21],[50,7],[18,-29],[16,19],[6,-9],[22,14],[20,-7],[9,-7],[6,-27]],[[2306,982],[18,-4],[18,7],[14,-2],[22,-18]],[[2378,965],[21,-19],[15,-7]],[[2414,939],[12,-8],[-4,-7],[-15,-5],[-38,9],[9,-19],[13,-12],[5,-12],[23,-14],[25,-32],[15,-15],[-13,-17],[-30,-6]],[[2074,853],[2,17],[-2,30],[15,25],[2,16],[17,55],[5,5],[25,7],[13,7],[33,-5],[26,16],[12,-2],[11,-14],[8,-21],[16,-9],[32,0],[17,2]],[[2306,982],[14,36],[2,14],[7,15],[-1,26],[-7,10],[-28,15],[4,17],[10,14],[7,-2],[9,16],[12,-4],[17,9],[13,-11],[2,-22],[-5,-15],[0,-25],[4,-19],[-10,-37],[10,-14],[0,-8],[16,-6],[-4,-26]],[[2414,939],[35,-4],[26,-16],[30,-8],[21,-1],[10,5],[4,19],[15,10],[22,2],[29,10],[10,-11],[15,2],[23,-40],[-4,-7],[7,-21],[1,-27],[4,-5],[34,-6],[23,-21],[5,-8]],[[3003,5398],[-51,11],[-14,-5],[-29,-2],[-17,-7],[-13,2],[-16,17],[-15,29],[-14,34],[-32,11],[-28,-2]],[[2774,5486],[-6,25],[9,15],[15,3],[15,-2],[4,20],[17,-1],[4,26],[10,9],[0,27],[8,9],[6,17],[10,13],[-1,16]],[[2865,5663],[35,-13],[13,-13],[24,-9],[30,-7],[7,-9],[16,-40]],[[2990,5572],[-5,-25],[-2,-51],[7,-38],[6,-22],[7,-38]],[[5239,6708],[-5,-28],[-2,-31],[-13,-47]],[[5120,6649],[1,10],[7,2],[-1,13],[19,37],[11,8],[8,-6],[15,-2],[4,5]],[[5184,6716],[13,-7],[8,19],[34,-20]],[[3991,5212],[5,10],[-4,11],[10,27],[-18,12]],[[3216,5547],[6,-25],[-11,-38],[-9,-19],[1,-36],[-6,-9],[1,-21],[-10,-19],[5,-14],[-37,-13]],[[3156,5353],[-22,8],[-18,25],[-5,11],[-20,13],[-5,-1],[-14,-17],[-21,-11],[-11,1],[-17,14],[-20,2]],[[2990,5572],[32,-6],[14,-13],[16,-6],[24,-2],[16,-14],[17,6],[29,-5],[18,20],[23,-7],[14,-20],[13,0],[10,22]],[[3491,5538],[7,-13],[19,1],[13,-16],[15,-8],[0,-20],[6,-15],[16,-12],[19,-21],[18,-2],[16,7],[7,-3],[12,-15],[18,-16],[9,-14],[-1,-9],[-16,8],[-22,5]],[[3490,5294],[-44,16],[-17,14],[-17,17]],[[3412,5341],[-22,24],[-19,10],[-20,-1],[-16,-9],[-32,-41],[-24,-11],[-17,2],[-47,22],[-24,3],[-46,-15]],[[3145,5325],[0,10],[11,18]],[[3216,5547],[15,-8],[-4,-32],[8,-12],[12,-6],[52,4],[23,5],[11,17],[10,2],[16,-15],[35,-8],[10,5],[10,12],[34,25],[13,-1],[24,9],[6,-6]],[[3145,5325],[-25,-9],[-21,0],[-11,5],[-29,21],[-24,8],[-16,-3],[-34,-19]],[[2985,5328],[-17,-5],[-52,-3]],[[2916,5320],[-46,-14],[-22,2],[-16,13],[-24,27],[-11,9],[-33,20]],[[2723,5403],[-27,16],[-23,19],[-18,25],[-36,56],[6,8],[1,15],[-11,8],[-3,14],[5,14],[17,-4],[29,6],[30,10]],[[2693,5590],[11,-31],[14,-17],[6,-27],[7,-16],[18,-18],[25,5]],[[2826,5723],[9,-16],[12,-10],[8,-21],[1,-11],[9,-2]],[[2693,5590],[6,4],[-11,8],[-32,-2],[-9,4],[-9,21],[-2,11],[-16,16],[-13,6],[-5,8],[-21,10],[-11,59],[11,15],[15,-4],[5,-13],[32,-20],[12,-3]],[[2645,5710],[7,3],[24,26],[8,22],[11,5],[30,-18],[12,-22],[16,-9],[10,-14],[14,-4],[11,-16],[21,-11],[1,22],[16,29]],[[7184,5915],[0,-35],[-8,-14],[-19,-68],[-5,-9]],[[7152,5789],[-11,6],[1,30],[-15,8],[3,16],[-23,17]],[[7064,5952],[21,5],[9,-6],[34,-7],[2,-10],[19,-11],[-1,-11],[36,3]],[[2803,5801],[5,-11],[2,-21],[16,-38],[0,-8]],[[2645,5710],[4,20],[-11,2],[-2,9],[7,3],[6,14],[2,30],[-12,8],[12,14],[5,-7],[13,14]],[[2669,5817],[2,-20],[14,-7],[19,22],[19,-20],[4,0],[10,22],[8,9],[17,-18],[13,24],[28,-28]],[[4032,5143],[-28,-18],[-13,-15]],[[3734,5059],[-28,-1],[-20,-4],[-18,4]],[[3668,5058],[21,22],[8,1],[11,19],[-6,21],[29,58]],[[5200,6878],[-15,10],[10,11],[-13,10],[-10,-8],[-17,4]],[[5155,6905],[0,9],[-15,2],[-11,6],[-4,18],[26,18],[-15,9],[-19,-10],[-2,4],[-15,-10],[-19,-6],[-7,17],[34,18],[7,0]],[[5296,6748],[-16,-6],[-18,5],[1,4],[-21,6],[-6,-23],[3,-26]],[[5184,6716],[0,9],[18,8]],[[5202,6733],[7,-2],[4,8],[14,-4],[9,18],[-4,10],[2,29],[-11,12],[-5,18],[-10,0],[-9,26],[-24,7],[-17,18]],[[5158,6873],[-7,19],[4,13]],[[5202,6733],[5,22],[-5,7],[2,13],[-7,31],[-6,1],[-7,15],[-14,8],[-9,-4],[-8,20],[5,27]],[[7283,6280],[21,-10],[7,-35],[31,-2],[-12,-10],[19,-9],[15,-32],[-15,-23],[-16,-11],[4,-5],[-12,-15],[-22,19],[-16,-1],[-17,11],[-2,6],[-7,-13]],[[7261,6150],[-24,1],[2,11],[-11,9],[-37,10]],[[7191,6181],[-21,-2],[-8,10],[-17,11],[-12,-3],[-14,5]],[[7119,6202],[-14,9],[-20,1],[-30,-2],[-21,4]],[[7191,6181],[-9,-17],[-1,-18],[-11,-21],[-7,-24],[3,-11],[12,-7],[6,-27],[-17,-21]],[[7167,6035],[-21,10],[-8,-9],[0,-15],[-10,8],[-16,-3],[-2,10],[-20,-1],[-6,-38],[-22,10]],[[7056,6043],[-12,19],[10,54],[23,50],[4,19],[6,5],[32,12]],[[7261,6150],[2,-18],[-5,-16],[18,-2],[2,-13],[-8,0],[-13,-12],[11,-21],[-15,-5],[2,-22],[8,10],[11,-12],[-3,-27],[11,-7],[3,-35],[-5,-74],[-2,-14],[3,-22],[13,-33],[-14,2],[-3,-12],[-17,4],[-4,-12],[-8,0],[3,-18],[-5,-16],[-13,-5],[-10,-26],[-3,-19],[-19,-8],[-1,-9],[27,-1]],[[7227,5707],[-1,-27],[-10,-6],[-2,7],[-16,7],[-21,15],[-16,53],[-12,16],[8,11],[-5,6]],[[7184,5915],[-3,52],[-12,33],[-4,27],[2,8]],[[6994,5128],[30,2],[2,-4],[11,22],[0,17],[17,0],[12,16],[3,-18],[11,3],[3,9],[32,11],[9,-32],[3,-24],[-2,-12],[-10,-16],[4,-6],[-19,-18],[13,-11],[5,-17],[-15,-10],[11,-24]],[[7227,5707],[6,0],[12,-18],[1,-35],[-1,-14],[-12,-20],[6,-23]],[[7239,5597],[-85,-74],[-3,2]],[[7151,5525],[-29,-25],[-13,-13]],[[7109,5487],[-14,54],[-5,28],[-12,32],[-4,17],[4,19],[18,26],[-18,8],[-14,-26],[-16,-13]],[[7023,5172],[-1,0]],[[6862,5218],[28,10],[12,28],[3,28],[0,20]],[[6905,5304],[17,-16],[2,7],[14,12],[7,-10],[-4,-26],[14,-38],[-8,-35],[-7,-15],[9,1],[10,13],[3,21],[9,0],[6,-17],[11,-6],[3,6],[17,-10],[15,-19]],[[7286,5336],[-4,10],[-10,2],[4,15],[10,-1],[13,25],[-8,38],[-16,3],[-16,-7],[1,15],[-12,32],[-4,22],[-8,19],[-19,23],[-31,6],[-12,-3],[-15,-13],[-8,3]],[[7239,5597],[9,9],[3,-8],[11,-4],[3,-8],[14,-5],[5,-11],[-7,-17],[21,8],[-2,-13],[15,-57],[15,13],[21,11],[7,-25],[14,-22],[9,-24],[-9,-14],[-12,-11],[-4,-19],[-9,9],[-5,-12],[-3,-21],[6,-10],[-7,-13],[-24,13],[-12,-12],[9,-11],[-2,-7],[-19,0]],[[7109,5487],[-36,-35],[-48,-42]],[[7025,5410],[-120,-106]],[[7188,3935],[-18,-9],[-14,-23],[-19,10],[-11,-22],[5,-10],[-11,-12],[-7,5],[-1,-13],[-16,-16],[7,-13],[-11,-10],[9,-22],[-1,-25],[-8,-9],[-1,-19],[3,-16],[-13,-2]],[[7055,3905],[32,21],[21,6],[18,11],[41,5],[16,5],[5,-18]],[[7213,5299],[-24,-6],[-33,-26],[-33,-16],[-20,2],[-11,-7],[-13,-18],[-9,-8],[-10,-21],[-12,-12],[-25,-15]],[[7025,5410],[24,-14],[5,-10],[-3,-23],[19,-3],[12,5],[12,-7],[13,-14],[38,-24],[0,-7],[-13,-3],[-23,3],[-7,-12],[11,-9],[6,7],[36,3],[12,6],[27,18],[7,-16],[12,-11]],[[7098,4094],[-8,-28],[7,-3],[1,-11],[14,-2],[7,-14],[26,-25],[6,-10],[23,-21]],[[7174,3980],[-12,-15],[-20,8],[-5,20],[-16,-5],[6,-14],[-19,-4],[-38,-16],[-15,18],[-10,3]],[[7011,4061],[13,12],[3,15],[20,10],[21,2],[16,-8],[14,2]],[[7244,4888],[-15,-7],[-3,-24],[7,-8],[7,-27],[-1,-15],[-21,-3],[-13,5],[-15,-7],[-19,-17]],[[7171,4785],[-19,18],[-23,13],[-5,-7],[3,-23],[-4,-24],[-13,-2],[-19,14],[-20,-4],[1,34]],[[7286,5336],[3,-27],[-33,1],[-14,-15],[-29,3]],[[7213,5298],[0,1]],[[7213,5298],[-18,-20],[-1,-6],[11,-7],[0,-20],[17,8],[2,19],[17,-7],[5,-13],[5,0],[0,-17],[9,-5],[15,11],[3,12],[24,-6],[2,-42]],[[7194,4740],[-7,21],[-16,24]],[[7338,5062],[9,-18],[0,-32],[19,-7],[11,-9],[9,0],[3,-9],[22,-16],[-16,-28],[-5,-14],[17,8],[4,-12],[-10,-6],[17,-12],[-9,-12],[-4,-17],[9,-13],[-10,-13],[-22,11],[-22,-1],[5,-14],[9,2],[-1,-12],[4,-11],[-12,-4],[1,-8],[-13,-13],[-9,-2],[1,-11],[-21,-5],[-17,13],[-16,-9],[-7,-21],[0,-40],[-9,-7],[-8,-15],[-3,8],[-19,-10],[-24,18],[-7,-9],[-19,14],[5,15],[-6,-1]],[[7194,4740],[-13,-3],[-19,5],[2,8],[-24,0],[4,-9],[-1,-30],[-12,-3],[3,-6],[-3,-40],[-9,-9],[9,-11],[-5,-13],[-12,-1],[-2,-22],[-10,-15],[-10,12],[-1,17],[-27,1],[-9,-27],[-17,1],[-3,6],[-13,-4],[-27,4],[-18,6],[-3,8],[-5,-49],[14,-19],[2,-12],[-3,-39],[15,-22],[3,-14],[13,-18],[2,-17]],[[7177,4205],[-2,-19],[8,-8],[-4,-52],[1,-16]],[[7180,4110],[-17,-3],[-16,0],[-19,-14],[-30,1]],[[7073,4324],[-1,-31],[3,-17],[10,-9],[6,9],[2,-16],[10,-31],[4,0],[6,47],[6,11],[6,-24],[9,-17],[15,-18],[1,-15],[8,-9],[19,1]],[[7198,4213],[-13,20],[-6,-4],[-2,-24]],[[7230,4377],[9,3],[12,-12],[-11,-13],[23,-20],[-6,-13],[-12,-11],[-7,10],[-14,-11],[17,-19],[-29,-5],[-8,-5],[13,-34],[-10,-8],[-9,-26]],[[7230,4095],[9,-26],[45,-36],[-7,-1],[-29,11],[-1,9],[-28,9],[-8,-19],[-6,-2],[-8,-22],[-17,6],[7,-14],[11,0],[10,-16]],[[7208,3994],[-15,4],[-19,-18]],[[7180,4110],[16,2],[20,10],[-11,-32],[25,5]],[[7208,3994],[9,-2],[2,-19],[-9,-6],[-10,-38],[-12,6]],[[7198,4213],[37,-22],[-7,-11],[0,-36],[9,-18],[-8,-16],[1,-15]],[[7587,3468],[5,-30],[6,-12],[11,-7],[15,-42],[7,-9],[8,-29],[-37,-6],[-38,-21],[-19,-16],[-1,-4]],[[7544,3292],[-24,-8],[0,18],[-9,26],[-7,5],[-9,21],[-27,15],[-17,-2]],[[7456,3497],[7,4],[28,-1],[2,19],[5,3],[-2,27],[4,8],[27,-8],[-2,-35],[13,-4],[20,16],[21,7],[0,-12],[10,-21],[-2,-32]],[[7742,3226],[-4,-10],[-34,-17],[-14,6],[-12,23],[-25,-18],[-26,2],[-10,20],[-8,7],[-13,20],[-23,14],[-18,20],[-11,-1]],[[7587,3468],[10,4],[5,18],[27,24],[14,29],[9,-22],[12,-11],[0,-15],[-5,-21],[-12,-19],[13,-26],[8,-6],[19,3],[8,-5],[4,-26],[5,-13],[24,-30],[3,-12],[-14,-21],[4,-11],[9,-5],[27,12],[17,19],[4,39],[6,12],[13,3],[-7,-19],[-6,-41],[-5,-17],[-11,-14],[-11,-23],[-8,-31],[-7,-17]],[[7742,3226],[11,8],[17,-4],[5,-21],[-12,-29],[-13,-24],[-14,-7],[-22,-4],[-8,-16],[-15,-7],[-20,-21],[-10,-14],[-23,16],[-10,-1],[-32,-14]],[[7596,3088],[-27,-7],[-15,-27],[-10,-5],[-12,-17]],[[7596,3088],[7,-17],[8,4],[17,-6],[16,0],[14,-6],[32,-3],[10,-7],[16,9],[23,4],[18,-8],[11,0],[12,-6],[12,2],[33,-10],[13,7],[-6,-10],[7,-11],[-5,-25],[7,-2],[-1,-10],[-17,-7],[-6,2],[-17,26],[-19,-5],[-14,15],[-4,-6],[-10,10],[-2,-29],[7,-11],[17,-15]],[[4119,6210],[1,-22],[8,-11],[4,-18],[14,-5],[-5,-19],[11,-25],[11,-11],[10,-40],[1,-35],[-13,-18],[-7,1],[-12,-13]],[[4142,5994],[-33,-37]],[[3943,6001],[-1,4],[10,19],[15,17],[5,14],[-1,31],[24,32],[11,5],[16,18],[3,35],[18,28],[-16,22],[-15,59],[8,8],[7,-8],[19,9],[14,-24],[14,-10],[16,-5],[20,-47],[9,2]],[[4178,6236],[2,-17],[13,-25],[10,-37],[-3,-9],[7,-15],[17,-16],[-5,-11],[11,-28],[-3,-6],[2,-25],[8,-26],[26,-25],[1,-30],[10,-9],[10,-19],[2,-18],[14,-31],[-2,-32],[8,-7]],[[4306,5850],[-11,-9],[-13,-1],[-17,5],[-37,-16]],[[4228,5829],[7,24],[-31,70],[2,16],[-10,8],[-7,-5],[-12,28],[-11,10],[-24,14]],[[4119,6210],[31,21],[15,12],[4,-7],[9,0]],[[4228,5829],[-39,-13]],[[4304,6177],[-7,-15],[7,-33],[5,-10],[-7,-12],[-13,-37],[-1,-32],[25,-33],[7,-2],[29,2],[14,-16],[6,-26],[-6,-22],[2,-7],[13,-10],[4,-10],[-9,-27]],[[4178,6236],[22,2],[45,6],[34,-7],[25,-60]],[[8674,4844],[-16,-28],[-25,-26],[-12,-7],[-3,-22],[-8,-16],[-10,-10],[-15,-1],[-6,105],[-17,0],[-7,29],[16,12],[-9,17],[10,12],[19,53],[11,-3],[-6,-43],[39,-16],[51,-14],[-12,-42]],[[8684,5023],[11,-29],[-4,-18],[-8,-4],[5,-9],[12,-1],[-8,-16],[-18,15],[-13,2],[-2,12],[-9,-3],[-2,25],[5,13],[-36,-1],[-2,-27],[-10,1],[7,43],[32,-6],[19,12],[12,13],[14,5],[-3,15],[7,2],[8,-25],[-17,-19]],[[4324,6116],[4,-4],[16,2],[21,-17],[13,-32],[9,-6],[1,-11],[11,-7],[7,-29],[11,-5],[3,-13],[17,-15],[7,-2],[0,-22]],[[4304,6177],[2,-17],[5,-3],[6,-32],[7,-9]],[[4324,6116],[22,13],[35,13],[39,22],[57,25],[5,-8],[4,-22],[0,-32],[3,-5],[36,23],[9,1]],[[3668,5058],[-25,-9],[-6,-12],[-13,-9],[-2,13],[-14,4],[-7,12],[-18,-18],[-13,-2],[-9,9],[-31,-6]],[[3530,5040],[-12,26],[-19,34],[-23,19],[5,9],[-13,13],[0,17],[15,23],[-11,53],[-12,-1],[-11,28],[-12,-2],[-3,8],[-25,29],[-13,-1]],[[3396,5295],[-4,22],[4,9],[16,15]],[[3633,4721],[-8,15],[-12,11],[-12,20],[-22,26],[-38,67],[-30,46],[-28,31],[-17,44],[-4,31],[14,-7],[5,-24],[19,-8],[15,13],[-9,18],[-7,-4],[-3,22],[2,23],[5,15]],[[3503,5060],[27,-20]],[[3396,5295],[-7,-9],[-10,36],[-7,1],[2,-17],[-2,-27],[-21,-13],[-12,-26],[-24,-14],[-20,11],[-16,0],[7,-28],[-7,-23],[-10,-14],[-10,-31],[3,-7],[16,0],[26,19],[10,-9],[22,0],[-5,-12],[-12,-1],[-5,7],[-9,-17],[9,-13],[1,-20],[-4,-11]],[[3311,5077],[-24,21],[-12,5],[-38,-1],[-10,8]],[[3227,5110],[-7,9],[2,28],[-8,12],[-19,9],[-26,17],[-34,7],[-14,-2],[-13,9],[0,22],[-6,15],[-17,13],[-24,-1],[-21,5],[-19,13],[-2,10],[5,25],[18,9],[3,11],[-14,12],[-20,-1],[-12,-7],[-14,3]],[[2096,7251],[-11,-1],[-9,17],[-7,24],[-10,17],[-3,14],[-11,6],[-10,19],[0,17],[9,21],[1,9],[-13,32],[3,17],[1,25],[13,29],[-2,19],[10,17],[-2,30],[19,-26],[6,-22],[-1,-21],[3,-23],[6,-18],[2,-38],[-5,-17],[-5,-49],[8,-1],[7,-11],[-10,-20],[26,-42],[-15,-24]],[[2146,7275],[18,-11],[4,9],[17,-19],[-37,-35],[-7,-13],[7,-23],[-5,-18],[-13,-8],[5,-23],[-25,-3],[-19,6],[-1,7],[8,17],[-1,21],[5,12],[27,26],[18,23],[-27,21],[18,16],[8,-5]],[[3311,5077],[25,-25],[5,-10],[-4,-28],[6,-22]],[[3343,4992],[-7,-3],[-6,-25],[4,-35],[31,-73],[9,-13],[34,-24],[3,-17],[12,-20],[14,-12],[6,-11],[-18,-18],[1,-24],[16,-42],[12,-18],[0,-9],[-13,-4],[-11,13],[0,21],[-16,28],[-12,7],[-24,-23],[-8,-1],[-9,12],[-11,24],[-4,-14],[5,-27],[7,-23],[-5,-26]],[[3327,4733],[-4,12],[-17,-5],[-7,19],[-14,-5],[-16,7],[-14,-11],[-16,-2],[-18,-18],[-13,4],[-9,9],[-4,50],[-16,17],[-34,55],[-20,15]],[[3125,4880],[0,10],[15,6],[22,13],[7,-17],[18,28],[13,-4],[9,3],[1,41],[-11,4],[-2,8],[16,15],[-7,12],[2,9],[28,19],[13,12],[-7,20],[-8,36],[-7,15]],[[8331,2210],[6,-31],[2,-63],[18,1],[5,-175],[-85,-68],[-58,-33],[17,-29],[-54,-47],[17,-16],[18,-30],[1,-5],[25,13],[34,-49],[22,-34],[13,-25],[-19,-9],[1,-42],[10,-15],[13,-7],[4,-12],[3,-24],[-2,-61],[-22,-7],[17,-36],[41,-75],[38,-65],[20,-38],[18,-26],[23,-41],[-7,-15],[18,-28],[-37,-1],[-16,4],[-31,-1],[-18,5],[-20,10],[-33,13],[-18,12],[-17,5],[-58,20],[0,-2],[-40,17],[-39,14],[-25,13],[-79,-59],[-41,-23],[-10,-9],[-18,70],[-8,63],[-13,6],[-8,23],[-16,64],[-21,-2],[-7,7],[2,19],[24,13],[-26,16],[-37,32],[-28,6],[-30,13],[-13,-18],[-13,9],[-27,26],[-12,32],[14,-3],[6,12],[-20,13],[-121,-111],[-80,149],[-2,7],[-27,275],[106,4],[51,14],[32,-1],[48,4],[37,-6],[26,-8],[48,3],[26,9],[16,24],[18,38],[14,61],[24,21],[15,34],[-10,19],[23,35],[10,-2],[51,85],[27,35],[36,-18],[22,95],[201,12],[2,-82],[3,-23]],[[3503,5060],[-17,-16],[-15,14],[-20,-3],[-23,-7],[-2,-11],[-7,-4],[-8,-19],[-10,-6],[-14,12],[-7,-2],[-20,-22],[-17,-4]],[[2458,6429],[19,-2],[-6,-12],[-10,-7],[-6,-33],[9,0],[-1,-26],[21,4],[5,-11],[23,-14],[-2,-12],[8,-30],[-11,-21],[2,-22],[10,-5],[3,-17],[-9,-11],[2,-17],[-26,-14],[-7,-15],[4,-15],[-17,-4],[-7,-6],[-29,34],[-5,18],[-33,30],[-4,15],[-19,19],[-11,22],[-19,15],[-11,-3],[1,13],[8,23],[-7,13],[1,13],[-4,21],[-9,9],[-4,24],[11,24],[7,3],[36,-4],[32,24],[16,2],[39,-25]],[[2490,5786],[15,-12],[4,-22],[-2,-35],[4,-24],[14,-16],[7,-2],[-12,-32],[-17,19],[-12,18],[-31,58],[-30,-7],[-20,3],[-19,7],[-38,32],[-22,20],[9,1],[45,-11],[7,8],[-1,34],[22,2],[-9,17],[13,13],[30,-9],[6,-19],[9,-18],[14,-15],[14,-10]],[[3765,2637],[-20,10],[-45,2],[-71,13],[-72,6],[-17,-6],[-19,2]],[[3380,2722],[-2,12],[-18,20],[-12,55],[-7,12],[5,6],[-3,12],[12,10],[1,-13],[13,-7],[-3,-11],[6,-4],[-13,-27],[11,-11],[30,-4],[11,2],[4,-6],[8,27],[1,17],[11,0],[12,-10],[-1,-9],[11,-5],[-8,-20],[0,-17],[11,-4],[12,-14],[20,-10],[4,-11],[53,-19],[24,-1],[22,-7],[12,8],[15,-8],[30,0],[13,6],[16,-1],[34,-16],[26,-8],[24,-23],[0,-6]],[[3125,4880],[-7,14],[-5,25],[-12,-7],[-11,15],[-10,-14],[-15,5],[-3,15],[-16,4],[-6,-6],[8,-4],[-3,-13],[-14,12],[-22,7],[-19,-21],[-24,37],[-29,36],[-10,7],[-17,5],[-31,-1],[-31,-14],[-8,17],[7,19],[10,16],[17,17],[12,29],[11,5],[21,1],[4,4],[22,45],[8,35],[-1,18],[-15,0],[-5,15],[6,17],[-17,18],[2,13],[-8,11],[11,14],[7,19],[-16,25]],[[3073,2602],[-5,-19],[-20,-15],[10,-8],[8,-17],[-1,-6],[22,-27],[1,-19],[-4,-4],[-3,-37],[-12,-9],[-2,6],[-16,5],[-4,-8],[-3,-29],[-7,-14],[-16,-2],[-6,24],[0,30],[-27,-4],[-12,-5],[-13,2],[-20,26],[-3,9],[32,22],[5,7],[-7,11],[8,6],[16,-12],[14,-3],[11,7],[-2,5],[-12,-7],[7,13],[-7,22],[19,11],[6,15],[-23,8],[-14,-10],[-12,-27],[-12,-8],[-13,1],[-13,13],[1,-17],[-10,1],[-1,16],[-26,-1],[-23,-16],[-17,-20],[2,17],[7,12],[17,10],[14,29],[6,-14],[20,8],[21,-14],[21,-2],[-25,17],[-18,9],[-25,9],[-23,-13],[16,32],[18,4],[23,-11],[6,-15],[9,1],[19,-20],[1,23],[9,10],[24,9],[7,10],[18,6],[12,-3]],[[3765,2637],[6,-4],[-3,-14],[-20,3],[-17,21],[-6,-1],[-22,-19],[-27,-11],[-8,-8],[-8,1],[-6,18],[-9,4],[-17,-11],[-6,-23],[-9,-6],[4,-13],[-13,0],[-7,-16],[-12,-10],[5,-8],[-3,-17],[-12,-10],[-16,-6],[-19,-21],[-4,-24],[-17,3],[-8,-8],[3,-6],[-13,-7],[-1,-26],[-4,-6],[-14,7],[5,16],[-6,19],[-7,30],[33,-5],[32,25],[39,39],[1,11],[-30,34],[-27,27],[-15,1],[-23,-14],[-9,-12],[-14,-8],[-1,-14],[-15,-27],[-4,-16],[-4,4],[8,29],[0,13],[-15,13],[-1,6],[-19,6],[-3,16]],[[8689,2237],[15,-1],[10,-10],[-11,-18],[-2,-15],[29,-99],[18,-16],[12,9],[16,0],[0,-9],[54,-14],[2,-8],[-7,-29],[14,-10],[15,-19],[7,-14],[31,28],[23,28],[38,31],[21,-11],[-13,-37],[-12,-45],[-11,-32],[-15,-26],[29,-25],[12,-35],[-11,-35],[-45,26],[0,55],[-4,15],[3,13],[-36,34],[-22,-6],[-19,2],[-8,-9],[-22,-13],[-10,-11],[-23,3],[-22,-28],[25,-3],[-1,-21],[-16,-34],[-6,-22],[-22,-13],[-10,23],[-48,60],[-2,20],[-10,30],[6,25],[-5,29],[-24,37],[2,20],[-18,-10],[-20,-6],[-10,45],[21,3],[7,37],[23,-8],[16,58],[9,17],[20,9],[-4,13],[-15,16],[-12,23],[24,12],[14,-29]],[[2857,2546],[1,-10],[-8,2],[-15,-13],[-36,-16],[6,-8],[-9,-2],[-6,8],[-23,-3],[1,7],[-12,6],[-21,-2],[-17,15],[-8,3],[-2,-9],[-12,-2],[2,-8],[-11,3],[-7,-12],[-23,-17],[-22,1],[-10,-5],[-16,-15],[-12,-1],[2,10],[-7,3],[-29,-15],[-11,16],[8,9],[18,10],[16,2],[1,17],[9,-4],[21,33],[5,-10],[41,0],[26,4],[6,7],[21,-15],[29,8],[38,-20],[18,2],[32,16],[10,19],[6,-14]],[[2694,2652],[20,-47],[-1,-8],[15,-19],[-1,-13],[-13,12],[-25,12],[-21,24],[-9,-8],[9,-11],[-3,-7],[-30,-3],[-10,2],[8,11],[-19,22],[-9,-4],[-7,5],[6,8],[-2,20],[27,15],[8,-2],[15,-13],[5,15],[19,22],[10,1],[8,-34]],[[3566,3286],[3,-14],[14,-2],[3,-6],[3,-44],[-3,-38],[-8,9],[-2,53],[-18,-7],[-2,8],[-14,-9],[10,-18],[-24,-15],[-9,-2],[-9,25],[-11,-12],[6,-35],[-10,-11],[-7,39],[-23,-3],[-10,-6],[-30,-31],[-27,-15],[-16,-11],[-4,5],[-22,5],[-1,-18],[-8,-21],[-7,-1],[-8,16],[-12,1],[-7,-6],[-19,-6],[-13,-10],[-26,-8],[-4,-11],[-19,-11],[-23,-17],[-3,7]],[[3206,3066],[-3,21],[11,0],[18,10],[6,14],[11,9],[20,6],[15,27],[-35,22],[-11,12],[-29,22],[-26,14]],[[3183,3223],[24,39],[36,-10],[2,-24],[-11,-21],[17,16],[8,20],[23,7],[-6,10],[9,12],[-3,7],[9,9],[19,-9],[-6,-44],[6,13],[12,1],[11,23],[22,-11],[-2,26],[11,-2],[21,18],[27,8],[7,-2],[17,-21],[6,-3],[-6,66],[20,3],[5,-49],[7,-19],[43,7],[17,8],[12,15],[8,0],[-2,14],[15,6],[16,-28]],[[1845,642],[-21,1],[-22,-17],[-16,0],[-10,-42],[-17,7],[-9,-12],[-14,-2],[6,-27],[-8,4],[-21,-15],[-15,-3],[-28,6],[-18,-15],[-11,3],[-1,-11],[-13,0],[6,-14],[-1,-24],[6,-5],[6,-24],[-6,3],[-5,-38],[-10,8],[-28,10],[-54,12],[-8,-2],[-22,10],[-13,13],[-37,6],[2,29],[12,6],[0,40],[7,11],[14,4],[15,-3],[45,13],[17,-5],[12,2],[0,30],[-10,0],[-21,-12],[-21,6],[-30,0],[-7,4],[2,23],[-17,-4],[-17,14],[-6,-3],[-2,-15],[-21,1],[-20,25],[-3,12],[-9,-6],[-1,12],[25,3],[32,14],[24,-3],[13,-40],[16,6],[2,-5],[18,4],[-4,36],[9,9],[-4,20],[22,6],[-2,11],[32,7],[8,-7],[14,7],[10,-31],[-10,-12],[5,-27],[5,9],[11,1],[28,25],[9,26],[14,-30],[45,-30],[15,-17],[6,2],[-11,58],[-4,30],[24,24],[26,-10],[33,-18],[13,-16],[24,-18],[17,-10]],[[3206,3066],[-50,29],[-43,-15],[-36,1],[-16,9],[-70,-3],[-26,-9],[-25,6],[-39,-25],[-16,1],[-4,-12],[-8,0],[-15,19],[-24,-29],[-25,-23],[-27,2],[-17,45],[2,13],[-8,13],[14,5],[8,-22],[2,-29],[11,-5],[8,47],[2,17],[7,17],[5,33],[8,22],[-4,2],[-22,-23],[-7,-3],[-27,0],[-31,10],[-11,-40],[-11,7],[-17,-9],[-24,-22],[1,-14],[-14,1],[-16,-18],[-15,7],[-22,-7],[-3,-17],[-10,-5],[-6,-12],[-17,-11],[-24,-6],[-19,0],[-7,14],[-27,3],[-9,-5],[-6,9],[44,34],[-5,-18],[1,-20],[10,11],[20,14],[18,26],[7,2],[19,-11],[9,2],[31,40],[37,29],[1,20],[-9,13],[4,13],[31,-12],[3,13],[16,16],[29,3],[18,-22],[1,46],[-5,20],[5,25],[33,2],[4,19],[15,6],[14,-4],[12,-34],[5,-5],[6,-21],[4,0],[30,-41],[6,-17],[27,25],[23,-14],[10,-14],[9,-3],[32,4],[6,3],[63,8],[28,-3],[-3,7],[-30,12],[-29,7],[13,34],[30,10],[0,-8],[14,-3],[7,37],[13,2],[7,-5],[18,-32],[55,-27]],[[9124,3030],[12,-13],[7,1],[12,-33],[-1,-15],[4,-17],[36,12],[-25,-34],[15,-30],[12,8],[2,15],[14,-3],[0,-17],[13,-10],[11,0],[-7,-11],[8,-16],[8,5],[-3,-12],[-17,-6],[1,-12],[12,-20],[5,8],[20,43],[20,1],[27,-13],[50,-36],[-12,-17],[-9,-24],[14,-24],[-4,-12],[-10,3],[-15,-5],[-28,-13],[2,-15],[20,-4],[0,-23],[-15,-17],[0,-15],[8,-3],[-3,-17],[6,-14],[-13,-12],[-9,5],[-13,-11],[-11,-4],[3,-11],[-24,-17],[-3,-10],[7,-18],[-2,-4],[19,-3],[-20,-32],[-1,-20],[-16,-31],[2,-40],[-16,12],[-21,22],[-6,14],[-19,15],[-4,9],[-16,2],[-8,9],[-3,16],[-8,2],[-25,-8],[-6,-19],[-42,-22],[-14,10],[-11,-3],[-7,10],[-6,23],[-33,15],[2,2],[-29,16],[-2,-4],[-32,18],[-15,14],[12,44],[9,49],[-41,33],[5,10],[-3,15],[-9,6],[14,10],[-6,11],[3,25],[-1,17],[-8,12],[16,9],[11,-8],[11,6],[9,-25],[-2,-21],[10,-19],[6,3],[24,-2],[12,7],[4,16],[-15,13],[1,7],[-16,12],[10,29],[7,-4],[10,13],[-20,12],[-31,41],[22,14],[26,11],[20,45],[9,11],[13,26],[30,49],[25,45],[14,6],[2,14],[21,-46],[8,-36]],[[9929,3501],[14,-39],[19,-66],[1,-13],[12,-34],[19,-19],[5,-15],[-21,-26],[-17,-4],[-9,15],[-20,-15],[-14,-23],[-15,-9],[-3,4],[-20,-5],[-39,-17],[-36,-23],[-18,-33],[2,-20],[9,-12],[16,-3],[-12,-14],[-46,-43],[-22,-6],[-4,11],[-2,-14],[-9,-22],[6,-4],[-5,-12],[9,-11],[-2,-6],[-27,-19],[-11,11],[-34,-43],[-14,13],[-6,14],[-14,4],[-18,18],[-23,-11],[-30,7],[-29,4],[-12,5],[-15,14],[11,11],[13,26],[5,18],[18,-5],[-8,-14],[-8,-27],[-3,-17],[44,-8],[2,8],[15,5],[12,22],[-11,18],[25,19],[-5,17],[-13,27],[32,4],[9,13],[29,14],[9,9],[0,17],[-10,5],[-32,0],[-5,-27],[-8,4],[3,31],[-14,-2],[-3,11],[-14,-2],[-2,14],[30,3],[38,-3],[5,16],[19,10],[19,6],[-3,20],[-9,21],[7,4],[7,-10],[4,20],[-19,35],[20,28],[0,16],[3,25],[29,-29],[2,6],[19,17],[-2,4],[32,28],[4,-8],[-11,-16],[16,-18],[-5,-9],[12,-8],[-2,29],[6,4],[-3,23],[-6,14],[4,3],[9,-13],[0,-21],[8,-47],[34,0],[19,11],[-7,12],[-13,6],[-8,-3],[1,15],[16,-4],[5,12],[16,-17],[14,-24],[14,-16],[22,-10],[16,13],[2,9],[-17,-1],[-9,19],[-5,18],[6,4],[0,16],[-7,0],[-1,11],[10,6],[1,23],[-14,16],[13,10],[3,-6]],[[9536,3521],[8,-2],[11,-19],[9,-3],[5,11],[14,-9],[-3,-15],[14,-18],[11,-21],[0,-21],[4,-22],[-24,8],[-15,-47],[2,-29],[8,-31],[-7,-11],[4,-14],[-21,-10],[-2,6],[-16,6],[-15,-3],[-10,8],[-7,-15],[-4,5],[6,14],[-15,16],[13,8],[15,-13],[-9,26],[10,13],[16,1],[9,7],[1,14],[-5,18],[8,10],[1,18],[6,20],[0,21],[5,14],[-5,4],[-19,-21],[-24,43],[-19,-11],[-2,-11],[-12,-18],[-7,-19],[-2,-24],[7,-5],[-11,-28],[1,-12],[-11,-3],[-19,-12],[8,16],[-5,16],[-11,3],[-2,11],[-26,4],[1,13],[11,0],[-3,18],[4,16],[6,-7],[16,-3],[1,9],[-5,12],[10,3],[18,11],[12,14],[-5,18],[9,15],[9,-19],[34,16],[-3,7],[13,10],[4,-7]],[[9405,3803],[6,-5],[14,16],[-4,6],[19,14],[15,-4],[13,-19],[4,-21],[13,-29],[-9,-7],[9,-23],[13,-15],[19,8],[9,23],[14,4],[10,24],[14,10],[5,-13],[17,-9],[2,-18],[-2,-48],[7,0],[-2,-12],[-10,-13],[-15,-3],[-9,10],[-15,-22],[-11,-11],[-18,3],[1,5],[-21,-7],[-23,-2],[3,-10],[-11,-5],[-11,26],[-12,39],[-35,47],[-26,18],[-22,28],[29,55],[7,-6],[1,-23],[12,-11]],[[9189,1721],[64,-25],[23,0],[15,-6],[1,-24],[10,-4],[11,-18],[-13,-10],[-3,-11],[-13,-11],[-5,-23],[-19,-40],[25,-14],[10,9],[9,-7],[4,-14],[-7,-3],[-9,-19],[11,-8],[-12,-15],[-20,-11],[-4,7],[-8,-7],[5,-9],[-21,-8],[-7,8],[-16,-9],[-16,-2],[-37,-18],[-10,-12],[-25,6],[-17,17],[-21,0],[2,28],[-2,58],[4,11],[8,5],[-4,13],[-10,6],[14,0],[-1,28],[2,16],[0,40],[27,6],[18,18],[7,30],[5,33],[25,-11]],[[9349,1465],[21,-24],[7,-28],[13,-31],[-5,-10],[39,-17],[-1,-25],[23,-29],[9,-16],[39,9],[16,-10],[0,-13],[-6,-10],[13,-41],[-5,-4],[7,-11],[-16,-7],[0,8],[-19,5],[-35,5],[-11,11],[-5,13],[-21,0],[5,7],[-19,18],[-14,19],[-25,0],[-11,-4],[-18,5],[11,21],[-24,15],[-24,11],[-11,10],[-13,20],[-7,25],[0,56],[5,8],[8,-2],[15,-20],[9,-1],[16,26],[11,-2],[23,13]],[[2193,6346],[-8,-22],[8,-9],[18,-12],[8,8],[26,-16],[6,11],[15,-4],[-4,-18],[9,-20],[15,4],[2,-16],[7,-7],[-14,-13],[-5,-21],[25,-6],[18,15],[16,-9],[-2,-12],[-9,0],[5,-24],[-7,0],[-21,14],[-17,2],[2,7],[-17,6],[-4,-14],[-22,23],[-12,10],[8,14],[-9,18],[-15,12],[-15,17],[-8,-7],[-19,33],[5,7],[-21,11],[6,8],[15,-14],[10,24],[5,0]],[[2803,5804],[0,-3]],[[2669,5817],[-2,12],[2,27],[6,23],[-9,3],[-3,21],[-15,-2],[-14,-8],[-6,-19],[-6,-42],[-37,4],[1,9],[-42,18],[2,24],[9,25],[12,-4],[27,8],[17,31],[-1,16],[3,21],[22,20],[32,-42],[28,33],[11,44],[-3,44],[31,7],[10,-2],[-5,-16],[23,-10],[26,-16],[-16,-22],[-8,-32],[-16,-43],[39,-11],[3,-43],[-11,-6],[0,-21],[5,-3],[17,13],[10,-8],[2,-13],[-20,-18],[10,-35]],[[367,9947],[-1,-16],[7,-10],[-17,-1],[-3,18],[-9,-15],[10,-6],[1,-12],[9,6],[-16,-32],[2,30],[-12,7],[-7,-11],[5,-16],[-11,-9],[-9,17],[9,26],[10,-5],[-4,32],[19,-2],[13,11],[4,-12]],[[320,9969],[11,-5],[-2,-13],[-11,9],[2,9]],[[310,9959],[-1,-15],[-14,-15],[-5,10],[10,21],[-9,18],[2,11],[17,-30]],[[315,9974],[-3,20],[6,3],[-3,-23]],[[9089,4682],[11,9],[19,-21],[14,-6],[19,-3],[22,-71],[-6,-29],[-15,-26],[-2,-16],[11,-47],[-12,-7],[4,-15],[-11,-13],[10,-21],[26,25],[23,9],[87,-132],[10,-52],[15,-19],[2,-27],[-25,-8],[-4,-24],[-8,-11],[-4,-33],[-11,15],[-10,30],[-30,20],[-25,8],[-25,18],[-44,19],[-34,34],[-8,-9],[-57,-26],[12,27],[1,12],[-21,18],[-11,19],[7,246],[-3,7],[2,51],[3,17],[28,19],[9,25],[0,25],[15,-20],[6,-2],[10,-15]],[[8900,1722],[10,-3],[-9,-7],[-11,-19],[-10,-28],[-14,-17],[-14,-13],[-21,-6],[7,-13],[-5,-15],[8,-3],[-3,-15],[21,-10],[9,-20],[-2,-6],[-16,6],[-23,-2],[-13,-22],[-17,-11],[-5,4],[-88,-66],[1,-19],[-10,-24],[3,-25],[-5,-6],[-29,-9],[-23,-15],[-19,-21],[-3,-15],[4,-27],[16,-9],[3,-8],[-3,-19],[-7,-16],[-13,-9],[-9,-11],[-2,-43],[10,-117],[3,-24],[7,-20],[14,-7],[5,-20],[-12,11],[-15,-4],[-42,-1],[-6,-3],[-23,-1],[-19,18],[-14,9],[-12,21],[8,37],[8,-6],[4,18],[-19,19],[1,27],[9,15],[-3,16],[-26,-1],[-19,6],[5,12],[4,55],[-2,14],[4,37],[-1,52],[18,82],[16,18],[29,25],[32,20],[35,3],[53,8],[-1,18],[7,1],[-7,45],[37,14],[26,-23],[2,-11],[7,4],[19,40],[13,10],[19,24],[15,29],[5,18],[18,13],[15,20],[6,13],[16,9],[23,-3],[8,7],[12,-5]],[[2763,843],[-9,21],[-3,25],[4,11],[-7,7],[1,36],[11,18],[-5,32],[5,17],[14,-2],[9,31],[14,37],[11,-13],[20,0],[1,-20],[-11,-20],[18,-5],[28,-41],[9,13],[11,27],[12,21],[20,3],[-4,9],[15,5],[5,-15],[11,18],[14,4],[10,-21],[29,-11],[-8,-26],[-18,-9],[-11,1],[-13,12],[-12,-20],[-2,-12],[-9,-15],[-6,-2],[8,-28],[-1,-7],[-13,-9],[-25,-7],[-13,3],[-1,14],[-22,15],[-9,15],[-24,11],[-1,16],[-12,3],[5,-28],[-1,-9],[-13,-4],[-2,-20],[7,-12],[-7,-15],[1,-10],[-9,0],[-3,-26],[-4,-15],[-14,-13]],[[8710,4426],[27,-9],[15,0],[12,-9],[9,-13],[0,-22],[16,-46],[7,-2],[13,-55],[8,-16],[19,-7],[12,-14],[11,0],[4,-18],[8,-13],[13,4],[15,-2],[20,-22],[8,-15],[-3,-25],[-17,-49],[-7,-42],[-23,-58],[3,-9],[19,-1],[11,6],[74,-23],[0,-73],[-1,-30],[-6,-1],[-9,-48],[20,-27],[6,-18],[-3,-35],[-18,-87],[-36,12],[-13,1],[-16,8],[-31,8],[-30,-3],[-29,5],[-11,7],[-14,39],[-6,7],[-46,1],[-1,34],[-10,31],[-5,27],[7,24],[30,16],[-9,26],[1,6],[14,6],[-4,11],[4,11],[-5,8],[11,16],[2,24],[-18,37],[-2,13],[6,20],[18,15],[28,9],[-21,13],[-78,22],[-32,4],[-11,6],[-50,39],[-11,10],[31,55],[6,20],[-6,20],[18,17],[0,35],[25,16],[-35,44],[0,51],[-10,17],[-45,46],[-30,25],[-36,21],[-32,9],[3,8],[54,76],[26,-15],[38,-27],[32,-37],[3,-24],[8,-14],[14,-11],[36,-19],[3,-14],[-10,-9],[6,-4],[6,-20]],[[8260,3814],[2,0],[5,-38],[-4,-20],[1,-27],[30,-86],[26,-28],[15,-29],[9,5],[7,-7],[16,-34],[-8,-39],[-2,-42],[-5,-12],[-14,-7],[-7,18],[-15,9],[-22,1],[-37,-7],[-7,-13],[-7,-26],[2,-50],[-4,-20],[-6,-11],[-6,-28],[-8,-2],[-4,9],[-1,22],[-6,30],[7,23],[-11,16],[-3,28],[-26,10],[-12,8],[6,-42],[-37,-19],[-10,-9],[-19,-3],[-4,-7],[0,-30],[-35,-30],[1,-6],[-12,-17],[-4,-20],[-8,-14],[0,17],[-5,7],[-14,-10],[4,13],[-22,-11],[-7,-8],[-9,4],[0,26],[-19,7],[-2,24],[8,13],[-5,28],[-9,-6],[-24,15],[-9,-7],[1,-14],[-7,-3],[-6,8],[-12,-4],[-6,-8],[-10,8],[0,9],[-11,9],[6,27],[24,5],[6,28],[27,18],[15,14],[2,30],[-5,47],[3,24],[14,15],[4,26],[13,25],[12,-2],[2,-16],[-4,-27],[6,-18],[3,15],[8,8],[4,28],[10,13],[4,16],[8,14],[14,2],[18,14],[25,10],[11,14],[2,30],[9,4],[7,11],[31,12],[20,1],[13,13],[8,1],[13,-7],[9,5],[10,19],[15,0],[6,11],[8,-3]],[[4120,1714],[-7,-19],[-8,-8],[-8,5],[-13,-6],[-8,5],[4,10],[-11,2],[-4,8],[-24,-8],[-26,-3],[-10,5],[-48,-2],[-1,-15],[-7,-13],[-11,-1],[-1,9],[8,18],[2,30],[-16,-31],[-16,-12],[-3,-17],[-9,-18],[5,-16],[-11,-5],[-9,2],[-22,44],[-14,-11],[-28,19],[-4,-5],[-13,27],[5,23],[-9,5],[4,11],[-1,18],[27,-1],[23,17],[0,12],[7,7],[-13,36],[-12,3],[-5,12],[20,3],[26,-9],[12,2],[18,13],[1,15],[10,10],[17,-6],[30,-38],[21,-1],[14,-12],[17,2],[35,-7],[20,0],[12,10]],[[581,8942],[26,-23],[23,-2],[21,-13],[10,-24],[37,-37],[10,-1],[-3,-14],[6,-22],[10,-12],[18,14],[16,2],[0,11],[16,5],[2,10],[18,6],[1,-17],[-6,-12],[-17,-12],[-27,-5],[-11,-6],[5,-8],[-13,-15],[0,-7],[-12,-4],[-9,-15],[-27,13],[5,12],[-13,12],[4,10],[-15,12],[-13,-10],[-21,5],[-3,-11],[-11,6],[1,12],[19,0],[12,8],[-1,11],[-8,2],[-21,23],[-17,39],[7,6],[-10,26],[-5,-2],[-3,13],[-8,9],[-8,-6],[-1,35],[5,1],[2,-14],[9,-11]],[[831,8762],[-5,-9],[-4,14],[9,-5]],[[787,8783],[-11,-3],[-3,21],[11,-9],[3,-9]],[[154,8812],[10,-11],[15,-4],[9,-28],[-8,-9],[-12,6],[-21,-33],[-8,3],[-22,-16],[13,-2],[-3,-9],[-15,-2],[0,-8],[-15,-9],[-5,3],[-10,-15],[-14,18],[15,15],[-11,39],[-13,1],[-1,-13],[-19,-2],[-3,7],[-12,10],[-15,-9],[-9,29],[17,2],[2,-16],[24,2],[11,27],[36,-9],[-2,12],[-8,8],[12,6],[9,-9],[21,12],[4,-2],[20,14],[8,-8]],[[8966,3555],[5,-8],[1,-26],[21,2],[5,-11],[0,-15],[9,-7],[-2,-7],[9,-6],[-1,-18],[6,-1],[8,16],[2,-17],[6,-12],[21,0],[1,10],[14,-7],[-19,-39],[-23,-36],[-10,-6],[3,-25],[11,-17],[-12,-20],[-18,18],[-9,-14],[9,-33],[21,-17],[7,14],[8,-4],[-10,-21],[-5,4],[-9,-20],[13,-15],[-9,-23],[11,-26],[-38,-29],[-17,-8],[-13,-17],[-13,-1],[-8,-24],[2,-11],[-12,-13],[-14,12],[0,-12],[-12,-16],[-5,-14],[-9,5],[-22,-19],[-3,-14],[4,-7],[-7,-7],[-8,18],[-16,5],[-5,17],[-6,5],[20,-2],[1,16],[-10,-1],[-13,25],[-19,-2],[1,15],[-7,9],[-23,-8],[-42,-11],[-2,3],[-1,61],[-17,-3],[-12,19],[-25,-3],[-15,8],[-24,6],[-3,-7],[-15,2],[2,17],[11,2],[0,17],[24,2],[-5,18],[8,6],[6,14],[13,-17],[15,5],[-2,11],[13,-9],[17,-6],[13,-18],[15,-10],[12,4],[2,10],[32,22],[35,36],[-14,24],[17,30],[-31,33],[13,17],[-15,13],[25,31],[6,19],[19,15],[11,17],[23,6],[6,9],[13,4],[-1,11],[9,0],[24,22],[-15,19],[7,10],[15,3],[13,10],[8,-7]],[[6680,5841],[12,-11],[0,-8],[-16,-12],[0,12],[-21,2],[-15,9]],[[2421,36],[-7,-11],[-18,8],[-17,-1],[9,34],[4,58]],[[2392,124],[31,-5],[14,-6],[8,-25],[-10,-29],[-14,-23]],[[3269,5640],[-14,-10],[-16,9],[-12,15],[-12,-2],[-12,-10],[6,-34],[-7,-26],[14,-35]],[[2803,5804],[3,13],[10,-3],[14,-25],[-4,-12],[8,-26],[18,-2],[9,-6],[6,-11],[25,-2],[12,-8],[31,-27],[19,-14],[4,-26],[8,10],[22,18],[-1,10],[-9,9],[6,10],[-1,13],[-13,24],[0,26],[20,1],[30,9],[18,15],[5,9],[12,-23],[1,-14],[7,-18],[4,-20],[10,-9],[8,-14],[9,8],[2,8],[-12,11],[0,12],[35,31],[8,17],[10,8],[11,-1],[9,23],[9,2],[9,-8],[10,10],[5,23],[7,11],[-4,22],[9,4],[1,12],[17,-8],[16,11],[22,2],[9,14],[18,18],[13,1],[-2,21],[-10,1],[-8,10],[7,18],[13,-3],[17,9],[17,-11],[23,4],[17,5],[18,-15],[3,-12],[-11,-18],[-12,-8],[4,-19],[6,-7],[-61,-3],[8,-13],[-14,-19],[2,-35],[-38,-2],[-12,-37],[-10,-2],[5,-6],[-12,-8],[-4,-12],[4,-11],[0,-28],[-4,-13],[-16,-8],[-12,-13],[9,-8],[29,-6],[14,-8],[2,-23],[-1,-22]],[[3491,5538],[12,19],[3,30],[-13,39],[-1,21],[-14,26],[-5,15],[4,16],[-6,41],[2,7],[-7,14]],[[3466,5766],[10,3],[25,-19],[20,-1],[53,29],[10,26],[7,26],[8,5]],[[3269,5640],[11,24],[21,-14],[9,0],[33,22],[21,10],[6,20],[-31,-3],[-27,12],[-3,17],[13,61],[7,2],[1,41],[11,51],[76,18],[24,-83],[-2,-15],[7,-5],[-9,-29],[25,1],[4,-4]],[[6633,2954],[-2,-16],[-12,-34],[-8,3],[0,-39],[-4,-15],[2,-20],[-3,-10],[-32,13],[-9,7],[-27,9],[-51,-2],[-22,-11]],[[2467,77],[-15,-32],[-19,-13],[-12,4]],[[2392,124],[-14,0],[-47,-15]]]}
