{"type":"Topology","bbox":[-74.91498411036963,10.913916096884723,-74.75851743003938,11.065037340665826],"transform":{"scale":[0.000015648232856311066,0.000015113635741684527],"translate":[-74.91498411036963,10.913916096884723]},"objects":{"municipios":{"type":"GeometryCollection","geometries":[{"type":"Polygon","arcs":[[0,1,2,3,4,5]],"properties":{"codigo":"08001100000000140401","sector":"080011000000001404","pcode":"CO08001","area_m2":152546}},{"type":"Polygon","arcs":[[6,7,8,9,10,11,12]],"properties":{"codigo":"08001100000000370209","sector":"080011000000003702","pcode":"CO08001","area_m2":103628}},{"type":"Polygon","arcs":[[13,14,15,16,17]],"properties":{"codigo":"08001100000000370206","sector":"080011000000003702","pcode":"CO08001","area_m2":60359}},{"type":"Polygon","arcs":[[18,19,20,21]],"properties":{"codigo":"08001100000000370301","sector":"080011000000003703","pcode":"CO08001","area_m2":49242}},{"type":"Polygon","arcs":[[-14,22,23,-9,24]],"properties":{"codigo":"08001100000000370207","sector":"080011000000003702","pcode":"CO08001","area_m2":43255}},{"type":"Polygon","arcs":[[25,26,27,28,29,30]],"properties":{"codigo":"08001100000000330101","sector":"080011000000003301","pcode":"CO08001","area_m2":88562}},{"type":"Polygon","arcs":[[31,32,-22,33]],"properties":{"codigo":"08001100000000370302","sector":"080011000000003703","pcode":"CO08001","area_m2":123976}},{"type":"Polygon","arcs":[[34,35,36,37,38]],"properties":{"codigo":"08001100000000280201","sector":"080011000000002802","pcode":"CO08001","area_m2":81813}},{"type":"Polygon","arcs":[[39,40,41,42,43]],"properties":{"codigo":"08001100000000370710","sector":"080011000000003707","pcode":"CO08001","area_m2":90790}},{"type":"Polygon","arcs":[[44,45,46,47]],"properties":{"codigo":"08001100000000370711","sector":"080011000000003707","pcode":"CO08001","area_m2":14910}},{"type":"Polygon","arcs":[[48,-26,49,50,51]],"properties":{"codigo":"08001100000000330102","sector":"080011000000003301","pcode":"CO08001","area_m2":64884}},{"type":"Polygon","arcs":[[52,53,54]],"properties":{"codigo":"08001100000000280109","sector":"080011000000002801","pcode":"CO08001","area_m2":114358}},{"type":"Polygon","arcs":[[55,56,57,-1,58]],"properties":{"codigo":"08001100000000140402","sector":"080011000000001404","pcode":"CO08001","area_m2":91162}},{"type":"Polygon","arcs":[[59,60,61,-57,62,63]],"properties":{"codigo":"08001100000000140501","sector":"080011000000001405","pcode":"CO08001","area_m2":139431}},{"type":"Polygon","arcs":[[64,65,66,67,68,69,70]],"properties":{"codigo":"08001100000000030901","sector":"080011000000000309","pcode":"CO08001","area_m2":230928}},{"type":"Polygon","arcs":[[71,72,73,74,75,76,77]],"properties":{"codigo":"08001100000000030201","sector":"080011000000000302","pcode":"CO08001","area_m2":250868}},{"type":"Polygon","arcs":[[78,79,-74,80,81]],"properties":{"codigo":"08001100000000030301","sector":"080011000000000303","pcode":"CO08001","area_m2":57079}},{"type":"Polygon","arcs":[[82,83,-75,-80]],"properties":{"codigo":"08001100000000030401","sector":"080011000000000304","pcode":"CO08001","area_m2":62005}},{"type":"Polygon","arcs":[[-84,84,85,86,87,88,89,-76]],"properties":{"codigo":"08001100000000030501","sector":"080011000000000305","pcode":"CO08001","area_m2":419646}},{"type":"Polygon","arcs":[[90,91,92,93,94]],"properties":{"codigo":"08001100000000030601","sector":"080011000000000306","pcode":"CO08001","area_m2":102024}},{"type":"Polygon","arcs":[[95,96,97,98,-66,99]],"properties":{"codigo":"08001100000000030801","sector":"080011000000000308","pcode":"CO08001","area_m2":229437}},{"type":"Polygon","arcs":[[100,101,-71,102,-92]],"properties":{"codigo":"08001100000000031001","sector":"080011000000000310","pcode":"CO08001","area_m2":137691}},{"type":"Polygon","arcs":[[-93,-103,-70,103,104,105,106]],"properties":{"codigo":"08001100000000031101","sector":"080011000000000311","pcode":"CO08001","area_m2":363277}},{"type":"Polygon","arcs":[[-99,107,108,-67]],"properties":{"codigo":"08001100000000040201","sector":"080011000000000402","pcode":"CO08001","area_m2":265160}},{"type":"Polygon","arcs":[[109,110,111,112,113,-108,-98]],"properties":{"codigo":"08001100000000040301","sector":"080011000000000403","pcode":"CO08001","area_m2":313123}},{"type":"Polygon","arcs":[[114,115,-86,116]],"properties":{"codigo":"08001100000000050101","sector":"080011000000000501","pcode":"CO08001","area_m2":161049}},{"type":"Polygon","arcs":[[117,118]],"properties":{"codigo":"08001100000000210204","sector":"080011000000002102","pcode":"CO08001","area_m2":96517}},{"type":"Polygon","arcs":[[119,120,121,122,123,124,125,126,127,128,129,130,131,132]],"properties":{"codigo":"08001100000000080202","sector":"080011000000000802","pcode":"CO08001","area_m2":149146}},{"type":"Polygon","arcs":[[-132,133,134,135,136,137,138]],"properties":{"codigo":"08001100000000080203","sector":"080011000000000802","pcode":"CO08001","area_m2":123130}},{"type":"Polygon","arcs":[[-137,139,140,141]],"properties":{"codigo":"08001100000000080204","sector":"080011000000000802","pcode":"CO08001","area_m2":105119}},{"type":"Polygon","arcs":[[142,143,-141,144]],"properties":{"codigo":"08001100000000080205","sector":"080011000000000802","pcode":"CO08001","area_m2":107332}},{"type":"Polygon","arcs":[[-140,-136,145,146,147,148,149,-145]],"properties":{"codigo":"08001100000000080206","sector":"080011000000000802","pcode":"CO08001","area_m2":183800}},{"type":"Polygon","arcs":[[-149,150,151,152,153,154]],"properties":{"codigo":"08001100000000080401","sector":"080011000000000804","pcode":"CO08001","area_m2":115766}},{"type":"Polygon","arcs":[[155,156,157,-152,158]],"properties":{"codigo":"08001100000000080403","sector":"080011000000000804","pcode":"CO08001","area_m2":139836}},{"type":"Polygon","arcs":[[159,160,161,162]],"properties":{"codigo":"08001100000000080406","sector":"080011000000000804","pcode":"CO08001","area_m2":58382}},{"type":"Polygon","arcs":[[-162,163,-153,-158]],"properties":{"codigo":"08001100000000080407","sector":"080011000000000804","pcode":"CO08001","area_m2":99781}},{"type":"Polygon","arcs":[[-150,-155,164,165,166,167]],"properties":{"codigo":"08001100000000080408","sector":"080011000000000804","pcode":"CO08001","area_m2":110877}},{"type":"Polygon","arcs":[[-144,168,169,170,171,172,173,174,175,176,-138,-142]],"properties":{"codigo":"08001100000000080503","sector":"080011000000000805","pcode":"CO08001","area_m2":181967}},{"type":"Polygon","arcs":[[-143,-168,177,-169]],"properties":{"codigo":"08001100000000080504","sector":"080011000000000805","pcode":"CO08001","area_m2":118775}},{"type":"Polygon","arcs":[[-167,178,179,180,-170,-178]],"properties":{"codigo":"08001100000000080505","sector":"080011000000000805","pcode":"CO08001","area_m2":100404}},{"type":"Polygon","arcs":[[181,182,183]],"properties":{"codigo":"08001100000000090101","sector":"080011000000000901","pcode":"CO08001","area_m2":66146}},{"type":"Polygon","arcs":[[184,185,186,187,188,189]],"properties":{"codigo":"08001100000000110401","sector":"080011000000001104","pcode":"CO08001","area_m2":99668}},{"type":"Polygon","arcs":[[190,-185,191,192]],"properties":{"codigo":"08001100000000110501","sector":"080011000000001105","pcode":"CO08001","area_m2":91001}},{"type":"Polygon","arcs":[[193,194,-193,195]],"properties":{"codigo":"08001100000000110601","sector":"080011000000001106","pcode":"CO08001","area_m2":221429}},{"type":"Polygon","arcs":[[196,197,198,199,200,201,202]],"properties":{"codigo":"08001100000000130301","sector":"080011000000001303","pcode":"CO08001","area_m2":119430}},{"type":"Polygon","arcs":[[203,204,205,206,-203,207,208,209,210]],"properties":{"codigo":"08001100000000140201","sector":"080011000000001402","pcode":"CO08001","area_m2":47560}},{"type":"Polygon","arcs":[[211,212,213,214,215,216,217]],"properties":{"codigo":"08001100000000160101","sector":"080011000000001601","pcode":"CO08001","area_m2":157651}},{"type":"Polygon","arcs":[[-62,218,-218,219,220,-58]],"properties":{"codigo":"08001100000000160102","sector":"080011000000001601","pcode":"CO08001","area_m2":118055}},{"type":"Polygon","arcs":[[221,222,223,-212,-219,-61]],"properties":{"codigo":"08001100000000160103","sector":"080011000000001601","pcode":"CO08001","area_m2":106874}},{"type":"Polygon","arcs":[[224,225,-223,226,227]],"properties":{"codigo":"08001100000000160201","sector":"080011000000001602","pcode":"CO08001","area_m2":146938}},{"type":"Polygon","arcs":[[228,229,230,231,-213,-224,-226]],"properties":{"codigo":"08001100000000160301","sector":"080011000000001603","pcode":"CO08001","area_m2":138141}},{"type":"Polygon","arcs":[[-181,232,233,234,235,236,237,238,239,240,241,242,243,244,245,-171]],"properties":{"codigo":"08001100000000180103","sector":"080011000000001801","pcode":"CO08001","area_m2":189707}},{"type":"Polygon","arcs":[[246,247,-233,-180]],"properties":{"codigo":"08001100000000180104","sector":"080011000000001801","pcode":"CO08001","area_m2":125083}},{"type":"Polygon","arcs":[[-166,248,249,250,251,252,253,254,-247,-179]],"properties":{"codigo":"08001100000000180105","sector":"080011000000001801","pcode":"CO08001","area_m2":107934}},{"type":"Polygon","arcs":[[-234,-248,-255,255,256,257,258,259,260]],"properties":{"codigo":"08001100000000180201","sector":"080011000000001802","pcode":"CO08001","area_m2":171512}},{"type":"Polygon","arcs":[[261,262,263,264,265,-256,266]],"properties":{"codigo":"08001100000000190101","sector":"080011000000001901","pcode":"CO08001","area_m2":82035}},{"type":"Polygon","arcs":[[267,268,269,270,-262,271]],"properties":{"codigo":"08001100000000190102","sector":"080011000000001901","pcode":"CO08001","area_m2":109160}},{"type":"Polygon","arcs":[[272,273,-253,274]],"properties":{"codigo":"08001100000000190104","sector":"080011000000001901","pcode":"CO08001","area_m2":138338}},{"type":"Polygon","arcs":[[275,-275,-252,276]],"properties":{"codigo":"08001100000000190105","sector":"080011000000001901","pcode":"CO08001","area_m2":122002}},{"type":"Polygon","arcs":[[277,-277,-251,278]],"properties":{"codigo":"08001100000000190106","sector":"080011000000001901","pcode":"CO08001","area_m2":207351}},{"type":"Polygon","arcs":[[279,-279,-250,280]],"properties":{"codigo":"08001100000000190107","sector":"080011000000001901","pcode":"CO08001","area_m2":121440}},{"type":"Polygon","arcs":[[-154,-164,-161,281,282,-281,-249,-165]],"properties":{"codigo":"08001100000000190108","sector":"080011000000001901","pcode":"CO08001","area_m2":105536}},{"type":"Polygon","arcs":[[283,284,285,286,287,288,289,290,291,292,293,294,-265]],"properties":{"codigo":"08001100000000190202","sector":"080011000000001902","pcode":"CO08001","area_m2":116731}},{"type":"Polygon","arcs":[[295,296,-284,-264]],"properties":{"codigo":"08001100000000190203","sector":"080011000000001902","pcode":"CO08001","area_m2":84842}},{"type":"Polygon","arcs":[[-271,297,298,-296,-263]],"properties":{"codigo":"08001100000000190204","sector":"080011000000001902","pcode":"CO08001","area_m2":91254}},{"type":"Polygon","arcs":[[299,300,301,302,303]],"properties":{"codigo":"08001100000000210408","sector":"080011000000002104","pcode":"CO08001","area_m2":74343}},{"type":"Polygon","arcs":[[304,305,306,307,-298,-270]],"properties":{"codigo":"08001100000000190205","sector":"080011000000001902","pcode":"CO08001","area_m2":109883}},{"type":"Polygon","arcs":[[308,309,310,311,-307]],"properties":{"codigo":"08001100000000190206","sector":"080011000000001902","pcode":"CO08001","area_m2":103336}},{"type":"Polygon","arcs":[[312,313,314,-310,315]],"properties":{"codigo":"08001100000000200101","sector":"080011000000002001","pcode":"CO08001","area_m2":76277}},{"type":"Polygon","arcs":[[316,-301,317,318,319,320,-313,321]],"properties":{"codigo":"08001100000000200102","sector":"080011000000002001","pcode":"CO08001","area_m2":128535}},{"type":"Polygon","arcs":[[-322,-316,-309,-306,322]],"properties":{"codigo":"08001100000000200103","sector":"080011000000002001","pcode":"CO08001","area_m2":72262}},{"type":"Polygon","arcs":[[323,-302,-317,-323,-305,-269,324]],"properties":{"codigo":"08001100000000200104","sector":"080011000000002001","pcode":"CO08001","area_m2":91078}},{"type":"Polygon","arcs":[[325,326,327,328,329,330,331,332,333]],"properties":{"codigo":"08001100000000350305","sector":"080011000000003503","pcode":"CO08001","area_m2":109964}},{"type":"Polygon","arcs":[[334,335,336,337,338]],"properties":{"codigo":"08001100000000210505","sector":"080011000000002105","pcode":"CO08001","area_m2":33112}},{"type":"Polygon","arcs":[[339,-338,340,341,342,343,344,345,346]],"properties":{"codigo":"08001100000000210401","sector":"080011000000002104","pcode":"CO08001","area_m2":83935}},{"type":"Polygon","arcs":[[347,-345,348,349,-319,350,351]],"properties":{"codigo":"08001100000000210402","sector":"080011000000002104","pcode":"CO08001","area_m2":88668}},{"type":"Polygon","arcs":[[-339,-340,352,353]],"properties":{"codigo":"08001100000000210509","sector":"080011000000002105","pcode":"CO08001","area_m2":45924}},{"type":"Polygon","arcs":[[-312,354,355,356,-308]],"properties":{"codigo":"08001100000000220101","sector":"080011000000002201","pcode":"CO08001","area_m2":96810}},{"type":"Polygon","arcs":[[357,358,359,360,-356,361]],"properties":{"codigo":"08001100000000220102","sector":"080011000000002201","pcode":"CO08001","area_m2":133091}},{"type":"Polygon","arcs":[[-315,362,-362,-355,-311]],"properties":{"codigo":"08001100000000220103","sector":"080011000000002201","pcode":"CO08001","area_m2":89226}},{"type":"Polygon","arcs":[[-321,363,-358,-363,-314]],"properties":{"codigo":"08001100000000220104","sector":"080011000000002201","pcode":"CO08001","area_m2":100666}},{"type":"Polygon","arcs":[[-350,364,-359,-364,-320]],"properties":{"codigo":"08001100000000220105","sector":"080011000000002201","pcode":"CO08001","area_m2":143535}},{"type":"Polygon","arcs":[[-344,365,366,-365,-349]],"properties":{"codigo":"08001100000000220106","sector":"080011000000002201","pcode":"CO08001","area_m2":151616}},{"type":"Polygon","arcs":[[367,368,-366,-343]],"properties":{"codigo":"08001100000000220107","sector":"080011000000002201","pcode":"CO08001","area_m2":137723}},{"type":"Polygon","arcs":[[-342,369,370,371,-368]],"properties":{"codigo":"08001100000000220108","sector":"080011000000002201","pcode":"CO08001","area_m2":154047}},{"type":"Polygon","arcs":[[-367,-369,-372,372,373,374,375,376,-360]],"properties":{"codigo":"08001100000000220111","sector":"080011000000002201","pcode":"CO08001","area_m2":274343}},{"type":"Polygon","arcs":[[377,378,379,380,381,382,383]],"properties":{"codigo":"08001100000000350401","sector":"080011000000003504","pcode":"CO08001","area_m2":113363}},{"type":"Polygon","arcs":[[384,385,386,387,388,389,390,391,392,393,394,395,396,397,398,399,400,401,402,403,404,405,406]],"properties":{"codigo":"08001100000000230205","sector":"080011000000002302","pcode":"CO08001","area_m2":200786}},{"type":"Polygon","arcs":[[407,408,409,410,411,412,413,414,415,416,417,418,419]],"properties":{"codigo":"08001100000000230306","sector":"080011000000002303","pcode":"CO08001","area_m2":40502}},{"type":"Polygon","arcs":[[-406,420,-408,421]],"properties":{"codigo":"08001100000000230307","sector":"080011000000002303","pcode":"CO08001","area_m2":41127}},{"type":"Polygon","arcs":[[422,423,424,425,426,427,428,429,430,431,432]],"properties":{"codigo":"08001100000000240301","sector":"080011000000002403","pcode":"CO08001","area_m2":74368}},{"type":"Polygon","arcs":[[433,434,435,436,437,438,-429,439,440]],"properties":{"codigo":"08001100000000240401","sector":"080011000000002404","pcode":"CO08001","area_m2":165645}},{"type":"Polygon","arcs":[[441,442,-380]],"properties":{"codigo":"08001100000000350402","sector":"080011000000003504","pcode":"CO08001","area_m2":47565}},{"type":"Polygon","arcs":[[443,-326,-442,-379]],"properties":{"codigo":"08001100000000350403","sector":"080011000000003504","pcode":"CO08001","area_m2":28356}},{"type":"Polygon","arcs":[[444,445,446,447,448,449,450,451,452,-431,453]],"properties":{"codigo":"08001100000000270106","sector":"080011000000002701","pcode":"CO08001","area_m2":106513}},{"type":"Polygon","arcs":[[-445,454,455,456,457,458,459,460]],"properties":{"codigo":"08001100000000270107","sector":"080011000000002701","pcode":"CO08001","area_m2":173932}},{"type":"Polygon","arcs":[[461,-455,-454,-430,-439,462]],"properties":{"codigo":"08001100000000270108","sector":"080011000000002701","pcode":"CO08001","area_m2":178189}},{"type":"Polygon","arcs":[[463,464,-38,465,466,467,468]],"properties":{"codigo":"08001100000000280103","sector":"080011000000002801","pcode":"CO08001","area_m2":102554}},{"type":"Polygon","arcs":[[469,470,471,472,473]],"properties":{"codigo":"08001100000000280305","sector":"080011000000002803","pcode":"CO08001","area_m2":79177}},{"type":"Polygon","arcs":[[474,475,476,477,478]],"properties":{"codigo":"08001100000000280307","sector":"080011000000002803","pcode":"CO08001","area_m2":117935}},{"type":"Polygon","arcs":[[479,480,481,482,483,484,-471,485,-477]],"properties":{"codigo":"08001100000000280308","sector":"080011000000002803","pcode":"CO08001","area_m2":130630}},{"type":"Polygon","arcs":[[486,487,488,-484]],"properties":{"codigo":"08001100000000280310","sector":"080011000000002803","pcode":"CO08001","area_m2":65290}},{"type":"Polygon","arcs":[[489,490,491,492,493]],"properties":{"codigo":"08001100000000290204","sector":"080011000000002902","pcode":"CO08001","area_m2":105740}},{"type":"Polygon","arcs":[[494,495,496,497,-480,-476,498]],"properties":{"codigo":"08001100000000300103","sector":"080011000000003001","pcode":"CO08001","area_m2":57521}},{"type":"Polygon","arcs":[[499,500,501,502,503,504]],"properties":{"codigo":"08001100000000300106","sector":"080011000000003001","pcode":"CO08001","area_m2":59052}},{"type":"Polygon","arcs":[[505,506,507,508,509,510,511,512,513,514]],"properties":{"codigo":"08001100000000310108","sector":"080011000000003101","pcode":"CO08001","area_m2":156990}},{"type":"Polygon","arcs":[[515,-463,-438,516,517,518]],"properties":{"codigo":"08001100000000320103","sector":"080011000000003201","pcode":"CO08001","area_m2":168852}},{"type":"Polygon","arcs":[[519,520,-518,521]],"properties":{"codigo":"08001100000000320201","sector":"080011000000003202","pcode":"CO08001","area_m2":78122}},{"type":"Polygon","arcs":[[522,-522,-517,-437]],"properties":{"codigo":"08001100000000320202","sector":"080011000000003202","pcode":"CO08001","area_m2":75301}},{"type":"Polygon","arcs":[[-30,523,524,525,526,-520,527]],"properties":{"codigo":"08001100000000320203","sector":"080011000000003202","pcode":"CO08001","area_m2":75923}},{"type":"Polygon","arcs":[[528,529,530,531,-526]],"properties":{"codigo":"08001100000000320301","sector":"080011000000003203","pcode":"CO08001","area_m2":145076}},{"type":"Polygon","arcs":[[532,-529,-525,533]],"properties":{"codigo":"08001100000000320302","sector":"080011000000003203","pcode":"CO08001","area_m2":114301}},{"type":"Polygon","arcs":[[534,535,-534,-524,-29,536]],"properties":{"codigo":"08001100000000320303","sector":"080011000000003203","pcode":"CO08001","area_m2":124781}},{"type":"Polygon","arcs":[[537,538,539,540,-535]],"properties":{"codigo":"08001100000000320304","sector":"080011000000003203","pcode":"CO08001","area_m2":95954}},{"type":"Polygon","arcs":[[541,542,-52,543,-404]],"properties":{"codigo":"08001100000000330103","sector":"080011000000003301","pcode":"CO08001","area_m2":118760}},{"type":"Polygon","arcs":[[544,545,546,547,548]],"properties":{"codigo":"08001100000000330105","sector":"080011000000003301","pcode":"CO08001","area_m2":87840}},{"type":"Polygon","arcs":[[549,550,-542,-403]],"properties":{"codigo":"08001100000000330106","sector":"080011000000003301","pcode":"CO08001","area_m2":152715}},{"type":"Polygon","arcs":[[551,552,553,554,555]],"properties":{"codigo":"08001100000000340301","sector":"080011000000003403","pcode":"CO08001","area_m2":50609}},{"type":"Polygon","arcs":[[556,-554,557,558,559,560,-546]],"properties":{"codigo":"08001100000000330203","sector":"080011000000003302","pcode":"CO08001","area_m2":115652}},{"type":"Polygon","arcs":[[-377,561,562,563,564]],"properties":{"codigo":"08001100000000340202","sector":"080011000000003402","pcode":"CO08001","area_m2":153631}},{"type":"Polygon","arcs":[[565,566,567,568,-563]],"properties":{"codigo":"08001100000000340203","sector":"080011000000003402","pcode":"CO08001","area_m2":109518}},{"type":"Polygon","arcs":[[-566,-562,-376,569,-383,570]],"properties":{"codigo":"08001100000000340204","sector":"080011000000003402","pcode":"CO08001","area_m2":159181}},{"type":"Polygon","arcs":[[-333,571,-558,-553,572,573]],"properties":{"codigo":"08001100000000350202","sector":"080011000000003502","pcode":"CO08001","area_m2":86845}},{"type":"Polygon","arcs":[[-332,574,575,-559,-572]],"properties":{"codigo":"08001100000000350203","sector":"080011000000003502","pcode":"CO08001","area_m2":92420}},{"type":"Polygon","arcs":[[576,577,578,-575,-331]],"properties":{"codigo":"08001100000000350204","sector":"080011000000003502","pcode":"CO08001","area_m2":105577}},{"type":"Polygon","arcs":[[579,580,-573,-552,581,582,-567]],"properties":{"codigo":"08001100000000350301","sector":"080011000000003503","pcode":"CO08001","area_m2":104921}},{"type":"Polygon","arcs":[[583,-580,-571,-382]],"properties":{"codigo":"08001100000000350302","sector":"080011000000003503","pcode":"CO08001","area_m2":124745}},{"type":"Polygon","arcs":[[-443,-334,-574,-581,-584,-381]],"properties":{"codigo":"08001100000000350303","sector":"080011000000003503","pcode":"CO08001","area_m2":95710}},{"type":"Polygon","arcs":[[584,585,-577,-330,586]],"properties":{"codigo":"08001100000000350304","sector":"080011000000003503","pcode":"CO08001","area_m2":54205}},{"type":"Polygon","arcs":[[587,588,589,590,591,-328,592]],"properties":{"codigo":"08001100000000360205","sector":"080011000000003602","pcode":"CO08001","area_m2":71502}},{"type":"Polygon","arcs":[[-588,593]],"properties":{"codigo":"08001100000000360401","sector":"080011000000003604","pcode":"CO08001","area_m2":39968}},{"type":"Polygon","arcs":[[594,595,596,-590,597]],"properties":{"codigo":"08001100000000360501","sector":"080011000000003605","pcode":"CO08001","area_m2":72353}},{"type":"Polygon","arcs":[[-10,-24,598,599,600]],"properties":{"codigo":"08001100000000370208","sector":"080011000000003702","pcode":"CO08001","area_m2":93443}},{"type":"Polygon","arcs":[[-599,-23,-18,-384,-570,-375,601]],"properties":{"codigo":"08001100000000370101","sector":"080011000000003701","pcode":"CO08001","area_m2":263928}},{"type":"Polygon","arcs":[[602,603,604,605,606,607,608,609]],"properties":{"codigo":"08001100000000370502","sector":"080011000000003705","pcode":"CO08001","area_m2":104532}},{"type":"Polygon","arcs":[[610,611,-609,612,613,614,615,616]],"properties":{"codigo":"08001100000000370506","sector":"080011000000003705","pcode":"CO08001","area_m2":225034}},{"type":"Polygon","arcs":[[-489,617,618,619,-472,-485]],"properties":{"codigo":"08001100000000370611","sector":"080011000000003706","pcode":"CO08001","area_m2":63127}},{"type":"Polygon","arcs":[[-488,620,621,622,623,624]],"properties":{"codigo":"08001100000000370612","sector":"080011000000003706","pcode":"CO08001","area_m2":60958}},{"type":"Polygon","arcs":[[-623,625,626,627,628,629,630]],"properties":{"codigo":"08001100000000370613","sector":"080011000000003706","pcode":"CO08001","area_m2":72725}},{"type":"Polygon","arcs":[[-624,-631,631,632]],"properties":{"codigo":"08001100000000370614","sector":"080011000000003706","pcode":"CO08001","area_m2":61262}},{"type":"Polygon","arcs":[[-618,-625,-633,633,634,635,636]],"properties":{"codigo":"08001100000000370615","sector":"080011000000003706","pcode":"CO08001","area_m2":72504}},{"type":"Polygon","arcs":[[637,-636,638,639,640,641]],"properties":{"codigo":"08001100000000370616","sector":"080011000000003706","pcode":"CO08001","area_m2":85507}},{"type":"Polygon","arcs":[[642,643,644,645]],"properties":{"codigo":"08001100000000370805","sector":"080011000000003708","pcode":"CO08001","area_m2":48823}},{"type":"Polygon","arcs":[[646,-48,647,648,-511]],"properties":{"codigo":"08001100000000370701","sector":"080011000000003707","pcode":"CO08001","area_m2":30340}},{"type":"Polygon","arcs":[[-510,649,650,-45,-647]],"properties":{"codigo":"08001100000000370703","sector":"080011000000003707","pcode":"CO08001","area_m2":25047}},{"type":"Polygon","arcs":[[-508,651,652,653,654,655,656,657,-644,658,659]],"properties":{"codigo":"08001100000000370804","sector":"080011000000003708","pcode":"CO08001","area_m2":366369}},{"type":"Polygon","arcs":[[-645,-658,660,661,662,663,-40,664]],"properties":{"codigo":"08001100000000370806","sector":"080011000000003708","pcode":"CO08001","area_m2":56122}},{"type":"Polygon","arcs":[[665,666,667,668]],"properties":{"codigo":"08001100000000260203","sector":"080011000000002602","pcode":"CO08001","area_m2":109427}},{"type":"Polygon","arcs":[[669,670,-159,-151,-148]],"properties":{"codigo":"08001100000000080402","sector":"080011000000000804","pcode":"CO08001","area_m2":128496}},{"type":"Polygon","arcs":[[671,-666,672,673]],"properties":{"codigo":"08001100000000260207","sector":"080011000000002602","pcode":"CO08001","area_m2":88164}},{"type":"Polygon","arcs":[[674,-674,675,676]],"properties":{"codigo":"08001100000000260208","sector":"080011000000002602","pcode":"CO08001","area_m2":94471}},{"type":"Polygon","arcs":[[677,678,-464,679,-606]],"properties":{"codigo":"08001100000000280105","sector":"080011000000002801","pcode":"CO08001","area_m2":37857}},{"type":"Polygon","arcs":[[-675,680,-468,681,-53,682,683,684,-667,-672]],"properties":{"codigo":"08001100000000280108","sector":"080011000000002801","pcode":"CO08001","area_m2":219275}},{"type":"Polygon","arcs":[[685,686,-514]],"properties":{"codigo":"08001100000000310101","sector":"080011000000003101","pcode":"CO08001","area_m2":15846}},{"type":"Polygon","arcs":[[-39,-465,-679,687,688,689,690]],"properties":{"codigo":"08001100000000370608","sector":"080011000000003706","pcode":"CO08001","area_m2":56288}},{"type":"Polygon","arcs":[[691,692,693]],"properties":{"codigo":"08001100000000290104","sector":"080011000000002901","pcode":"CO08001","area_m2":43608}},{"type":"Polygon","arcs":[[694,695,696,697,698,699,-259]],"properties":{"codigo":"08001100000000170303","sector":"080011000000001703","pcode":"CO08001","area_m2":157453}},{"type":"Polygon","arcs":[[700,-64,701,702,703,704,705]],"properties":{"codigo":"08001100000000100105","sector":"080011000000001001","pcode":"CO08001","area_m2":167130}},{"type":"Polygon","arcs":[[706,707,-475,708,709]],"properties":{"codigo":"08001100000000300108","sector":"080011000000003001","pcode":"CO08001","area_m2":80351}},{"type":"Polygon","arcs":[[-604,710,711,-458,712,713,714]],"properties":{"codigo":"08001100000000270109","sector":"080011000000002701","pcode":"CO08001","area_m2":73269}},{"type":"Polygon","arcs":[[715,716,717,718,719,720]],"properties":{"codigo":"08001100000000200110","sector":"080011000000002001","pcode":"CO08001","area_m2":130558}},{"type":"Polygon","arcs":[[721,722,723,724,725]],"properties":{"codigo":"08001100000000090202","sector":"080011000000000902","pcode":"CO08001","area_m2":190074}},{"type":"Polygon","arcs":[[726,727,728,-2,-221]],"properties":{"codigo":"08001100000000150107","sector":"080011000000001501","pcode":"CO08001","area_m2":41818}},{"type":"Polygon","arcs":[[729,730,731,732,733,-531,734]],"properties":{"codigo":"08001100000000300110","sector":"080011000000003001","pcode":"CO08001","area_m2":97257}},{"type":"Polygon","arcs":[[735,736,737,738,739,740]],"properties":{"codigo":"08001100000000060204","sector":"080011000000000602","pcode":"CO08001","area_m2":275615}},{"type":"Polygon","arcs":[[741,742,743,744,745,746,-200,747]],"properties":{"codigo":"08001100000000250301","sector":"080011000000002503","pcode":"CO08001","area_m2":180191}},{"type":"Polygon","arcs":[[748,749]],"properties":{"codigo":"08001100000000371703","sector":"080011000000003717","pcode":"CO08001","area_m2":368754}},{"type":"Polygon","arcs":[[750,751,752,753,754,755,756]],"properties":{"codigo":"08001100000000140101","sector":"080011000000001401","pcode":"CO08001","area_m2":76295}},{"type":"Polygon","arcs":[[757,758,759,760,761,-733]],"properties":{"codigo":"08001100000000280402","sector":"080011000000002804","pcode":"CO08001","area_m2":113484}},{"type":"Polygon","arcs":[[762,763,764,-419,765,-417,766,-415,767,-413,768,769,770]],"properties":{"codigo":"08001100000000230305","sector":"080011000000002303","pcode":"CO08001","area_m2":41054}},{"type":"Polygon","arcs":[[771,772,773,774,-198,775]],"properties":{"codigo":"08001100000000250201","sector":"080011000000002502","pcode":"CO08001","area_m2":193709}},{"type":"Polygon","arcs":[[776,777,778,-742,779,-774]],"properties":{"codigo":"08001100000000250303","sector":"080011000000002503","pcode":"CO08001","area_m2":144770}},{"type":"Polygon","arcs":[[780,781,782,-35,783]],"properties":{"codigo":"08001100000000280202","sector":"080011000000002802","pcode":"CO08001","area_m2":82712}},{"type":"Polygon","arcs":[[784,-163,-157,785]],"properties":{"codigo":"08001100000000080404","sector":"080011000000000804","pcode":"CO08001","area_m2":59368}},{"type":"Polygon","arcs":[[786,787,788,789,790,791,792,793,794,795,796,797]],"properties":{"codigo":"08001100000000260303","sector":"080011000000002603","pcode":"CO08001","area_m2":146280}},{"type":"Polygon","arcs":[[798,799,-54,-682,-467,800]],"properties":{"codigo":"08001100000000280102","sector":"080011000000002801","pcode":"CO08001","area_m2":276988}},{"type":"Polygon","arcs":[[801,802,803]],"properties":{"codigo":"08001100000000371803","sector":"080011000000003718","pcode":"CO08001","area_m2":55444}},{"type":"Polygon","arcs":[[804,805,806,807,808]],"properties":{"codigo":"08001100000000040601","sector":"080011000000000406","pcode":"CO08001","area_m2":143457}},{"type":"Polygon","arcs":[[809,810,811,812]],"properties":{"codigo":"08001100000000210502","sector":"080011000000002105","pcode":"CO08001","area_m2":27567}},{"type":"Polygon","arcs":[[-630,813,814,815,-634,-632]],"properties":{"codigo":"08001100000000290101","sector":"080011000000002901","pcode":"CO08001","area_m2":68912}},{"type":"Polygon","arcs":[[816,-421,-405,-544,-51,817]],"properties":{"codigo":"08001100000000240403","sector":"080011000000002404","pcode":"CO08001","area_m2":62523}},{"type":"Polygon","arcs":[[818,819,820,-16,821]],"properties":{"codigo":"08001100000000022501","sector":"080011000000000225","pcode":"CO08001","area_m2":115067}},{"type":"Polygon","arcs":[[822,823,824,825,-805,826]],"properties":{"codigo":"08001100000000120201","sector":"080011000000001202","pcode":"CO08001","area_m2":176264}},{"type":"Polygon","arcs":[[827,828,829,830,831]],"properties":{"codigo":"08001100000000290205","sector":"080011000000002902","pcode":"CO08001","area_m2":152770}},{"type":"Polygon","arcs":[[-652,832,833,834,835]],"properties":{"codigo":"08001100000000370801","sector":"080011000000003708","pcode":"CO08001","area_m2":72700}},{"type":"Polygon","arcs":[[-810,836,837]],"properties":{"codigo":"08001100000000210501","sector":"080011000000002105","pcode":"CO08001","area_m2":29840}},{"type":"Polygon","arcs":[[838,-772,839,840]],"properties":{"codigo":"08001100000000250102","sector":"080011000000002501","pcode":"CO08001","area_m2":87963}},{"type":"Polygon","arcs":[[841,-325,-268,842,-721]],"properties":{"codigo":"08001100000000200106","sector":"080011000000002001","pcode":"CO08001","area_m2":112129}},{"type":"Polygon","arcs":[[843,-427,844,-425,845,846,-433,847,848,-440]],"properties":{"codigo":"08001100000000240302","sector":"080011000000002403","pcode":"CO08001","area_m2":106675}},{"type":"Polygon","arcs":[[849,850,851,852,853,854]],"properties":{"codigo":"08001100000000160501","sector":"080011000000001605","pcode":"CO08001","area_m2":150013}},{"type":"Polygon","arcs":[[855,-394,856,-392,857,-390,858,859,860,861,862,863,864]],"properties":{"codigo":"08001100000000230202","sector":"080011000000002302","pcode":"CO08001","area_m2":204542}},{"type":"Polygon","arcs":[[865,-396,866,-865,867,868,869]],"properties":{"codigo":"08001100000000230203","sector":"080011000000002302","pcode":"CO08001","area_m2":168574}},{"type":"Polygon","arcs":[[870,871,872,873,874,875,-755]],"properties":{"codigo":"08001100000000130201","sector":"080011000000001302","pcode":"CO08001","area_m2":148005}},{"type":"Polygon","arcs":[[876,-478,-486,-470,877]],"properties":{"codigo":"08001100000000280306","sector":"080011000000002803","pcode":"CO08001","area_m2":65185}},{"type":"Polygon","arcs":[[878,879,880,881,882,883]],"properties":{"codigo":"08001100000000070103","sector":"080011000000000701","pcode":"CO08001","area_m2":300998}},{"type":"Polygon","arcs":[[884,885,886,887,-879,888]],"properties":{"codigo":"08001100000000070202","sector":"080011000000000702","pcode":"CO08001","area_m2":299285}},{"type":"Polygon","arcs":[[889,890,891,892,893,-802,894,895,896,897]],"properties":{"codigo":"08001100000000371608","sector":"080011000000003716","pcode":"CO08001","area_m2":416001}},{"type":"Polygon","arcs":[[898,899,900,-883,901,902]],"properties":{"codigo":"08001100000000070302","sector":"080011000000000703","pcode":"CO08001","area_m2":71162}},{"type":"Polygon","arcs":[[903,904,905,906]],"properties":{"codigo":"08001100000000371505","sector":"080011000000003715","pcode":"CO08001","area_m2":243902}},{"type":"Polygon","arcs":[[-73,907,908,909,910,911,-81]],"properties":{"codigo":"08001100000000020102","sector":"080011000000000201","pcode":"CO08001","area_m2":180344}},{"type":"Polygon","arcs":[[912,913,914,-786,-156,-671,915]],"properties":{"codigo":"08001100000000210201","sector":"080011000000002102","pcode":"CO08001","area_m2":189617}},{"type":"Polygon","arcs":[[916,917,918,919]],"properties":{"codigo":"08001100000000070503","sector":"080011000000000705","pcode":"CO08001","area_m2":167113}},{"type":"Polygon","arcs":[[920,921,922,-19,-33,923]],"properties":{"codigo":"08001100000000370303","sector":"080011000000003703","pcode":"CO08001","area_m2":152431}},{"type":"Polygon","arcs":[[924,925,926]],"properties":{"codigo":"08001100000000110201","sector":"080011000000001102","pcode":"CO08001","area_m2":56617}},{"type":"Polygon","arcs":[[927,-501,928,929,930]],"properties":{"codigo":"08001100000000310106","sector":"080011000000003101","pcode":"CO08001","area_m2":20689}},{"type":"Polygon","arcs":[[931,932,933,934,935,936,-727,-220,-217]],"properties":{"codigo":"08001100000000150108","sector":"080011000000001501","pcode":"CO08001","area_m2":119262}},{"type":"Polygon","arcs":[[937,-82,-912,938,939]],"properties":{"codigo":"08001100000000020603","sector":"080011000000000206","pcode":"CO08001","area_m2":175531}},{"type":"Polygon","arcs":[[940,941,942,-214,-232,943,944]],"properties":{"codigo":"08001100000000160402","sector":"080011000000001604","pcode":"CO08001","area_m2":90850}},{"type":"Polygon","arcs":[[945,946,947,948,949,950]],"properties":{"codigo":"08001100000000371403","sector":"080011000000003714","pcode":"CO08001","area_m2":490728}},{"type":"Polygon","arcs":[[951,952,953,-798,954,955]],"properties":{"codigo":"08001100000000260401","sector":"080011000000002604","pcode":"CO08001","area_m2":192032}},{"type":"Polygon","arcs":[[-59,956,957,958]],"properties":{"codigo":"08001100000000100102","sector":"080011000000001001","pcode":"CO08001","area_m2":135049}},{"type":"Polygon","arcs":[[959,960,961,-735,-530,-533,-536,-541]],"properties":{"codigo":"08001100000000320305","sector":"080011000000003203","pcode":"CO08001","area_m2":201781}},{"type":"Polygon","arcs":[[962,963,964,-930,965]],"properties":{"codigo":"08001100000000310105","sector":"080011000000003101","pcode":"CO08001","area_m2":12162}},{"type":"Polygon","arcs":[[966,967,968,969,970,971]],"properties":{"codigo":"08001100000000010103","sector":"080011000000000101","pcode":"CO08001","area_m2":47974}},{"type":"Polygon","arcs":[[972,973,974,975]],"properties":{"codigo":"08001100000000100108","sector":"080011000000001001","pcode":"CO08001","area_m2":117605}},{"type":"Polygon","arcs":[[976,977,978,979,980,981,982,983,984]],"properties":{"codigo":"08001100000000270103","sector":"080011000000002701","pcode":"CO08001","area_m2":80811}},{"type":"Polygon","arcs":[[985,986,-688,-678,-605,-715,987]],"properties":{"codigo":"08001100000000280301","sector":"080011000000002803","pcode":"CO08001","area_m2":83332}},{"type":"Polygon","arcs":[[988,-956,989,-743,-779,990]],"properties":{"codigo":"08001100000000250304","sector":"080011000000002503","pcode":"CO08001","area_m2":233679}},{"type":"Polygon","arcs":[[-600,-602,-374,991,992,993]],"properties":{"codigo":"08001100000000220110","sector":"080011000000002201","pcode":"CO08001","area_m2":157792}},{"type":"Polygon","arcs":[[994,995,996,997,-627]],"properties":{"codigo":"08001100000000290107","sector":"080011000000002901","pcode":"CO08001","area_m2":124276}},{"type":"Polygon","arcs":[[998,-595,999,-820,1000]],"properties":{"codigo":"08001100000000360502","sector":"080011000000003605","pcode":"CO08001","area_m2":54500}},{"type":"Polygon","arcs":[[1001,1002,-696,1003]],"properties":{"codigo":"08001100000000180301","sector":"080011000000001803","pcode":"CO08001","area_m2":80711}},{"type":"Polygon","arcs":[[1004,-905,1005,1006,1007]],"properties":{"codigo":"08001100000000371503","sector":"080011000000003715","pcode":"CO08001","area_m2":168568}},{"type":"Polygon","arcs":[[1008,1009,1010,1011,1012,1013,1014]],"properties":{"codigo":"08001100000000260103","sector":"080011000000002601","pcode":"CO08001","area_m2":90019}},{"type":"Polygon","arcs":[[1015,1016,1017]],"properties":{"codigo":"08001100000000031303","sector":"080011000000000313","pcode":"CO08001","area_m2":170457}},{"type":"Polygon","arcs":[[-830,1018,1019,1020,1021]],"properties":{"codigo":"08001100000000290210","sector":"080011000000002902","pcode":"CO08001","area_m2":94948}},{"type":"Polygon","arcs":[[-776,-197,-207,1022,-840]],"properties":{"codigo":"08001100000000250101","sector":"080011000000002501","pcode":"CO08001","area_m2":135701}},{"type":"Polygon","arcs":[[1023,1024,1025,1026,-1010]],"properties":{"codigo":"08001100000000260201","sector":"080011000000002602","pcode":"CO08001","area_m2":180834}},{"type":"Polygon","arcs":[[1027,-725,1028,1029,1030]],"properties":{"codigo":"08001100000000060202","sector":"080011000000000602","pcode":"CO08001","area_m2":255948}},{"type":"Polygon","arcs":[[1031,-693,1032,1033,1034,1035,1036,1037]],"properties":{"codigo":"08001100000000290106","sector":"080011000000002901","pcode":"CO08001","area_m2":193197}},{"type":"Polygon","arcs":[[1038,-707,1039,1040,-504]],"properties":{"codigo":"08001100000000300107","sector":"080011000000003001","pcode":"CO08001","area_m2":74833}},{"type":"Polygon","arcs":[[1041,1042,-951,1043,1044,1045]],"properties":{"codigo":"08001100000000120106","sector":"080011000000001201","pcode":"CO08001","area_m2":223596}},{"type":"Polygon","arcs":[[1046,1047,1048,1049,1050,1051,1052,-891,1053,1054,1055,1056,1057,1058,1059,1060]],"properties":{"codigo":"08001100000000371603","sector":"080011000000003716","pcode":"CO08001","area_m2":513277}},{"type":"Polygon","arcs":[[1061,1062,1063,-744,-990,-955,-797]],"properties":{"codigo":"08001100000000260302","sector":"080011000000002603","pcode":"CO08001","area_m2":163895}},{"type":"Polygon","arcs":[[-718,1064,1065,1066,1067,1068]],"properties":{"codigo":"08001100000000210301","sector":"080011000000002103","pcode":"CO08001","area_m2":705873}},{"type":"Polygon","arcs":[[1069,-499,-708,-1039,-503,1070]],"properties":{"codigo":"08001100000000300105","sector":"080011000000003001","pcode":"CO08001","area_m2":55115}},{"type":"Polygon","arcs":[[-453,1071,-451,1072,1073,-448,1074,1075,1076,1077,1078,1079,1080,1081,1082,1083,1084,1085,1086,1087,-985,1088,1089]],"properties":{"codigo":"08001100000000270104","sector":"080011000000002701","pcode":"CO08001","area_m2":115033}},{"type":"Polygon","arcs":[[1090,-1012,1091,1092,1093,1094,1095,1096]],"properties":{"codigo":"08001100000000120501","sector":"080011000000001205","pcode":"CO08001","area_m2":157978}},{"type":"Polygon","arcs":[[1097,1098,1099,1100,1101,1102,1103,1104,1105]],"properties":{"codigo":"08001100000000070501","sector":"080011000000000705","pcode":"CO08001","area_m2":70698}},{"type":"Polygon","arcs":[[1106,1107,1108,1109]],"properties":{"codigo":"08001100000000120307","sector":"080011000000001203","pcode":"CO08001","area_m2":96920}},{"type":"Polygon","arcs":[[1110,1111,1112,1113,1114,1115]],"properties":{"codigo":"08001100000000120604","sector":"080011000000001206","pcode":"CO08001","area_m2":110224}},{"type":"Polygon","arcs":[[1116,1117,1118,1119,1120,1121]],"properties":{"codigo":"08001100000000150201","sector":"080011000000001502","pcode":"CO08001","area_m2":53626}},{"type":"Polygon","arcs":[[1122,1123,1124,1125]],"properties":{"codigo":"08001100000000370402","sector":"080011000000003704","pcode":"CO08001","area_m2":64432}},{"type":"Polygon","arcs":[[1126,1127,1128,-1094,1129,1130]],"properties":{"codigo":"08001100000000120601","sector":"080011000000001206","pcode":"CO08001","area_m2":161027}},{"type":"Polygon","arcs":[[1131,1132,1133,-871,-754]],"properties":{"codigo":"08001100000000130202","sector":"080011000000001302","pcode":"CO08001","area_m2":87771}},{"type":"Polygon","arcs":[[1134,-105,1135,1136,-1016,1137]],"properties":{"codigo":"08001100000000031302","sector":"080011000000000313","pcode":"CO08001","area_m2":819480}},{"type":"Polygon","arcs":[[-569,1138,1139,-401,1140,-564]],"properties":{"codigo":"08001100000000340201","sector":"080011000000003402","pcode":"CO08001","area_m2":96559}},{"type":"Polygon","arcs":[[-803,-894,1141,-892,-1053,1142]],"properties":{"codigo":"08001100000000371802","sector":"080011000000003718","pcode":"CO08001","area_m2":134800}},{"type":"Polygon","arcs":[[-596,-999,1143,1144,1145,1146,1147]],"properties":{"codigo":"08001100000000360203","sector":"080011000000003602","pcode":"CO08001","area_m2":108935}},{"type":"Polygon","arcs":[[1148,1149,1150,1151]],"properties":{"codigo":"08001100000000350105","sector":"080011000000003501","pcode":"CO08001","area_m2":49855}},{"type":"Polygon","arcs":[[1152,1153,1154,-560,-576,-579,1155]],"properties":{"codigo":"08001100000000350201","sector":"080011000000003502","pcode":"CO08001","area_m2":105650}},{"type":"Polygon","arcs":[[1156,-1086,1157,1158,-617,1159,1160,1161,1162,1163,1164,1165,1166,1167,1168,1169,1170,-980,1171,-978,1172]],"properties":{"codigo":"08001100000000270102","sector":"080011000000002701","pcode":"CO08001","area_m2":142402}},{"type":"Polygon","arcs":[[-1149,1173,1174,-506,1175]],"properties":{"codigo":"08001100000000350104","sector":"080011000000003501","pcode":"CO08001","area_m2":43087}},{"type":"Polygon","arcs":[[-628,-998,1176,-694,-1032,1177,1178]],"properties":{"codigo":"08001100000000290103","sector":"080011000000002901","pcode":"CO08001","area_m2":45550}},{"type":"Polygon","arcs":[[-783,1179,1180,1181,1182,-799,1183,-36]],"properties":{"codigo":"08001100000000280101","sector":"080011000000002801","pcode":"CO08001","area_m2":270368}},{"type":"Polygon","arcs":[[-878,-474,1184,1185,-988,-714,1186,1187]],"properties":{"codigo":"08001100000000280302","sector":"080011000000002803","pcode":"CO08001","area_m2":103060}},{"type":"Polygon","arcs":[[-361,-565,1188,-285,-297,-299,-357]],"properties":{"codigo":"08001100000000340101","sector":"080011000000003401","pcode":"CO08001","area_m2":192698}},{"type":"Polygon","arcs":[[1189,1190,-972]],"properties":{"codigo":"08001100000000010104","sector":"080011000000000101","pcode":"CO08001","area_m2":48685}},{"type":"Polygon","arcs":[[1191,1192,1193,-837]],"properties":{"codigo":"08001100000000210507","sector":"080011000000002105","pcode":"CO08001","area_m2":15910}},{"type":"Polygon","arcs":[[1194,-808,1195,1196]],"properties":{"codigo":"08001100000000040606","sector":"080011000000000406","pcode":"CO08001","area_m2":97060}},{"type":"Polygon","arcs":[[1197,1198,1199,1200]],"properties":{"codigo":"08001100000000371605","sector":"080011000000003716","pcode":"CO08001","area_m2":162685}},{"type":"Polygon","arcs":[[1201,1202,-706,1203,1204,1205]],"properties":{"codigo":"08001100000000100106","sector":"080011000000001001","pcode":"CO08001","area_m2":156904}},{"type":"Polygon","arcs":[[-1020,1206,1207,1208,1209]],"properties":{"codigo":"08001100000000290209","sector":"080011000000002902","pcode":"CO08001","area_m2":110528}},{"type":"Polygon","arcs":[[1210,1211]],"properties":{"codigo":"08001100000000371609","sector":"080011000000003716","pcode":"CO08001","area_m2":23915}},{"type":"Polygon","arcs":[[1212,1213,1214,-1134,1215,1216]],"properties":{"codigo":"08001100000000130103","sector":"080011000000001301","pcode":"CO08001","area_m2":200954}},{"type":"Polygon","arcs":[[1217,-1138,-1018,1218,1219]],"properties":{"codigo":"08001100000000031202","sector":"080011000000000312","pcode":"CO08001","area_m2":154327}},{"type":"Polygon","arcs":[[1220,1221]],"properties":{"codigo":"08001100000000000109","sector":"080011000000000001","pcode":"CO08001","area_m2":86247}},{"type":"Polygon","arcs":[[1222,-854,1223,-215,-943]],"properties":{"codigo":"08001100000000160401","sector":"080011000000001604","pcode":"CO08001","area_m2":82450}},{"type":"Polygon","arcs":[[1224,-1097,1225,1226,1227,1228]],"properties":{"codigo":"08001100000000120503","sector":"080011000000001205","pcode":"CO08001","area_m2":129829}},{"type":"Polygon","arcs":[[1229,-909,1230,1231]],"properties":{"codigo":"08001100000000020201","sector":"080011000000000202","pcode":"CO08001","area_m2":90461}},{"type":"Polygon","arcs":[[-1135,-1218,1232,1233,1234,-106]],"properties":{"codigo":"08001100000000031201","sector":"080011000000000312","pcode":"CO08001","area_m2":262242}},{"type":"Polygon","arcs":[[-821,-1000,-598,-589,-594,-593,-327,-444,-378,-17]],"properties":{"codigo":"08001100000000360301","sector":"080011000000003603","pcode":"CO08001","area_m2":292101}},{"type":"Polygon","arcs":[[1235,1236,1237,1238,1239,1240,1241,1242,1243,1244,1245,1246,-1007,1247,1248,1249,1250,1251,1252,1253,1254,1255]],"properties":{"codigo":"08001100000000371504","sector":"080011000000003715","pcode":"CO08001","area_m2":1352277}},{"type":"Polygon","arcs":[[1256,1257,1258,1259,-703]],"properties":{"codigo":"08001100000000100104","sector":"080011000000001001","pcode":"CO08001","area_m2":131608}},{"type":"Polygon","arcs":[[1260,1261,-1126,1262]],"properties":{"codigo":"08001100000000370403","sector":"080011000000003704","pcode":"CO08001","area_m2":60812}},{"type":"Polygon","arcs":[[1263,-1092,-1011,-1027]],"properties":{"codigo":"08001100000000260210","sector":"080011000000002602","pcode":"CO08001","area_m2":79706}},{"type":"Polygon","arcs":[[-195,1264,1265,1266,1267,1268,-757,1269]],"properties":{"codigo":"08001100000000140301","sector":"080011000000001403","pcode":"CO08001","area_m2":371808}},{"type":"Polygon","arcs":[[-1233,-1220,1270,1271,1272]],"properties":{"codigo":"08001100000000031203","sector":"080011000000000312","pcode":"CO08001","area_m2":211176}},{"type":"Polygon","arcs":[[1273,1274,1275,1276,1277]],"properties":{"codigo":"08001100000000040605","sector":"080011000000000406","pcode":"CO08001","area_m2":103318}},{"type":"Polygon","arcs":[[-72,1278,1279,-908]],"properties":{"codigo":"08001100000000020101","sector":"080011000000000201","pcode":"CO08001","area_m2":146497}},{"type":"Polygon","arcs":[[1280,1281,1282,1283,-952,-989,1284,-1117]],"properties":{"codigo":"08001100000000250305","sector":"080011000000002503","pcode":"CO08001","area_m2":225744}},{"type":"Polygon","arcs":[[-646,-665,-44,1285,1286,1287]],"properties":{"codigo":"08001100000000370709","sector":"080011000000003707","pcode":"CO08001","area_m2":54116}},{"type":"Polygon","arcs":[[1288,-435,1289,-763,-409,-817]],"properties":{"codigo":"08001100000000240402","sector":"080011000000002404","pcode":"CO08001","area_m2":124711}},{"type":"Polygon","arcs":[[1290,-258,1291,-863]],"properties":{"codigo":"08001100000000180303","sector":"080011000000001803","pcode":"CO08001","area_m2":61702}},{"type":"Polygon","arcs":[[-1290,1292,1293,-764]],"properties":{"codigo":"08001100000000230304","sector":"080011000000002303","pcode":"CO08001","area_m2":38441}},{"type":"Polygon","arcs":[[1294,1295,1296,1297,1298]],"properties":{"codigo":"08001100000000000201","sector":"080011000000000002","pcode":"CO08001","area_m2":96984}},{"type":"Polygon","arcs":[[1299,-113,1300,-1276,1301,1302]],"properties":{"codigo":"08001100000000040501","sector":"080011000000000405","pcode":"CO08001","area_m2":179616}},{"type":"Polygon","arcs":[[1303,1304,1305,-973,1306]],"properties":{"codigo":"08001100000000170102","sector":"080011000000001701","pcode":"CO08001","area_m2":119721}},{"type":"Polygon","arcs":[[-728,-937,1307,1308,1309]],"properties":{"codigo":"08001100000000150105","sector":"080011000000001501","pcode":"CO08001","area_m2":106040}},{"type":"Polygon","arcs":[[1310,1311,-585,1312,1313,-1147]],"properties":{"codigo":"08001100000000360201","sector":"080011000000003602","pcode":"CO08001","area_m2":56777}},{"type":"Polygon","arcs":[[1314,1315,1316,1317]],"properties":{"codigo":"08001100000000140304","sector":"080011000000001403","pcode":"CO08001","area_m2":160359}},{"type":"Polygon","arcs":[[1318,1319,1320]],"properties":{"codigo":"08001100000000371607","sector":"080011000000003716","pcode":"CO08001","area_m2":318168}},{"type":"Polygon","arcs":[[1321,-1115,1322,1323,-1123,-1262,1324]],"properties":{"codigo":"08001100000000370405","sector":"080011000000003704","pcode":"CO08001","area_m2":81970}},{"type":"Polygon","arcs":[[1325,1326,1327,-1295,1328]],"properties":{"codigo":"08001100000000000203","sector":"080011000000000002","pcode":"CO08001","area_m2":140254}},{"type":"Polygon","arcs":[[1329,1330,1331,1332,1333]],"properties":{"codigo":"08001100000000371303","sector":"080011000000003713","pcode":"CO08001","area_m2":576023}},{"type":"Polygon","arcs":[[1334,-209,1335,1336]],"properties":{"codigo":"08001100000000140103","sector":"080011000000001401","pcode":"CO08001","area_m2":44081}},{"type":"Polygon","arcs":[[1337,1338,1339,-880,-888]],"properties":{"codigo":"08001100000000070201","sector":"080011000000000702","pcode":"CO08001","area_m2":281903}},{"type":"Polygon","arcs":[[-925,1340,-1277,-1301,-112,1341]],"properties":{"codigo":"08001100000000040401","sector":"080011000000000404","pcode":"CO08001","area_m2":166177}},{"type":"Polygon","arcs":[[1342,-970,1343,1344,1345,1346,1347,1348,1349]],"properties":{"codigo":"08001100000000000101","sector":"080011000000000001","pcode":"CO08001","area_m2":1400784}},{"type":"Polygon","arcs":[[1350,-497,1351]],"properties":{"codigo":"08001100000000300102","sector":"080011000000003001","pcode":"CO08001","area_m2":50015}},{"type":"Polygon","arcs":[[-641,1352,-784,-691,1353]],"properties":{"codigo":"08001100000000370617","sector":"080011000000003706","pcode":"CO08001","area_m2":75275}},{"type":"Polygon","arcs":[[-796,1354,1355,1356,1357,1358,1359,-1062]],"properties":{"codigo":"08001100000000260306","sector":"080011000000002603","pcode":"CO08001","area_m2":174026}},{"type":"Polygon","arcs":[[1360,-1317,1361,-722,1362,1363]],"properties":{"codigo":"08001100000000110703","sector":"080011000000001107","pcode":"CO08001","area_m2":283561}},{"type":"Polygon","arcs":[[-933,1364,1365,-1281,-1122,1366]],"properties":{"codigo":"08001100000000150101","sector":"080011000000001501","pcode":"CO08001","area_m2":44458}},{"type":"Polygon","arcs":[[1367,-736,1368,-1098,1369,1370,1371,1372,1373,1374,1375]],"properties":{"codigo":"08001100000000080101","sector":"080011000000000801","pcode":"CO08001","area_m2":197273}},{"type":"Polygon","arcs":[[-1065,-717,1376,-273,-276,-278,1377]],"properties":{"codigo":"08001100000000200108","sector":"080011000000002001","pcode":"CO08001","area_m2":269391}},{"type":"Polygon","arcs":[[-196,-192,-190,1378,1379,1380,1381]],"properties":{"codigo":"08001100000000040404","sector":"080011000000000404","pcode":"CO08001","area_m2":246421}},{"type":"Polygon","arcs":[[-1298,1382,-1346,1383]],"properties":{"codigo":"08001100000000000102","sector":"080011000000000001","pcode":"CO08001","area_m2":89856}},{"type":"Polygon","arcs":[[1384,1385,-902,-882,1386,1387,1388,1389,1390]],"properties":{"codigo":"08001100000000070102","sector":"080011000000000701","pcode":"CO08001","area_m2":1445488}},{"type":"Polygon","arcs":[[1391,1392,-927,-187,1393,-875]],"properties":{"codigo":"08001100000000110101","sector":"080011000000001101","pcode":"CO08001","area_m2":161281}},{"type":"Polygon","arcs":[[-100,-65,-102,1394,1395]],"properties":{"codigo":"08001100000000030701","sector":"080011000000000307","pcode":"CO08001","area_m2":129573}},{"type":"Polygon","arcs":[[1396,1397]],"properties":{"codigo":"08001100000000000105","sector":"080011000000000001","pcode":"CO08001","area_m2":17758}},{"type":"Polygon","arcs":[[-1265,-194,-1382,1398,1399]],"properties":{"codigo":"08001100000000110701","sector":"080011000000001107","pcode":"CO08001","area_m2":163862}},{"type":"Polygon","arcs":[[1400,1401,1402]],"properties":{"codigo":"08001100000000010204","sector":"080011000000000102","pcode":"CO08001","area_m2":1088651}},{"type":"Polygon","arcs":[[-1398,1403,1404,1405]],"properties":{"codigo":"08001100000000000106","sector":"080011000000000001","pcode":"CO08001","area_m2":17281}},{"type":"Polygon","arcs":[[1406,1407,-1350,1408]],"properties":{"codigo":"08001100000000010106","sector":"080011000000000101","pcode":"CO08001","area_m2":917699}},{"type":"Polygon","arcs":[[-1024,-1009,1409,-1063,-1360,1410]],"properties":{"codigo":"08001100000000260301","sector":"080011000000002603","pcode":"CO08001","area_m2":92940}},{"type":"Polygon","arcs":[[-1302,-1275,1411,-1197,1412,-1330,1413]],"properties":{"codigo":"08001100000000040604","sector":"080011000000000406","pcode":"CO08001","area_m2":589329}},{"type":"Polygon","arcs":[[-1343,-1408,1414,-1190,-971]],"properties":{"codigo":"08001100000000010105","sector":"080011000000000101","pcode":"CO08001","area_m2":48237}},{"type":"Polygon","arcs":[[1415,1416,-910,-1230,1417,1418]],"properties":{"codigo":"08001100000000020301","sector":"080011000000000203","pcode":"CO08001","area_m2":135406}},{"type":"Polygon","arcs":[[-1403,1419,1420]],"properties":{"codigo":"08001100000000010203","sector":"080011000000000102","pcode":"CO08001","area_m2":1075781}},{"type":"Polygon","arcs":[[1421,1422,1423]],"properties":{"codigo":"08001100000000030101","sector":"080011000000000301","pcode":"CO08001","area_m2":223004}},{"type":"Polygon","arcs":[[1424,-1045,1425,1426]],"properties":{"codigo":"08001100000000120101","sector":"080011000000001201","pcode":"CO08001","area_m2":154511}},{"type":"Polygon","arcs":[[1427,1428,1429,1430]],"properties":{"codigo":"08001100000000120103","sector":"080011000000001201","pcode":"CO08001","area_m2":92015}},{"type":"Polygon","arcs":[[-189,1431,-110,1432,-1379]],"properties":{"codigo":"08001100000000040403","sector":"080011000000000404","pcode":"CO08001","area_m2":325610}},{"type":"Polygon","arcs":[[1433,-1279,-78,1434,1435,1436]],"properties":{"codigo":"08001100000000020103","sector":"080011000000000201","pcode":"CO08001","area_m2":202152}},{"type":"Polygon","arcs":[[1437,1438,-1307,-976,1439,1440,1441]],"properties":{"codigo":"08001100000000180101","sector":"080011000000001801","pcode":"CO08001","area_m2":182150}},{"type":"Polygon","arcs":[[-915,1442,-1067,1443,-282,-160,-785]],"properties":{"codigo":"08001100000000080405","sector":"080011000000000804","pcode":"CO08001","area_m2":253781}},{"type":"Polygon","arcs":[[1444,-1431,1445,-825,1446]],"properties":{"codigo":"08001100000000120104","sector":"080011000000001201","pcode":"CO08001","area_m2":127960}},{"type":"Polygon","arcs":[[-1313,-587,-329,-592,1447]],"properties":{"codigo":"08001100000000350306","sector":"080011000000003503","pcode":"CO08001","area_m2":71619}},{"type":"Polygon","arcs":[[1448,1449,1450,1451,1452,-116,1453]],"properties":{"codigo":"08001100000000050303","sector":"080011000000000503","pcode":"CO08001","area_m2":409633}},{"type":"Polygon","arcs":[[-853,1454,1455,-1365,-932,-216,-1224]],"properties":{"codigo":"08001100000000250403","sector":"080011000000002504","pcode":"CO08001","area_m2":92731}},{"type":"Polygon","arcs":[[-1096,1456,1457,1458,1459,-1226]],"properties":{"codigo":"08001100000000120404","sector":"080011000000001204","pcode":"CO08001","area_m2":98764}},{"type":"Polygon","arcs":[[1460,1461,1462,-1025,-1411,-1359]],"properties":{"codigo":"08001100000000260307","sector":"080011000000002603","pcode":"CO08001","area_m2":126043}},{"type":"Polygon","arcs":[[1463,-1229,1464,1465,1466]],"properties":{"codigo":"08001100000000120504","sector":"080011000000001205","pcode":"CO08001","area_m2":97693}},{"type":"Polygon","arcs":[[-491,1467,1468,1469,-995,-626,-622]],"properties":{"codigo":"08001100000000290202","sector":"080011000000002902","pcode":"CO08001","area_m2":213218}},{"type":"Polygon","arcs":[[-1030,1470,-184,1471,1472,-886,1473]],"properties":{"codigo":"08001100000000060201","sector":"080011000000000602","pcode":"CO08001","area_m2":225421}},{"type":"Polygon","arcs":[[1474,1475,-1332]],"properties":{"codigo":"08001100000000371304","sector":"080011000000003713","pcode":"CO08001","area_m2":834733}},{"type":"Polygon","arcs":[[1476,1477,1478,-941,1479]],"properties":{"codigo":"08001100000000230101","sector":"080011000000002301","pcode":"CO08001","area_m2":79292}},{"type":"Polygon","arcs":[[1480,-1348,1481,-1221,1482]],"properties":{"codigo":"08001100000000000108","sector":"080011000000000001","pcode":"CO08001","area_m2":243952}},{"type":"Polygon","arcs":[[-1309,1483,1484,1485,-841,-1023,-206]],"properties":{"codigo":"08001100000000250103","sector":"080011000000002501","pcode":"CO08001","area_m2":74388}},{"type":"Polygon","arcs":[[1486,1487,-967,-1191,-1415,-1407,1488]],"properties":{"codigo":"08001100000000010102","sector":"080011000000000101","pcode":"CO08001","area_m2":238226}},{"type":"Polygon","arcs":[[-1483,-1222,-1482,-1347,-1383,-1297,1489,-1327,1490]],"properties":{"codigo":"08001100000000371001","sector":"080011000000003710","pcode":"CO08001","area_m2":473409}},{"type":"Polygon","arcs":[[-699,1491,1492,1493,1494]],"properties":{"codigo":"08001100000000170201","sector":"080011000000001702","pcode":"CO08001","area_m2":84882}},{"type":"Polygon","arcs":[[1495,1496,1497,1498,-1428,-1445]],"properties":{"codigo":"08001100000000120401","sector":"080011000000001204","pcode":"CO08001","area_m2":131426}},{"type":"Polygon","arcs":[[-183,1499,-1380,1500,1501]],"properties":{"codigo":"08001100000000050402","sector":"080011000000000504","pcode":"CO08001","area_m2":250176}},{"type":"Polygon","arcs":[[-1002,1502,-861,1503,1504,1505]],"properties":{"codigo":"08001100000000230104","sector":"080011000000002301","pcode":"CO08001","area_m2":125861}},{"type":"Polygon","arcs":[[1506,-1028,1507,1508,-740]],"properties":{"codigo":"08001100000000060203","sector":"080011000000000602","pcode":"CO08001","area_m2":296628}},{"type":"Polygon","arcs":[[1509,-1131,1510,-1049,1511,-1047,1512,-1060,1513,-1058,1514,1515,1516,1517,1518,1519,-1113,1520]],"properties":{"codigo":"08001100000000371602","sector":"080011000000003716","pcode":"CO08001","area_m2":600014}},{"type":"Polygon","arcs":[[1521,1522,-1419,1523,1524]],"properties":{"codigo":"08001100000000010402","sector":"080011000000000104","pcode":"CO08001","area_m2":70853}},{"type":"Polygon","arcs":[[-1460,-1497,1525,1526,-1227]],"properties":{"codigo":"08001100000000120405","sector":"080011000000001204","pcode":"CO08001","area_m2":106989}},{"type":"Polygon","arcs":[[-1367,-1121,1527,-934]],"properties":{"codigo":"08001100000000150102","sector":"080011000000001501","pcode":"CO08001","area_m2":68567}},{"type":"Polygon","arcs":[[-1090,1528,-850,1529,1530,-848,-432]],"properties":{"codigo":"08001100000000240202","sector":"080011000000002402","pcode":"CO08001","area_m2":80784}},{"type":"Polygon","arcs":[[-704,1531,1532,1533]],"properties":{"codigo":"08001100000000090305","sector":"080011000000000903","pcode":"CO08001","area_m2":109135}},{"type":"Polygon","arcs":[[-1490,-1296,-1328]],"properties":{"codigo":"08001100000000000202","sector":"080011000000000002","pcode":"CO08001","area_m2":62668}},{"type":"Polygon","arcs":[[1534,-873,1535,1536,-1108,1537,1538]],"properties":{"codigo":"08001100000000120301","sector":"080011000000001203","pcode":"CO08001","area_m2":144618}},{"type":"Polygon","arcs":[[1539,-642,-1354,-690,1540]],"properties":{"codigo":"08001100000000370619","sector":"080011000000003706","pcode":"CO08001","area_m2":69497}},{"type":"Polygon","arcs":[[1541,-96,-1396,1542,1543,-1452]],"properties":{"codigo":"08001100000000050302","sector":"080011000000000503","pcode":"CO08001","area_m2":273083}},{"type":"Polygon","arcs":[[-1089,-984,1544,1545,-851,-1529]],"properties":{"codigo":"08001100000000240201","sector":"080011000000002402","pcode":"CO08001","area_m2":92345}},{"type":"Polygon","arcs":[[1546,1547,1548,-1311,-1146]],"properties":{"codigo":"08001100000000360202","sector":"080011000000003602","pcode":"CO08001","area_m2":81459}},{"type":"Polygon","arcs":[[-1466,1549,1550,1551,1552,1553]],"properties":{"codigo":"08001100000000120407","sector":"080011000000001204","pcode":"CO08001","area_m2":82798}},{"type":"Polygon","arcs":[[-982,1554,-1170,1555,-1168,1556,1557,-1165,1558,-1163,1559,-1161,1560,-954,1561]],"properties":{"codigo":"08001100000000270101","sector":"080011000000002701","pcode":"CO08001","area_m2":111231}},{"type":"Polygon","arcs":[[1562,-968,-1488,1563]],"properties":{"codigo":"08001100000000010101","sector":"080011000000000101","pcode":"CO08001","area_m2":47341}},{"type":"Polygon","arcs":[[1564,-290,1565,1566,-287,-868,-864,-1292,-257,-266,1567,-294,1568,-292]],"properties":{"codigo":"08001100000000190201","sector":"080011000000001902","pcode":"CO08001","area_m2":107636}},{"type":"Polygon","arcs":[[1569,1570,-1492,-698]],"properties":{"codigo":"08001100000000170302","sector":"080011000000001703","pcode":"CO08001","area_m2":83564}},{"type":"Polygon","arcs":[[-8,1571,1572,1573,-822,-15,-25]],"properties":{"codigo":"08001100000000022502","sector":"080011000000000225","pcode":"CO08001","area_m2":107147}},{"type":"Polygon","arcs":[[1574,1575,-903,-1386,1576]],"properties":{"codigo":"08001100000000070303","sector":"080011000000000703","pcode":"CO08001","area_m2":139791}},{"type":"Polygon","arcs":[[1577,-1457,-1095,-1129,1578,-1325,-1261]],"properties":{"codigo":"08001100000000370404","sector":"080011000000003704","pcode":"CO08001","area_m2":102122}},{"type":"Polygon","arcs":[[-1395,-101,-91,-88,1579,-1543]],"properties":{"codigo":"08001100000000030702","sector":"080011000000000307","pcode":"CO08001","area_m2":246074}},{"type":"Polygon","arcs":[[-1064,-1410,-1015,1580,-745]],"properties":{"codigo":"08001100000000260102","sector":"080011000000002601","pcode":"CO08001","area_m2":124605}},{"type":"Polygon","arcs":[[-222,-60,-701,-1203,1581,-227]],"properties":{"codigo":"08001100000000170104","sector":"080011000000001701","pcode":"CO08001","area_m2":88322}},{"type":"Polygon","arcs":[[1582,1583,1584,1585]],"properties":{"codigo":"08001100000000371405","sector":"080011000000003714","pcode":"CO08001","area_m2":75637}},{"type":"Polygon","arcs":[[1586,-1519,1587,-1319]],"properties":{"codigo":"08001100000000371601","sector":"080011000000003716","pcode":"CO08001","area_m2":134442}},{"type":"Polygon","arcs":[[1588,1589,-1480,-945,1590]],"properties":{"codigo":"08001100000000230102","sector":"080011000000002301","pcode":"CO08001","area_m2":54724}},{"type":"Polygon","arcs":[[-1211,1591,-1516,1592,-1056,1593,1594,-890,1595,-897,1596,1597,-1201,1598,1599]],"properties":{"codigo":"08001100000000371604","sector":"080011000000003716","pcode":"CO08001","area_m2":389166}},{"type":"Polygon","arcs":[[-1592,-1212,-1600,1600,1601,-1517]],"properties":{"codigo":"08001100000000371610","sector":"080011000000003716","pcode":"CO08001","area_m2":177268}},{"type":"Polygon","arcs":[[1602,1603,1604,-1254,1605,-1252,1606,-1250,1607,-1248,-1006,-904]],"properties":{"codigo":"08001100000000371506","sector":"080011000000003715","pcode":"CO08001","area_m2":164550}},{"type":"Polygon","arcs":[[-947,1608]],"properties":{"codigo":"08001100000000371406","sector":"080011000000003714","pcode":"CO08001","area_m2":63505}},{"type":"Polygon","arcs":[[-935,-1528,-1120,-1485,1609]],"properties":{"codigo":"08001100000000150103","sector":"080011000000001501","pcode":"CO08001","area_m2":101637}},{"type":"Polygon","arcs":[[-1112,1610,-1521]],"properties":{"codigo":"08001100000000120603","sector":"080011000000001206","pcode":"CO08001","area_m2":45490}},{"type":"Polygon","arcs":[[-3,-729,-1310,-205,1611,1612,1613]],"properties":{"codigo":"08001100000000150106","sector":"080011000000001501","pcode":"CO08001","area_m2":148309}},{"type":"Polygon","arcs":[[1614,-833,-507,-1175,1615,1616]],"properties":{"codigo":"08001100000000360601","sector":"080011000000003606","pcode":"CO08001","area_m2":80727}},{"type":"Polygon","arcs":[[1617,-79,-938,1618]],"properties":{"codigo":"08001100000000020602","sector":"080011000000000206","pcode":"CO08001","area_m2":186111}},{"type":"Polygon","arcs":[[1619,-1617,1620,1621,-1548,1622,1623]],"properties":{"codigo":"08001100000000360602","sector":"080011000000003606","pcode":"CO08001","area_m2":99013}},{"type":"Polygon","arcs":[[-188,-926,-1342,-111,-1432]],"properties":{"codigo":"08001100000000040402","sector":"080011000000000404","pcode":"CO08001","area_m2":221990}},{"type":"Polygon","arcs":[[1624,1625]],"properties":{"codigo":"08001100000000371301","sector":"080011000000003713","pcode":"CO08001","area_m2":1229804}},{"type":"Polygon","arcs":[[1626,-1282,-1366,-1456]],"properties":{"codigo":"08001100000000250402","sector":"080011000000002504","pcode":"CO08001","area_m2":66195}},{"type":"Polygon","arcs":[[-1390,1627,1628,-1524,-1418,-1232,1629,-1437,1630,1631]],"properties":{"codigo":"08001100000000010202","sector":"080011000000000102","pcode":"CO08001","area_m2":1022969}},{"type":"Polygon","arcs":[[1632,-1628,-1389]],"properties":{"codigo":"08001100000000010301","sector":"080011000000000103","pcode":"CO08001","area_m2":73158}},{"type":"Polygon","arcs":[[-1274,1633,1634,-827,-809,-1195,-1412]],"properties":{"codigo":"08001100000000040602","sector":"080011000000000406","pcode":"CO08001","area_m2":231536}},{"type":"Polygon","arcs":[[-6,1635,-1364,1636,1637,-957]],"properties":{"codigo":"08001100000000100101","sector":"080011000000001001","pcode":"CO08001","area_m2":111353}},{"type":"Polygon","arcs":[[1638,-924,-32,1639]],"properties":{"codigo":"08001100000000370304","sector":"080011000000003703","pcode":"CO08001","area_m2":96728}},{"type":"Polygon","arcs":[[-1458,-1578,-1263,-1125,1640,1641,1642]],"properties":{"codigo":"08001100000000120403","sector":"080011000000001204","pcode":"CO08001","area_m2":182090}},{"type":"Polygon","arcs":[[-1141,1643,-399,1644,-869,-286,-1189]],"properties":{"codigo":"08001100000000230204","sector":"080011000000002302","pcode":"CO08001","area_m2":188896}},{"type":"Polygon","arcs":[[-958,-1638,1645,-739,1646]],"properties":{"codigo":"08001100000000090301","sector":"080011000000000903","pcode":"CO08001","area_m2":118062}},{"type":"Polygon","arcs":[[-1546,1647,-1283,-1627,-1455,-852]],"properties":{"codigo":"08001100000000250401","sector":"080011000000002504","pcode":"CO08001","area_m2":100304}},{"type":"Polygon","arcs":[[-1580,-87,-1453,-1544]],"properties":{"codigo":"08001100000000050301","sector":"080011000000000503","pcode":"CO08001","area_m2":213006}},{"type":"Polygon","arcs":[[1648,1649,-1005,1650]],"properties":{"codigo":"08001100000000371501","sector":"080011000000003715","pcode":"CO08001","area_m2":572827}},{"type":"Polygon","arcs":[[-1145,1651,1652,-1623,-1547]],"properties":{"codigo":"08001100000000360620","sector":"080011000000003606","pcode":"CO08001","area_m2":80218}},{"type":"Polygon","arcs":[[1653,-1642,1654,1655,-1042,1656]],"properties":{"codigo":"08001100000000120408","sector":"080011000000001204","pcode":"CO08001","area_m2":208962}},{"type":"Polygon","arcs":[[1657,-4,-1614,1658,-1315]],"properties":{"codigo":"08001100000000140303","sector":"080011000000001403","pcode":"CO08001","area_m2":152966}},{"type":"Polygon","arcs":[[1659,-1591,-944,1660,-1505]],"properties":{"codigo":"08001100000000230103","sector":"080011000000002301","pcode":"CO08001","area_m2":104137}},{"type":"Polygon","arcs":[[1661,1662,1663,-1099]],"properties":{"codigo":"08001100000000070402","sector":"080011000000000704","pcode":"CO08001","area_m2":137200}},{"type":"Polygon","arcs":[[-1499,1664,1665,-1427,1666,-1429]],"properties":{"codigo":"08001100000000120102","sector":"080011000000001201","pcode":"CO08001","area_m2":166260}},{"type":"Polygon","arcs":[[-1231,-1280,-1434,-1630]],"properties":{"codigo":"08001100000000020202","sector":"080011000000000202","pcode":"CO08001","area_m2":47406}},{"type":"Polygon","arcs":[[-620,1667,-1185,-473]],"properties":{"codigo":"08001100000000280304","sector":"080011000000002803","pcode":"CO08001","area_m2":47068}},{"type":"Polygon","arcs":[[-1661,-231,1668,-1570,-697,-1003,-1506]],"properties":{"codigo":"08001100000000230105","sector":"080011000000002301","pcode":"CO08001","area_m2":143113}},{"type":"Polygon","arcs":[[1669,-939,-911,-1417,1670]],"properties":{"codigo":"08001100000000020604","sector":"080011000000000206","pcode":"CO08001","area_m2":197098}},{"type":"Polygon","arcs":[[-348,1671,1672,1673,-346]],"properties":{"codigo":"08001100000000210407","sector":"080011000000002104","pcode":"CO08001","area_m2":86299}},{"type":"Polygon","arcs":[[1674,1675,-1539,1676,-823,-1635]],"properties":{"codigo":"08001100000000120306","sector":"080011000000001203","pcode":"CO08001","area_m2":102835}},{"type":"Polygon","arcs":[[-741,-1509,1677,-899,-1576,1678,-1662,-1369]],"properties":{"codigo":"08001100000000060102","sector":"080011000000000601","pcode":"CO08001","area_m2":107894}},{"type":"Polygon","arcs":[[1679,1680,-386,1681,-407,-422,-420,-765,-1294,1682,1683,-1589,-1660,-1504,-860]],"properties":{"codigo":"08001100000000230201","sector":"080011000000002302","pcode":"CO08001","area_m2":164724}},{"type":"Polygon","arcs":[[1684,1685,1686,-1376,1687,-130,1688,-128,1689,1690,1691,-124,1692,-122,1693,-120]],"properties":{"codigo":"08001100000000080201","sector":"080011000000000802","pcode":"CO08001","area_m2":196312}},{"type":"Polygon","arcs":[[-211,1694,-751,-1269,1695]],"properties":{"codigo":"08001100000000140105","sector":"080011000000001401","pcode":"CO08001","area_m2":73072}},{"type":"Polygon","arcs":[[-702,-63,-56,-959,1696,-1257]],"properties":{"codigo":"08001100000000100103","sector":"080011000000001001","pcode":"CO08001","area_m2":179268}},{"type":"Polygon","arcs":[[1697,1698,-849,-1531,1699]],"properties":{"codigo":"08001100000000240303","sector":"080011000000002403","pcode":"CO08001","area_m2":107064}},{"type":"Polygon","arcs":[[-1118,-1285,-991,-778,1700]],"properties":{"codigo":"08001100000000250306","sector":"080011000000002503","pcode":"CO08001","area_m2":100722}},{"type":"Polygon","arcs":[[1701,-1405,1702,1703]],"properties":{"codigo":"08001100000000000107","sector":"080011000000000001","pcode":"CO08001","area_m2":45349}},{"type":"Polygon","arcs":[[-1447,-824,-1677,-1538,-1107,1704]],"properties":{"codigo":"08001100000000120305","sector":"080011000000001203","pcode":"CO08001","area_m2":271191}},{"type":"Polygon","arcs":[[-1658,-1318,-1361,-1636,-5]],"properties":{"codigo":"08001100000000140305","sector":"080011000000001403","pcode":"CO08001","area_m2":117490}},{"type":"Polygon","arcs":[[1705,-1553,1706,-1213,1707,1708]],"properties":{"codigo":"08001100000000130102","sector":"080011000000001301","pcode":"CO08001","area_m2":106839}},{"type":"Polygon","arcs":[[-210,-1335,1709,-752,-1695]],"properties":{"codigo":"08001100000000140104","sector":"080011000000001401","pcode":"CO08001","area_m2":57319}},{"type":"Polygon","arcs":[[1710,-1266,-1400,1711,-723,-1362]],"properties":{"codigo":"08001100000000110702","sector":"080011000000001107","pcode":"CO08001","area_m2":209155}},{"type":"Polygon","arcs":[[-1700,-1530,-855,-1223,-942,-1479]],"properties":{"codigo":"08001100000000160502","sector":"080011000000001605","pcode":"CO08001","area_m2":142156}},{"type":"Polygon","arcs":[[-1368,-1687,1712,1713,-1533,1714,1715,-737]],"properties":{"codigo":"08001100000000060205","sector":"080011000000000602","pcode":"CO08001","area_m2":253789}},{"type":"Polygon","arcs":[[1716,-1649,1717,1718,-950]],"properties":{"codigo":"08001100000000371402","sector":"080011000000003714","pcode":"CO08001","area_m2":1096810}},{"type":"Polygon","arcs":[[-1026,-1463,1719,1720,1721,1722,1723,1724,1725,1726,1727,1728,1729,1730,1731,1732,-1050,-1511,-1130,-1093,-1264]],"properties":{"codigo":"08001100000000260202","sector":"080011000000002602","pcode":"CO08001","area_m2":478484}},{"type":"Polygon","arcs":[[-1316,-1659,-1613,-1267,-1711]],"properties":{"codigo":"08001100000000140302","sector":"080011000000001403","pcode":"CO08001","area_m2":155853}},{"type":"Polygon","arcs":[[-936,-1610,-1484,-1308]],"properties":{"codigo":"08001100000000150104","sector":"080011000000001501","pcode":"CO08001","area_m2":97700}},{"type":"Polygon","arcs":[[-1527,1733,-1550,-1465,-1228]],"properties":{"codigo":"08001100000000120406","sector":"080011000000001204","pcode":"CO08001","area_m2":125377}},{"type":"Polygon","arcs":[[1734,-1663,-1679,-1575,1735,-918]],"properties":{"codigo":"08001100000000070401","sector":"080011000000000704","pcode":"CO08001","area_m2":190969}},{"type":"Polygon","arcs":[[-1585,1736,1737,-1717,-949,1738]],"properties":{"codigo":"08001100000000371404","sector":"080011000000003714","pcode":"CO08001","area_m2":467944}},{"type":"Polygon","arcs":[[-1393,1739,-1675,-1634,-1278,-1341]],"properties":{"codigo":"08001100000000040603","sector":"080011000000000406","pcode":"CO08001","area_m2":208958}},{"type":"Polygon","arcs":[[1740,-1698,-1478]],"properties":{"codigo":"08001100000000230301","sector":"080011000000002303","pcode":"CO08001","area_m2":37393}},{"type":"Polygon","arcs":[[-1502,-1450,1741,-1472]],"properties":{"codigo":"08001100000000050304","sector":"080011000000000503","pcode":"CO08001","area_m2":177624}},{"type":"Polygon","arcs":[[1742,-1655,-1641,-1124,-1324]],"properties":{"codigo":"08001100000000370401","sector":"080011000000003704","pcode":"CO08001","area_m2":59148}},{"type":"Polygon","arcs":[[-1459,-1643,-1654,-1665,-1498]],"properties":{"codigo":"08001100000000120402","sector":"080011000000001204","pcode":"CO08001","area_m2":107713}},{"type":"Polygon","arcs":[[-1631,-1436,-1424,1743,1744,-1234,-1273,1745,-1401,-1421,1746,-1564,-1487,1747]],"properties":{"codigo":"08001100000000010201","sector":"080011000000000102","pcode":"CO08001","area_m2":3119183}},{"type":"Polygon","arcs":[[1748,-1441,1749,-133,-139,-177,1750,-175,1751,-173]],"properties":{"codigo":"08001100000000080502","sector":"080011000000000805","pcode":"CO08001","area_m2":229759}},{"type":"Polygon","arcs":[[-204,-1696,-1268,-1612]],"properties":{"codigo":"08001100000000140106","sector":"080011000000001401","pcode":"CO08001","area_m2":74967}},{"type":"Polygon","arcs":[[-1259,1752,-1716,1753]],"properties":{"codigo":"08001100000000090303","sector":"080011000000000903","pcode":"CO08001","area_m2":121260}},{"type":"Polygon","arcs":[[-1271,-1219,-1017,-1137,1754,-1333,-1476,1755,-1626,1756]],"properties":{"codigo":"08001100000000371302","sector":"080011000000003713","pcode":"CO08001","area_m2":993452}},{"type":"Polygon","arcs":[[1757,-1109,-1537]],"properties":{"codigo":"08001100000000120304","sector":"080011000000001203","pcode":"CO08001","area_m2":62045}},{"type":"Polygon","arcs":[[-441,-1699,-1741,-1477,-1590,-1684,1758]],"properties":{"codigo":"08001100000000230302","sector":"080011000000002303","pcode":"CO08001","area_m2":86503}},{"type":"Polygon","arcs":[[-1588,-1518,-1602,1759,-1320]],"properties":{"codigo":"08001100000000371606","sector":"080011000000003716","pcode":"CO08001","area_m2":139031}},{"type":"Polygon","arcs":[[1760,-1422,-1435,-77,-90]],"properties":{"codigo":"08001100000000030102","sector":"080011000000000301","pcode":"CO08001","area_m2":179904}},{"type":"Polygon","arcs":[[-881,-1340,1761,1762,-1619,-940,-1670,1763,1764,-1387]],"properties":{"codigo":"08001100000000070101","sector":"080011000000000701","pcode":"CO08001","area_m2":793963}},{"type":"Polygon","arcs":[[1765,-1336,-208,-202,1766,-1216,-1133]],"properties":{"codigo":"08001100000000130203","sector":"080011000000001302","pcode":"CO08001","area_m2":220142}},{"type":"Polygon","arcs":[[-1128,1767,-1116,-1322,-1579]],"properties":{"codigo":"08001100000000120605","sector":"080011000000001206","pcode":"CO08001","area_m2":66070}},{"type":"Polygon","arcs":[[-1440,-975,1768,1769,-1685,-1750]],"properties":{"codigo":"08001100000000080501","sector":"080011000000000805","pcode":"CO08001","area_m2":224081}},{"type":"Polygon","arcs":[[-1666,-1657,-1046,-1425]],"properties":{"codigo":"08001100000000120105","sector":"080011000000001201","pcode":"CO08001","area_m2":138206}},{"type":"Polygon","arcs":[[-243,1770,-241,1771,-239,1772,-237,1773,-235,-261,1774,-1442,-1749,-172,1775,1776,1777]],"properties":{"codigo":"08001100000000180102","sector":"080011000000001801","pcode":"CO08001","area_m2":188392}},{"type":"Polygon","arcs":[[-1260,-1754,-1715,-1532]],"properties":{"codigo":"08001100000000090304","sector":"080011000000000903","pcode":"CO08001","area_m2":117586}},{"type":"Polygon","arcs":[[-1258,-1697,-1647,-738,-1753]],"properties":{"codigo":"08001100000000090302","sector":"080011000000000903","pcode":"CO08001","area_m2":122660}},{"type":"Polygon","arcs":[[-1710,-1337,-1766,-1132,-753]],"properties":{"codigo":"08001100000000140102","sector":"080011000000001401","pcode":"CO08001","area_m2":30794}},{"type":"Polygon","arcs":[[-1503,-1004,-695,-1291,-862]],"properties":{"codigo":"08001100000000180302","sector":"080011000000001803","pcode":"CO08001","area_m2":71797}},{"type":"Polygon","arcs":[[-1669,-230,-1493,-1571]],"properties":{"codigo":"08001100000000170301","sector":"080011000000001703","pcode":"CO08001","area_m2":98851}},{"type":"Polygon","arcs":[[-95,1778,-1744,-1423,-1761,-89]],"properties":{"codigo":"08001100000000030103","sector":"080011000000000301","pcode":"CO08001","area_m2":239565}},{"type":"Polygon","arcs":[[-1686,-1770,1779,-1205,1780,-1713]],"properties":{"codigo":"08001100000000090307","sector":"080011000000000903","pcode":"CO08001","area_m2":216706}},{"type":"Polygon","arcs":[[-826,-1446,-1430,-1667,-1426,-1044,-1719,1781,-806]],"properties":{"codigo":"08001100000000371401","sector":"080011000000003714","pcode":"CO08001","area_m2":414582}},{"type":"Polygon","arcs":[[-906,-1650,-1738,1782]],"properties":{"codigo":"08001100000000371502","sector":"080011000000003715","pcode":"CO08001","area_m2":698304}},{"type":"Polygon","arcs":[[-1742,-1449,1783,-1338,-887,-1473]],"properties":{"codigo":"08001100000000050305","sector":"080011000000000503","pcode":"CO08001","area_m2":221625}},{"type":"Polygon","arcs":[[-684,1784,-1051,-1733,1785,-1731,1786,-1729,1787,1788,1789]],"properties":{"codigo":"08001100000000260205","sector":"080011000000002602","pcode":"CO08001","area_m2":147087}},{"type":"Polygon","arcs":[[-1704,1790,-1329,-1299,-1384,-1345,1791]],"properties":{"codigo":"08001100000000000103","sector":"080011000000000001","pcode":"CO08001","area_m2":426745}},{"type":"Polygon","arcs":[[-1767,-201,-747,-1708,-1217]],"properties":{"codigo":"08001100000000130104","sector":"080011000000001301","pcode":"CO08001","area_m2":99705}},{"type":"Polygon","arcs":[[-996,-1470,1792,-1034,1793]],"properties":{"codigo":"08001100000000290201","sector":"080011000000002902","pcode":"CO08001","area_m2":220540}},{"type":"Polygon","arcs":[[1794,-1467,-1554,-1706,1795,-1014]],"properties":{"codigo":"08001100000000120505","sector":"080011000000001205","pcode":"CO08001","area_m2":154339}},{"type":"Polygon","arcs":[[1796,-1303,-1414,-1334,-1755,-1136,-104,-69]],"properties":{"codigo":"08001100000000031301","sector":"080011000000000313","pcode":"CO08001","area_m2":1135499}},{"type":"Polygon","arcs":[[1797,-512,-649,1798,-963,1799]],"properties":{"codigo":"08001100000000310104","sector":"080011000000003101","pcode":"CO08001","area_m2":19906}},{"type":"Polygon","arcs":[[-1508,-1031,-1474,-885,1800,-900,-1678]],"properties":{"codigo":"08001100000000060101","sector":"080011000000000601","pcode":"CO08001","area_m2":119297}},{"type":"Polygon","arcs":[[-1433,-97,-1542,-1451,-1501]],"properties":{"codigo":"08001100000000050401","sector":"080011000000000504","pcode":"CO08001","area_m2":306856}},{"type":"Polygon","arcs":[[-1306,1801,-1206,-1780,-1769,-974]],"properties":{"codigo":"08001100000000100107","sector":"080011000000001001","pcode":"CO08001","area_m2":120050}},{"type":"Polygon","arcs":[[-1734,-1526,-1496,-1705,-1110,-1758,-1536,-872,-1215,1802,-1551]],"properties":{"codigo":"08001100000000120303","sector":"080011000000001203","pcode":"CO08001","area_m2":173234}},{"type":"Polygon","arcs":[[-1637,-1363,-726,-1507,-1646]],"properties":{"codigo":"08001100000000090203","sector":"080011000000000902","pcode":"CO08001","area_m2":192538}},{"type":"Polygon","arcs":[[-700,-1495,-1438,-1775,-260]],"properties":{"codigo":"08001100000000170304","sector":"080011000000001703","pcode":"CO08001","area_m2":143069}},{"type":"Polygon","arcs":[[-1127,-1510,-1611,-1111,-1768]],"properties":{"codigo":"08001100000000120602","sector":"080011000000001206","pcode":"CO08001","area_m2":77634}},{"type":"Polygon","arcs":[[-1552,-1803,-1214,-1707]],"properties":{"codigo":"08001100000000130101","sector":"080011000000001301","pcode":"CO08001","area_m2":126747}},{"type":"Polygon","arcs":[[-720,1803,1804,-303,-324,-842]],"properties":{"codigo":"08001100000000200105","sector":"080011000000002001","pcode":"CO08001","area_m2":104755}},{"type":"Polygon","arcs":[[-1525,-1629,-1633,1805]],"properties":{"codigo":"08001100000000010401","sector":"080011000000000104","pcode":"CO08001","area_m2":102212}},{"type":"Polygon","arcs":[[-901,-1801,-889,-884]],"properties":{"codigo":"08001100000000070301","sector":"080011000000000703","pcode":"CO08001","area_m2":123587}},{"type":"Polygon","arcs":[[-434,-1759,-1683,-1293]],"properties":{"codigo":"08001100000000230303","sector":"080011000000002303","pcode":"CO08001","area_m2":76560}},{"type":"Polygon","arcs":[[1806,1807,-481,-498,-1351,1808]],"properties":{"codigo":"08001100000000300101","sector":"080011000000003001","pcode":"CO08001","area_m2":104991}},{"type":"Polygon","arcs":[[-229,-225,1809,-1304,-1439,-1494]],"properties":{"codigo":"08001100000000170101","sector":"080011000000001701","pcode":"CO08001","area_m2":260133}},{"type":"Polygon","arcs":[[-1204,-705,-1534,-1714,-1781]],"properties":{"codigo":"08001100000000090306","sector":"080011000000000903","pcode":"CO08001","area_m2":163713}},{"type":"Polygon","arcs":[[-538,-537,-28,1810,1811,1812]],"properties":{"codigo":"08001100000000330201","sector":"080011000000003302","pcode":"CO08001","area_m2":96813}},{"type":"Polygon","arcs":[[1813,-117,-85,-83,-1618,-1763]],"properties":{"codigo":"08001100000000020601","sector":"080011000000000206","pcode":"CO08001","area_m2":152240}},{"type":"Polygon","arcs":[[1814,-1286,-43,1815,-1809,-1352,-496,1816,1817]],"properties":{"codigo":"08001100000000370714","sector":"080011000000003707","pcode":"CO08001","area_m2":90135}},{"type":"Polygon","arcs":[[-780,-748,-199,-775]],"properties":{"codigo":"08001100000000250302","sector":"080011000000002503","pcode":"CO08001","area_m2":88656}},{"type":"Polygon","arcs":[[-611,1818,-460,1819,1820]],"properties":{"codigo":"08001100000000370513","sector":"080011000000003705","pcode":"CO08001","area_m2":119791}},{"type":"Polygon","arcs":[[-965,1821,-47,1822,-931]],"properties":{"codigo":"08001100000000310109","sector":"080011000000003101","pcode":"CO08001","area_m2":16102}},{"type":"Polygon","arcs":[[-134,-131,-1688,-1375,1823,-1373,1824,-1371,-920,1825]],"properties":{"codigo":"08001100000000080102","sector":"080011000000000801","pcode":"CO08001","area_m2":215581}},{"type":"Polygon","arcs":[[-107,-1235,-1745,-1779,-94]],"properties":{"codigo":"08001100000000030104","sector":"080011000000000301","pcode":"CO08001","area_m2":213854}},{"type":"Polygon","arcs":[[-1091,-1225,-1464,-1795,-1013]],"properties":{"codigo":"08001100000000120502","sector":"080011000000001205","pcode":"CO08001","area_m2":105048}},{"type":"Polygon","arcs":[[-782,1826,1827,-815,1828,-1180]],"properties":{"codigo":"08001100000000280110","sector":"080011000000002801","pcode":"CO08001","area_m2":92163}},{"type":"Polygon","arcs":[[-1305,-1810,-228,-1582,-1202,-1802]],"properties":{"codigo":"08001100000000170103","sector":"080011000000001701","pcode":"CO08001","area_m2":85628}},{"type":"Polygon","arcs":[[-1796,-1709,-746,-1581]],"properties":{"codigo":"08001100000000260101","sector":"080011000000002601","pcode":"CO08001","area_m2":113530}},{"type":"Polygon","arcs":[[1829,-612,-1821]],"properties":{"codigo":"08001100000000370514","sector":"080011000000003705","pcode":"CO08001","area_m2":143919}},{"type":"Polygon","arcs":[[-1712,-1399,-1381,-1500,-182,-1471,-1029,-724]],"properties":{"codigo":"08001100000000090201","sector":"080011000000000902","pcode":"CO08001","area_m2":234130}},{"type":"Polygon","arcs":[[-874,-1535,-1676,-1740,-1392]],"properties":{"codigo":"08001100000000120302","sector":"080011000000001203","pcode":"CO08001","area_m2":154518}},{"type":"Polygon","arcs":[[-1486,-1119,-1701,-777,-773,-839]],"properties":{"codigo":"08001100000000250202","sector":"080011000000002502","pcode":"CO08001","area_m2":134378}},{"type":"Polygon","arcs":[[-13,1830,1831,1832]],"properties":{"codigo":"08001100000000370205","sector":"080011000000003702","pcode":"CO08001","area_m2":23674}},{"type":"Polygon","arcs":[[1833,1834,1835,-482,-1808]],"properties":{"codigo":"08001100000000300113","sector":"080011000000003001","pcode":"CO08001","area_m2":138675}},{"type":"Polygon","arcs":[[1836,-1443,-914,1837]],"properties":{"codigo":"08001100000000210202","sector":"080011000000002102","pcode":"CO08001","area_m2":250202}},{"type":"Polygon","arcs":[[1838,1839,1840,1841,1842]],"properties":{"codigo":"08001100000000370901","sector":"080011000000003709","pcode":"CO08001","area_m2":64423}},{"type":"Polygon","arcs":[[1843,-505,1844,-730,-962,1845,1846]],"properties":{"codigo":"08001100000000300112","sector":"080011000000003001","pcode":"CO08001","area_m2":80389}},{"type":"Polygon","arcs":[[-1076,1847,-446,-461,-1819,-1159,-1084,1848,1849,1850,-1080,1851,-1078,1852]],"properties":{"codigo":"08001100000000270105","sector":"080011000000002701","pcode":"CO08001","area_m2":146190}},{"type":"Polygon","arcs":[[1853,-1192,-813,1854,-336]],"properties":{"codigo":"08001100000000210506","sector":"080011000000002105","pcode":"CO08001","area_m2":24271}},{"type":"Polygon","arcs":[[-1842,1855,1856]],"properties":{"codigo":"08001100000000370810","sector":"080011000000003708","pcode":"CO08001","area_m2":34212}},{"type":"Polygon","arcs":[[1857,-673,-669,1858,-1724,1859,-1722,1860,-1720,-1462]],"properties":{"codigo":"08001100000000260206","sector":"080011000000002602","pcode":"CO08001","area_m2":50322}},{"type":"Polygon","arcs":[[-1622,1861,-1151,-1156,-578,-586,-1312,-1549]],"properties":{"codigo":"08001100000000360101","sector":"080011000000003601","pcode":"CO08001","area_m2":156555}},{"type":"Polygon","arcs":[[1862,-1287,-1815,1863,-46,-651,1864]],"properties":{"codigo":"08001100000000370706","sector":"080011000000003707","pcode":"CO08001","area_m2":67689}},{"type":"Polygon","arcs":[[1865,-993,1866,1867,1868,1869]],"properties":{"codigo":"08001100000000370201","sector":"080011000000003702","pcode":"CO08001","area_m2":67492}},{"type":"Polygon","arcs":[[-639,-635,-816,-1828,1870]],"properties":{"codigo":"08001100000000280204","sector":"080011000000002802","pcode":"CO08001","area_m2":68987}},{"type":"Polygon","arcs":[[1871,1872,-654,1873]],"properties":{"codigo":"08001100000000370820","sector":"080011000000003708","pcode":"CO08001","area_m2":33960}},{"type":"Polygon","arcs":[[-992,-373,-371,1874,-1867]],"properties":{"codigo":"08001100000000220109","sector":"080011000000002201","pcode":"CO08001","area_m2":145362}},{"type":"Polygon","arcs":[[1875,1876,-789,1877,1878,-1561,-1160,-616,1879,-792]],"properties":{"codigo":"08001100000000260304","sector":"080011000000002603","pcode":"CO08001","area_m2":138751}},{"type":"Polygon","arcs":[[-812,1880,-1869,1881]],"properties":{"codigo":"08001100000000210503","sector":"080011000000002105","pcode":"CO08001","area_m2":34190}},{"type":"Polygon","arcs":[[-1370,1882,1883,-1104,1884,-1102,1885,-1100,-1664,-1735,-917]],"properties":{"codigo":"08001100000000070502","sector":"080011000000000705","pcode":"CO08001","area_m2":83302}},{"type":"Polygon","arcs":[[-966,-929,-500,-1844,1886,-1800]],"properties":{"codigo":"08001100000000310103","sector":"080011000000003101","pcode":"CO08001","area_m2":13882}},{"type":"Polygon","arcs":[[-603,1887,-711]],"properties":{"codigo":"08001100000000370510","sector":"080011000000003705","pcode":"CO08001","area_m2":60844}},{"type":"Polygon","arcs":[[-1199,1888]],"properties":{"codigo":"08001100000000371611","sector":"080011000000003716","pcode":"CO08001","area_m2":41977}},{"type":"Polygon","arcs":[[1889,-828,1890,-494,1891]],"properties":{"codigo":"08001100000000290211","sector":"080011000000002902","pcode":"CO08001","area_m2":99482}},{"type":"Polygon","arcs":[[-495,-1070,1892,-1817]],"properties":{"codigo":"08001100000000300104","sector":"080011000000003001","pcode":"CO08001","area_m2":54281}},{"type":"Polygon","arcs":[[-1845,-1041,1893,-731]],"properties":{"codigo":"08001100000000300111","sector":"080011000000003001","pcode":"CO08001","area_m2":66280}},{"type":"Polygon","arcs":[[-582,-556,1894]],"properties":{"codigo":"08001100000000340302","sector":"080011000000003403","pcode":"CO08001","area_m2":43878}},{"type":"Polygon","arcs":[[1895,-1068,-1837,1896,-119,1897,1898,1899]],"properties":{"codigo":"08001100000000210205","sector":"080011000000002102","pcode":"CO08001","area_m2":1192008}},{"type":"Polygon","arcs":[[1900,-1812,1901,-547,-561]],"properties":{"codigo":"08001100000000330202","sector":"080011000000003302","pcode":"CO08001","area_m2":122098}},{"type":"Polygon","arcs":[[1902,1903,-1892,-493,1904,-1835]],"properties":{"codigo":"08001100000000290207","sector":"080011000000002902","pcode":"CO08001","area_m2":99354}},{"type":"Polygon","arcs":[[1905,1906,1907,1908,-1035,-1793,-1469,1909,-831]],"properties":{"codigo":"08001100000000371101","sector":"080011000000003711","pcode":"CO08001","area_m2":985853}},{"type":"Polygon","arcs":[[1910,-709,-479,1911,-759]],"properties":{"codigo":"08001100000000280403","sector":"080011000000002804","pcode":"CO08001","area_m2":117088}},{"type":"Polygon","arcs":[[-607,-680,-469,-681,1912]],"properties":{"codigo":"08001100000000280104","sector":"080011000000002801","pcode":"CO08001","area_m2":60944}},{"type":"Polygon","arcs":[[-347,-1674,1913,1914,-353]],"properties":{"codigo":"08001100000000210406","sector":"080011000000002104","pcode":"CO08001","area_m2":86357}},{"type":"Polygon","arcs":[[-1616,-1174,-1152,-1862,-1621]],"properties":{"codigo":"08001100000000360603","sector":"080011000000003606","pcode":"CO08001","area_m2":77815}},{"type":"Polygon","arcs":[[1915,1916,1917,-1182]],"properties":{"codigo":"08001100000000371702","sector":"080011000000003717","pcode":"CO08001","area_m2":1203731}},{"type":"Polygon","arcs":[[-513,-1798,-1887,-1847,-686]],"properties":{"codigo":"08001100000000310102","sector":"080011000000003101","pcode":"CO08001","area_m2":18375}},{"type":"Polygon","arcs":[[-608,-1913,-677,1918,-613]],"properties":{"codigo":"08001100000000260209","sector":"080011000000002602","pcode":"CO08001","area_m2":80124}},{"type":"Polygon","arcs":[[-1910,-1468,-490,-1891,-832]],"properties":{"codigo":"08001100000000290203","sector":"080011000000002902","pcode":"CO08001","area_m2":128923}},{"type":"Polygon","arcs":[[-1207,-1019,-829,-1890,-1904]],"properties":{"codigo":"08001100000000290206","sector":"080011000000002902","pcode":"CO08001","area_m2":103973}},{"type":"Polygon","arcs":[[-1150,-1176,-515,-687,-1846,-961,1919,-1153]],"properties":{"codigo":"08001100000000350103","sector":"080011000000003501","pcode":"CO08001","area_m2":101167}},{"type":"Polygon","arcs":[[-1799,-648,-1822,-964]],"properties":{"codigo":"08001100000000310107","sector":"080011000000003101","pcode":"CO08001","area_m2":13329}},{"type":"Polygon","arcs":[[1920,1921,-834,-1615,-1620]],"properties":{"codigo":"08001100000000360606","sector":"080011000000003606","pcode":"CO08001","area_m2":63113}},{"type":"Polygon","arcs":[[-1671,-1416,-1523,1922,-1764]],"properties":{"codigo":"08001100000000020501","sector":"080011000000000205","pcode":"CO08001","area_m2":45762}},{"type":"Polygon","arcs":[[-843,1923,-1377,-716]],"properties":{"codigo":"08001100000000200107","sector":"080011000000002001","pcode":"CO08001","area_m2":172718}},{"type":"Polygon","arcs":[[-1923,-1522,-1806,-1388,-1765]],"properties":{"codigo":"08001100000000020401","sector":"080011000000000204","pcode":"CO08001","area_m2":147168}},{"type":"Polygon","arcs":[[-619,-637,-638,-1540,1924,-986,-1186,-1668]],"properties":{"codigo":"08001100000000280303","sector":"080011000000002803","pcode":"CO08001","area_m2":96398}},{"type":"Polygon","arcs":[[-1920,-960,-540,1925,-1154]],"properties":{"codigo":"08001100000000350102","sector":"080011000000003501","pcode":"CO08001","area_m2":77030}},{"type":"Polygon","arcs":[[-555,-557,-545,-1139,-568,-583,-1895]],"properties":{"codigo":"08001100000000340303","sector":"080011000000003403","pcode":"CO08001","area_m2":79337}},{"type":"Polygon","arcs":[[-793,-1880,-615,-1357,1926,-1355,-795,1927]],"properties":{"codigo":"08001100000000260305","sector":"080011000000002603","pcode":"CO08001","area_m2":73676}},{"type":"Polygon","arcs":[[-1454,-115,-1814,-1762,-1339,-1784]],"properties":{"codigo":"08001100000000050201","sector":"080011000000000502","pcode":"CO08001","area_m2":248659}},{"type":"Polygon","arcs":[[-1899,1928,-916,1929,-146,-135,-1826,-919,-1736,-1577,-1385,1930]],"properties":{"codigo":"08001100000000210101","sector":"080011000000002101","pcode":"CO08001","area_m2":2703274}},{"type":"Polygon","arcs":[[1931,1932]],"properties":{"codigo":"08001100000000371106","sector":"080011000000003711","pcode":"CO08001","area_m2":70599}},{"type":"Polygon","arcs":[[-1148,-1314,-1448,-591,-597]],"properties":{"codigo":"08001100000000360204","sector":"080011000000003602","pcode":"CO08001","area_m2":73574}},{"type":"Polygon","arcs":[[-280,-283,-1444,-1066,-1378]],"properties":{"codigo":"08001100000000200109","sector":"080011000000002001","pcode":"CO08001","area_m2":195779}},{"type":"Polygon","arcs":[[-1583,1933]],"properties":{"codigo":"08001100000000371407","sector":"080011000000003714","pcode":"CO08001","area_m2":138618}},{"type":"Polygon","arcs":[[-459,-712,-1888,-610,-1830,-1820]],"properties":{"codigo":"08001100000000370512","sector":"080011000000003705","pcode":"CO08001","area_m2":101005}},{"type":"Polygon","arcs":[[1934,-655,-1873,1935]],"properties":{"codigo":"08001100000000370903","sector":"080011000000003709","pcode":"CO08001","area_m2":83738}},{"type":"Polygon","arcs":[[-756,-876,-1394,-186,-191,-1270]],"properties":{"codigo":"08001100000000110301","sector":"080011000000001103","pcode":"CO08001","area_m2":69093}},{"type":"Polygon","arcs":[[1936,-304,-1805,1937,1938]],"properties":{"codigo":"08001100000000210405","sector":"080011000000002104","pcode":"CO08001","area_m2":108514}},{"type":"Polygon","arcs":[[-614,-1919,-676,-1858,-1461,-1358]],"properties":{"codigo":"08001100000000370507","sector":"080011000000003705","pcode":"CO08001","area_m2":142737}},{"type":"Polygon","arcs":[[-761,1939,1940,-456,-462,-516,1941]],"properties":{"codigo":"08001100000000320102","sector":"080011000000003201","pcode":"CO08001","area_m2":124699}},{"type":"Polygon","arcs":[[1942,-819,-1574]],"properties":{"codigo":"08001100000000022503","sector":"080011000000000225","pcode":"CO08001","area_m2":112040}},{"type":"Polygon","arcs":[[-650,-509,-660,1943,-1865]],"properties":{"codigo":"08001100000000370707","sector":"080011000000003707","pcode":"CO08001","area_m2":46447}},{"type":"Polygon","arcs":[[-41,-664,1944,1945]],"properties":{"codigo":"08001100000000370807","sector":"080011000000003708","pcode":"CO08001","area_m2":59982}},{"type":"Polygon","arcs":[[-657,1946,-1843,-1857,1947,-661]],"properties":{"codigo":"08001100000000370811","sector":"080011000000003708","pcode":"CO08001","area_m2":82630}},{"type":"Polygon","arcs":[[-519,-521,-527,-532,-734,-762,-1942]],"properties":{"codigo":"08001100000000320104","sector":"080011000000003201","pcode":"CO08001","area_m2":93559}},{"type":"Polygon","arcs":[[-1836,-1905,-492,-621,-487,-483]],"properties":{"codigo":"08001100000000280309","sector":"080011000000002803","pcode":"CO08001","area_m2":145776}},{"type":"Polygon","arcs":[[-114,-1300,-1797,-68,-109]],"properties":{"codigo":"08001100000000040101","sector":"080011000000000401","pcode":"CO08001","area_m2":252511}},{"type":"Polygon","arcs":[[1948,1949,1950,-922]],"properties":{"codigo":"08001100000000370203","sector":"080011000000003702","pcode":"CO08001","area_m2":42592}},{"type":"Polygon","arcs":[[-1921,-1624,-1653,1951]],"properties":{"codigo":"08001100000000360605","sector":"080011000000003606","pcode":"CO08001","area_m2":47382}},{"type":"Polygon","arcs":[[-1863,-1944,-659,-643,-1288]],"properties":{"codigo":"08001100000000370708","sector":"080011000000003707","pcode":"CO08001","area_m2":51809}},{"type":"Polygon","arcs":[[-1179,1952,-814,-629]],"properties":{"codigo":"08001100000000290102","sector":"080011000000002901","pcode":"CO08001","area_m2":57845}},{"type":"Polygon","arcs":[[1953,-1640,-34,-21,-1870,-1881,-811,-838,-1194,1954,1955]],"properties":{"codigo":"08001100000000370305","sector":"080011000000003703","pcode":"CO08001","area_m2":657980}},{"type":"Polygon","arcs":[[-1246,1956,-1244,1957,1958,-1241,1959,1960,1961,-1237,1962,-1256,-1604,1963]],"properties":{"codigo":"08001100000000371507","sector":"080011000000003715","pcode":"CO08001","area_m2":303831}},{"type":"Polygon","arcs":[[-1956,1964,-1914,-1673,1965,-1938,-1804,-719,-1069,-1896,1966]],"properties":{"codigo":"08001100000000210302","sector":"080011000000002103","pcode":"CO08001","area_m2":1949737}},{"type":"Polygon","arcs":[[-670,-147,-1930]],"properties":{"codigo":"08001100000000080301","sector":"080011000000000803","pcode":"CO08001","area_m2":126056}},{"type":"Polygon","arcs":[[-1823,-1864,-1818,-1893,-1071,-502,-928]],"properties":{"codigo":"08001100000000370713","sector":"080011000000003707","pcode":"CO08001","area_m2":50755}},{"type":"Polygon","arcs":[[1967,-1932,1968,-1907]],"properties":{"codigo":"08001100000000371105","sector":"080011000000003711","pcode":"CO08001","area_m2":146412}},{"type":"Polygon","arcs":[[1969,-1036,-1909]],"properties":{"codigo":"08001100000000371107","sector":"080011000000003711","pcode":"CO08001","area_m2":222873}},{"type":"Polygon","arcs":[[-466,-37,-1184,-801]],"properties":{"codigo":"08001100000000280107","sector":"080011000000002801","pcode":"CO08001","area_m2":38024}},{"type":"Polygon","arcs":[[-42,-1946,1970,-1208,-1903,-1834,-1807,-1816]],"properties":{"codigo":"08001100000000290208","sector":"080011000000002902","pcode":"CO08001","area_m2":127825}},{"type":"Polygon","arcs":[[-997,-1794,-1033,-692,-1177]],"properties":{"codigo":"08001100000000290105","sector":"080011000000002901","pcode":"CO08001","area_m2":65407}},{"type":"Polygon","arcs":[[-351,-318,-300,-1937,1971]],"properties":{"codigo":"08001100000000210404","sector":"080011000000002104","pcode":"CO08001","area_m2":74150}},{"type":"Polygon","arcs":[[-27,-49,-543,-551,-548,-1902,-1811]],"properties":{"codigo":"08001100000000330104","sector":"080011000000003301","pcode":"CO08001","area_m2":161598}},{"type":"Polygon","arcs":[[-1672,-352,-1972,-1939,-1966]],"properties":{"codigo":"08001100000000210403","sector":"080011000000002104","pcode":"CO08001","area_m2":109033}},{"type":"Polygon","arcs":[[1972,-1839,-1947,-656,-1935]],"properties":{"codigo":"08001100000000370902","sector":"080011000000003709","pcode":"CO08001","area_m2":47136}},{"type":"Polygon","arcs":[[-549,-550,-402,-1140]],"properties":{"codigo":"08001100000000330107","sector":"080011000000003301","pcode":"CO08001","area_m2":81629}},{"type":"Polygon","arcs":[[-1648,-1545,-983,-1562,-953,-1284]],"properties":{"codigo":"08001100000000240101","sector":"080011000000002401","pcode":"CO08001","area_m2":183030}},{"type":"Polygon","arcs":[[-1948,-1856,-1841,1973,-1021,-1210,1974,-662]],"properties":{"codigo":"08001100000000370809","sector":"080011000000003708","pcode":"CO08001","area_m2":208211}},{"type":"Polygon","arcs":[[-1829,-1953,-1178,-1038,1975,-1916,-1181]],"properties":{"codigo":"08001100000000280106","sector":"080011000000002801","pcode":"CO08001","area_m2":372256}},{"type":"Polygon","arcs":[[-1897,-1838,-913,-1929,-1898,-118]],"properties":{"codigo":"08001100000000210203","sector":"080011000000002102","pcode":"CO08001","area_m2":289941}},{"type":"Polygon","arcs":[[-55,-800,-1183,-1918,1976,-750,1977,-1785,-683]],"properties":{"codigo":"08001100000000371701","sector":"080011000000003717","pcode":"CO08001","area_m2":950388}},{"type":"Polygon","arcs":[[-818,-50,-31,-528,-523,-436,-1289]],"properties":{"codigo":"08001100000000240501","sector":"080011000000002405","pcode":"CO08001","area_m2":141478}},{"type":"Polygon","arcs":[[-1871,-1827,-781,-1353,-640]],"properties":{"codigo":"08001100000000280203","sector":"080011000000002802","pcode":"CO08001","area_m2":72836}},{"type":"Polygon","arcs":[[-20,-923,-1951,1978,-11,-601,-994,-1866]],"properties":{"codigo":"08001100000000370202","sector":"080011000000003702","pcode":"CO08001","area_m2":112077}},{"type":"Polygon","arcs":[[-1187,-713,-457,-1941,1979]],"properties":{"codigo":"08001100000000320101","sector":"080011000000003201","pcode":"CO08001","area_m2":113369}},{"type":"Polygon","arcs":[[-893,-1142]],"properties":{"codigo":"08001100000000371801","sector":"080011000000003718","pcode":"CO08001","area_m2":33317}},{"type":"Polygon","arcs":[[-272,-267,-254,-274,-1924]],"properties":{"codigo":"08001100000000190103","sector":"080011000000001901","pcode":"CO08001","area_m2":148409}},{"type":"Polygon","arcs":[[-1874,-653,-836,1980]],"properties":{"codigo":"08001100000000370802","sector":"080011000000003708","pcode":"CO08001","area_m2":43695}},{"type":"Polygon","arcs":[[-1926,-539,-1813,-1901,-1155]],"properties":{"codigo":"08001100000000350101","sector":"080011000000003501","pcode":"CO08001","area_m2":92323}},{"type":"Polygon","arcs":[[-663,-1975,-1209,-1971,-1945]],"properties":{"codigo":"08001100000000370808","sector":"080011000000003708","pcode":"CO08001","area_m2":58238}},{"type":"Polygon","arcs":[[1981,-1572,-7,-1833]],"properties":{"codigo":"08001100000000022401","sector":"080011000000000224","pcode":"CO08001","area_m2":30507}},{"type":"Polygon","arcs":[[1982,-1831,-12,-1979,-1950]],"properties":{"codigo":"08001100000000370204","sector":"080011000000003702","pcode":"CO08001","area_m2":87817}},{"type":"Polygon","arcs":[[-1894,-1040,-710,-1911,-758,-732]],"properties":{"codigo":"08001100000000300109","sector":"080011000000003001","pcode":"CO08001","area_m2":99519}},{"type":"Polygon","arcs":[[-1955,-1193,-1854,-335,-354,-1915,-1965]],"properties":{"codigo":"08001100000000210508","sector":"080011000000002105","pcode":"CO08001","area_m2":92308}},{"type":"Polygon","arcs":[[-1925,-1541,-689,-987]],"properties":{"codigo":"08001100000000370610","sector":"080011000000003706","pcode":"CO08001","area_m2":65010}},{"type":"Polygon","arcs":[[-1855,-1882,-1868,-1875,-370,-341,-337]],"properties":{"codigo":"08001100000000210504","sector":"080011000000002105","pcode":"CO08001","area_m2":58077}},{"type":"Polygon","arcs":[[-760,-1912,-877,-1188,-1980,-1940]],"properties":{"codigo":"08001100000000280401","sector":"080011000000002804","pcode":"CO08001","area_m2":116564}},{"type":"Polygon","arcs":[[-1859,-668,-685,-1790,1983,1984,-1725]],"properties":{"codigo":"08001100000000260204","sector":"080011000000002602","pcode":"CO08001","area_m2":92655}}]}},"arcs":[[[7181,4457],[-74,-147],[-18,-29],[-89,-173]],[[7000,4108],[-51,18]],[[6949,4126],[-76,30]],[[6873,4156],[30,60]],[[6903,4216],[73,147],[52,83],[18,54]],[[7046,4500],[93,-25],[42,-18]],[[8801,1917],[-42,-99]],[[8759,1818],[-16,8],[18,42]],[[8761,1868],[23,56],[-63,26]],[[8721,1950],[48,113],[-66,29],[57,139]],[[8760,2231],[83,-37],[62,-25]],[[8905,2169],[-57,-141]],[[8848,2028],[-47,-111]],[[8571,1919],[57,-26]],[[8628,1893],[-11,-27]],[[8617,1866],[-64,26],[-43,-70],[-10,-2],[-4,-21],[-67,-1]],[[8429,1798],[-44,155]],[[8385,1953],[23,5],[120,-21],[43,-18]],[[9218,2176],[-129,-8]],[[9089,2168],[-28,48],[-18,60]],[[9043,2276],[167,12]],[[9210,2288],[8,-112]],[[8571,1919],[45,74],[26,7]],[[8642,2000],[8,-12],[26,-17],[45,-21]],[[8761,1868],[-63,27],[-11,-27],[-59,25]],[[7216,2434],[101,-49],[34,-3]],[[7351,2382],[8,-16],[4,-72]],[[7363,2294],[3,-51],[-52,-1]],[[7314,2242],[-102,0]],[[7212,2242],[2,30],[-33,5],[-53,0]],[[7128,2277],[22,48],[61,111],[5,-2]],[[9597,2120],[-51,20]],[[9546,2140],[-82,33],[-56,14],[-190,-11]],[[9210,2288],[310,18],[79,-169],[-2,-17]],[[5774,1868],[-210,4]],[[5564,1872],[3,39],[18,34],[4,48]],[[5589,1993],[7,1]],[[5596,1994],[103,22],[71,21]],[[5770,2037],[4,-5],[5,-93],[-5,-71]],[[6945,1052],[-56,-36]],[[6889,1016],[-208,4]],[[6681,1020],[35,89],[21,35]],[[6737,1144],[91,75],[67,-97]],[[6895,1122],[50,-70]],[[7231,1265],[-61,-43]],[[7170,1222],[-39,57]],[[7131,1279],[59,44]],[[7190,1323],[41,-58]],[[7400,2478],[-30,-38],[-14,-31],[-5,-27]],[[7216,2434],[24,53],[-85,41],[4,11]],[[7159,2539],[17,47]],[[7176,2586],[224,-108]],[[5134,2493],[14,0],[189,-80],[-9,-74]],[[5328,2339],[-7,-36],[-34,-70],[-38,-119],[-37,-10]],[[5212,2104],[1,51],[-11,93],[-68,245]],[[7224,4440],[-37,-76],[42,-17]],[[7229,4347],[-89,-167],[-38,-75],[-5,-20]],[[7097,4085],[-97,23]],[[7181,4457],[43,-17]],[[7359,4378],[-17,-35],[48,-22],[-50,-93],[-41,-68],[-60,-104]],[[7239,4056],[-31,3],[-67,16]],[[7141,4075],[-44,10]],[[7229,4347],[41,-17],[35,73]],[[7305,4403],[54,-25]],[[5840,5904],[68,-2],[113,-6]],[[6021,5896],[-95,-260]],[[5926,5636],[-216,102]],[[5710,5738],[-138,64],[-18,11]],[[5554,5813],[18,20],[36,114]],[[5608,5947],[163,-45]],[[5771,5902],[69,2]],[[6404,6900],[21,-3],[68,-31]],[[6493,6866],[13,-18],[18,-47],[56,-44],[48,-30]],[[6628,6727],[-3,-9]],[[6625,6718],[-74,-115],[-36,-47]],[[6515,6556],[-3,-3],[-60,28],[-29,19],[-38,31],[-34,-42],[-39,-43],[-19,27],[-31,26],[-44,27]],[[6218,6626],[45,74],[-23,29],[36,31],[70,141]],[[6346,6901],[58,-1]],[[6778,6696],[-50,-91],[-20,-43]],[[6708,6562],[-53,74],[-18,38],[-12,44]],[[6628,6727],[17,46]],[[6645,6773],[59,-13],[87,-23],[-13,-41]],[[6708,6562],[-26,-51],[-23,-28]],[[6659,6483],[-144,73]],[[6659,6483],[28,-16],[-40,-44]],[[6647,6423],[-47,-154],[-26,-49]],[[6574,6220],[-116,55],[42,38],[-122,56],[-77,-107],[-50,-45]],[[6251,6217],[-69,72],[-46,87],[-64,50]],[[6072,6426],[82,117]],[[6154,6543],[46,54],[18,29]],[[6072,6426],[-141,-198]],[[5931,6228],[-69,32]],[[5862,6260],[-42,23]],[[5820,6283],[48,94],[41,88],[28,42]],[[5937,6507],[44,-27],[30,-12],[61,-42]],[[6149,5853],[151,-69]],[[6300,5784],[-50,-112],[-50,-134]],[[6200,5538],[-22,15],[-44,19],[-67,22],[-68,16]],[[5999,5610],[-61,18],[-12,8]],[[6021,5896],[56,-9],[38,-16],[34,-18]],[[5931,6228],[92,-44],[-51,-112]],[[5972,6072],[-45,20],[-38,-77],[-49,-111]],[[5771,5902],[9,25],[-47,21],[129,312]],[[5608,5947],[-66,19],[-47,40],[-48,22]],[[5447,6028],[-32,15],[22,50]],[[5437,6093],[1,13],[108,210],[45,76]],[[5591,6392],[229,-109]],[[5999,5610],[-12,-33],[-74,-90],[-83,-104],[-55,29],[-37,26],[-14,-13],[-46,-101],[-72,40]],[[5606,5364],[-28,16],[38,37],[53,77],[-7,11],[-49,-24],[7,41],[-3,19],[-29,18],[10,31],[27,25],[26,58],[37,30],[22,35]],[[6200,5538],[-46,-102],[-20,-56]],[[6134,5380],[-31,-8],[-24,-15],[-69,-52],[-88,-52]],[[5922,5253],[-17,-8],[-47,-5],[-20,-7],[-49,-45]],[[5789,5188],[-122,93],[-81,43]],[[5586,5324],[20,40]],[[7032,6284],[-60,-77]],[[6972,6207],[-125,41],[-104,35],[-70,-100],[-99,37]],[[6647,6423],[158,-42],[153,-48],[38,-33],[36,-16]],[[9535,4540],[-167,-25],[-7,55],[-84,-11],[-7,41],[-18,52]],[[9252,4652],[178,23],[80,13],[5,-3],[14,-92],[6,-53]],[[8186,4897],[27,53],[20,52]],[[8233,5002],[8,36]],[[8241,5038],[1,4]],[[8242,5042],[1,2]],[[8243,5044],[3,18]],[[8246,5062],[4,33]],[[8250,5095],[8,44]],[[8258,5139],[9,52]],[[8267,5191],[5,24]],[[8272,5215],[10,61]],[[8282,5276],[0,11]],[[8282,5287],[151,66]],[[8433,5353],[-9,-133],[-16,1],[-31,-97],[-40,-106],[-15,-35],[-42,-113]],[[8280,4870],[-94,27]],[[8433,5353],[83,39]],[[8516,5392],[47,-78]],[[8563,5314],[-30,-18]],[[8533,5296],[-68,-14],[-6,-110],[-5,-36],[-23,-104],[-53,-190]],[[8378,4842],[-58,16]],[[8320,4858],[-40,12]],[[8533,5296],[8,-29]],[[8541,5267],[-6,-59],[-28,-187],[-38,-204]],[[8469,4817],[-91,25]],[[8561,4785],[-94,26]],[[8467,4811],[2,6]],[[8541,5267],[7,-7],[31,-69],[31,-109],[-4,-70],[-28,-134],[-17,-93]],[[8563,5314],[58,-100],[10,-40],[5,-71],[17,-52],[20,-32]],[[8673,5019],[83,-84],[30,-32],[21,-16],[5,-35],[39,-74],[30,-44]],[[8881,4734],[-43,14],[-18,-1],[-124,18]],[[8696,4765],[-66,9]],[[8630,4774],[-69,11]],[[8696,4765],[-16,-89],[-14,-92]],[[8666,4584],[-20,-106],[-18,-89]],[[8628,4389],[-23,-99],[-20,-74]],[[8585,4216],[-73,29]],[[8512,4245],[45,173],[38,181],[35,175]],[[8926,4543],[20,-86]],[[8946,4457],[-82,-16],[-11,-40],[-38,-81]],[[8815,4320],[-41,26],[-23,20],[-44,11],[-79,12]],[[8666,4584],[95,-22],[21,-2],[31,-15],[43,-15],[70,13]],[[8915,4252],[-84,-145]],[[8831,4107],[-100,45]],[[8731,4152],[71,139],[13,29]],[[8815,4320],[70,-49],[33,-14],[-3,-5]],[[8731,4152],[-146,64]],[[8512,4245],[-33,13]],[[8479,4258],[-40,14]],[[8439,4272],[19,61],[47,171]],[[8505,4504],[20,113],[36,168]],[[8467,4811],[-45,11],[-36,-175],[-29,-109]],[[8357,4538],[-16,-62],[-43,-156]],[[8298,4320],[-61,21]],[[8237,4341],[-58,17]],[[8179,4358],[31,111]],[[8210,4469],[27,106],[17,55]],[[8254,4630],[37,131]],[[8291,4761],[27,91]],[[8318,4852],[2,6]],[[8505,4504],[-148,34]],[[8439,4272],[-39,15]],[[8400,4287],[-47,14]],[[8353,4301],[-55,19]],[[6994,5577],[-144,-183],[-71,39]],[[6779,5433],[96,193]],[[6875,5626],[119,-49]],[[6334,5051],[23,-40],[-61,-47],[-52,-58],[-13,-19],[-14,-52]],[[6217,4835],[-33,9]],[[6184,4844],[-51,13],[-32,-5],[-32,-21]],[[6069,4831],[-42,55],[-26,50],[20,5],[30,-3],[3,22]],[[6054,4960],[51,4],[87,26]],[[6192,4990],[24,10],[52,32],[14,-14],[47,40],[5,-7]],[[6308,4809],[-91,26]],[[6334,5051],[143,85],[14,6]],[[6491,5142],[2,-33],[-49,-80],[-28,-69],[-82,-95],[-20,-52],[-6,-4]],[[6712,5154],[-10,-17],[-51,-74],[-49,-86],[-9,-24],[-30,-135],[-8,-68]],[[6555,4750],[-23,-6],[-224,65]],[[6491,5142],[32,14],[46,-6],[42,-14],[51,4],[50,14]],[[6127,4131],[-12,-13],[-51,-96],[-26,-37]],[[6038,3985],[-34,-44],[-42,-46],[-31,-29],[-39,-59]],[[5892,3807],[-29,-37],[-34,-18],[-32,3]],[[5797,3755],[-37,11],[-28,16]],[[5732,3782],[13,26],[46,-5],[35,7],[37,18]],[[5863,3828],[22,33],[-20,84],[-10,5],[-1,20],[27,15],[35,39],[25,22],[56,35],[7,13],[39,40],[33,4],[9,25]],[[6085,4163],[6,-16],[36,-16]],[[6375,4160],[29,-18],[39,-11],[68,-12]],[[6511,4119],[-7,-31]],[[6504,4088],[-36,-2],[-49,12],[-43,18],[-54,29],[-26,-7]],[[6296,4138],[-51,7],[-61,-1],[-35,-4],[-22,-9]],[[6085,4163],[3,16]],[[6088,4179],[109,2]],[[6197,4181],[69,1]],[[6266,4182],[67,1],[42,-23]],[[7125,3804],[143,-3]],[[7268,3801],[-4,-97],[-6,-99]],[[7258,3605],[-111,9]],[[7147,3614],[-76,1],[-65,5]],[[7006,3620],[-38,0]],[[6968,3620],[12,193]],[[6980,3813],[60,-7],[85,-2]],[[7141,4075],[-16,-271]],[[6980,3813],[6,102]],[[6986,3915],[14,193]],[[7239,4056],[59,1]],[[7298,4057],[-16,-31],[-10,-135]],[[7272,3891],[-4,-90]],[[7518,4144],[-9,-112],[-6,-156]],[[7503,3876],[-19,2],[-212,13]],[[7298,4057],[39,9],[30,27],[25,51]],[[7392,4144],[44,-15],[54,12],[28,3]],[[7503,3876],[49,-10]],[[7552,3866],[-59,-59],[-53,-49],[-40,-54],[-37,-59]],[[7363,3645],[-32,-54]],[[7331,3591],[-27,10],[-46,4]],[[8353,4301],[-27,-98],[-38,-151],[-23,-70],[-29,-73],[-25,-49],[-33,-74]],[[8178,3786],[-97,38]],[[8081,3824],[8,26]],[[8089,3850],[16,49]],[[8105,3899],[4,15]],[[8109,3914],[14,39]],[[8123,3953],[22,62]],[[8145,4015],[2,9]],[[8147,4024],[8,25]],[[8155,4049],[10,39]],[[8165,4088],[12,42]],[[8177,4130],[9,42],[19,61]],[[8205,4233],[16,56]],[[8221,4289],[16,52]],[[8400,4287],[-1,-12],[-65,-257],[-19,-56],[29,-12],[-59,-155],[-23,-49],[-35,-62]],[[8227,3684],[-83,30],[34,72]],[[8479,4258],[-23,-88]],[[8456,4170],[-28,-87]],[[8428,4083],[-50,-150]],[[8378,3933],[-27,-75]],[[8351,3858],[-47,-126]],[[8304,3732],[-31,-67]],[[8273,3665],[-46,19]],[[8273,3665],[-46,-85]],[[8227,3580],[-29,-27],[-61,-10],[-26,-10]],[[8111,3533],[-48,16],[-115,33]],[[7948,3582],[30,105]],[[7978,3687],[47,157]],[[8025,3844],[56,-20]],[[8518,3557],[-44,-101]],[[8474,3456],[-54,26]],[[8420,3482],[-67,35]],[[8353,3517],[-82,40]],[[8271,3557],[-44,23]],[[8273,3665],[138,-57],[107,-51]],[[8723,3471],[-12,-65]],[[8711,3406],[-19,-83]],[[8692,3323],[-132,37],[-109,36]],[[8451,3396],[23,60]],[[8518,3557],[58,-28],[90,-40],[57,-18]],[[8771,3691],[-23,-93]],[[8748,3598],[-86,27],[-304,107],[-17,4],[-37,-4]],[[8351,3858],[70,-31],[11,-1],[89,-39],[83,-35],[167,-61]],[[8849,3744],[-6,-64],[-72,11]],[[8378,3933],[235,-88],[39,-14],[162,-76],[35,-11]],[[8855,3893],[-6,-149]],[[8428,4083],[43,-16],[142,-62],[109,-46],[133,-66]],[[8836,4009],[13,-5],[9,-49],[-3,-62]],[[8456,4170],[36,-18],[112,-38],[83,-37],[64,-31],[85,-37]],[[8831,4107],[40,-18]],[[8871,4089],[-35,-80]],[[8353,3517],[-30,-75],[-52,-122],[-37,-56],[-74,-185]],[[8160,3079],[-31,6]],[[8129,3085],[32,79],[41,111],[-100,46]],[[8102,3321],[17,33]],[[8119,3354],[13,31]],[[8132,3385],[8,20]],[[8140,3405],[19,45],[51,-21]],[[8210,3429],[5,-2]],[[8215,3427],[27,62]],[[8242,3489],[23,54]],[[8265,3543],[4,9]],[[8269,3552],[2,5]],[[8420,3482],[-28,-68],[-12,3],[-58,-115],[-61,-150],[-25,-64]],[[8236,3088],[-76,-9]],[[8451,3396],[-67,-168],[-45,-114]],[[8339,3114],[-103,-26]],[[9187,3120],[-62,-10],[-158,-20],[-15,0]],[[8952,3090],[-14,125]],[[8938,3215],[133,-2]],[[9071,3213],[103,3]],[[9174,3216],[13,-96]],[[8692,3323],[-3,-18]],[[8689,3305],[-11,-51]],[[8678,3254],[-98,26],[-28,10],[-108,-123],[-11,-35]],[[8433,3132],[-15,0],[-79,-18]],[[8678,3254],[-29,-133]],[[8649,3121],[-19,-86]],[[8630,3035],[-36,19],[-89,54]],[[8505,3108],[-72,24]],[[8753,3111],[100,-11],[-21,-153]],[[8832,2947],[-44,14]],[[8788,2961],[-67,24],[-91,50]],[[8649,3121],[104,-10]],[[8838,3234],[99,-15],[1,-4]],[[8952,3090],[16,-139]],[[8968,2951],[7,-40]],[[8975,2911],[-16,2]],[[8959,2913],[-75,16],[-52,18]],[[8753,3111],[8,133],[77,-10]],[[8689,3305],[44,9],[121,28],[-16,-108]],[[8927,3364],[4,-79],[60,-8],[77,-13],[3,-51]],[[8711,3406],[37,-7],[101,-15],[78,-9],[0,-11]],[[8104,1944],[14,-48]],[[8118,1896],[-49,-16]],[[8069,1880],[-82,-9]],[[7987,1871],[-89,-11],[3,-32],[-52,-7]],[[7849,1821],[-92,-12]],[[7757,1809],[-10,62]],[[7747,1871],[-11,88],[65,10]],[[7801,1969],[136,16]],[[7937,1985],[8,-60],[159,19]],[[9236,2625],[44,-51]],[[9280,2574],[-88,-22],[-4,20],[-20,-5]],[[9168,2567],[-19,-6],[-22,110]],[[9127,2671],[58,11]],[[9185,2682],[51,-57]],[[9236,2693],[-51,-11]],[[9127,2671],[-109,-22]],[[9018,2649],[-3,-1]],[[9015,2648],[-3,61],[-5,31]],[[9007,2740],[-10,48]],[[8997,2788],[148,21],[44,5]],[[9189,2814],[25,4]],[[9214,2818],[22,-125]],[[9178,2925],[11,-111]],[[8997,2788],[-8,42]],[[8989,2830],[-14,81]],[[8968,2951],[136,17]],[[9104,2968],[35,5],[6,-52],[33,4]],[[9236,2693],[171,39]],[[9407,2732],[18,-92],[-87,-20],[-6,28],[-96,-23]],[[8505,3108],[9,-49],[-31,-70]],[[8483,2989],[-52,-11],[-24,-84],[-73,13],[6,53],[-54,3]],[[8286,2963],[53,151]],[[8462,2892],[-13,-42],[-21,-49]],[[8428,2801],[-14,-48],[9,-43]],[[8423,2710],[-60,-11],[-145,23],[-10,10]],[[8208,2732],[32,100],[46,131]],[[8483,2989],[-14,-53],[-7,-44]],[[8788,2961],[-248,-54],[-78,-15]],[[8959,2913],[-61,-14],[-88,-18],[-138,-29],[-102,-20],[-142,-31]],[[8989,2830],[-225,-47],[-341,-73]],[[9007,2740],[-231,-49],[-225,-45],[5,-24],[-80,-16]],[[8476,2606],[-12,66],[-32,-6],[-9,44]],[[9015,2648],[-300,-62],[-227,-50]],[[8488,2536],[-12,70]],[[9018,2649],[4,-90]],[[9022,2559],[-157,-34],[-106,-21],[-36,-9],[-126,-25],[-157,-34]],[[8440,2436],[-17,88],[65,12]],[[8440,2436],[19,-88]],[[8459,2348],[9,-43]],[[8468,2305],[-171,-56]],[[8297,2249],[-55,200],[-28,96]],[[8214,2545],[-12,53],[-4,49],[4,57],[6,28]],[[8385,1953],[-86,-32]],[[8299,1921],[-22,76]],[[8277,1997],[-23,83],[-157,-36]],[[8097,2044],[-15,107]],[[8082,2151],[40,5],[35,13]],[[8157,2169],[28,4],[131,13]],[[8316,2186],[5,-2],[64,-231]],[[7579,3007],[22,-27]],[[7601,2980],[3,-3]],[[7604,2977],[30,-14]],[[7634,2963],[6,-2]],[[7640,2961],[33,-14]],[[7673,2947],[8,-3]],[[7681,2944],[14,-6]],[[7695,2938],[34,-14]],[[7729,2924],[8,-3]],[[7737,2921],[16,-7]],[[7753,2914],[62,-26]],[[7815,2888],[36,-16]],[[7851,2872],[33,-14]],[[7884,2858],[2,0]],[[7886,2858],[33,-14]],[[7919,2844],[30,-13]],[[7949,2831],[-75,-86],[-34,9]],[[7840,2754],[-106,45]],[[7734,2799],[-141,59],[-24,-53],[-25,8],[-37,-6],[-106,-41],[-23,-19],[-11,-30]],[[7367,2717],[-24,7],[-15,15]],[[7328,2739],[-18,23]],[[7310,2762],[268,246]],[[7578,3008],[1,-1]],[[7554,3038],[-98,-88],[-40,-38],[-131,-119]],[[7285,2793],[-26,29]],[[7259,2822],[17,15]],[[7276,2837],[16,14]],[[7292,2851],[14,13]],[[7306,2864],[30,27]],[[7336,2891],[14,13]],[[7350,2904],[3,4]],[[7353,2908],[16,14]],[[7369,2922],[13,11]],[[7382,2933],[12,12]],[[7394,2945],[134,122]],[[7528,3067],[26,-29]],[[7310,2762],[-25,31]],[[7554,3038],[24,-30]],[[6819,2916],[7,-5]],[[6826,2911],[35,-20]],[[6861,2891],[2,-1]],[[6863,2890],[38,-23]],[[6901,2867],[36,-22]],[[6937,2845],[22,-12]],[[6959,2833],[18,-11],[-124,-132]],[[6853,2690],[-52,94],[-25,40]],[[6776,2824],[-30,33]],[[6746,2857],[43,76]],[[6789,2933],[30,-17]],[[7139,2964],[70,-83]],[[7209,2881],[-269,-203],[-24,-29],[45,-34]],[[6961,2615],[-65,-71]],[[6896,2544],[-60,45]],[[6836,2589],[-44,36]],[[6792,2625],[61,65]],[[6959,2833],[44,77],[60,80]],[[7063,2990],[15,-8],[33,-2],[28,-16]],[[8277,1997],[-171,-55],[-2,2]],[[8104,1944],[-12,43],[-2,29],[7,28]],[[8299,1921],[-29,-6],[-33,17],[-11,-1],[-108,-35]],[[6477,2495],[-35,19],[-34,24]],[[6408,2538],[64,83],[-24,18],[7,7],[57,31],[72,34],[41,29],[32,17],[-7,13]],[[6650,2770],[8,15]],[[6658,2785],[0,2]],[[6658,2787],[6,10]],[[6664,2797],[6,6]],[[6670,2803],[26,35]],[[6696,2838],[30,-16]],[[6726,2822],[20,35]],[[6776,2824],[-34,-47],[-4,-15],[-50,-46],[2,-2],[-80,-93],[-52,-45],[-20,-22],[-53,-49],[-8,-10]],[[6477,2495],[-21,-49],[57,-23],[13,-1],[26,-53]],[[6552,2369],[-44,-41],[-48,-36],[-39,-22]],[[6421,2270],[-67,-28],[-59,-22]],[[6295,2220],[-9,40],[-3,100]],[[6283,2360],[1,30]],[[6284,2390],[0,67],[-2,72],[2,36]],[[6284,2565],[79,-7],[45,-20]],[[6607,2428],[-55,-59]],[[6792,2625],[-145,-156],[-40,-41]],[[5734,2134],[16,-37],[15,-54],[5,-5]],[[5770,2038],[0,-1]],[[5596,1994],[-1,7],[26,83],[-8,21],[7,30],[-22,43],[-35,19]],[[5563,2197],[-12,16]],[[5551,2213],[65,45],[-30,44],[25,11],[45,3]],[[5656,2316],[78,-182]],[[6231,1893],[-33,-82],[23,-13],[-41,-67],[49,-39],[33,-39]],[[6262,1653],[21,-25]],[[6283,1628],[-64,-47],[-17,-30],[-32,2]],[[6170,1553],[-5,29],[-27,59],[23,18],[-57,77],[21,32],[17,36],[30,109]],[[6172,1913],[59,-20]],[[6510,1655],[37,-14],[63,-33],[51,-32],[31,-24]],[[6692,1552],[-46,-42],[-23,-29]],[[6623,1481],[-81,34],[-33,23],[-67,40],[-50,63],[-27,25],[-53,36]],[[6312,1702],[-12,14],[41,73]],[[6341,1789],[37,-19],[79,-36],[-15,-52],[68,-27]],[[6623,1481],[-13,-29]],[[6610,1452],[-17,-37]],[[6593,1415],[-54,-29],[-35,-22]],[[6504,1364],[-66,37],[-29,44]],[[6409,1445],[-24,48],[-27,37]],[[6358,1530],[-75,98]],[[6262,1653],[50,49]],[[6409,1445],[-81,-39],[-77,-24],[-5,31],[-37,-2],[-97,0]],[[6112,1411],[0,70]],[[6112,1481],[71,-2],[114,0],[61,51]],[[6109,995],[-45,3]],[[6064,998],[57,76],[28,33],[-21,72],[-14,22],[-6,60]],[[6108,1261],[60,-9],[30,-12],[72,-18]],[[6270,1222],[6,-57],[29,-95]],[[6305,1070],[-92,-51],[-37,-1],[-2,-23],[-10,3],[-55,-3]],[[6713,1534],[-14,-30],[39,-15],[-12,-29],[97,-56],[4,-11],[70,-43],[32,-23]],[[6929,1327],[-31,-23]],[[6898,1304],[-17,14],[-43,25],[-73,32],[-41,25],[-54,22]],[[6670,1422],[-60,30]],[[6692,1552],[21,-18]],[[7109,1481],[-19,-11]],[[7090,1470],[-62,-48]],[[7028,1422],[-7,2]],[[7021,1424],[-96,25],[18,61]],[[6943,1510],[2,1],[28,80]],[[6973,1591],[81,-34],[-2,-7],[88,-24],[-17,-37],[-14,-8]],[[7393,1614],[-1,-225]],[[7392,1389],[-1,-129],[4,-119],[-1,-67]],[[7394,1074],[-84,9]],[[7310,1083],[0,101]],[[7310,1184],[2,72]],[[7312,1256],[2,133],[-11,-5]],[[7303,1384],[-49,74],[-1,20]],[[7253,1478],[0,58]],[[7253,1536],[1,79]],[[7254,1615],[139,-1]],[[6709,2108],[-22,27],[-10,41],[-9,15],[-13,62],[-15,33],[-20,106],[-13,36]],[[6836,2589],[-29,-42],[-9,-64],[14,-37],[-13,-59]],[[6799,2387],[-13,-114]],[[6786,2273],[-27,-31],[-16,-29],[-18,-68],[-16,-37]],[[7045,2357],[-30,-48],[-130,1],[-29,-5],[-9,-10],[-20,15],[-24,-41]],[[6803,2269],[-17,4]],[[6799,2387],[31,26],[54,56],[161,-112]],[[6896,2544],[121,-87],[67,-43],[-39,-57]],[[7212,2242],[-89,-2]],[[7123,2240],[-166,0]],[[6957,2240],[-95,-1],[-38,14]],[[6824,2253],[-21,16]],[[7045,2357],[68,-40],[8,-40],[7,0]],[[6957,2240],[2,-210],[-4,-40]],[[6955,1990],[-41,-61],[-19,-36]],[[6895,1893],[-66,39],[-62,32],[-22,14]],[[6745,1978],[22,36],[35,70],[8,31],[4,56],[0,61],[10,21]],[[7124,2049],[-14,-23],[-23,-20],[-53,-20],[-79,4]],[[7123,2240],[0,-145],[1,-46]],[[7315,1978],[-16,2],[-47,38]],[[7252,2018],[-88,3],[-40,28]],[[7314,2242],[2,-151],[-1,-113]],[[7315,1978],[1,-18]],[[7316,1960],[1,-76],[-47,-68],[-1,-6]],[[7269,1810],[-19,-23]],[[7250,1787],[-51,39],[-24,-34],[-100,75],[27,40],[75,79],[36,-26],[39,58]],[[7367,2717],[-6,-41],[-8,0],[-5,-30],[149,-22]],[[7497,2624],[-20,-36],[-20,-20],[20,-25],[-77,-65]],[[7176,2586],[18,46],[12,17],[51,26],[71,64]],[[7764,2490],[-9,-29],[-44,-57]],[[7711,2404],[-63,2],[-16,11],[-35,-18]],[[7597,2399],[-91,-48],[-49,-27]],[[7457,2324],[19,77],[4,5],[147,76],[9,13],[29,83],[-35,17],[20,35]],[[7650,2630],[92,-41],[-32,-84],[54,-15]],[[7734,2799],[-30,-73],[-54,-96]],[[7650,2630],[-136,64],[-16,-38],[10,-5],[-11,-27]],[[7835,2154],[4,-33]],[[7839,2121],[-73,-9],[-52,0],[-50,4],[-24,9]],[[7640,2125],[12,37],[-2,67]],[[7650,2229],[118,15]],[[7768,2244],[10,-68],[6,0],[4,-29],[47,7]],[[7711,2404],[-9,-48],[-48,-64],[-5,-11],[1,-52]],[[7640,2125],[-37,-73]],[[7603,2052],[-14,-27]],[[7589,2025],[-38,-11],[-27,-12]],[[7524,2002],[-1,128],[28,0],[-2,77],[-52,0],[0,71],[101,0],[-1,121]],[[8214,2545],[-59,-18]],[[8155,2527],[-16,31],[-15,12],[-46,11],[-89,34],[-88,18]],[[7901,2633],[7,26],[65,163]],[[7973,2822],[111,-44],[124,-46]],[[8155,2527],[-55,-34],[-33,-8],[0,-23],[-14,-38],[-23,-42]],[[8030,2382],[-123,74]],[[7907,2456],[-21,14]],[[7886,2470],[20,93],[-5,70]],[[8297,2249],[19,-63]],[[8157,2169],[-1,52],[17,35],[-14,9],[15,34],[-144,83]],[[7801,1969],[-11,86],[-36,-2],[-151,-1]],[[7839,2121],[80,10]],[[7919,2131],[18,-146]],[[7747,1871],[-134,-19]],[[7613,1852],[-17,98],[-7,75]],[[7757,1809],[2,-29],[20,-142]],[[7779,1638],[-84,-13],[-83,-11]],[[7612,1614],[-19,144],[31,7],[-11,87]],[[8030,2382],[-19,-32],[-26,15],[-48,-84],[-5,-23],[15,-124]],[[7947,2134],[-28,-3]],[[7835,2154],[-14,115],[0,30],[69,126]],[[7890,2425],[17,31]],[[8082,2151],[-135,-17]],[[7945,1658],[-165,-24]],[[7780,1634],[-1,4]],[[7849,1821],[19,-140],[72,10],[5,-33]],[[8203,1795],[-33,-104]],[[8170,1691],[-6,-1]],[[8164,1690],[-6,-1]],[[8158,1689],[-3,32],[-148,-19]],[[8007,1702],[-20,169]],[[8069,1880],[-16,-59],[41,-4],[63,2],[49,-4],[-3,-20]],[[8203,1795],[101,11],[32,-51],[16,-37],[-50,-9],[-132,-18]],[[8237,1462],[-11,-4],[-84,-3]],[[8142,1455],[-34,-7],[-56,-18]],[[8052,1430],[8,71],[19,43],[-2,52],[42,5],[9,41],[-5,42],[35,5]],[[8164,1690],[-6,-21],[79,-207]],[[8642,2000],[-17,144],[-50,-17],[23,59],[28,23],[55,19],[-6,28]],[[8675,2256],[104,21]],[[8779,2277],[-19,-46]],[[8468,2305],[9,-45],[93,20],[9,-43],[96,19]],[[5958,2296],[-2,-141]],[[5956,2155],[4,-52]],[[5960,2103],[-69,-24]],[[5891,2079],[-18,64],[-9,-2],[-17,55]],[[5847,2196],[-17,45],[-11,48]],[[5819,2289],[3,5],[-10,60]],[[5812,2354],[41,1],[-1,37],[56,24],[52,8]],[[5960,2424],[-2,-128]],[[6259,2715],[-87,1]],[[6172,2716],[-64,2],[-110,0],[-3,-80],[-36,-71],[-2,-16],[5,-50],[-2,-77]],[[5812,2354],[-6,69],[-3,111],[3,5]],[[5806,2539],[25,-2],[2,92],[5,93],[37,-1],[5,25],[25,41]],[[5905,2787],[151,-1]],[[6056,2786],[43,-5],[31,-8],[116,78],[19,5]],[[6265,2856],[-6,-141]],[[6112,1481],[-1,71]],[[6111,1552],[46,1]],[[6157,1553],[13,0]],[[6112,1411],[1,-52],[-5,-98]],[[6108,1261],[-57,8],[-46,19]],[[6005,1288],[8,69],[-1,21]],[[6012,1378],[0,103]],[[6012,1481],[100,0]],[[6005,1288],[-16,-30]],[[5989,1258],[-78,21],[-64,21],[-6,-62],[-68,0]],[[5773,1238],[4,31]],[[5777,1269],[11,75]],[[5788,1344],[5,33]],[[5793,1377],[65,-1],[0,5],[42,1],[112,-4]],[[5793,1377],[10,65],[3,40]],[[5806,1482],[206,-1]],[[5806,1482],[-54,3]],[[5752,1485],[4,67]],[[5756,1552],[252,0]],[[6008,1552],[103,0]],[[6011,1691],[-3,-139]],[[5756,1552],[2,35]],[[5758,1587],[3,69]],[[5761,1656],[43,3],[107,-1],[-1,35]],[[5910,1693],[101,-2]],[[7124,933],[55,0]],[[7179,933],[-1,-96],[-90,2],[0,16],[-116,2]],[[6972,857],[0,45],[51,38]],[[7023,940],[8,-5],[93,-2]],[[7312,1256],[-74,0],[-7,9]],[[7190,1323],[59,31]],[[7249,1354],[54,30]],[[7310,1184],[-113,2]],[[7197,1186],[-27,36]],[[7394,1074],[6,-15],[1,-161]],[[7401,898],[1,-122]],[[7402,776],[1,-145]],[[7403,631],[-85,-5]],[[7318,626],[-142,-10]],[[7176,616],[0,109],[-94,0],[-58,2],[0,16],[-65,0],[5,85]],[[6964,828],[8,29]],[[7179,933],[1,150],[2,12]],[[7182,1095],[128,-12]],[[6964,828],[-50,-10],[-27,1],[-5,11]],[[6882,830],[13,12],[-38,57]],[[6857,899],[22,15]],[[6879,914],[51,38],[-41,64]],[[6945,1052],[78,-112]],[[5566,2619],[-29,-21],[-38,-48],[-28,-43],[-22,-41],[-82,52],[-39,21]],[[5328,2539],[-79,104]],[[5249,2643],[41,17],[59,-14],[23,4],[122,36],[54,13]],[[5548,2699],[2,-26],[16,-54]],[[8881,4734],[29,-5]],[[8910,4729],[-14,-51],[16,-76],[14,-59]],[[5455,2353],[-18,20],[-34,54],[-18,15],[-31,8],[-5,12],[2,40],[-23,37]],[[5566,2619],[10,-42],[52,-3]],[[5628,2574],[-5,-43],[-35,-55],[-50,-65],[-30,18],[-53,-76]],[[5654,2325],[-42,10],[-60,29],[-20,1],[-49,-14],[-28,2]],[[5628,2574],[58,-5],[66,-10]],[[5752,2559],[-10,-50],[-28,-57],[-37,-66],[-22,8],[-22,-45],[21,-24]],[[5891,2079],[-20,-8]],[[5871,2071],[-101,-33]],[[5734,2134],[63,29],[13,-28],[33,16],[-16,40],[20,5]],[[5654,2325],[2,-9]],[[5551,2213],[-13,8],[-35,1],[-48,27],[-40,37],[-87,53]],[[5134,2493],[-48,172]],[[5086,2665],[100,26],[27,-6],[20,-21]],[[5233,2664],[16,-21]],[[7253,1536],[-77,18]],[[7176,1554],[-1,53],[8,10],[71,-2]],[[5871,2071],[4,-11],[-8,-28]],[[5867,2032],[-2,-11],[12,-17],[0,-33]],[[5877,1971],[14,-33],[13,-68]],[[5904,1870],[-130,-2]],[[5650,1190],[-90,-11],[-60,-1],[-58,8]],[[5442,1186],[4,28],[-44,7],[8,26],[44,1]],[[5454,1248],[121,5],[73,-4],[2,-59]],[[7948,3582],[-92,22]],[[7856,3604],[-80,18],[-49,21],[-21,-49],[-49,-132]],[[7657,3462],[-48,45],[-29,16]],[[7580,3523],[27,55],[46,106],[51,120]],[[7704,3804],[75,-34]],[[7779,3770],[199,-83]],[[7463,4337],[-65,22],[-39,19]],[[7305,4403],[23,50]],[[7328,4453],[46,-23],[30,57],[111,178],[30,109]],[[7545,4774],[74,-42]],[[7619,4732],[50,-29]],[[7669,4703],[-35,-88],[-49,-78],[-34,-59],[-88,-141]],[[6736,1685],[-15,-42],[-15,-60]],[[6706,1583],[-14,-31]],[[6510,1655],[19,44],[49,88]],[[6578,1787],[70,-33],[20,-15],[35,-37],[33,-17]],[[5956,2155],[35,10],[81,35],[80,43]],[[6152,2243],[53,24],[41,38],[-24,34],[43,21],[18,0]],[[6295,2220],[-116,-40]],[[6179,2180],[-29,-10]],[[6150,2170],[-79,-26],[-27,-12],[-84,-29]],[[9111,3422],[-24,124],[39,-2],[-6,37],[-31,89],[-15,57]],[[9074,3727],[148,-2],[34,5]],[[9256,3730],[-7,-29],[-15,-37],[-6,-41],[5,-86]],[[9233,3537],[7,-28],[36,-67],[21,-46],[3,-31]],[[9300,3365],[-22,-15],[-28,-6]],[[9250,3344],[0,10],[27,9],[2,34],[-6,19],[-118,3],[-44,3]],[[7034,5060],[-48,28]],[[6986,5088],[-93,53]],[[6893,5141],[96,172],[54,100],[60,107]],[[7103,5520],[64,-52],[59,-34]],[[7226,5434],[-158,-312],[-34,-62]],[[6986,3915],[-22,3],[-83,23]],[[6881,3941],[22,85]],[[6903,4026],[38,-4],[8,104]],[[7001,1768],[-28,-36]],[[6973,1732],[-47,29],[-16,-23],[-52,42]],[[6858,1780],[13,23],[-7,6],[-43,-37],[-27,6],[0,16],[-20,51],[-45,26],[-81,52]],[[6648,1923],[16,23]],[[6664,1946],[23,23],[23,31],[35,-22]],[[6895,1893],[-16,-44],[33,-20],[89,-61]],[[7907,5497],[-6,-108]],[[7901,5389],[-81,-88],[-3,1],[-112,109],[-9,19],[-202,-128]],[[7494,5302],[-73,34]],[[7421,5336],[-59,37]],[[7362,5373],[114,72],[38,88],[39,50],[22,19],[6,-8],[98,73]],[[7679,5667],[108,-149],[26,-14],[94,-7]],[[5829,3518],[25,-23],[18,-45]],[[5872,3450],[27,-69]],[[5899,3381],[-37,-3],[-96,-22]],[[5766,3356],[-14,67],[-6,4],[-16,83],[-73,-24],[-10,58]],[[5647,3544],[-6,55],[-13,43],[-19,137]],[[5609,3779],[81,15],[42,-12]],[[5797,3755],[-6,-39],[-1,-55],[-6,-99],[4,-22],[41,-22]],[[4019,1640],[-27,-4],[-174,-42],[-125,-48],[-22,-11],[-45,-34],[-17,13],[-24,6],[-117,36],[6,26],[-70,16],[7,55],[-91,25],[18,80],[185,-43],[118,-22],[55,-12],[61,-32],[36,71],[-116,52],[-76,35],[-51,21],[13,47],[5,38],[21,-10],[65,-22],[26,-6],[108,-40],[96,-29],[74,-28]],[[3958,1778],[37,-22],[18,-24],[6,-92]],[[6341,4413],[-49,-74]],[[6292,4339],[-97,65]],[[6195,4404],[-31,18],[-43,1],[-3,-8]],[[6118,4415],[-15,-2],[-12,15]],[[6091,4428],[24,24],[12,51],[20,27],[7,-1],[37,55]],[[6191,4584],[47,-35],[26,-10]],[[6264,4539],[-6,-29],[14,-11],[-16,-53],[69,-23],[16,-10]],[[6648,1923],[-40,-81]],[[6608,1842],[-28,26],[-27,11],[-33,29],[-30,-4],[-28,24],[-41,16]],[[6421,1944],[25,38],[-2,42],[35,60],[49,38],[38,34]],[[6566,2156],[32,-48]],[[6598,2108],[1,-69],[4,-13],[22,-24],[39,-56]],[[7259,2822],[-24,29]],[[7235,2851],[113,106],[67,60],[87,81]],[[7502,3098],[26,-31]],[[7394,2945],[-12,-12]],[[7369,2922],[-16,-14]],[[7350,2904],[-14,-13]],[[7306,2864],[-14,-13]],[[7292,2851],[-16,-14]],[[7276,2837],[-17,-15]],[[6218,3885],[42,-30]],[[6260,3855],[-40,-74],[-72,-82],[-25,-31]],[[6123,3668],[-76,5],[-18,4],[-53,42]],[[5976,3719],[-50,55],[-34,33]],[[6038,3985],[18,-17],[50,-26],[17,-19],[31,-10],[41,-21],[23,-7]],[[6123,3668],[41,-8]],[[6164,3660],[-22,-36],[-29,-65],[19,-10],[-28,-54],[-2,-18],[-19,-26]],[[6083,3451],[-37,26],[-73,40],[-35,-44],[-66,-23]],[[5829,3518],[11,13],[51,85],[38,29],[23,32],[24,42]],[[5765,1728],[-200,3]],[[5565,1731],[-1,9]],[[5564,1740],[-1,57],[1,75]],[[5774,1868],[-9,-140]],[[8996,4226],[-39,7],[-42,19]],[[8946,4457],[11,-36],[4,-33],[-18,-91],[2,-36],[16,-13],[37,-11],[-2,-11]],[[6183,3068],[-66,-50]],[[6117,3018],[-15,-6]],[[6102,3012],[-19,3]],[[6083,3015],[-16,0]],[[6067,3015],[-37,-8]],[[6030,3007],[-2,0]],[[6028,3007],[-55,-20]],[[5973,2987],[-48,-20]],[[5925,2967],[-19,-7]],[[5906,2960],[-7,37],[2,62],[-36,8],[31,98]],[[5896,3165],[22,53]],[[5918,3218],[52,-28],[51,-13],[65,-13],[29,4],[76,21],[22,-3],[-17,-31],[-48,-35],[35,-52]],[[5580,1991],[-129,-27],[-87,-20],[-68,-7],[-99,7]],[[5197,1944],[10,95],[5,65]],[[5563,2197],[-25,5],[-3,-117],[-19,-1],[60,-82],[4,-11]],[[3718,2486],[100,-51]],[[3818,2435],[15,-9]],[[3833,2426],[42,-22],[-25,-19],[-34,-34],[-42,-19],[-15,-17],[-98,51],[57,120]],[[5417,4759],[-118,-156],[-29,-29],[-23,-7],[-92,-8]],[[5155,4559],[-78,-2],[-21,19],[-7,27],[0,31],[-13,20],[-2,60]],[[5034,4714],[-2,18]],[[5032,4732],[55,-8],[33,20],[51,21]],[[5171,4765],[93,3],[-19,-24],[31,-23],[11,-3],[49,-39],[29,43],[52,37]],[[9250,2474],[21,-100]],[[9271,2374],[-30,-3],[-62,12]],[[9179,2383],[-10,54],[-7,15],[-3,39]],[[9159,2491],[31,-9],[60,-8]],[[5788,1344],[-153,22],[1,45],[-67,-1]],[[5569,1410],[-2,44]],[[5567,1454],[65,3],[-1,20],[44,8],[77,0]],[[7080,2582],[16,25],[-4,6],[35,49],[46,50],[112,81]],[[7159,2539],[-42,19],[-37,24]],[[8588,1662],[-10,-27],[-5,-40],[-24,-12],[-56,-14]],[[8493,1569],[-9,32]],[[8484,1601],[-55,197]],[[8617,1866],[-9,-38],[33,-7],[-18,-46],[43,-19],[-36,-19],[-42,-75]],[[5555,4790],[-30,-23],[-38,-20],[-40,-26],[-38,-44],[-2,-7]],[[5407,4670],[-53,-63],[-12,-73],[-26,-23],[14,-28],[8,-33],[-138,-38],[-65,-15],[-94,-26]],[[5041,4371],[-3,174]],[[5038,4545],[109,10],[8,4]],[[5417,4759],[25,34],[38,24],[31,2],[29,-14],[15,-15]],[[6150,890],[74,-34],[74,-27]],[[6298,829],[-1,-21],[14,-44],[8,-63],[67,2]],[[6386,703],[-1,-35],[6,-33],[25,-61]],[[6416,574],[-52,1],[-49,7],[-47,13],[-42,18],[-123,62]],[[6103,675],[7,11],[43,107],[-33,19],[30,78]],[[7394,1074],[112,-13]],[[7506,1061],[55,-6],[-8,-92],[20,-11]],[[7573,952],[-2,-1]],[[7571,951],[-22,-8],[-17,-29],[-51,-24],[-26,-3],[-16,10],[-38,1]],[[9250,2474],[34,-4],[18,7],[61,7]],[[9363,2484],[39,-51],[-46,-28],[-31,-13],[-54,-18]],[[6399,3832],[-40,16],[-8,-16],[-24,1],[-64,17],[-3,5]],[[6218,3885],[30,42],[20,38],[-9,10],[25,33],[21,43],[24,55]],[[6329,4106],[-4,-44],[18,-9],[57,-68],[24,-41],[3,-23],[-8,-38],[-20,-51]],[[9250,3344],[-28,-3],[-104,-3],[-84,25],[-42,19],[-18,3],[-47,-21]],[[8723,3471],[236,-33],[152,-16]],[[6959,2833],[-22,12]],[[6901,2867],[-38,23]],[[6861,2891],[-35,20]],[[6826,2911],[-7,5]],[[6789,2933],[92,161]],[[6881,3094],[182,-104]],[[6890,3195],[-39,20]],[[6851,3215],[-43,17],[-62,29]],[[6746,3261],[34,87],[24,70]],[[6804,3418],[50,129],[109,-40]],[[6963,3507],[-21,-56],[86,-11]],[[7028,3440],[-82,-142],[-56,-103]],[[7779,2903],[-26,11]],[[7737,2921],[-8,3]],[[7695,2938],[-14,6]],[[7673,2947],[-33,14]],[[7640,2961],[41,95],[115,257]],[[7796,3313],[36,20]],[[7832,3333],[24,9]],[[7856,3342],[33,15],[52,33]],[[7941,3390],[58,-24]],[[7999,3366],[-42,-99],[-35,-29],[-143,-335]],[[7884,2858],[-33,14]],[[7815,2888],[-36,15]],[[7999,3366],[103,-45]],[[8102,3321],[-10,-17],[-39,-93],[-24,-20],[-30,-73],[-37,-82],[-76,-177]],[[7886,2859],[-2,-1]],[[6091,4428],[-25,-11],[-38,-35],[-114,-36],[-153,-51],[-63,-24]],[[5698,4271],[-16,37]],[[5682,4308],[79,25]],[[5761,4333],[174,57],[-12,33]],[[5923,4423],[15,1],[29,38],[14,43],[68,65],[31,52],[39,28],[17,21],[0,27],[37,18],[23,6]],[[6196,4722],[13,-66],[2,-42],[-20,-30]],[[6321,1890],[-9,-42],[-14,-41],[43,-18]],[[6231,1893],[64,1],[26,-4]],[[7726,6193],[-120,93],[129,187],[-97,74]],[[7638,6547],[-94,74]],[[7544,6621],[58,85],[43,56]],[[7645,6762],[115,-167],[74,-139],[124,-238]],[[7958,6218],[-30,-39],[-15,-6],[-67,-4]],[[7846,6169],[-27,-13],[-21,-19],[-72,56]],[[7587,6014],[-112,85],[-68,-52]],[[7407,6047],[-46,-34]],[[7361,6013],[-70,96]],[[7291,6109],[82,64],[99,140],[62,85],[11,20],[93,129]],[[7726,6193],[-72,-88],[-67,-91]],[[3758,2811],[22,3],[74,-9],[15,-4]],[[3869,2801],[4,-7]],[[3873,2794],[-12,-123],[-16,2]],[[3845,2673],[-107,12],[-11,-108],[105,-14]],[[3832,2563],[-14,-128]],[[3718,2486],[-145,75],[-109,-221],[-107,55],[27,75],[-11,7],[-126,110],[-3,29],[22,60],[142,-127],[12,-5],[20,44],[79,246]],[[3519,2834],[60,-7]],[[3579,2827],[57,-6]],[[3636,2821],[115,-14],[7,4]],[[7696,5829],[-6,10]],[[7690,5839],[-4,16]],[[7686,5855],[35,43],[145,228],[-20,43]],[[7958,6218],[31,-63]],[[7989,6155],[-5,-8],[-108,-120],[-142,-160],[-38,-38]],[[1367,2636],[20,10],[-1,26],[48,-11],[31,103],[8,40],[25,103],[7,36]],[[1505,2943],[120,60]],[[1625,3003],[6,-78],[9,-56],[2,-51],[30,-59]],[[1672,2759],[-17,-4],[-79,-66],[-37,-5],[-11,-55],[-24,-101],[-25,2],[-8,-35],[31,-9],[21,-13],[-4,-10],[-38,-19],[-3,-21],[14,-22],[-1,-28],[-17,3],[-2,-58],[5,-12],[-3,-33],[-12,-15],[7,-19],[-12,-17],[14,-61],[13,-6],[-11,-31],[-15,-7],[-41,3],[-2,52],[-13,-2],[-1,27],[13,5],[-5,31],[17,3],[17,60],[0,32],[-9,1],[-5,90],[15,18],[16,53],[4,27],[-87,0],[12,110],[-22,9]],[[6493,6866],[34,74],[44,97],[51,129]],[[6622,7166],[64,-56]],[[6686,7110],[27,-22],[85,-89],[-39,-27]],[[6759,6972],[-31,-35],[-54,-75]],[[6674,6862],[-13,-19],[-16,-70]],[[9054,4772],[38,-31],[-31,-26],[-34,-10],[11,-15],[46,-39]],[[9084,4651],[4,-9],[13,-108],[-84,-12],[32,-245],[-2,-51]],[[9047,4226],[-19,-4],[-32,4]],[[8910,4729],[12,-2],[6,26],[28,34],[14,1],[40,-16],[39,-4],[5,4]],[[8171,5459],[7,74],[9,181],[1,61],[-35,35]],[[8153,5810],[28,35],[48,69]],[[8229,5914],[46,-34],[39,-38],[30,-47],[25,-57],[9,-46],[5,-44]],[[8383,5648],[-108,-35],[11,-96],[-83,-55],[-32,-3]],[[9544,1982],[-13,6],[-1,30],[-27,4],[-13,-13],[-23,6],[-34,50],[-26,9],[-39,4],[-19,-8],[-35,5],[-21,-5],[-6,-32],[-12,-11],[-63,-19]],[[9212,2008],[-8,20],[-108,129]],[[9096,2157],[-7,11]],[[9546,2140],[-10,-40],[11,-107],[-3,-11]],[[5937,4743],[65,43]],[[6002,4786],[67,45]],[[6069,4831],[57,-115],[-121,-78],[-41,45],[-27,60]],[[7091,1336],[-63,86]],[[7090,1470],[24,-32]],[[7114,1438],[21,-35]],[[7135,1403],[-33,-24],[22,-20],[-33,-23]],[[6968,3620],[-165,8]],[[6803,3628],[14,55]],[[6817,3683],[16,66]],[[6833,3749],[24,96]],[[6857,3845],[16,63]],[[6873,3908],[8,33]],[[7125,6607],[-347,89]],[[6674,6862],[148,-41],[297,-77],[56,-20]],[[7175,6724],[-28,-39],[-22,-78]],[[7219,3366],[-1,-2]],[[7218,3364],[-102,60]],[[7116,3424],[10,25],[21,165]],[[7331,3591],[-66,-113],[-19,-43]],[[7246,3435],[-27,-69]],[[4153,4098],[-43,-21],[12,-16]],[[4122,4061],[-20,-36]],[[4102,4025],[-9,2],[-29,-19],[-15,10],[-15,24],[-42,-20],[-15,-26],[24,-17],[-14,-24],[11,-9],[-26,-47],[56,-35],[-22,-29],[-128,86],[-44,-139],[-41,24],[20,106],[17,34],[-625,-318]],[[3205,3628],[4,164]],[[3209,3792],[357,178],[556,278]],[[4122,4248],[11,-70],[-10,-25],[-23,-29],[1,-14],[52,-12]],[[6448,3320],[38,-9]],[[6486,3311],[-22,-25],[-29,-24],[-73,-34],[-64,-46],[-18,-20],[-15,-30]],[[6265,3132],[-5,-14],[-77,-50]],[[5918,3218],[61,123]],[[5979,3341],[80,-36],[69,-17],[31,1],[134,22],[77,2],[38,8],[40,-1]],[[7181,4457],[3,7],[2,79],[-56,0],[-2,124],[9,105],[12,47],[64,142]],[[7213,4961],[82,-48]],[[7295,4913],[-68,-157],[-17,-70],[41,-38],[-32,-55],[43,9],[10,-57],[-48,-97],[0,-8]],[[7250,1787],[-7,-34],[-27,-43]],[[7216,1710],[-19,-16],[-33,-48]],[[7164,1646],[-54,42],[-109,80]],[[7196,1413],[0,-2]],[[7196,1411],[-13,-59],[-15,2]],[[7168,1354],[-29,1],[-8,8],[20,16],[-16,24]],[[7114,1438],[17,-3],[30,4],[17,-29],[18,3]],[[5792,8328],[20,-45]],[[5812,8283],[-10,5],[-91,9],[-19,-3],[-96,-29],[2,-3]],[[5598,8262],[-10,-1],[-34,-19]],[[5554,8242],[-14,26],[-25,-9],[-18,37],[-22,20]],[[5475,8316],[42,29],[95,29]],[[5612,8374],[24,-51],[4,-25],[111,20],[41,10]],[[7949,4347],[-52,15],[-16,-61],[-91,25]],[[7790,4326],[70,296],[23,39]],[[7883,4661],[67,-19],[-25,-120],[68,-15],[-26,-90]],[[7967,4417],[-18,-70]],[[6516,2869],[0,0]],[[6516,2869],[-28,38],[-30,48]],[[6458,2955],[-3,2]],[[6455,2957],[-29,40]],[[6426,2997],[-1,1]],[[6425,2998],[45,58]],[[6470,3056],[47,-38],[27,41],[9,21],[34,55]],[[6587,3135],[98,-47]],[[6685,3088],[-50,-62],[-38,-30],[9,-10],[-28,-29],[-38,-65],[-24,-23]],[[6077,2001],[-22,19],[-12,-21]],[[6043,1999],[-11,5],[-23,-6],[-38,7],[-39,16],[-9,-18],[-56,29]],[[6150,2170],[8,-34],[-23,-73],[-14,-21],[-44,-41]],[[6205,3510],[68,-22],[50,-40],[14,13],[25,6],[16,-10],[33,-69],[-22,-26],[17,-15],[38,-21],[4,-6]],[[5979,3341],[-47,31],[-33,9]],[[6083,3451],[47,-29],[20,58],[55,30]],[[8459,2348],[190,39],[180,39],[108,22],[5,-2]],[[8942,2446],[-32,-66],[-11,-13],[-24,-55]],[[8875,2312],[-14,-18],[-82,-17]],[[5989,1258],[-65,-93],[-21,-33],[-6,-44],[5,-67],[0,-42]],[[5902,979],[-46,12],[-54,44],[-63,4],[4,30],[-4,17]],[[5739,1086],[-7,40],[1,23],[34,2],[-1,34]],[[5766,1185],[7,53]],[[8149,1343],[-3,9],[-4,103]],[[8237,1462],[116,51],[53,43],[78,45]],[[8493,1569],[-72,-41],[-38,-27],[-42,-39],[-78,-47],[-25,-13],[-60,-37],[-29,-22]],[[7771,3392],[-36,21]],[[7735,3413],[-78,49]],[[7856,3604],[-14,-39],[-71,-173]],[[1623,3106],[-17,-26],[2,-28],[17,-49]],[[1505,2943],[-129,-64]],[[1376,2879],[-23,34],[-25,28],[-55,87]],[[1273,3028],[25,23],[11,27],[-3,34],[-9,27],[4,11],[43,8],[16,9],[19,-54],[13,0],[32,18],[46,-20],[29,6],[49,26],[9,-66],[66,29]],[[5575,3315],[-56,-15]],[[5519,3300],[-85,-23],[-13,7]],[[5421,3284],[-9,7],[-25,-19],[-50,-4],[-95,-35]],[[5242,3233],[22,47]],[[5264,3280],[26,-11],[51,43],[13,16]],[[5354,3328],[48,74],[38,80],[37,22]],[[5477,3504],[35,-87],[17,-52],[35,6],[11,-56]],[[4985,6340],[7,-22],[-37,19],[-129,-253],[-58,34],[-66,30],[-24,5]],[[4678,6153],[24,99],[40,116],[34,89],[135,-76]],[[4911,6381],[74,-41]],[[6386,703],[17,41],[22,45]],[[6425,789],[67,-24],[34,-28],[53,-33],[23,-10]],[[6602,694],[-30,-94],[-14,-18]],[[6558,582],[-142,-8]],[[6296,4138],[35,-27],[-2,-5]],[[5519,3300],[26,-172],[15,-53],[-21,-12],[12,-34]],[[5551,3029],[8,-59]],[[5559,2970],[-75,-3],[-7,35],[-44,-17],[5,-26],[-54,-4],[-10,44],[-49,-9],[10,48]],[[5335,3038],[6,55],[-4,25],[54,34],[-28,44],[-20,-9],[-87,-5],[-32,13],[11,26],[45,0],[37,10],[76,34],[28,19]],[[7545,5856],[-188,-142],[-114,-86],[19,-16],[38,-22],[55,-24],[-46,-49],[-83,-83]],[[7103,5520],[-41,43],[-36,51]],[[7026,5614],[145,107],[197,151],[62,43],[15,-17],[44,33]],[[7489,5931],[56,-75]],[[5519,1279],[-1,-6],[-66,-7],[2,-18]],[[5442,1186],[-8,-37],[41,-10],[29,-2],[1,-29]],[[5505,1108],[-30,-27],[-11,-43],[3,-19],[-6,-32]],[[5461,987],[-73,36]],[[5388,1023],[-52,34],[-50,43],[-32,35],[-39,57],[-12,21]],[[5203,1213],[-29,69],[-11,37],[-12,61]],[[5151,1380],[24,-5],[40,-19],[25,-19],[66,-33],[88,-28],[18,51],[48,-17],[59,-31]],[[6943,1510],[-92,19],[2,7],[-147,47]],[[6736,1685],[6,16],[19,-8],[53,-10]],[[6814,1683],[-13,-32],[45,-12],[127,-48]],[[4424,4065],[-79,-39],[-22,-1],[-76,16]],[[4247,4041],[-50,24],[-44,33]],[[4122,4248],[187,94],[65,32],[71,21]],[[4445,4395],[8,-32],[-28,-10],[30,-16],[-24,-45],[-7,-23]],[[4424,4269],[-21,-89],[-29,4],[-17,-40],[32,-28],[35,-51]],[[4603,2857],[63,0],[126,-5],[205,-25]],[[4997,2827],[20,1]],[[5017,2828],[4,0]],[[5021,2828],[43,-151]],[[5064,2677],[5,-18]],[[5069,2659],[-6,-2],[-89,19],[-109,18],[-199,24],[-33,11],[-15,11],[-29,34],[-11,23],[-1,-24],[-10,-5],[-12,14],[-14,-2],[-1,-17],[-14,8],[-9,-13],[3,-36],[-10,-6],[-19,8],[-303,39],[-3,5],[-151,19],[-6,-12]],[[4028,2775],[-152,17],[-3,2]],[[3869,2801],[5,31]],[[3874,2832],[17,124]],[[3891,2956],[0,5]],[[3891,2961],[1,5],[46,-5]],[[3938,2961],[250,-32],[24,-4]],[[4212,2925],[268,-33]],[[4480,2892],[29,-4],[49,-19]],[[4558,2869],[45,-12]],[[5896,3165],[-28,8],[-57,0],[-72,-20],[-34,-4]],[[5705,3149],[-16,19],[-63,111],[-19,45]],[[5607,3324],[38,8],[54,7],[67,17]],[[9256,3730],[4,133],[5,12]],[[9265,3875],[4,51],[-8,69]],[[9261,3995],[24,-4],[12,-21],[23,-7],[22,15],[2,29],[-16,17],[4,21],[-4,48],[-19,122]],[[9309,4215],[58,3],[106,-2],[134,9],[75,10],[75,-9]],[[9757,4226],[-17,-93],[-12,-16],[-17,-70],[-6,-134],[-42,-1],[-19,-6],[-66,-56],[35,-48],[-1,-12],[-25,-45],[-39,-35],[-17,-41],[0,-130],[-298,-2]],[[6980,1367],[-71,41],[4,10],[-31,10],[9,29],[-58,10],[7,31],[-90,18],[-37,18]],[[7021,1424],[-41,-57]],[[6726,2822],[-30,16]],[[6670,2803],[-6,-6]],[[6664,2797],[-6,-10]],[[6658,2785],[-12,-17]],[[6646,2768],[-14,-1]],[[6632,2767],[-11,3]],[[6621,2770],[-5,12]],[[6616,2782],[-1,8]],[[6615,2790],[-1,3]],[[6614,2793],[-14,11]],[[6600,2804],[-12,7]],[[6588,2811],[-27,6]],[[6561,2817],[-7,0]],[[6554,2817],[0,21]],[[6554,2838],[0,14]],[[6554,2852],[-31,-4]],[[6523,2848],[-7,21]],[[6685,3088],[90,-39]],[[6775,3049],[-43,-84],[-63,-63],[77,-45]],[[5017,3538],[-54,-62],[26,-25],[117,-83],[30,-24],[35,-21],[93,-43]],[[5242,3233],[-67,-29],[-39,-2]],[[5136,3202],[-92,41],[-125,89],[-25,-4]],[[4894,3328],[-3,20]],[[4891,3348],[-5,87],[2,54]],[[4888,3489],[21,-1],[40,29],[44,38]],[[4993,3555],[24,-17]],[[8083,5465],[-70,6],[-93,54]],[[7920,5525],[4,3],[161,198],[14,19]],[[8099,5745],[-1,-33]],[[8098,5712],[-3,-60]],[[8095,5652],[-5,-75]],[[8090,5577],[-4,-31]],[[8086,5546],[-2,-48]],[[8084,5498],[0,-18]],[[8084,5480],[-1,-15]],[[5201,4187],[12,52],[30,55],[11,8],[212,67],[21,25]],[[5487,4394],[17,-35]],[[5504,4359],[46,-44],[11,-24]],[[5561,4291],[-103,-44],[-38,-9],[-108,-21],[-83,-12],[-28,-18]],[[4714,3207],[-41,-16],[-34,1]],[[4639,3192],[-38,14],[-52,-6]],[[4549,3200],[-19,11],[-11,30],[-37,60]],[[4482,3301],[8,53],[12,55],[14,38],[12,13]],[[4528,3460],[29,-15],[39,-13],[36,-37],[26,-18]],[[4658,3377],[11,-77],[2,-24],[14,-61],[29,-8]],[[6547,3641],[-81,11],[-29,-3]],[[6437,3649],[-20,2]],[[6417,3651],[27,60],[12,53],[9,60]],[[6465,3824],[101,-15]],[[6566,3809],[-15,-96]],[[6551,3713],[-4,-72]],[[4613,3673],[-43,45]],[[4570,3718],[124,116]],[[4694,3834],[89,-94],[28,-35]],[[4811,3705],[-25,-13],[-64,-21],[-109,2]],[[4782,2949],[-8,58],[-33,211]],[[4741,3218],[52,27],[40,38],[42,46]],[[4875,3329],[16,19]],[[4894,3328],[12,-87],[40,-141],[30,-115]],[[4976,2985],[-17,-4],[-177,-32]],[[6118,4415],[-9,-37],[-22,6],[-3,-24],[-20,-60]],[[6064,4300],[-75,0],[-31,4],[-6,-27],[-50,-15],[-93,-44],[-10,22],[-79,-32]],[[5720,4208],[-22,63]],[[5184,6230],[188,-104],[65,-33]],[[5447,6028],[-15,-10],[-59,-9],[-35,-18],[-47,-60],[-17,-43],[-69,22],[-74,8],[-48,-53],[-15,-24],[-5,-26],[-7,-132],[-8,-37],[-7,-8],[-68,2],[-10,119],[-78,-18],[-36,-14],[-53,-28],[-26,-25],[-10,-24],[-42,112],[-24,76],[-20,94]],[[4674,5932],[-7,103],[3,66],[8,52]],[[4985,6340],[199,-110]],[[7886,2470],[-40,2],[-82,18]],[[7764,2490],[19,87],[13,40],[37,72],[-29,10],[20,16],[16,39]],[[7949,2831],[24,-9]],[[3832,2563],[13,110]],[[4028,2775],[-11,-98],[35,-3],[1,12],[66,-7],[-1,-13],[30,-4],[-2,-25],[-87,10],[-2,-19],[-11,1],[-5,-57],[23,-3],[-1,-8],[-59,7],[-2,-23],[-153,19],[-16,-138]],[[8149,1343],[-55,-34],[-21,1],[-33,13],[-30,-4],[-53,-13]],[[7957,1306],[-20,24],[-32,2]],[[7905,1332],[1,56],[24,5],[-1,34],[-12,23],[-28,22],[6,13]],[[7895,1485],[59,12],[-9,51],[28,17]],[[7973,1565],[20,2],[9,-74],[29,4],[6,-69],[15,2]],[[7462,1379],[-5,42],[-37,7],[7,36],[69,123],[16,11]],[[7512,1598],[3,2]],[[7515,1600],[29,-112],[19,-83]],[[7563,1405],[-101,-26]],[[7515,1600],[-2,37],[2,83]],[[7515,1720],[-2,105]],[[7513,1825],[1,132],[10,45]],[[7612,1614],[-97,-14]],[[6523,2848],[31,4]],[[6554,2838],[0,-21]],[[6554,2817],[-41,-4],[-43,-19],[-38,-26],[19,-30],[-15,-8],[-59,-7],[-49,-11],[-69,3]],[[6265,2856],[-8,44]],[[6257,2900],[12,2]],[[6269,2902],[12,1]],[[6281,2903],[44,7]],[[6325,2910],[28,14]],[[6353,2924],[1,1]],[[6354,2925],[20,14]],[[6374,2939],[21,16]],[[6395,2955],[-6,12]],[[6389,2967],[-2,6]],[[6387,2973],[38,24]],[[6425,2997],[1,0]],[[6455,2957],[3,-2]],[[6516,2869],[7,-21]],[[7462,1379],[-7,-3]],[[7455,1376],[-63,13]],[[7393,1614],[37,-2],[82,-14]],[[5766,1185],[-67,-6],[-1,15],[-48,-4]],[[5519,1279],[54,0]],[[5573,1279],[39,5],[110,-15],[22,5],[33,-5]],[[5564,1740],[-129,-3],[-8,-49]],[[5427,1688],[-17,6],[-82,-4],[-51,7],[-61,2],[-42,7]],[[5174,1706],[12,174],[7,64]],[[5193,1944],[4,0]],[[5580,1991],[9,2]],[[6172,1913],[-37,16]],[[6135,1929],[-15,11],[-20,33],[-23,28]],[[6179,2180],[9,-32],[19,-45],[26,-28],[44,-32],[26,-24]],[[6303,2019],[-45,-43],[-3,-14],[47,-6],[52,-10],[-20,-26],[-13,-30]],[[7973,2822],[33,24],[62,83],[39,39],[25,58],[-22,4],[19,55]],[[5612,8374],[74,37],[-4,12],[48,25],[18,14]],[[5748,8462],[17,-46],[27,-88]],[[9250,2474],[-9,47],[70,21]],[[9311,2542],[12,-14]],[[9323,2528],[40,-44]],[[5062,4965],[3,-12],[27,-4],[9,-11],[33,-18],[6,-16],[13,5],[7,-14],[44,-24],[-14,-19],[0,-35],[-17,-16],[-2,-36]],[[5032,4732],[-8,84],[-9,53],[-33,121]],[[4982,4990],[23,4],[33,-24],[24,-5]],[[3218,2899],[-26,-31]],[[3192,2868],[-61,-66]],[[3131,2802],[-21,-38],[-12,-2],[-28,143],[-8,20],[-7,46],[67,66],[42,4],[48,54],[53,-48]],[[3265,3047],[44,-40],[33,37],[31,-26],[115,-104],[-44,-9],[-64,11],[-46,-4],[-29,2],[-40,37],[-47,-52]],[[7610,4317],[-2,10],[-37,-1],[-22,-18],[-59,20]],[[7490,4328],[-27,9]],[[7669,4703],[52,-22]],[[7721,4681],[85,-34]],[[7806,4647],[-196,-330]],[[6425,789],[6,61],[29,88],[3,40]],[[6463,978],[25,-2],[44,-27],[55,-24],[63,-18]],[[6650,907],[-24,-81]],[[6626,826],[-12,-51],[-1,-35],[-11,-46]],[[3605,3045],[-56,-64],[-73,66],[55,65]],[[3531,3112],[74,-67]],[[5597,3838],[-8,47],[-36,107]],[[5553,3992],[-65,185]],[[5488,4177],[82,31],[128,63]],[[5720,4208],[73,-203]],[[5793,4005],[-66,-21],[-13,3],[-10,-28],[-25,-31],[10,-21],[-24,-13],[-8,7],[-34,-41],[-7,-15],[-19,-7]],[[5259,6394],[-35,-73],[-40,-91]],[[4911,6381],[5,3],[-31,36],[-34,99]],[[4851,6519],[44,13],[8,-2],[76,-41],[126,-66],[26,-7],[78,2],[50,-24]],[[3125,8185],[-70,-105],[-18,-53],[-92,38],[-26,49],[-22,-11],[-12,27],[-19,17]],[[2866,8147],[46,57],[58,-21],[17,34],[28,37],[79,-45],[-2,-5],[33,-19]],[[7116,3424],[-5,5],[-83,11]],[[6963,3507],[13,20],[30,93]],[[5172,3440],[-155,98]],[[4993,3555],[-3,2],[51,42],[10,3],[73,58]],[[5124,3660],[45,40]],[[5169,3700],[81,64]],[[5250,3764],[16,-73],[7,-98],[-3,-20],[-49,-63],[-49,-70]],[[6867,7224],[-35,-31],[11,-14],[-61,-44],[-66,25],[-15,-32],[-15,-18]],[[6622,7166],[10,24],[5,31],[57,32],[34,36]],[[6728,7289],[23,-18],[19,19],[37,72],[43,0],[4,-123],[13,-15]],[[5259,6394],[42,91]],[[5301,6485],[47,-19],[34,-8],[82,-11],[61,-22]],[[5525,6425],[66,-33]],[[1125,2754],[-77,-38]],[[1048,2716],[-78,-39]],[[970,2677],[-28,-14]],[[942,2663],[-15,-8]],[[927,2655],[-21,-11]],[[906,2644],[-96,-47]],[[810,2597],[-31,-16]],[[779,2581],[-50,-25]],[[729,2556],[-36,-18]],[[693,2538],[-44,-22]],[[649,2516],[-1,0]],[[648,2516],[-51,-25],[-307,-154],[-94,92],[-94,100],[-96,86],[1,79],[-4,29],[-3,136],[14,17],[144,1],[8,5],[40,61],[9,4],[75,-14],[49,-5],[88,-21],[19,2],[26,15],[36,29],[8,13],[2,29],[-10,43],[-26,41],[4,26],[17,6],[96,-43],[80,0],[33,-2],[74,9],[38,-1],[39,7],[7,-25],[-16,-63],[4,-10],[28,-2],[6,-19],[-3,-28],[-9,-13],[-15,1],[-23,-12],[-36,-30],[-10,-13],[-29,-12],[1,-13],[18,-32],[-1,-27],[16,-29],[137,9],[38,-9],[185,91],[8,25],[43,62],[38,35],[12,51],[-17,29],[-61,50],[-33,23],[0,8],[56,-31],[55,-44],[11,-25]],[[1376,2879],[-1,0]],[[1375,2879],[-9,-5]],[[1366,2874],[-6,-3]],[[1360,2871],[-55,-28]],[[1305,2843],[-24,-12]],[[1281,2831],[-9,-5]],[[1272,2826],[-112,-54]],[[1160,2772],[-11,-6]],[[1149,2766],[-24,-12]],[[7328,4453],[19,44],[39,63],[29,56],[-69,30],[8,80],[8,17],[-6,21],[8,110]],[[7364,4874],[52,-29]],[[7416,4845],[71,-39]],[[7487,4806],[58,-32]],[[4838,3542],[-62,-59],[-60,61]],[[4716,3544],[-105,125],[2,4]],[[4811,3705],[14,-18],[-73,-58],[86,-87]],[[5335,3038],[-93,25],[-46,46],[-48,86],[-12,7]],[[6555,4750],[39,-8]],[[6594,4742],[44,-12]],[[6638,4730],[-59,-55],[-44,-79],[21,-17],[20,-164],[13,-93],[10,-95]],[[6599,4227],[-58,29],[-74,41],[-12,10]],[[6455,4307],[-6,14],[-46,53],[-62,39]],[[6264,4539],[17,103],[6,22],[-9,41],[30,104]],[[4851,6519],[-14,46],[5,51]],[[4842,6616],[45,118]],[[4887,6734],[62,-25],[52,-30],[166,-115],[35,-26],[99,-53]],[[5608,4811],[-32,51],[-13,-2],[-74,85]],[[5489,4945],[12,12],[54,81],[16,16],[43,21],[11,23]],[[5625,5098],[19,-4]],[[5644,5094],[40,-14],[22,-17]],[[5706,5063],[-44,-66],[-5,-27],[10,-72],[21,-39],[38,-35],[-22,-11],[-81,4],[-15,-6]],[[6404,6900],[10,67],[-48,7],[14,97],[14,27],[25,25],[42,31],[103,84]],[[6564,7238],[39,-55],[19,-17]],[[6547,3641],[79,-4]],[[6626,3637],[-17,-63],[-28,-71]],[[6581,3503],[-23,-64],[35,-14],[-27,-75],[45,-18],[-9,-33]],[[6602,3299],[-46,4],[-28,-8],[-42,16]],[[6205,3510],[21,31],[30,5],[15,12],[20,-5],[47,26],[42,-1],[35,6],[4,34],[17,18],[1,13]],[[6895,1122],[24,11]],[[6919,1133],[14,-15],[60,-6]],[[6993,1112],[61,-83],[26,-40],[45,32],[-1,-88]],[[7080,2582],[-63,42],[-23,-31],[-33,22]],[[7209,2881],[26,-30]],[[7856,3342],[64,144],[28,96]],[[8111,3533],[-67,-38],[-28,-22],[-38,-52],[-37,-31]],[[7209,2881],[195,179],[33,26],[53,26]],[[7490,3112],[12,-14]],[[3097,7592],[-107,89]],[[2990,7681],[-67,67],[-53,70]],[[2870,7818],[41,19],[45,10],[30,-6]],[[2986,7841],[31,-17],[33,-28],[64,-67],[49,-29]],[[3163,7700],[-14,-39],[-52,-69]],[[5393,5424],[193,-100]],[[5789,5188],[-29,-29],[-35,-19],[-30,-32],[-22,-11],[-29,-3]],[[5625,5098],[-100,31],[-62,31]],[[5463,5160],[10,48],[-52,105],[-16,40],[-8,47],[-10,10],[6,14]],[[7879,4119],[-211,92],[-50,16]],[[7618,4227],[30,31],[13,46]],[[7661,4304],[68,-21],[12,56],[49,-13]],[[7949,4347],[-30,-121],[-40,-107]],[[6873,3908],[-78,29],[3,10],[-36,5],[-223,44],[-52,11]],[[6487,4007],[17,81]],[[6504,4088],[35,-6],[45,-3],[84,-21],[143,-26],[3,12],[89,-18]],[[7895,1485],[-17,115],[-26,-4],[-12,-23],[-51,-8]],[[7789,1565],[-9,69]],[[7945,1658],[38,6]],[[7983,1664],[2,-33],[-12,-66]],[[6834,4272],[-50,-9],[-13,101],[-34,263]],[[6737,4627],[36,62]],[[6773,4689],[173,-50]],[[6946,4639],[-16,-57],[1,-44],[-68,-121],[45,-16],[-74,-129]],[[4013,3189],[-44,-2],[0,6],[36,5],[-1,44],[-13,3],[5,60],[12,65],[-9,37],[-48,73],[-9,21],[-51,54],[-89,-99]],[[3802,3456],[-29,29],[-35,23]],[[3738,3508],[28,146],[19,29],[21,15],[15,-20],[52,-43],[50,44],[63,-61],[79,-20],[-25,-28],[35,-2],[-3,-15],[-19,6],[40,-53],[12,9],[49,-52],[-9,-14],[27,-27],[55,28],[7,-10],[-53,-29],[27,-32],[20,-42],[54,28],[16,-50],[45,4],[45,-19],[76,-38],[-4,-13],[-28,12],[-59,35],[-28,9],[-53,-1],[-37,-11],[-67,-51],[-45,-22],[-64,-11],[-66,-20]],[[4732,3375],[-74,2]],[[4528,3460],[3,35],[16,17],[38,121],[1,20],[-10,23],[-21,27]],[[4555,3703],[15,15]],[[4716,3544],[-65,-56],[-30,-30],[68,-69],[13,16],[30,-30]],[[2991,7457],[-29,5],[-122,29],[-25,7],[-68,70],[-17,29],[14,31],[23,30]],[[2767,7658],[25,23]],[[2792,7681],[93,-91],[51,49],[54,42]],[[3097,7592],[-106,-135]],[[4862,5299],[18,-49],[28,-63],[-57,-4],[-47,11],[-14,18],[-102,-11],[-61,-31],[19,-58],[23,-50]],[[4669,5062],[-110,-91],[-56,53],[0,8],[-35,49]],[[4468,5081],[8,3],[-7,22],[-10,64],[0,34],[-109,-11],[-110,-38],[-3,77],[-9,55],[41,24],[69,25],[-6,29],[36,8],[74,7],[115,-9],[-6,35],[-16,59],[-17,44],[18,7],[124,30],[-32,90]],[[4628,5636],[55,26],[52,20]],[[4735,5682],[9,-23],[35,-112],[47,-126],[36,-122]],[[6166,4303],[27,-20],[-19,-72],[22,-1],[1,-29]],[[6088,4179],[-50,17],[15,14],[11,48],[18,37]],[[6082,4295],[11,14],[36,2],[1,-11],[36,3]],[[7291,6109],[-19,25],[-30,25],[-20,9],[-40,7]],[[7182,6175],[12,80]],[[7194,6255],[30,-5],[10,40],[23,13],[52,64],[-6,5],[60,94],[-3,13],[46,62],[80,125],[58,-45]],[[5937,4743],[-25,43],[-36,102],[-18,33],[-5,21],[4,37],[-54,19],[-97,65]],[[5922,5253],[29,-26],[15,-20],[6,-21],[-27,-7],[-31,-33],[-12,-61],[6,-90],[-1,-45],[8,-26],[87,-138]],[[5458,8357],[11,-18],[-7,-7],[13,-16]],[[5554,8242],[-92,-50],[-135,-77],[-186,-114],[-27,-13],[-40,-7],[-99,-2],[-37,-13],[-40,-27],[-49,-53],[-40,-30],[-38,-17],[-197,-55],[-377,-104],[-64,-11],[-35,-1],[-113,6],[-54,5],[-83,19],[-221,55],[-73,21]],[[3554,7774],[-47,11],[-236,63]],[[3271,7848],[-46,10],[-90,12],[-69,13],[-45,12]],[[3021,7895],[-58,15],[-185,39],[-18,16]],[[2760,7965],[24,34],[28,26],[21,-27],[47,32],[34,14],[14,-69],[94,-38],[106,-25],[11,3],[6,22],[42,-12],[15,57],[26,79],[27,-7],[-10,-58],[19,-3],[30,16],[84,55],[12,12]],[[3390,8076],[26,-1],[15,-9],[18,4],[12,23],[26,-15],[26,3],[20,22],[21,-16],[25,0],[18,17],[18,-12],[-2,-19],[7,-15],[22,-11],[-16,-13],[-40,5],[-32,-6],[-33,-24],[-24,2],[-33,-11],[-35,-22],[-41,-37],[14,-28],[38,-4],[39,-30],[24,-6],[34,9],[50,-15],[14,18],[31,19],[28,37],[14,55],[-2,39],[29,10],[2,-19],[27,-29],[22,-7],[-3,-9],[27,-17],[31,-1],[34,-20],[31,-8],[48,-24],[36,1],[23,13],[52,3],[37,8],[46,33],[20,12],[21,28],[44,13],[19,31],[3,45],[-1,89],[-8,26],[-1,30],[10,16],[24,5],[12,-9],[27,-67],[17,18],[18,-6],[18,6],[20,35],[10,29],[29,110],[25,5],[0,-16],[27,-1],[-10,-12],[17,2],[2,-18],[-52,-45],[-12,-37],[33,12],[3,-6],[-21,-28],[-11,-37],[-33,-74],[-21,-12],[6,-13],[-13,-12],[13,-3],[9,16],[1,-24],[-25,-45],[-14,-53],[-4,-34],[-42,-25],[-23,-29],[-26,-15],[3,-22],[75,-72],[38,1],[47,27],[46,17],[30,23],[37,14],[14,-7],[23,6],[57,-32],[10,3],[62,43],[51,1],[28,23],[38,2],[40,46],[25,15],[24,44],[8,23],[31,53],[25,25],[33,15],[46,4],[42,-27],[26,-37],[27,0],[38,16],[19,46],[7,50],[-2,49],[-13,68],[7,32],[9,13],[44,34],[9,17],[20,13],[8,15],[38,18],[47,-3],[29,-21],[2,19],[14,4]],[[5387,8434],[-8,-39],[39,1],[24,-14],[16,-25]],[[6822,1256],[-5,6],[-90,52],[4,10],[-37,15],[-54,16],[30,67]],[[6898,1304],[-28,-31],[-14,-8],[-14,12],[-20,-21]],[[5761,1656],[4,72]],[[5904,1870],[1,-38],[-8,-34],[-30,-74],[1,-31],[42,0]],[[5906,2960],[-2,-4]],[[5904,2956],[3,-69]],[[5907,2887],[-2,-100]],[[5905,2787],[-68,5]],[[5837,2792],[-2,28],[-53,68],[-101,140],[-37,53]],[[5644,3081],[42,25],[23,38],[-4,5]],[[7045,4618],[-99,21]],[[6773,4689],[103,195],[110,204]],[[7034,5060],[126,-70]],[[7160,4990],[-57,-150],[-3,-21],[-26,-102],[-29,-99]],[[6803,3628],[-25,1]],[[6778,3629],[-152,8]],[[6551,3713],[186,-41],[6,33],[74,-22]],[[8035,5213],[-140,10],[-4,9],[10,157]],[[7907,5497],[13,28]],[[8083,5465],[88,-6]],[[8171,5459],[0,-30]],[[8171,5429],[-5,-86]],[[8166,5343],[-1,-48]],[[8165,5295],[-1,-47]],[[8164,5248],[0,-1]],[[8164,5247],[-104,-33],[-25,-1]],[[9074,3727],[-89,4],[-1,-73],[41,-6],[-5,-105],[-49,0],[-128,27],[-95,24]],[[8855,3893],[41,-14],[51,-11],[94,1],[3,-10],[77,10],[115,-1],[4,7],[25,0]],[[6192,4990],[-16,47],[2,17],[13,13],[62,51],[53,72],[37,27],[50,21],[27,51],[57,98]],[[6477,5387],[130,-73],[90,-56]],[[6697,5258],[55,-32]],[[6752,5226],[-40,-72]],[[2986,7841],[35,54]],[[3271,7848],[-5,-17],[-38,-82],[-34,-65],[-31,16]],[[8436,6450],[-34,-37],[-151,-149],[-201,-205]],[[8050,6059],[-21,27],[-40,69]],[[7645,6762],[-51,71],[-92,121],[-81,108],[-50,63]],[[7371,7125],[-77,98],[-73,82]],[[7221,7305],[40,40],[23,66],[11,22],[20,62]],[[7315,7495],[9,30]],[[7324,7525],[22,-39],[46,-59],[33,-22],[27,-37],[104,-88],[25,-29],[12,1],[28,-29],[90,-86],[109,-100],[53,-56],[280,-279],[16,-44],[0,-18],[45,-37],[81,-58],[117,-61],[24,-34]],[[5923,4423],[-34,99],[-26,27],[-11,24],[4,19],[-15,3],[7,23],[7,58],[-18,21]],[[5837,4697],[49,12],[51,34]],[[6184,4844],[-4,-30],[16,-92]],[[5972,6072],[102,-52],[126,-58]],[[6200,5962],[-51,-109]],[[2901,7149],[-26,-44],[-79,55],[-23,19],[29,39]],[[2802,7218],[99,-69]],[[6752,5226],[101,-63]],[[6853,5163],[-49,-95],[-82,-146],[-48,-94],[-29,-37],[-51,-49]],[[5818,7180],[-45,-45],[-76,-66],[-41,-56],[-30,-66],[-31,-33],[-47,-30],[-47,-42],[-40,-54],[-45,-6],[-44,11],[-159,114],[-183,130],[-21,13]],[[5009,7050],[69,178],[34,85],[114,290]],[[5226,7603],[8,-33],[34,-38],[28,-4],[37,7],[50,-5],[63,-23],[88,-39],[64,-45],[39,-35],[74,-74],[55,-64],[23,-4],[9,-34],[20,-32]],[[2802,7218],[32,41]],[[2834,7259],[93,-67]],[[2927,7192],[3,-3],[-29,-40]],[[5646,8620],[-29,-42],[52,-40]],[[5669,8538],[-60,-127],[-134,-45],[-17,-9]],[[5387,8434],[12,-17],[35,1],[7,12],[2,36],[-22,11],[-8,26],[-13,-6],[-14,9],[2,13],[-18,12],[0,10],[-28,14],[-47,64],[14,11],[14,-9],[25,37],[7,-23],[13,3],[28,-9],[18,1],[0,-10],[17,8],[-33,27],[-14,-5],[3,18],[-8,25],[10,10],[-8,9],[2,26],[23,12],[4,22],[-21,5],[-3,22],[-32,15],[-13,-23],[-17,-1],[-41,26],[-34,7],[-24,-50],[7,-26],[-10,-23],[-28,-21],[-38,10],[-24,20],[-44,0],[-15,5],[-10,28],[-19,28],[24,58],[8,71],[-27,36],[-38,42],[-25,25],[-7,75],[2,8],[-22,74],[-23,39],[-33,32],[-45,28],[-37,12],[-59,3],[3,-26],[-13,-6],[-21,41],[-8,29],[5,34],[-4,22],[-52,7],[-30,7],[0,10],[58,4],[-13,6],[3,16],[33,23],[13,15],[-5,28],[-14,17],[-79,50],[2,25],[-12,42],[-25,41],[-7,27],[-23,8],[-23,-21],[-19,6],[-6,-24],[-17,-24],[29,-46],[-15,-16],[-29,-10],[-13,-44],[-39,-31],[-11,-30],[-31,0],[-47,-16],[-21,3],[-21,-18],[-23,-42],[-37,-13],[-26,-54],[-13,-40],[-32,-15],[-16,-20],[-2,-32],[-60,-20],[-27,-18],[-22,-2],[-29,10],[-16,16],[25,40],[105,76],[12,22],[45,47],[62,60],[28,17],[32,28],[22,27],[32,49],[32,37],[44,73],[48,105],[22,71],[1,27],[-7,26],[-19,44],[19,9],[15,22],[-8,-30],[-2,-38],[36,-51],[50,-86],[30,-38],[234,-351],[19,-24],[78,-85],[61,-68],[93,-100],[119,-130],[100,-111],[23,-22],[21,-5],[44,-38],[23,-34],[53,-58],[14,-4],[23,-25],[28,-14],[56,-49],[26,-15]],[[5575,3315],[32,9]],[[5644,3081],[-54,-34],[-39,-18]],[[5489,4945],[-4,5],[-115,-2],[-36,2],[-71,20],[-33,-10],[-40,-30],[-17,-3],[-41,10],[-43,27],[-27,1]],[[4982,4990],[-12,38],[-30,81],[-52,-4],[-55,-10],[-68,-4],[-26,-8],[-45,-22],[-17,-16],[-8,17]],[[4862,5299],[18,-7],[-1,18],[61,-170],[-1,50],[19,14],[64,28],[37,7],[62,48],[35,16],[28,6],[87,0],[52,-30],[34,-13],[28,-17],[26,-36],[52,-53]],[[5669,8538],[62,-33],[17,-43]],[[7022,7086],[-79,-25],[15,-24]],[[6958,7037],[-42,-34],[-50,-54],[-31,9],[-2,-8],[-74,22]],[[6867,7224],[20,17]],[[6887,7241],[26,-32],[15,-29],[59,-56],[35,-38]],[[5226,7603],[18,46],[37,75],[48,87],[31,47]],[[5360,7858],[37,-28],[61,-29],[73,-53],[84,-22],[57,-4],[139,-16],[47,-8],[60,-15],[81,-10],[41,0],[32,-11],[45,-46],[20,-18],[98,-34],[32,-18],[0,-11],[-113,-205],[-42,-81],[-100,-185],[-36,9],[-44,35],[-39,25],[-57,32],[-18,15]],[[6202,6933],[-100,-124],[-8,-6],[-95,-117]],[[5999,6686],[-47,21],[-157,57],[-29,16]],[[5766,6780],[37,46],[123,137],[50,54],[39,-10],[51,2],[98,-42],[38,-34]],[[4714,4233],[-106,-6],[-62,12],[-122,30]],[[4445,4395],[197,52],[57,14]],[[4699,4461],[15,-86],[22,4],[1,-79],[-23,-67]],[[4901,4089],[-47,10]],[[4854,4099],[11,40],[3,60],[-1,53],[-7,86],[3,131],[-5,33]],[[4858,4502],[84,22]],[[4942,4524],[-2,-120],[2,-77],[-10,-1],[12,-132],[0,-54],[10,-6],[-53,-45]],[[6054,4960],[6,35],[12,3],[3,26],[27,42],[48,59],[1,56],[-30,-19],[-34,-6],[10,53],[-15,36],[-22,18],[49,57],[25,60]],[[6200,5538],[157,-86],[120,-65]],[[6509,7311],[55,-73]],[[6346,6901],[-98,4],[-22,7],[-24,21]],[[6202,6933],[27,37],[9,62],[11,11],[48,-8],[15,125],[9,33],[12,22],[24,27],[30,23],[-38,48],[38,34],[13,29],[-21,28],[32,31]],[[6411,7435],[84,-103],[14,-21]],[[7982,3950],[-84,30],[-34,18]],[[7864,3998],[-22,18],[37,103]],[[7967,4417],[59,-15]],[[8026,4402],[79,-22]],[[8105,4380],[-87,-319],[-36,-111]],[[9047,4226],[184,-27],[78,16]],[[9261,3995],[-289,55],[-101,39]],[[5033,4090],[-27,6],[-52,-13],[-53,6]],[[4942,4524],[96,21]],[[5041,4371],[0,-155],[-8,-126]],[[8007,1702],[4,-33],[-28,-5]],[[6830,5979],[-26,-58]],[[6804,5921],[-82,-109],[-82,-115],[-9,-38]],[[6631,5659],[-46,12],[-101,63],[10,28]],[[6494,5762],[50,43],[54,55],[-38,21],[-19,31],[-4,35],[8,26],[25,28],[40,34],[35,9],[25,-4],[10,14],[-25,19],[-21,1],[-26,-11],[-107,41]],[[6501,6104],[73,116]],[[6972,6207],[-72,-93],[-32,-45],[-38,-90]],[[6804,3418],[-92,35]],[[6712,3453],[66,176]],[[4888,3489],[0,10]],[[4888,3499],[14,82],[15,32],[35,119]],[[4952,3732],[27,87]],[[4979,3819],[2,-6],[120,-125],[23,-28]],[[5837,2792],[-75,-2],[-75,1],[-52,-7]],[[5635,2784],[-34,4],[-1,20]],[[5600,2808],[69,8],[-18,79],[-94,-10],[2,85]],[[5268,3382],[-96,58]],[[5250,3764],[36,26]],[[5286,3790],[30,22]],[[5316,3812],[17,-105],[16,-158],[-6,-23],[-49,-102],[-26,-42]],[[6064,998],[-82,-104],[-30,-42],[-49,-59],[-9,-17]],[[5894,776],[-37,18]],[[5857,794],[21,35],[-26,18],[49,118],[1,14]],[[7026,5614],[-32,-37]],[[6875,5626],[18,37],[105,79]],[[6998,5742],[103,76],[260,195]],[[7407,6047],[82,-116]],[[4468,5081],[-118,-43],[-118,-45],[-185,-68],[-136,-53],[-50,-17],[-18,-2],[-51,3],[6,67],[-6,20],[-64,41],[-9,14],[6,18],[24,8],[25,30],[22,56],[7,7],[35,-10],[19,15],[22,52],[50,83],[10,29],[9,56],[58,16],[61,29],[63,12],[30,8],[25,34],[14,35],[48,27],[87,43],[61,34],[17,5],[64,2],[57,24]],[[4533,5611],[78,17],[17,8]],[[7395,3186],[-71,-47],[-15,13],[-26,7]],[[7283,3159],[-49,8],[-26,25],[-31,10],[-35,-9]],[[7142,3193],[38,76],[38,95]],[[7219,3366],[52,-42],[94,-101],[30,-37]],[[3208,8191],[6,-8],[31,15],[25,-19],[42,-40],[29,-19],[49,-44]],[[2760,7965],[-27,15],[5,20],[31,44],[97,103]],[[3125,8185],[8,14],[60,-27],[15,19]],[[6487,4007],[-7,-47],[-18,-75]],[[6462,3885],[-6,-33],[10,-1],[-1,-27]],[[6465,3824],[-66,8]],[[6170,8280],[-57,-69],[-141,35],[-146,34]],[[5826,8280],[-14,3]],[[5646,8620],[31,-9],[73,-43],[45,-23],[17,-2],[35,-15],[7,-16],[39,-26],[33,-34],[68,-32],[46,-5],[39,-30],[-4,-12],[14,-22],[52,-42],[29,-29]],[[2870,7818],[-55,-32],[31,-44],[-4,-13],[-50,-48]],[[2767,7658],[-78,109],[-33,15],[1,9],[30,149],[13,7],[13,23],[12,39],[36,85],[20,58],[10,22],[33,87],[11,49],[-3,34],[-33,45],[-7,27],[-16,31],[-7,31],[4,22],[14,14],[43,25],[22,23],[8,31],[26,-1],[13,13],[8,-42],[13,-7],[2,-20],[18,-25],[13,5],[2,-21],[20,-30],[20,3],[5,-25],[43,-2],[18,-38],[11,3],[28,-23],[-2,-26],[11,-13],[23,-10],[32,-25],[14,-23],[26,-26],[20,-29],[1,-20],[-17,-20]],[[7704,3804],[-75,30]],[[7629,3834],[-77,32]],[[7552,3866],[65,29],[111,42],[136,61]],[[7864,3998],[-32,-85],[-25,-79],[-28,-64]],[[5033,4090],[-11,-80]],[[5022,4010],[-16,-83],[-27,-108]],[[4979,3819],[-4,1],[-68,70],[-173,194]],[[4734,4084],[17,11],[25,34],[25,0],[30,-21],[23,-9]],[[6779,5433],[-66,-137],[-16,-38]],[[6477,5387],[43,78],[60,99],[51,95]],[[6631,5659],[63,-13],[92,4],[27,-3],[62,-21]],[[7771,3392],[61,-59]],[[7796,3313],[-133,-66],[-138,-11]],[[7525,3236],[-5,39],[-17,31],[-98,115],[-62,66],[38,35]],[[7381,3522],[53,-29],[43,-35],[121,-139],[30,-30],[60,56],[23,29],[24,39]],[[7362,5373],[-136,61]],[[7545,5856],[59,-83]],[[7604,5773],[75,-106]],[[4678,2939],[42,1],[62,9]],[[4976,2985],[45,-157]],[[5017,2828],[-20,-1]],[[4603,2857],[-45,12]],[[4480,2892],[-268,33]],[[3938,2961],[-46,5]],[[3892,2966],[-178,24],[-43,13],[-5,-7]],[[3666,2996],[14,24],[-9,10],[13,19],[128,68],[16,17]],[[3828,3134],[68,37]],[[3896,3171],[-1,-35],[111,-16]],[[4006,3120],[0,-1],[112,-16],[101,-12],[31,-1],[223,-29],[26,19],[14,-4],[-23,56],[-17,67],[-2,32],[11,70]],[[4549,3200],[12,-31],[24,-5],[8,-23],[31,-211],[54,9]],[[7114,7162],[-44,-37]],[[7070,7125],[-48,-39]],[[6887,7241],[82,70]],[[6969,7311],[41,-48],[15,1],[71,-79],[18,-23]],[[5022,4010],[60,21]],[[5082,4031],[42,-161],[30,-123],[15,-47]],[[6566,3809],[151,-30],[116,-30]],[[6775,3049],[8,43],[68,123]],[[6890,3195],[36,-19]],[[6926,3176],[-45,-82]],[[7545,4774],[10,32],[42,144],[54,198],[28,51]],[[7679,5199],[68,-52]],[[7747,5147],[-49,-178],[-11,-5],[-68,-232]],[[5641,4542],[58,6],[16,-57],[29,-84],[17,-74]],[[5682,4308],[-4,46]],[[5678,4354],[-13,41],[-3,28],[-16,64],[-13,-7],[-31,26],[-23,-23],[-67,-85],[12,-17],[-20,-22]],[[5487,4394],[-23,72],[3,2],[-18,66],[-28,91]],[[5421,4625],[122,35],[44,-65],[54,-53]],[[6019,1757],[-6,-19],[-2,-47]],[[5877,1971],[47,5],[18,-34],[29,-40],[-23,-36],[42,-26],[-21,-58],[50,-25]],[[6494,5762],[-164,69],[-30,-47]],[[6200,5962],[52,112]],[[6252,6074],[112,-53],[67,-27],[70,110]],[[6587,3135],[92,109],[24,44]],[[6703,3288],[43,-27]],[[7905,1332],[-85,13],[-54,12],[-10,-27],[-21,8]],[[7735,1338],[18,50]],[[7753,1388],[35,60],[32,8],[-1,25],[9,16],[-31,12],[-8,56]],[[5286,3790],[-21,52],[-18,94],[21,13],[-33,50],[-14,31],[-12,47]],[[5209,4077],[83,28]],[[5292,4105],[18,-51],[53,-109],[26,-58]],[[5389,3887],[7,-16]],[[5396,3871],[-80,-54],[0,-5]],[[6425,2998],[0,-1]],[[6387,2973],[2,-6]],[[6395,2955],[-21,-16]],[[6374,2939],[-20,-14]],[[6353,2924],[-28,-14]],[[6281,2903],[-12,-1]],[[6257,2900],[-7,21],[-18,27],[18,16],[-37,65],[-30,39]],[[6265,3132],[50,-27],[57,-47],[27,37],[39,-16],[41,48],[33,-20],[-42,-51]],[[5616,8240],[-18,22]],[[5826,8280],[-102,-138],[-22,25],[-40,78],[-46,-5]],[[8215,3427],[-5,2]],[[8140,3405],[-8,-20]],[[8132,3385],[-13,-31]],[[8271,3557],[-2,-5]],[[8265,3543],[-23,-54]],[[7580,3523],[-95,51]],[[7485,3574],[48,88],[21,46],[75,126]],[[8759,1818],[-15,-39],[37,-10]],[[8781,1769],[-3,-30],[-57,-136]],[[8721,1603],[-42,18],[-46,-110],[-18,7],[44,111],[-71,33]],[[8077,6028],[-29,-2],[-34,-19],[-109,-130],[-44,-50],[-129,-55]],[[7732,5772],[-36,57]],[[8050,6059],[27,-31]],[[4838,3542],[38,-40],[12,-3]],[[4875,3329],[-26,14],[-37,1],[-43,19],[-37,12]],[[6251,6217],[-14,-11],[-42,-19],[-12,-9],[94,-45],[-25,-59]],[[5477,3504],[54,24],[93,15],[23,1]],[[7490,4328],[-3,-12],[-37,-72],[-58,-100]],[[2776,3061],[-62,44],[-22,19]],[[2692,3124],[-7,15],[72,72],[12,19],[31,33],[44,32],[43,16]],[[2887,3311],[6,-23],[24,-51]],[[2917,3237],[-52,-59],[-16,-30],[-73,-87]],[[4013,3189],[-7,-69]],[[3896,3171],[14,114],[-5,19],[-37,69],[-30,42],[-36,41]],[[7449,3219],[-32,-20]],[[7417,3199],[-22,-13]],[[7246,3435],[30,-8],[21,-16],[31,-38],[11,-26],[110,-128]],[[3605,3045],[61,-49]],[[3892,2966],[-1,-5]],[[3891,2956],[-17,-124]],[[3874,2832],[-5,-31]],[[3758,2811],[-7,-4],[-115,14]],[[3579,2827],[-60,7]],[[3519,2834],[-63,8],[3,11],[-66,5],[-76,15],[-90,21],[-9,5]],[[3265,3047],[2,-1],[120,144],[25,27],[42,-35],[74,88]],[[3528,3270],[115,-104],[-53,-63],[-39,32],[-20,-23]],[[3528,3270],[58,71],[110,129],[26,21]],[[3722,3491],[9,-2],[-11,-52],[-41,-112],[8,-26],[54,-44],[27,-29],[60,-92]],[[1367,2636],[-74,40],[-74,-57],[-7,10]],[[1212,2629],[-5,40],[-9,36],[-49,61]],[[1149,2766],[11,6]],[[1272,2826],[9,5]],[[1305,2843],[55,28]],[[1366,2874],[9,5]],[[4122,4061],[22,16],[16,2],[74,-53],[10,-12],[18,-49],[14,-18],[-57,-52],[-25,26],[-11,4],[-60,-3],[-26,26],[-44,31],[53,39],[-4,7]],[[6462,3885],[73,-15],[9,44],[229,-46],[84,-23]],[[4639,3192],[39,-253]],[[6511,4119],[5,28],[20,-4],[62,79],[1,5]],[[6599,4227],[103,-59]],[[6702,4168],[46,-4],[64,7],[24,-2],[37,-13]],[[7525,1128],[-11,-8],[-8,-59]],[[7455,1376],[1,-39],[19,4],[17,-57],[-58,-10],[-1,-28],[45,11]],[[7478,1257],[9,-53],[1,-68],[37,-8]],[[7083,6439],[-246,63],[-101,27],[-28,33]],[[7125,6607],[-8,-45],[-34,-123]],[[7660,1139],[-3,-3],[-88,9],[-44,-17]],[[7478,1257],[67,19],[55,12],[86,21],[0,19],[-13,52]],[[7673,1380],[35,8],[45,0]],[[7735,1338],[-15,-42],[-20,-41],[-17,-45]],[[7683,1210],[-23,-71]],[[3967,6553],[-4,1],[-81,-85],[-60,-56],[-33,-18],[-21,3],[-23,-7],[-29,-34],[-44,-24],[-63,-7],[-88,-18],[-39,0],[-33,-76],[-21,-25],[-38,-16],[-63,-15],[-36,-30],[-111,60],[94,129],[-173,108],[-33,42],[-40,60],[-29,67],[56,38],[58,55],[-1,23],[753,98],[61,5],[43,-1],[72,-7],[83,-19]],[[4124,6804],[-25,-69],[-37,-70],[-28,-44],[-67,-68]],[[6712,3453],[-131,50]],[[7315,7495],[-90,21],[-19,8],[-38,-28],[-63,-58]],[[7105,7438],[-88,-80],[-48,-47]],[[6728,7289],[-28,12],[-46,4],[-44,-2],[-25,36],[-60,-16],[-16,-12]],[[6411,7435],[10,23],[-42,57],[-5,32],[9,13],[253,258],[33,37],[36,47],[27,27]],[[6732,7929],[124,-68],[33,-24],[46,-24],[38,-12],[49,-40],[60,-34],[46,-19],[35,-23],[53,-19],[13,-27],[47,-42],[46,-33],[7,-20],[-5,-19]],[[7221,7305],[-71,79],[-45,54]],[[5608,4811],[-1,-73],[16,13],[69,-24],[-19,-22],[1,-19]],[[5674,4686],[-30,-1],[-36,16],[-19,21],[-34,68]],[[7046,4500],[-45,18],[44,100]],[[7160,4990],[50,-28]],[[7210,4962],[3,-1]],[[9934,2129],[31,-1],[13,-36],[-15,-32],[-33,-42],[-42,-16],[-39,3],[-15,12],[-45,49],[-31,14],[-21,1],[-68,-10],[-18,-8],[-18,-23],[-44,-39],[-29,-38],[-16,4],[0,15]],[[9597,2120],[16,-4],[158,2],[0,36],[51,-68],[53,7],[41,-2],[18,38]],[[4694,3834],[-61,64],[-52,45]],[[4581,3943],[60,101]],[[4641,4044],[85,-94],[45,-59],[31,-31],[21,-16],[44,-16],[36,-23],[-7,-17],[22,-64],[34,8]],[[7949,2831],[-30,13]],[[7886,2858],[0,1]],[[7210,4962],[103,375],[49,36]],[[7421,5336],[-43,-118],[-79,-285],[-4,-20]],[[6703,3288],[-26,9],[-75,2]],[[2735,3564],[3,-7]],[[2738,3557],[-159,-80],[-342,-170],[-131,-66],[-72,-35],[-294,-145],[-115,-58]],[[1623,3106],[19,30],[11,27],[-15,26],[8,15],[15,-6],[5,27],[54,15],[22,-11],[8,10],[31,69],[46,-10],[22,14],[30,-10],[24,21],[15,5],[7,49],[25,-12],[19,17],[43,5],[37,12],[40,-9],[29,-2],[21,7],[16,15],[-13,52],[62,17],[-18,49],[27,11],[19,-51],[37,25],[-8,12],[2,38],[22,2],[4,-49],[37,0],[33,17],[-5,28],[37,12],[2,43],[54,-15],[21,28],[26,-46],[65,48],[85,59],[63,-58],[10,-14],[18,-54]],[[7957,1306],[-21,-12],[-21,-36],[-16,-45]],[[7899,1213],[-31,11],[6,19],[-35,12],[-24,-72],[-132,27]],[[4660,4073],[-19,-29]],[[4581,3943],[-44,-56],[43,-43],[-60,-63],[-21,-25]],[[4499,3756],[-62,39],[-20,22],[-57,43],[-37,41],[-31,59],[-30,33],[-3,26],[-12,22]],[[4424,4065],[57,28],[36,-4],[109,-16],[34,0]],[[6834,4272],[38,-40],[31,-16]],[[6702,4168],[-21,172],[-2,6],[-22,188],[-4,10],[-13,111],[97,-28]],[[7525,3236],[-29,-4],[-47,-13]],[[7331,3591],[18,-18],[32,-51]],[[7920,5525],[-57,53],[-47,68]],[[7816,5646],[32,42],[115,137],[37,41],[117,-99]],[[8117,5767],[-18,-22]],[[4734,4084],[-18,-11],[-56,0]],[[4660,4073],[35,57],[-11,8],[25,87],[5,8]],[[4699,4461],[159,41]],[[6157,1553],[-8,23],[-11,-1],[-9,18],[-18,-5],[0,69],[-4,31],[-26,9],[-7,-6],[-44,3],[4,30],[56,57],[36,94],[9,54]],[[7363,3645],[34,-23],[88,-48]],[[7058,6960],[-26,-102],[109,-28],[29,-25],[-23,-24],[58,-26],[-30,-31]],[[6958,7037],[18,-30],[41,-33],[41,-14]],[[9178,2925],[70,7],[190,26]],[[9438,2958],[4,-28],[30,-79]],[[9472,2851],[-74,-13],[-184,-20]],[[5674,4686],[53,3]],[[5727,4689],[-1,-33],[10,-24],[-23,-42],[-17,-18],[-55,-30]],[[5421,4625],[-14,45]],[[7604,5773],[86,66]],[[7732,5772],[32,-52],[52,-74]],[[7640,2961],[-6,2]],[[7634,2963],[-30,14]],[[7601,2980],[-22,27]],[[7490,3112],[-27,33]],[[7463,3145],[-46,54]],[[8186,4897],[-167,53]],[[8019,4950],[24,132]],[[8043,5082],[-8,131]],[[8164,5247],[118,40]],[[8282,5276],[-10,-61]],[[8267,5191],[-9,-52]],[[8258,5139],[-8,-44]],[[8250,5095],[-4,-33]],[[8243,5044],[-1,-2]],[[8241,5038],[-8,-36]],[[6266,4182],[0,28],[-13,0],[70,109],[-31,20]],[[6455,4307],[-61,-39],[-11,-78],[7,-4],[-15,-26]],[[7295,4913],[69,-39]],[[7142,3193],[-5,-28],[-25,-76],[-31,-64]],[[7081,3025],[-18,-35]],[[6926,3176],[38,-21],[59,103],[111,-65],[8,0]],[[6164,3660],[77,-6],[67,1],[26,-4],[35,5],[48,-5]],[[3056,7330],[-14,-11],[-18,-37],[-35,-36],[-62,-54]],[[2834,7259],[57,71]],[[2891,7330],[34,-36],[30,10],[11,14],[36,17],[54,-5]],[[5201,4187],[-105,-84],[-26,-11],[-37,-2]],[[5431,3718],[-4,33],[-21,95],[-10,25]],[[5389,3887],[54,28],[54,41],[56,36]],[[5597,3838],[12,-59]],[[5609,3779],[-73,-33],[-38,-13],[-67,-15]],[[6166,4303],[29,101]],[[6773,4689],[-128,37],[-7,4]],[[6853,5163],[40,-22]],[[8043,5082],[-72,-2],[-70,5]],[[7901,5085],[-92,27],[-62,35]],[[7679,5199],[-53,36],[-44,20]],[[7582,5255],[-88,47]],[[3209,3792],[-63,-32],[-154,-76],[-254,-127]],[[2735,3564],[26,14],[47,37],[7,25],[-1,27],[46,33],[9,14],[21,78],[49,199],[214,99],[-37,30],[-89,63],[33,51],[16,48],[0,22],[12,17],[42,23],[25,22],[39,0],[30,-26],[10,2],[26,25],[46,11],[20,-13],[54,-43],[53,-35],[24,-6],[11,-14],[14,-55],[56,23],[16,-16],[30,-73],[471,239]],[[4055,4385],[40,-66],[27,-71]],[[5600,2808],[-30,-4]],[[5570,2804],[-17,-1]],[[5553,2803],[-3,0]],[[5550,2803],[-1,-16]],[[5549,2787],[0,-3]],[[5549,2784],[-88,54]],[[5461,2838],[-2,1]],[[5459,2839],[0,0]],[[5459,2839],[0,0]],[[5459,2839],[-57,4],[-70,2],[-27,10],[-10,20]],[[5295,2875],[-4,5]],[[5291,2880],[-32,-2]],[[5259,2878],[-47,-10],[-63,-26]],[[5149,2842],[-103,-34],[35,-126],[-17,-5]],[[5082,4031],[127,46]],[[8153,5810],[-36,-43]],[[8077,6028],[39,-32],[113,-82]],[[2887,3311],[-12,34],[-15,24],[-43,54]],[[2817,3423],[-41,53],[-30,80],[-8,1]],[[3205,3628],[-3,-104],[2,-36],[-4,-54],[-11,-45],[-161,-189],[-4,14],[-29,33],[-51,-60],[-27,50]],[[5837,4697],[-110,-8]],[[7283,3159],[-56,-37],[-135,-91],[-11,-6]],[[6804,5921],[84,-33],[18,-15],[92,-131]],[[4555,3703],[-56,53]],[[5766,6780],[-66,-97],[-45,-69]],[[5655,6614],[-130,-189]],[[4887,6734],[122,316]],[[5360,7858],[12,19],[8,37],[38,25],[69,81],[119,124],[15,34],[5,36],[-10,26]],[[6170,8280],[8,3],[58,-35],[-4,-7],[34,-20],[6,7],[87,-58],[225,-153],[57,-37],[31,-11],[-3,-7],[63,-33]],[[8179,4358],[-74,22]],[[8026,4402],[15,51],[37,170],[15,42],[76,164],[17,68]],[[8318,4852],[-27,-91]],[[8254,4630],[-17,-55],[-27,-106]],[[7416,4845],[1,9],[-15,83],[1,14],[40,148],[25,88],[18,92],[8,23]],[[7582,5255],[-40,-152],[-44,-158],[-11,-139]],[[4674,5932],[-16,20],[-23,-18],[46,-100],[54,-152]],[[4533,5611],[-46,63],[74,43],[-6,21],[82,29],[27,13],[-9,23],[-22,6],[-13,11],[-35,3],[-19,13],[-54,21],[-12,54],[-48,99],[-35,56],[-23,44],[-5,20],[79,59],[28,24],[34,36],[73,26],[-58,79],[-104,136],[-58,-38],[-72,-42],[-112,-82],[-93,-74],[-26,-6],[-75,129],[71,55],[-39,20],[24,30],[9,63],[29,17],[29,58],[-37,15],[-34,-32],[-25,-36],[-16,-38],[-49,24]],[[4124,6804],[52,-19],[70,-33],[380,-212],[65,-9],[87,34],[37,22],[27,29]],[[5678,4354],[-31,-6],[-41,-33],[-45,-24]],[[7463,3145],[-92,-44],[-98,-50],[-75,-46],[-59,-41]],[[3722,3491],[16,17]],[[6154,6543],[-14,19],[-36,30],[-22,36],[-48,39],[-35,19]],[[7194,6255],[-84,17],[-32,13],[-24,18]],[[7054,6303],[-48,23],[10,43],[59,-16],[5,22],[3,64]],[[7058,6960],[28,45],[28,28]],[[7114,7033],[82,-80],[37,38],[138,134]],[[6064,4300],[18,-5]],[[5863,3828],[-43,114],[-27,63]],[[4741,3218],[-27,-11]],[[7883,4661],[-28,8]],[[7855,4669],[126,146],[34,65],[-13,3],[17,67]],[[8165,4088],[-10,-39]],[[8147,4024],[-2,-9]],[[8123,3953],[-14,-39]],[[8105,3899],[-16,-49]],[[8025,3844],[23,80],[-66,26]],[[8237,4341],[-16,-52]],[[8221,4289],[-16,-56]],[[8205,4233],[-19,-61],[-9,-42]],[[5937,6507],[-34,17],[-48,12],[-26,13],[-174,65]],[[7855,4669],[-29,8],[-20,-30]],[[7721,4681],[20,67],[54,195],[63,-19],[18,62],[25,99]],[[4055,4385],[60,33],[91,52],[48,37],[110,29],[42,-26],[25,-8],[49,-2],[66,24],[25,16],[1,20],[25,23],[5,13],[36,23],[49,4],[12,-5],[56,6],[26,-8],[25,13],[42,-2],[43,23],[20,3],[39,31],[35,16],[49,14]],[[2817,3423],[-102,-60],[-15,-5],[-367,-188],[-320,-165],[13,-5],[-21,-52],[-12,-8],[-48,0],[-45,4],[-8,-31],[9,-14],[16,-1],[-2,-22],[-39,2],[-3,8],[-26,4],[-4,-51],[21,4],[51,-1],[76,15],[42,26],[44,13],[43,-14],[9,-7],[-38,11],[-38,-13],[-50,-36],[-60,-15],[-83,3],[-46,-15],[-102,-60],[-40,9]],[[6830,5979],[195,-69],[160,120],[-11,20],[-4,33],[12,92]],[[5086,2665],[-17,-6]],[[5149,2842],[63,26],[47,10]],[[5291,2880],[4,-5]],[[5459,2839],[0,0]],[[5459,2839],[0,0]],[[5459,2839],[2,-21],[-87,-8],[10,-48],[-1,-17],[-36,4],[-17,-5],[4,-20],[-42,2],[4,-15],[-63,-47]],[[2891,7330],[100,127]],[[3554,7774],[-14,-42],[-11,-7],[-48,-129],[-20,-28],[-21,-17],[-43,-12],[-52,6],[-41,-38],[-25,-41],[-67,-127],[-52,78],[-83,-74],[-4,8],[-17,-21]],[[5857,794],[-396,193]],[[5505,1108],[41,1],[90,-4],[45,-16],[58,-3]],[[5354,3328],[-86,54]],[[5431,3718],[6,-49],[19,-82],[21,-83]],[[5554,5813],[-10,-15],[-60,-41],[-60,-135],[-30,-109],[-6,-49],[5,-40]],[[7177,1482],[76,-4]],[[7249,1354],[1,57],[-54,0]],[[7196,1413],[11,7],[-23,33],[8,6],[-15,23]],[[7587,6014],[79,-61],[-7,-10],[20,-45],[7,-43]],[[7661,4304],[-54,9],[3,4]],[[5488,4177],[-31,-12],[-165,-60]],[[9300,3365],[15,-42]],[[9315,3323],[-13,-20],[-92,-8],[-7,-10],[35,-61],[-64,-8]],[[7221,7305],[-14,-17],[-24,-59],[-31,-36],[-38,-31]],[[6717,1160],[-61,9],[-22,0],[-8,-22],[-83,16]],[[6543,1163],[56,112],[-9,40],[22,32],[24,50],[-43,18]],[[6822,1256],[-72,-52],[-20,-20],[-13,-24]],[[7518,4144],[39,37],[61,46]],[[7363,2294],[44,5]],[[7407,2299],[16,-42],[-2,-33],[2,-207],[1,-31]],[[7424,1986],[-3,-24],[-30,-10],[-33,-4],[-42,12]],[[7054,6303],[-22,-19]],[[7020,1198],[-81,-56],[-20,-9]],[[6737,1144],[-20,16]],[[6929,1327],[23,18]],[[6952,1345],[19,-22],[13,16],[45,-62],[-41,-33],[32,-46]],[[6259,2715],[0,-109],[24,6],[1,-47]],[[6284,2390],[-30,2],[-51,-4],[-78,-18],[-11,80]],[[6114,2450],[0,30],[15,46],[22,35],[21,-7],[0,21],[33,56],[-32,2],[-2,34],[1,49]],[[7168,1354],[22,-31]],[[7131,1279],[-40,57]],[[8164,5248],[1,47]],[[8166,5343],[5,86]],[[8383,5648],[9,-38],[50,-107],[41,-69],[33,-42]],[[5565,1731],[-1,-107]],[[5564,1624],[1,-155],[2,-15]],[[5569,1410],[-67,10],[0,172],[-93,0],[18,96]],[[6114,2450],[-87,-17],[-67,-9]],[[8848,2028],[61,-28],[6,-7],[-44,-43],[27,-32]],[[8898,1918],[-28,-23]],[[8870,1895],[-41,10],[-28,12]],[[6543,1163],[-25,-54]],[[6518,1109],[-54,28],[-25,17],[-36,17],[9,20],[-65,20],[-48,4],[-12,36]],[[6287,1251],[102,48],[65,34],[10,2],[40,29]],[[9290,4359],[19,-144]],[[9084,4651],[35,-18],[52,7],[21,-148],[92,13],[0,-80],[6,-66]],[[7075,611],[0,-9],[-25,-11],[-96,-6],[2,-44]],[[6956,541],[-85,-25],[-60,-3],[-64,12],[-1,28],[-74,-4],[-18,5],[-1,15],[-35,-1],[-1,17]],[[6617,585],[290,17]],[[6907,602],[117,7]],[[7024,609],[51,2]],[[7138,1499],[-25,-23],[-4,5]],[[6973,1591],[27,82],[13,50],[-40,9]],[[7164,1646],[-11,-28],[5,-51],[18,-13]],[[7176,1554],[-1,-25],[-22,4],[-15,-34]],[[6646,2768],[4,2]],[[6561,2817],[27,-6]],[[6588,2811],[12,-7]],[[6600,2804],[14,-11]],[[6615,2790],[1,-8]],[[6621,2770],[11,-3]],[[9280,2574],[31,-32]],[[9159,2491],[13,41],[-4,35]],[[6907,602],[-3,98]],[[6904,700],[31,9],[88,-4],[1,-96]],[[5635,2784],[2,-25],[-3,-65],[3,-58],[-9,-62]],[[5548,2699],[1,85]],[[5549,2787],[1,16]],[[5553,2803],[17,1]],[[7673,1380],[-13,60],[-97,-35]],[[7131,1103],[-27,-23],[-19,26],[-92,6]],[[7020,1198],[111,81]],[[7197,1186],[-31,-17],[-68,-50],[12,-16],[21,0]],[[9043,2276],[-5,10],[-54,-16],[-2,7],[-41,-13],[15,41],[24,12],[32,-5],[-14,45],[-40,-26],[-16,-22],[-8,-22],[-59,25]],[[8942,2446],[39,1],[-10,55],[53,11]],[[9024,2513],[0,-10]],[[9024,2503],[0,-14]],[[9024,2489],[3,-85],[22,-35],[11,-28],[-16,-42],[-1,-23]],[[5564,1624],[67,0],[-1,-35],[128,-2]],[[7488,777],[-5,-80],[-16,-5],[21,-39],[36,-13]],[[7524,640],[-121,-9]],[[7402,776],[86,1]],[[9022,2559],[2,-46]],[[6030,3007],[37,8]],[[6067,3015],[16,0]],[[6102,3012],[15,6]],[[6117,3018],[66,50]],[[6056,2786],[-4,57],[-25,1],[-1,37],[5,73],[-3,53]],[[9179,2383],[-27,5],[-82,41],[-29,24],[-17,36]],[[9024,2503],[50,7],[33,-11],[31,1],[21,-9]],[[8083,5465],[1,15]],[[8084,5480],[0,18]],[[8086,5546],[4,31]],[[8095,5652],[3,60]],[[7138,1499],[39,-17]],[[5958,2296],[24,2],[85,2],[-4,19],[61,12],[11,-50],[17,-38]],[[3192,2868],[28,-23],[77,-69],[1,-8],[-31,-77],[-6,-5],[-130,116]],[[6315,1031],[10,-62],[4,-63],[6,-15],[-35,-49],[-2,-13]],[[6150,890],[-49,8],[6,42],[2,55]],[[6305,1070],[10,-39]],[[6980,1367],[-28,-22]],[[6814,1683],[37,78],[7,19]],[[7768,2244],[-6,50],[9,23],[57,101],[62,7]],[[9916,4192],[-23,9],[-136,25]],[[9290,4359],[263,36],[-18,145]],[[9252,4652],[-22,179],[20,0],[16,12],[5,26],[-10,16],[-26,9],[-23,24],[-30,52]],[[9182,4970],[47,81],[17,48],[23,48],[70,125],[40,58],[12,26]],[[9391,5356],[10,-10],[-1,-19],[33,-38],[65,-101],[54,-67],[71,-141],[65,-122],[20,-44],[34,-44],[61,-65],[6,-42],[-10,-16],[-2,-28],[15,-49],[13,-23],[10,-33],[46,-124],[3,-27],[19,-39],[13,-58],[3,-54],[-3,-20]],[[7524,2002],[-46,-16],[-54,0]],[[7407,2299],[50,25]],[[6518,1109],[-51,-87],[-4,-44]],[[6463,978],[-31,4],[-25,-5],[-11,18],[-15,43],[-66,-7]],[[6270,1222],[17,29]],[[6416,574],[0,-17],[-12,-1],[-55,-22],[-68,-67],[-75,-37],[-51,-28],[-16,-15],[-45,-54],[-36,-25],[-37,-8],[-24,8]],[[5997,308],[-57,33],[8,33],[-49,13],[-2,23],[-14,12],[-216,54]],[[5667,476],[-26,8],[-163,33],[-25,14],[-20,28],[-27,46],[-34,46],[-28,-7],[-9,23],[8,13]],[[5343,680],[17,13],[10,198],[9,104],[9,28]],[[5894,776],[209,-101]],[[6608,1842],[-30,-55]],[[6341,1789],[40,78],[14,33],[26,44]],[[5654,2325],[40,-2],[36,-21],[36,-16],[53,3]],[[9472,2851],[34,-99]],[[9506,2752],[-99,-20]],[[5174,1706],[-8,-70]],[[5166,1636],[-136,19],[6,-17],[34,0],[24,-11],[3,-16],[-2,-60],[9,-19],[-52,-42],[-63,-1],[-3,-36],[-85,-6],[0,124],[-12,135],[-14,-2],[-13,-20],[-47,-8],[7,-40],[-66,-12],[-48,23],[-6,-16],[-18,-13],[63,-48],[-5,-15],[-49,-75],[-76,-127],[-29,-43],[-34,-38],[-35,-45],[-81,108],[-28,45],[-100,-78],[-44,54],[-11,6],[-38,56],[12,10],[-13,20],[-24,52],[-55,148]],[[4137,1648],[40,8],[191,116],[156,83],[45,22],[244,73],[60,17],[55,2],[265,-25]],[[5752,2559],[54,-20]],[[7216,1710],[61,-1],[122,7],[80,6],[36,-2]],[[7660,1139],[18,-6],[8,-22],[18,-5]],[[7704,1106],[-18,-13],[-8,-29],[-16,-20],[-35,-63],[-16,-13],[-38,-16]],[[7070,7125],[61,-72],[-17,-20]],[[8723,3471],[25,127]],[[6019,1757],[11,26],[48,90],[-46,51],[-18,27],[29,48]],[[7269,1810],[41,-2],[59,5],[1,-14],[20,2],[-1,14],[124,10]],[[5907,2887],[-3,69]],[[5925,2967],[48,20]],[[9182,4970],[-50,-78],[-49,-96],[-29,-24]],[[8910,4729],[12,32],[17,27],[6,33],[-4,21],[-19,56],[-52,128],[-38,71],[-73,-35],[-3,7],[-39,-22],[3,-11],[-47,-17]],[[8436,6450],[81,-105],[71,-54],[26,-8],[31,-32],[17,-24],[28,1],[2,-39],[21,-47],[52,-62],[18,-15],[65,-68],[71,-60],[0,-18],[34,-36],[15,-30],[33,-30],[-1,-22],[61,-68],[17,-34],[67,-71],[29,-34],[50,-66],[44,-51],[76,-80],[47,-41]],[[5852,139],[2,-7]],[[5854,132],[-67,-37],[-61,-18],[-24,-27],[-59,-50],[-73,45],[-48,14],[-53,6],[4,49],[28,-13],[2,10],[59,-19],[40,-20],[24,-4],[70,13],[8,9],[-20,39],[-4,26],[28,27],[20,27],[21,-21],[12,11],[38,-57],[36,20],[17,-23]],[[2776,3061],[5,-3],[-36,-63],[-45,-70],[-38,-39],[-13,-1],[-48,32],[-110,26],[-34,22],[-5,25],[29,19],[-34,60],[39,23],[57,-35],[20,5],[18,32],[27,21],[39,-26],[26,16],[19,19]],[[7181,517],[-3,81],[74,6],[76,2],[-10,20]],[[7524,640],[1,-9],[-42,-13],[-14,-14],[-12,-55],[-30,-21],[-34,-38],[-85,30],[-40,4],[-87,-7]],[[9195,3049],[-8,71]],[[9315,3323],[7,-41],[54,-148]],[[9376,3134],[-10,-6],[18,-51],[-189,-28]],[[6566,2156],[-35,40],[-10,-7],[-38,22]],[[6483,2211],[-38,21],[-14,15],[-10,23]],[[6709,2108],[-8,-14],[-30,-24],[-18,14],[-55,24]],[[8721,1603],[-19,-65],[-72,-177],[12,-25],[-13,-79],[-12,-20],[-10,0],[8,57],[-2,28],[-15,39],[-53,66],[-20,33],[-32,109]],[[7182,1095],[-51,8]],[[6879,914],[-2,16],[-61,1],[0,-4],[-112,1],[0,22],[-42,0]],[[6662,950],[5,34],[14,36]],[[7176,616],[-101,-5]],[[6904,700],[-15,60],[-40,59],[33,11]],[[9212,2008],[-49,-9]],[[9163,1999],[-18,29],[-55,-8],[-43,19],[11,29],[-86,37],[11,29]],[[8983,2134],[88,-39],[25,62]],[[7899,1213],[-8,-32],[-52,-44],[-32,-1],[-15,6],[-58,-20],[-30,-16]],[[5573,1279],[-4,131]],[[9966,2468],[13,-26],[3,-28],[-12,-245],[-9,-19],[-12,2],[-36,-11],[-25,11],[-21,20],[20,73],[41,72],[-11,5],[-42,-74],[-12,-27],[-8,-41],[-18,-7],[-26,4],[-14,-19],[0,-19],[12,-29],[28,-14],[75,6],[22,27]],[[9323,2528],[159,55],[80,29]],[[9562,2612],[19,-44],[13,-49],[15,-14],[86,-37],[26,-7],[154,8],[91,-1]],[[649,2516],[44,22]],[[729,2556],[50,25]],[[779,2581],[31,16]],[[906,2644],[21,11]],[[927,2655],[15,8]],[[942,2663],[28,14]],[[1048,2716],[77,38]],[[1212,2629],[-92,-73],[21,-114],[-14,-5],[-16,15],[-16,61],[-35,-5],[-54,2],[-76,12],[-13,-22],[-33,-22],[-2,-13],[22,-31],[19,-10],[9,-22],[-9,-24],[-135,15],[-1,-14],[21,-43],[-26,-12],[-24,45],[-7,21],[-94,0],[-9,126]],[[9562,2612],[-16,28],[-26,63],[-14,49]],[[9438,2958],[-7,28],[-29,69],[-26,79]],[[9916,4192],[2,-26],[15,-11],[-4,-20],[13,-110],[-18,0],[7,-26],[14,3],[11,-88],[-3,-38],[3,-18],[3,-85],[16,-5],[24,-633],[-138,-6],[-7,16],[-3,96],[-5,25],[5,23],[-1,42],[-6,36],[-1,53],[-8,31],[6,21],[2,46],[-258,-11],[3,-374],[-1,-78],[12,-15],[44,-26],[74,-13],[55,-1],[78,59],[13,28],[23,15],[53,21],[25,4],[15,-7],[2,-30],[-2,-60],[0,-87],[6,-63],[-6,-37],[-2,-88],[3,-27],[-4,-37],[-1,-76],[5,-12],[-1,-40],[12,9],[-1,-20],[-12,0],[-1,-51],[-11,-33]],[[5997,308],[-25,-73],[-10,2],[-28,-50],[-27,-14],[-7,-17],[-46,-24]],[[5852,139],[22,40],[1,22],[-24,39],[3,32],[-6,19],[-28,9],[-38,-2],[-12,23],[-66,18],[-32,15],[-46,71],[11,7],[19,-6],[11,50]],[[5343,680],[-15,0],[-47,19],[-65,19],[-21,12],[-13,39],[-3,31],[5,59],[-4,35],[3,190],[0,107],[20,22]],[[6662,950],[-12,-43]],[[9195,3049],[-100,-12],[9,-69]],[[7181,517],[-55,7],[-55,13],[-23,15],[-34,11],[-58,-22]],[[6617,585],[-59,-3]],[[6626,826],[87,-6],[36,2],[108,77]],[[5151,1380],[-2,78],[17,178]],[[4137,1648],[-118,-8]],[[3958,1778],[123,10],[46,7],[220,136],[103,52],[-163,253],[30,18],[60,29],[34,12],[61,-92],[101,-161],[31,13],[161,48],[41,85],[-1,7],[31,-5],[8,33],[12,3],[5,17],[31,17],[75,-17],[44,187],[32,-8],[23,96],[44,-11],[-34,123],[-7,29]],[[8983,2134],[-78,35]],[[6483,2211],[-20,-37],[-44,-57],[-19,7],[-20,-30],[-77,-75]],[[7571,951],[-12,-16],[-9,-40],[4,-22],[-15,-4],[0,-36],[-45,-8],[-6,-48]],[[8870,1895],[-16,-22],[5,-26],[-6,-28],[-21,-30],[-51,-20]],[[9163,1999],[-36,9],[-34,-8],[-54,1],[-26,-12],[-23,-20],[-43,-19],[-49,-32]],[[5459,2839],[0,0]],[[5459,2839],[2,-1]]]}
