{"type":"Topology","bbox":[-74.36442416615364,3.8891413302673916,-74.00073538285903,4.833053694438277],"transform":{"scale":[0.000036372515581018685,0.00009440067648473703],"translate":[-74.36442416615364,3.8891413302673916]},"objects":{"municipios":{"type":"GeometryCollection","geometries":[{"type":"Polygon","arcs":[[0,1,2,3,4]]},{"type":"Polygon","arcs":[[5,6,-5,7]]},{"type":"Polygon","arcs":[[8,9,10,11]]},{"type":"Polygon","arcs":[[12,-8,13,14,15,16]]},{"type":"Polygon","arcs":[[17,18,19,20,21]]},{"type":"Polygon","arcs":[[22,23,24,25,26]]},{"type":"Polygon","arcs":[[27,28,29,30,31,32]]},{"type":"Polygon","arcs":[[33,34,35,36,37]]},{"type":"Polygon","arcs":[[38,39,40,-26,41]]},{"type":"Polygon","arcs":[[-42,42,43,44,45]]},{"type":"Polygon","arcs":[[46,47,48,49,50]]},{"type":"Polygon","arcs":[[51,52,53,54]]},{"type":"Polygon","arcs":[[55,56,57,58,59]]},{"type":"Polygon","arcs":[[60,61,62,63,64]]},{"type":"Polygon","arcs":[[65,66,67,68,69]]},{"type":"Polygon","arcs":[[70,71,72]]},{"type":"Polygon","arcs":[[73,74,75,76,-71,77]]},{"type":"Polygon","arcs":[[78,79,-74]]},{"type":"Polygon","arcs":[[80,81,82,83,84]]},{"type":"Polygon","arcs":[[85,-12,86,87]]},{"type":"Polygon","arcs":[[88,89,90]]},{"type":"Polygon","arcs":[[91,92,-89,93]]},{"type":"Polygon","arcs":[[94,95,96,97]]},{"type":"Polygon","arcs":[[98,-58,99,100,101,102]]},{"type":"Polygon","arcs":[[103,104,105,106,107,-101]]},{"type":"Polygon","arcs":[[-108,108,109,110,-102]]},{"type":"Polygon","arcs":[[111,112,113,114,115]]},{"type":"Polygon","arcs":[[116,117,118,-112,119]]},{"type":"Polygon","arcs":[[120,121,122,123,124,125]]},{"type":"Polygon","arcs":[[126,127,128,129,130,131]]},{"type":"Polygon","arcs":[[132,133,134,135,136,137]]},{"type":"Polygon","arcs":[[138,139,140,141,-62]]},{"type":"Polygon","arcs":[[142,143,144,-109,-107,145,-33]]},{"type":"Polygon","arcs":[[146,147,148,149]]},{"type":"Polygon","arcs":[[150,151,152,-117,153]]},{"type":"Polygon","arcs":[[154,155,-28,-146,-106]]},{"type":"Polygon","arcs":[[156,157,158,159,160,161,162,163,164]]},{"type":"Polygon","arcs":[[165,166,167,168,-157]]},{"type":"Polygon","arcs":[[-130,169,170,171,172]]},{"type":"Polygon","arcs":[[173,174,175,176,177,178,179]]},{"type":"Polygon","arcs":[[180,181,182,183,184]]},{"type":"Polygon","arcs":[[185,186,187,188,189]]},{"type":"Polygon","arcs":[[190,-154,-120,191,192,193]]},{"type":"Polygon","arcs":[[-115,194,-186,195,196]]},{"type":"Polygon","arcs":[[197,198,199,200,201]]},{"type":"Polygon","arcs":[[202,203,204,205,206]]},{"type":"Polygon","arcs":[[207,208,209,210]]},{"type":"Polygon","arcs":[[211,212,213,214]]},{"type":"Polygon","arcs":[[215,216,217,218]]},{"type":"Polygon","arcs":[[219,220,221,222,223,224,225]]},{"type":"Polygon","arcs":[[226,227,228,229,-202,230]]},{"type":"Polygon","arcs":[[231,232,-214,233,234,235]]},{"type":"Polygon","arcs":[[236,237,238,239]]},{"type":"Polygon","arcs":[[240,241,242,-240,243,-235]]},{"type":"Polygon","arcs":[[-213,244,245,-241,-234]]},{"type":"Polygon","arcs":[[246,247,248,249]]},{"type":"Polygon","arcs":[[250,251,252,-215,-233,253,254]]},{"type":"Polygon","arcs":[[255,256,257,258,259]]},{"type":"Polygon","arcs":[[260,261,262,-257]]},{"type":"Polygon","arcs":[[263,-262]]},{"type":"Polygon","arcs":[[264,265,266,267,268,269,270]]},{"type":"Polygon","arcs":[[271,272,273,-228,274]]},{"type":"Polygon","arcs":[[275,276,277,278,279,-198,-230]]},{"type":"Polygon","arcs":[[280,281,282,-200]]},{"type":"Polygon","arcs":[[283,284,285,-277]]},{"type":"Polygon","arcs":[[286,287,-118,-153]]},{"type":"Polygon","arcs":[[288,289,-282,290,291,292,293,294,295]]},{"type":"Polygon","arcs":[[296,297,298,-291]]},{"type":"Polygon","arcs":[[299,-297,-281,-199,-280]]},{"type":"Polygon","arcs":[[300,301,302,303,-272,304,-137,305]]},{"type":"Polygon","arcs":[[-305,-275,-227,306,-138]]},{"type":"Polygon","arcs":[[-133,-307,-231,-201,-283,-290,307]]},{"type":"Polygon","arcs":[[-308,-289,308,309,310,-134]]},{"type":"Polygon","arcs":[[-309,-296,311,312]]},{"type":"Polygon","arcs":[[313,314,315,316]]},{"type":"Polygon","arcs":[[-135,-311,317,-314,318,-245,-212,-253]]},{"type":"Polygon","arcs":[[-246,-319,-317,319,320,-242]]},{"type":"Polygon","arcs":[[-316,321,322,323,324,-320]]},{"type":"Polygon","arcs":[[325,326,327,328]]},{"type":"Polygon","arcs":[[-318,-310,-313,329,-322,-315]]},{"type":"Polygon","arcs":[[-330,-312,-295,330,331,332,-323]]},{"type":"Polygon","arcs":[[-243,333,334,335,-237]]},{"type":"Polygon","arcs":[[336,-301,337]]},{"type":"Polygon","arcs":[[-223,338,339,340,341]]},{"type":"Polygon","arcs":[[-209,342,-224,-342,343]]},{"type":"Polygon","arcs":[[344,345,346,347,348]]},{"type":"Polygon","arcs":[[349,-225,-343,-208,350,351]]},{"type":"Polygon","arcs":[[352,-226,-350,353]]},{"type":"Polygon","arcs":[[354,355,356,-220,-353,357]]},{"type":"Polygon","arcs":[[358,359,360,361,362,363,364,365]]},{"type":"Polygon","arcs":[[366,-364,367,368,369]]},{"type":"Polygon","arcs":[[370,371,-370,372,-356]]},{"type":"Polygon","arcs":[[373,-365,-367,-372,374]]},{"type":"Polygon","arcs":[[375,-371,-355,376,377]]},{"type":"Polygon","arcs":[[378,379,380,-375,-376]]},{"type":"Polygon","arcs":[[381,382,-366,-374,-381]]},{"type":"Polygon","arcs":[[383,-379,-378,384,385,-333]]},{"type":"Polygon","arcs":[[-324,-386,386,387]]},{"type":"Polygon","arcs":[[-388,388,-334,-321,-325]]},{"type":"Polygon","arcs":[[-385,-377,-358,-354,-352,389,-389,-387]]},{"type":"Polygon","arcs":[[-210,-344,-341,390,391,392]]},{"type":"Polygon","arcs":[[-390,-351,-211,393,-335]]},{"type":"Polygon","arcs":[[-336,-394,-393,394,-238]]},{"type":"Polygon","arcs":[[395,396,397,398,399]]},{"type":"Polygon","arcs":[[-299,400,401,402,-292]]},{"type":"Polygon","arcs":[[403,404,405,406,-293,-403]]},{"type":"Polygon","arcs":[[407,408,409,410,411,-405]]},{"type":"Polygon","arcs":[[412,413,414,415,416,417,-404,-402]]},{"type":"Polygon","arcs":[[418,-408,-418]]},{"type":"Polygon","arcs":[[419,-181,420,421,422,423]]},{"type":"Polygon","arcs":[[424,425,426,-423,427,428]]},{"type":"Polygon","arcs":[[-429,429,-416,430]]},{"type":"Polygon","arcs":[[-22,-150,431,432,433]]},{"type":"Polygon","arcs":[[-419,-417,-430,-428,-422,434,-409]]},{"type":"Polygon","arcs":[[435,436,437,438,439]]},{"type":"Polygon","arcs":[[440,-247,441,-440,442,443,444,445]]},{"type":"Polygon","arcs":[[-446,446,-182,-420,447]]},{"type":"Polygon","arcs":[[-436,-442,-250,448,449]]},{"type":"Polygon","arcs":[[450,-449,-249,451,-426]]},{"type":"Polygon","arcs":[[-427,-452,-248,-441,-448,-424]]},{"type":"Polygon","arcs":[[452,-443,-439,453]]},{"type":"Polygon","arcs":[[454,-60,455,456,457]]},{"type":"Polygon","arcs":[[458,459,460,461,-454,-438]]},{"type":"Polygon","arcs":[[462,463,464,465]]},{"type":"Polygon","arcs":[[466,467,468,469,470]]},{"type":"Polygon","arcs":[[471,472,473,474,475]]},{"type":"Polygon","arcs":[[476,-465,477,478,479,480,481,482,483]]},{"type":"Polygon","arcs":[[484,485,486,487,-474,488]]},{"type":"Polygon","arcs":[[489,-486,490,491,492,493,494]]},{"type":"Polygon","arcs":[[495,496,497,-492]]},{"type":"Polygon","arcs":[[-495,498,499,-460,500]]},{"type":"Polygon","arcs":[[501,502,503,504,505,506,507,508]]},{"type":"Polygon","arcs":[[509,510,511,512,-479]]},{"type":"Polygon","arcs":[[513,-450,-451,-425,-431,-415,514,515]]},{"type":"Polygon","arcs":[[516,517,518,519,520,-516,521,522]]},{"type":"Polygon","arcs":[[-476,523,-519,524,525]]},{"type":"Polygon","arcs":[[-524,-475,-488,526,-520]]},{"type":"Polygon","arcs":[[-487,527,-459,-437,-514,-521,-527]]},{"type":"Polygon","arcs":[[528,529,530,531,-287,-152,532]]},{"type":"Polygon","arcs":[[-501,-528,-490]]},{"type":"Polygon","arcs":[[533,534,535,-466,-477,536,537]]},{"type":"Polygon","arcs":[[538,539,540,-534,541,542,-497]]},{"type":"Polygon","arcs":[[543,544,545,546,547,548,549]]},{"type":"Polygon","arcs":[[550,-472,-526,551,552]]},{"type":"Polygon","arcs":[[553,554,555,556,557,558]]},{"type":"Polygon","arcs":[[559,560,561,562,563,-553,564]]},{"type":"Polygon","arcs":[[565,566,-504,567,568]]},{"type":"Polygon","arcs":[[569,570,571,572,573,574,-561,575]]},{"type":"Polygon","arcs":[[576,-576,-560,577]]},{"type":"Polygon","arcs":[[578,579,580,581,582,583,584]]},{"type":"Polygon","arcs":[[585,-471,586,587,588,-557,589]]},{"type":"Polygon","arcs":[[590,591,592,593,594]]},{"type":"Polygon","arcs":[[595,596,597,598,599,600]]},{"type":"Polygon","arcs":[[601,602,603,604,605,606]]},{"type":"Polygon","arcs":[[607,608,-578,-565,609,610]]},{"type":"Polygon","arcs":[[611,612,-523,613,-278,-286]]},{"type":"Polygon","arcs":[[-515,-414,614,-300,-279,-614,-522]]},{"type":"Polygon","arcs":[[-413,-401,-298,-615]]},{"type":"Polygon","arcs":[[615,616,617,-574]]},{"type":"Polygon","arcs":[[618,-601,619,-616,-573,620]]},{"type":"Polygon","arcs":[[621,-585,622,623,-596,-619]]},{"type":"Polygon","arcs":[[-617,-620,-600,624,625,626]]},{"type":"Polygon","arcs":[[627,628,629,-571]]},{"type":"Polygon","arcs":[[630,631,-629,632,633]]},{"type":"Polygon","arcs":[[634,635,636,-469,637,-540,638]]},{"type":"Polygon","arcs":[[-544,639,640,641,642,643]]},{"type":"Polygon","arcs":[[-626,644,645,-635,646]]},{"type":"Polygon","arcs":[[-646,647,648,-636]]},{"type":"Polygon","arcs":[[-599,649,-648,-645,-625]]},{"type":"Polygon","arcs":[[650,651,652,-598]]},{"type":"Polygon","arcs":[[653,654,655,656,-651,-597,-624]]},{"type":"Polygon","arcs":[[-654,-623,-584,657]]},{"type":"Polygon","arcs":[[-559,658,659,660,-652,-657]]},{"type":"Polygon","arcs":[[661,-588,662,-660]]},{"type":"Polygon","arcs":[[-662,-659,-558,-589]]},{"type":"Polygon","arcs":[[663,664,665,666]]},{"type":"Polygon","arcs":[[667,668,-483,669,670]]},{"type":"Polygon","arcs":[[671,672,-542,-538,673,-668,674,675,676]]},{"type":"Polygon","arcs":[[-543,-673,677,678,-493,-498]]},{"type":"Polygon","arcs":[[-675,-671,679,-547,680]]},{"type":"Polygon","arcs":[[-681,-546,681,682,683,684,-676]]},{"type":"Polygon","arcs":[[-682,-545,-644,685,686]]},{"type":"Polygon","arcs":[[687,688,689,690,691,692,693]]},{"type":"Polygon","arcs":[[694,-689,695,-666]]},{"type":"Polygon","arcs":[[-665,696,697,-690,-695]]},{"type":"Polygon","arcs":[[698,699,700,701]]},{"type":"Polygon","arcs":[[702,703,704,-694,705,-554,-656]]},{"type":"Polygon","arcs":[[706,-700,707,-658,-583]]},{"type":"Polygon","arcs":[[-708,-699,708,709,-703,-655]]},{"type":"Polygon","arcs":[[710,711,-701,-707,-582]]},{"type":"Polygon","arcs":[[712,-686,-643,713]]},{"type":"Polygon","arcs":[[714,715,716,717,718]]},{"type":"Polygon","arcs":[[-683,-687,-713,719,720]]},{"type":"Polygon","arcs":[[721,722,723,724,725]]},{"type":"Polygon","arcs":[[726,-726,727]]},{"type":"Polygon","arcs":[[728,729,730]]},{"type":"Polygon","arcs":[[-729,731,732,733,-728,-725,734,735]]},{"type":"Polygon","arcs":[[736,-732,-731,737,-691,-698]]},{"type":"Polygon","arcs":[[738,739,-489,-473,-551,-564,740]]},{"type":"Polygon","arcs":[[741,742,743]]},{"type":"Polygon","arcs":[[744,745,746,-743,-717]]},{"type":"Polygon","arcs":[[-718,-742,747]]},{"type":"Polygon","arcs":[[-485,-740,748,-627,-647,-639,-539,-496,-491]]},{"type":"Polygon","arcs":[[749,-741,-563]]},{"type":"Polygon","arcs":[[-575,-618,-749,-739,-750,-562]]},{"type":"Polygon","arcs":[[750,751,752,753]]},{"type":"Polygon","arcs":[[754,755,-745,-716,756,-752]]},{"type":"Polygon","arcs":[[757,758,-746,-756]]},{"type":"Polygon","arcs":[[759,-758,-755,760]]},{"type":"Polygon","arcs":[[761,-761,-751,762]]},{"type":"Polygon","arcs":[[763,764,765,766,767]]},{"type":"Polygon","arcs":[[-327,768,-720,-714,769,770,771]]},{"type":"Polygon","arcs":[[772,773,774]]},{"type":"Polygon","arcs":[[-773,775,-753,-757,-715,776]]},{"type":"Polygon","arcs":[[777,778,779,780]]},{"type":"Polygon","arcs":[[-779,781,782,783,784]]},{"type":"Polygon","arcs":[[-461,-500,785,-771,786,787,788]]},{"type":"Polygon","arcs":[[-494,-679,789,790,-328,-772,-786,-499]]},{"type":"Polygon","arcs":[[791,792,793,794,795,796,797,798]]},{"type":"Polygon","arcs":[[799,800,-795,801]]},{"type":"Polygon","arcs":[[-801,802,803,804,-796]]},{"type":"Polygon","arcs":[[805,806,-803,-800]]},{"type":"Polygon","arcs":[[-640,-550,807,-804,-807,808]]},{"type":"Polygon","arcs":[[809,-684,-721,-769,-326]]},{"type":"Polygon","arcs":[[810,-677,-685,-810,-329,-791]]},{"type":"Polygon","arcs":[[-672,-811,-790,-678]]},{"type":"Polygon","arcs":[[811,812]]},{"type":"Polygon","arcs":[[813,814,815]]},{"type":"Polygon","arcs":[[816,817,818,819]]},{"type":"Polygon","arcs":[[-593,820,-820,821,-361,822]]},{"type":"Polygon","arcs":[[-594,-823,-360,823,824]]},{"type":"Polygon","arcs":[[825,-595,-825,826]]},{"type":"Polygon","arcs":[[827,828,829,830,831,832]]},{"type":"Polygon","arcs":[[833,834,-833,835,836]]},{"type":"Polygon","arcs":[[837,-837,838,839,-818,840]]},{"type":"Polygon","arcs":[[-841,-817,-821,841]]},{"type":"Polygon","arcs":[[-842,-592,842,843,844,845,846,-834,-838]]},{"type":"Polygon","arcs":[[847,-828,-835,-847,848]]},{"type":"Polygon","arcs":[[849,850,851,852,853,854,-830]]},{"type":"Polygon","arcs":[[-849,-846,855]]},{"type":"Polygon","arcs":[[856,857,858,859]]},{"type":"Polygon","arcs":[[860,-860,861,-844,862]]},{"type":"Polygon","arcs":[[863,864,-863,-843,-591,-826,865]]},{"type":"Polygon","arcs":[[866,-866,-827,-824,-359,-383,867]]},{"type":"Polygon","arcs":[[868,869,870,871]]},{"type":"Polygon","arcs":[[872,-872,873]]},{"type":"Polygon","arcs":[[874,-184,875,-874,-871,876,-857,-861,-865,877,878]]},{"type":"Polygon","arcs":[[-878,-864,-867,879,880]]},{"type":"Polygon","arcs":[[881,-880,-868,882,-406,-412]]},{"type":"Polygon","arcs":[[-879,-881,-882,-411,883]]},{"type":"Polygon","arcs":[[-421,-185,-875,-884,-410,-435]]},{"type":"Polygon","arcs":[[884,885,886,887]]},{"type":"Polygon","arcs":[[888,889,890,891,-869,-873,-876,-183,-447,-445]]},{"type":"Polygon","arcs":[[892,893,-890,894]]},{"type":"Polygon","arcs":[[895,-895,-889,-444]]},{"type":"Polygon","arcs":[[896,897,898,899]]},{"type":"Polygon","arcs":[[900,901,-899,902,903]]},{"type":"Polygon","arcs":[[-898,904,905,906,907,908,-903]]},{"type":"Polygon","arcs":[[909,910,911]]},{"type":"Polygon","arcs":[[-904,-909,912,913,914,915]]},{"type":"Polygon","arcs":[[916,917,918,919,920,921]]},{"type":"Polygon","arcs":[[-897,922,-798,923,-905]]},{"type":"Polygon","arcs":[[924,925,926,-914,927]]},{"type":"Polygon","arcs":[[-928,-913,-908,928,929,930]]},{"type":"Polygon","arcs":[[-930,931,932,933,934,935,936]]},{"type":"Polygon","arcs":[[-927,937,-858,938,-915]]},{"type":"Polygon","arcs":[[939,940,941,942,943,944,945,946]]},{"type":"Polygon","arcs":[[947,-947,948,949,-391,-340]]},{"type":"Polygon","arcs":[[950,951,952,953,-942,954]]},{"type":"Polygon","arcs":[[-357,955,956,-951,957]]},{"type":"Polygon","arcs":[[958,-940,-948,-339,-222]]},{"type":"Polygon","arcs":[[-221,-958,-955,-941,-959]]},{"type":"Polygon","arcs":[[959,960,961,-952,-957,962]]},{"type":"Polygon","arcs":[[963,964,965,966]]},{"type":"Polygon","arcs":[[967,-966,968,-960,969,970]]},{"type":"Polygon","arcs":[[-373,-369,971,-970,-963,-956]]},{"type":"Polygon","arcs":[[972,-967,-968,973,-362]]},{"type":"Polygon","arcs":[[-368,-363,-974,-971,-972]]},{"type":"Polygon","arcs":[[974,975,976,-854]]},{"type":"Polygon","arcs":[[977,978,979,980,981,-964,982]]},{"type":"Polygon","arcs":[[-953,-962,983,-887,984,985,986]]},{"type":"Polygon","arcs":[[-961,-969,987,988,-984]]},{"type":"Polygon","arcs":[[989,990,991,992,-985,-886]]},{"type":"Polygon","arcs":[[993,994,-888,-989]]},{"type":"Polygon","arcs":[[995,996,-990,-885,-995,997]]},{"type":"Polygon","arcs":[[998,-998,-994,-988,-965]]},{"type":"Polygon","arcs":[[-912,999,-992,1000,1001,1002,1003]]},{"type":"Polygon","arcs":[[-1000,-911,1004,1005,1006,1007,-986,-993]]},{"type":"Polygon","arcs":[[-1006,1008,1009,1010,1011,1012,1013]]},{"type":"Polygon","arcs":[[1014,-983,-973,-822,-819]]},{"type":"Polygon","arcs":[[1015,1016,-978,-1015,-840]]},{"type":"Polygon","arcs":[[1017,1018,1019,1020,1021,1022]]},{"type":"Polygon","arcs":[[1023,-1022,1024,1025,1026,-832]]},{"type":"Polygon","arcs":[[-977,1027,-1023,-1024,-831,-855]]},{"type":"Polygon","arcs":[[-1027,1028,1029,-1016,-839,-836]]},{"type":"Polygon","arcs":[[-1017,-1030,1030,-1025,-1021,1031,-979]]},{"type":"Polygon","arcs":[[-1029,-1026,-1031]]},{"type":"Polygon","arcs":[[1032,1033,1034,-1018,-1028,-976]]},{"type":"Polygon","arcs":[[1035,1036,1037,1038,1039,1040]]},{"type":"Polygon","arcs":[[1041,1042,1043,1044,1045,1046]]},{"type":"Polygon","arcs":[[1047,-1038,1048,1049,-1042]]},{"type":"Polygon","arcs":[[-1037,1050,1051,1052,1053,-1049]]},{"type":"Polygon","arcs":[[1054,1055,1056,1057,-1052,1058]]},{"type":"Polygon","arcs":[[1059,1060,1061,1062,1063,1064,1065]]},{"type":"Polygon","arcs":[[-1064,1066,-1002,1067,1068]]},{"type":"Polygon","arcs":[[-1065,-1069,1069,1070]]},{"type":"Polygon","arcs":[[1071,-1070,-1068,-1001,1072]]},{"type":"Polygon","arcs":[[1073,-997,1074,1075]]},{"type":"Polygon","arcs":[[-981,1076,-1076,1077]]},{"type":"Polygon","arcs":[[-1078,-1075,-996,-999,-982]]},{"type":"Polygon","arcs":[[-1074,-1077,-980,1078,1079,-1073,-991]]},{"type":"Polygon","arcs":[[1080,1081,1082,1083,1084,-1066]]},{"type":"Polygon","arcs":[[-1020,1085,1086,1087,-1083,1088]]},{"type":"Polygon","arcs":[[1089,-1081,-1071,-1072,-1080]]},{"type":"Polygon","arcs":[[-1079,-1032,-1089,-1082,-1090]]},{"type":"Polygon","arcs":[[1090,1091,1092,1093,1094,1095]]},{"type":"Polygon","arcs":[[-1088,1096,1097,-1084]]},{"type":"Polygon","arcs":[[1098,1099,1100,1101,1102]]},{"type":"Polygon","arcs":[[1103,1104,-1102,1105,-1095]]},{"type":"Polygon","arcs":[[-1094,1106,1107,-1104]]},{"type":"Polygon","arcs":[[1108,1109,1110,1111,1112]]},{"type":"Polygon","arcs":[[-1046,1113,-1107,-1093,1114]]},{"type":"Polygon","arcs":[[-1108,1115,1116,-1103,-1105]]},{"type":"Polygon","arcs":[[1117,1118,1119]]},{"type":"Polygon","arcs":[[-1120,1120,1121,-1099,-1117,1122]]},{"type":"Polygon","arcs":[[-1116,-1114,-1045,1123,1124,-1118,-1123]]},{"type":"Polygon","arcs":[[1125,1126,1127,1128,1129,-1121,-1119,-1125]]},{"type":"Polygon","arcs":[[-1062,1130,1131,1132,1133,1134]]},{"type":"Polygon","arcs":[[1135,-1091,1136,-1060,-1085,-1098]]},{"type":"Polygon","arcs":[[-1087,1137,-1092,-1136,-1097]]},{"type":"Polygon","arcs":[[1138,1139,-1126,-1124,-1044,1140,1141,1142]]},{"type":"Polygon","arcs":[[1143,1144,1145,1146,1147,1148]]},{"type":"Polygon","arcs":[[-1053,-1058,1149,1150,1151,1152,-1142,1153]]},{"type":"Polygon","arcs":[[1154,1155,-1152]]},{"type":"Polygon","arcs":[[1156,-1143,-1153,-1156]]},{"type":"Polygon","arcs":[[-1141,-1043,-1050,-1054,-1154]]},{"type":"Polygon","arcs":[[1157,1158,1159]]},{"type":"Polygon","arcs":[[1160,-1159,1161,1162,1163,1164,1165]]},{"type":"Polygon","arcs":[[-1162,-1158,1166,1167,1168]]},{"type":"Polygon","arcs":[[1169,-1163,-1169,1170,1171]]},{"type":"Polygon","arcs":[[1172,1173,1174,-1172,1175,1176]]},{"type":"Polygon","arcs":[[1177,1178,1179,1180,1181,1182,1183]]},{"type":"Polygon","arcs":[[1184,1185,1186,-1173]]},{"type":"Polygon","arcs":[[1187,-1111,1188,-1186]]},{"type":"Polygon","arcs":[[1189,1190,1191,1192,-1144,1193]]},{"type":"Polygon","arcs":[[-1165,1194,1195,-1190,1196,1197]]},{"type":"Polygon","arcs":[[1198,1199,1200,-530,1201]]},{"type":"Polygon","arcs":[[1202,1203,1204,1205,1206,-1200]]},{"type":"Polygon","arcs":[[-1194,-1149,1207,-1205,1208]]},{"type":"Polygon","arcs":[[1209,-1203,-1199,1210,1211]]},{"type":"Polygon","arcs":[[1212,1213,-1197,-1209,-1204,-1210]]},{"type":"Polygon","arcs":[[1214,1215,1216,1217,-1100,-1122]]},{"type":"Polygon","arcs":[[1218,1219,1220,1221]]},{"type":"Polygon","arcs":[[1222,1223,-1221,1224,-1129]]},{"type":"Polygon","arcs":[[1225,1226,-1223,-1128,1227]]},{"type":"Polygon","arcs":[[1228,1229,-1228,-1127,-1140,1230]]},{"type":"Polygon","arcs":[[-1227,1231,1232,-1222,-1224]]},{"type":"Polygon","arcs":[[-1233,1233,-1176,-1171,-1168,1234,-1219]]},{"type":"Polygon","arcs":[[-1185,-1177,-1234,-1232,1235]]},{"type":"Polygon","arcs":[[-1188,-1236,-1226,-1230,1236]]},{"type":"Polygon","arcs":[[1237,-1112,-1237,-1229,1238]]},{"type":"Polygon","arcs":[[1239,1240,1241]]},{"type":"Polygon","arcs":[[1242,1243,1244,-1220]]},{"type":"Polygon","arcs":[[1245,-1166,-1198,-1214,1246]]},{"type":"Polygon","arcs":[[1247,1248,-1242,1249,-1244]]},{"type":"Polygon","arcs":[[-1243,-1235,-1167,-1160,-1161,-1246,1250,-1248]]},{"type":"Polygon","arcs":[[1251,1252,-1192,1253]]},{"type":"Polygon","arcs":[[-1254,-1191,-1196,1254,1255]]},{"type":"Polygon","arcs":[[1256,-1255,-1195,1257]]},{"type":"Polygon","arcs":[[-1257,1258,1259,1260,-1252,-1256]]},{"type":"Polygon","arcs":[[1261,1262,1263]]},{"type":"Polygon","arcs":[[1264,1265,1266,1267,1268,1269,1270]]},{"type":"Polygon","arcs":[[1271,1272,1273,1274]]},{"type":"Polygon","arcs":[[1275,1276,1277,-1270,1278]]},{"type":"Polygon","arcs":[[1279,1280,1281,1282,-1271,-1278]]},{"type":"Polygon","arcs":[[1283,1284,-1239,-1231,-1139,1285]]},{"type":"Polygon","arcs":[[1286,-1113,-1238,-1285]]},{"type":"Polygon","arcs":[[1287,1288,1289,1290,1291]]},{"type":"Polygon","arcs":[[1292,1293,1294,1295]]},{"type":"Polygon","arcs":[[-1294,1296,1297,1298]]},{"type":"Polygon","arcs":[[1299,1300,1301,1302,-1297,-1293]]},{"type":"Polygon","arcs":[[1303,1304,1305,1306,-1298,-1303]]},{"type":"Polygon","arcs":[[1307,-1304,-1302,1308]]},{"type":"Polygon","arcs":[[1309,1310,1311,-1309,-1301,1312]]},{"type":"Polygon","arcs":[[1313,1314,1315,1316,1317,1318]]},{"type":"Polygon","arcs":[[-1319,1319,1320,1321,-1306,1322]]},{"type":"Polygon","arcs":[[-1312,-1314,-1323,-1305,-1308]]},{"type":"Polygon","arcs":[[1323,-1290,1324,1325]]},{"type":"Polygon","arcs":[[1326,-1324,1327,1328]]},{"type":"Polygon","arcs":[[1329,1330,-1329,1331,1332,1333]]},{"type":"Polygon","arcs":[[1334,-1332,-1328,-1326,1335,1336]]},{"type":"Polygon","arcs":[[1337,1338,-1337,1339,1340,1341]]},{"type":"Polygon","arcs":[[1342,1343,-1338,1344]]},{"type":"Polygon","arcs":[[1345,-1333,-1335,-1339,-1344,1346]]},{"type":"Polygon","arcs":[[1347,1348,1349,1350,-1274]]},{"type":"Polygon","arcs":[[1351,1352,1353,-1347,-1343]]},{"type":"Polygon","arcs":[[1354,1355,1356,1357,1358,1359,-1353,1360]]},{"type":"Polygon","arcs":[[-1354,-1360,1361,-1334,-1346]]},{"type":"Polygon","arcs":[[1362,1363,-1272,1364,-1330,-1362,-1359,1365,1366]]},{"type":"Polygon","arcs":[[-1350,1367,1368,1369,1370,1371]]},{"type":"Polygon","arcs":[[-1371,1372,1373,-1292,1374]]},{"type":"Polygon","arcs":[[-1374,1375,1376,1377,1378,-1288]]},{"type":"Polygon","arcs":[[-1351,-1372,-1375,-1291,-1327,-1331,-1365,-1275]]},{"type":"Polygon","arcs":[[1379,1380,1381,1382,1383]]},{"type":"Polygon","arcs":[[1384,1385,1386,1387,1388]]},{"type":"Polygon","arcs":[[1389,1390,1391,1392,1393,1394]]},{"type":"Polygon","arcs":[[-1361,-1352,-1345,-1342,1395,1396,1397,1398,1399]]},{"type":"Polygon","arcs":[[1400,1401,-1398,1402,1403]]},{"type":"Polygon","arcs":[[1404,1405,-1399,-1402,1406]]},{"type":"Polygon","arcs":[[-1397,1407,-1403]]},{"type":"Polygon","arcs":[[1408,1409,-1378,1410,1411,-1390]]},{"type":"Polygon","arcs":[[1412,1413,1414,1415,1416]]},{"type":"Polygon","arcs":[[1417,1418,1419]]},{"type":"Polygon","arcs":[[1420,-1411,-1377,1421]]},{"type":"Polygon","arcs":[[1422,1423,1424,1425,1426]]},{"type":"Polygon","arcs":[[-1425,1427,-1394,1428,1429,1430,1431,1432,1433]]},{"type":"Polygon","arcs":[[1434,1435,1436,1437,1438,-1313,1439]]},{"type":"Polygon","arcs":[[-1440,-1300,1440,1441]]},{"type":"Polygon","arcs":[[-1433,1442,1443,1444,1445]]},{"type":"Polygon","arcs":[[1446,-1435,-1442,1447,1448]]},{"type":"Polygon","arcs":[[-1444,1449,1450,1451,1452]]},{"type":"Polygon","arcs":[[-1443,-1432,1453,1454,-1437,1455,-1450]]},{"type":"Polygon","arcs":[[-64,1456,1457,1458,1459,1460]]},{"type":"Polygon","arcs":[[-1426,-1434,-1446,1461]]},{"type":"Polygon","arcs":[[1462,1463,1464,-1310,-1439]]},{"type":"Polygon","arcs":[[1465,-1464,1466,1467]]},{"type":"Polygon","arcs":[[-63,-142,1468,1469,1470,-1457]]},{"type":"Polygon","arcs":[[1471,1472,1473,1474]]},{"type":"Polygon","arcs":[[1475,1476,1477,1478,1479,1480]]},{"type":"Polygon","arcs":[[1481,1482,-1478,1483,1484,1485]]},{"type":"Polygon","arcs":[[1486,-1414,1487,-851]]},{"type":"Polygon","arcs":[[1488,1489,-1477,1490]]},{"type":"Polygon","arcs":[[1491,-1484,-1490,1492]]},{"type":"Polygon","arcs":[[1493,1494,1495]]},{"type":"Polygon","arcs":[[1496,1497,1498,-1150,-1057]]},{"type":"Polygon","arcs":[[1499,1500,-1055,1501]]},{"type":"Polygon","arcs":[[1502,1503,1504,1505,-1500,1506]]},{"type":"Polygon","arcs":[[1507,1508,-1504,1509,1510]]},{"type":"Polygon","arcs":[[1511,1512,1513,1514]]},{"type":"Polygon","arcs":[[1515,1516,1517,1518]]},{"type":"Polygon","arcs":[[-1458,-1471,1519,1520,1521]]},{"type":"Polygon","arcs":[[1522,-1459,-1522,-1519]]},{"type":"Polygon","arcs":[[1523,-65,-1461,1524,-1417]]},{"type":"Polygon","arcs":[[1525,1526,1527]]},{"type":"Polygon","arcs":[[-147,-21,1528,1529,1530,-1526,1531]]},{"type":"Polygon","arcs":[[1532,1533,-922,1534,1535,1536]]},{"type":"Polygon","arcs":[[1537,-1533,1538,1539]]},{"type":"Polygon","arcs":[[1540,-1540,1541,1542,1543]]},{"type":"Polygon","arcs":[[1544,-1544,1545]]},{"type":"Polygon","arcs":[[1546,1547,1548,1549,1550,1551]]},{"type":"Polygon","arcs":[[-921,1552,-1552,1553,-1535]]},{"type":"Polygon","arcs":[[1554,1555,1556,-918]]},{"type":"Polygon","arcs":[[-1557,1557,1558,-919]]},{"type":"Polygon","arcs":[[-1559,1559,1560,-1547,-1553,-920]]},{"type":"Polygon","arcs":[[1561,1562,1563,-1556,1564]]},{"type":"Polygon","arcs":[[1565,1566,1567,1568,1569,-1563]]},{"type":"Polygon","arcs":[[1570,1571,-1550,1572,1573]]},{"type":"Polygon","arcs":[[1574,-1573,-1549,1575,-1497,-1056,-1501,-1506]]},{"type":"Polygon","arcs":[[1576,1577,1578,1579,1580,1581,1582]]},{"type":"Polygon","arcs":[[1583,1584,1585,1586,1587]]},{"type":"Polygon","arcs":[[1588,1589,1590,1591]]},{"type":"Polygon","arcs":[[1592,-1536,-1554,-1551,-1572,1593]]},{"type":"Polygon","arcs":[[-1509,1594,1595,1596,-1574,-1575,-1505]]},{"type":"Polygon","arcs":[[1597,1598,1599,1600,1601,1602]]},{"type":"Polygon","arcs":[[1603,1604,1605,1606,1607,-1530,1608,1609]]},{"type":"Polygon","arcs":[[1610,1611,1612,1613,-1179]]},{"type":"Polygon","arcs":[[1614,1615,1616,1617]]},{"type":"Polygon","arcs":[[1618,1619,1620,-1618,1621]]},{"type":"Polygon","arcs":[[-1621,1622,1623,1624,1625,-1577,-1615]]},{"type":"Polygon","arcs":[[1626,1627,-1623,-1620,1628,1629]]},{"type":"Polygon","arcs":[[-1626,1630,1631,1632,-1578]]},{"type":"Polygon","arcs":[[1633,1634,1635,1636]]},{"type":"Polygon","arcs":[[1637,1638,1639,1640,1641,1642]]},{"type":"Polygon","arcs":[[1643,1644,1645,-1638]]},{"type":"Polygon","arcs":[[1646,1647,1648,1649,1650,-1645,1651]]},{"type":"Polygon","arcs":[[1652,1653,-1648,1654,1655,1656]]},{"type":"Polygon","arcs":[[-1655,-1647,1657,1658]]},{"type":"Polygon","arcs":[[1659,-1656,-1659,1660,1661]]},{"type":"Polygon","arcs":[[1662,-1657,-1660,1663]]},{"type":"Polygon","arcs":[[1664,1665,-1639,-1646,-1651,1666]]},{"type":"Polygon","arcs":[[1667,1668,1669,1670,1671]]},{"type":"Polygon","arcs":[[-1665,1672,1673,1674,1675,1676]]},{"type":"Polygon","arcs":[[-1650,1677,1678,-1673,-1667]]},{"type":"Polygon","arcs":[[1679,1680,1681,1682,1683]]},{"type":"Polygon","arcs":[[1684,1685,-1680,1686]]},{"type":"Polygon","arcs":[[1687,1688,-1678,-1649,1689]]},{"type":"Polygon","arcs":[[1690,1691,1692,1693,-1685,1694,-1688]]},{"type":"Polygon","arcs":[[-1686,-1694,1695,1696,1697,-1681]]},{"type":"Polygon","arcs":[[-1592,1698,1699,1700,1701]]},{"type":"Polygon","arcs":[[1702,1703,1704,1705,1706]]},{"type":"Polygon","arcs":[[-1670,1707,1708,-1707,1709,1710,1711,1712]]},{"type":"Polygon","arcs":[[-1669,1713,1714,1715,-1708]]},{"type":"Polygon","arcs":[[1716,-1666,1717,1718,-1714,-1668]]},{"type":"Polygon","arcs":[[1719,1720,-1640,-1717,-1672,1721]]},{"type":"Polygon","arcs":[[1722,-1722,-1671,-1713]]},{"type":"Polygon","arcs":[[1723,1724,1725,1726]]},{"type":"Polygon","arcs":[[1727,1728,1729,-1701,1730,1731,-1697]]},{"type":"Polygon","arcs":[[1732,1733,1734,1735,-1692]]},{"type":"Polygon","arcs":[[1736,-1733,-1691,-1690,-1654]]},{"type":"Polygon","arcs":[[-1728,-1696,-1693,-1736,1737]]},{"type":"Polygon","arcs":[[-1700,1738,1739,1740,1741,-1731]]},{"type":"Polygon","arcs":[[1742,1743,1744,1745,1746,1747,1748,1749,-1664,-1662,1750]]},{"type":"Polygon","arcs":[[-1750,1751,-1734,-1737,-1653,-1663]]},{"type":"Polygon","arcs":[[-1752,-1749,1752,-1729,-1738,-1735]]},{"type":"Polygon","arcs":[[1753,1754,1755,1756,1757,-1747]]},{"type":"Polygon","arcs":[[1758,1759,-1757,1760]]},{"type":"Polygon","arcs":[[1761,1762,1763,-1760]]},{"type":"Polygon","arcs":[[1764,1765,1766,-1762,1767]]},{"type":"Polygon","arcs":[[1768,1769,1770,-1761,-1756,1771]]},{"type":"Polygon","arcs":[[-1772,-1755,1772]]},{"type":"Polygon","arcs":[[1773,-1589,1774,1775]]},{"type":"Polygon","arcs":[[1776,-1775,-1702,-1730,-1753,-1748,-1758,-1764]]},{"type":"Polygon","arcs":[[1777,1778,-1604,1779]]},{"type":"Polygon","arcs":[[1780,1781,1782,1783,-1605,-1779]]},{"type":"Polygon","arcs":[[1784,1785,-1781,-1778,1786,1787]]},{"type":"Polygon","arcs":[[1788,1789,1790,1791,1792,-1785,1793]]},{"type":"Polygon","arcs":[[1794,1795,1796,1797,-1782,-1786,-1793]]},{"type":"Polygon","arcs":[[1798,1799,-1783,-1798]]},{"type":"Polygon","arcs":[[-1784,-1800,1800,1801,1802,-1606]]},{"type":"Polygon","arcs":[[1803,1804,1805,1806,-1787,-1780,-1610,1807]]},{"type":"Polygon","arcs":[[1808,1809,1810,1811]]},{"type":"Polygon","arcs":[[1812,1813,1814,1815,1816,1817,1818]]},{"type":"Polygon","arcs":[[1819,-1819,1820,1821,1822]]},{"type":"Polygon","arcs":[[1823,1824,1825,1826,1827]]},{"type":"Polygon","arcs":[[1828,1829,1830,1831,1832,1833,-1816]]},{"type":"Polygon","arcs":[[1834,1835,-1833,1836,1837]]},{"type":"Polygon","arcs":[[-1834,-1836,1838,1839,-1817]]},{"type":"Polygon","arcs":[[1840,-1839,-1835,1841,1842]]},{"type":"Polygon","arcs":[[-1842,-1838,1843,1844]]},{"type":"Polygon","arcs":[[1845,-1821,-1818,-1840,-1841,1846]]},{"type":"Polygon","arcs":[[1847,1848,1849,1850,1851]]},{"type":"Polygon","arcs":[[1852,-1848,1853,1854,1855]]},{"type":"Polygon","arcs":[[1856,1857,1858,-1856,1859,-1814,1860,1861]]},{"type":"Polygon","arcs":[[1862,1863,-1862,1864]]},{"type":"Polygon","arcs":[[1865,1866,-1857,-1864,1867]]},{"type":"Polygon","arcs":[[1868,1869,-1741,1870,1871,1872,1873,1874]]},{"type":"Polygon","arcs":[[-1870,1875,1876,1877]]},{"type":"Polygon","arcs":[[1878,1879,1880,1881]]},{"type":"Polygon","arcs":[[1882,-1879,1883,-1739,-1699,-1591,1884]]},{"type":"Polygon","arcs":[[1885,1886,1887,1888,1889]]},{"type":"Polygon","arcs":[[1890,1891,1892,1893,-1872]]},{"type":"Polygon","arcs":[[1894,1895,-1873,-1894]]},{"type":"Polygon","arcs":[[1896,1897,1898,-1888]]},{"type":"Polygon","arcs":[[1899,-1828,1900,1901]]},{"type":"Polygon","arcs":[[-1902,1902,1903,1904]]},{"type":"Polygon","arcs":[[1905,1906,1907,1908,-1824,-1900,1909]]},{"type":"Polygon","arcs":[[1910,1911,-1906,1912,1913,1914]]},{"type":"Polygon","arcs":[[1915,1916,-1913,-1910,-1905]]},{"type":"Polygon","arcs":[[1917,1918,-1915,1919]]},{"type":"Polygon","arcs":[[1920,1921,-1920,-1914,-1917]]},{"type":"Polygon","arcs":[[1922,1923,1924,1925,-3]]},{"type":"Polygon","arcs":[[-14,-4,-1926,1926,1927]]},{"type":"Polygon","arcs":[[1928,1929,1930,1931,-1676]]},{"type":"Polygon","arcs":[[1932,1933,1934,1935]]},{"type":"Polygon","arcs":[[1936,-1935,1937,1938,1939,1940,1941]]},{"type":"Polygon","arcs":[[1942,1943,-1936,-1937,1944]]},{"type":"Polygon","arcs":[[1945,1946,-1943,1947]]},{"type":"Polygon","arcs":[[1948,1949,-1948,-1945,-1942,1950,1951]]},{"type":"Polygon","arcs":[[-1927,-1925,1952,1953]]},{"type":"Polygon","arcs":[[1954,-18,-434,1955]]},{"type":"Polygon","arcs":[[1956,-533,-151,-191,1957]]},{"type":"Polygon","arcs":[[-907,1958,1959,1960,1961,-932,-929]]},{"type":"Polygon","arcs":[[1962,-17,1963]]},{"type":"Polygon","arcs":[[1964,1965,-1964,-16,1966,-1960]]},{"type":"Polygon","arcs":[[-1581,1967,1968,1969,1970]]},{"type":"Polygon","arcs":[[1971,1972,1973,-1357,1974,1975]]},{"type":"Polygon","arcs":[[1976,-1975,-1356,1977,1978,1979]]},{"type":"Polygon","arcs":[[1980,-1976,-1977,1981]]},{"type":"Polygon","arcs":[[-24,1982,-1804,1983,1984]]},{"type":"Polygon","arcs":[[-1970,1985,-1972,-1981]]},{"type":"Polygon","arcs":[[1986,-1968,-1580]]},{"type":"Polygon","arcs":[[1987,1988,-27,-41,1989]]},{"type":"Polygon","arcs":[[1990,-1990,-40,1991,1992,1993]]},{"type":"Polygon","arcs":[[-513,1994,1995,1996,1997,1998,-1993,1999,2000,-480]]},{"type":"Polygon","arcs":[[2001,2002,2003,-1994,-1999,2004]]},{"type":"Polygon","arcs":[[2005,2006,2007,2008]]},{"type":"Polygon","arcs":[[2009,-2008,2010,-2002]]},{"type":"Polygon","arcs":[[2011,2012,-1806,2013,-1988,-1991,-2004]]},{"type":"Polygon","arcs":[[-23,-1989,-2014,-1805,-1983]]},{"type":"Polygon","arcs":[[2014,-43,-25,-1985,2015]]},{"type":"Polygon","arcs":[[2016,-1794,-1788,-1807,-2013,2017,2018]]},{"type":"Polygon","arcs":[[2019,2020,-2019,2021]]},{"type":"Polygon","arcs":[[2022,-2022,-2018,-2012,-2003,-2011,-2007,2023]]},{"type":"Polygon","arcs":[[2024,2025,-2020,-2023,2026]]},{"type":"Polygon","arcs":[[-1797,2027,2028,-1801,-1799]]},{"type":"Polygon","arcs":[[2029,2030,-2028,-1796]]},{"type":"Polygon","arcs":[[-1792,2031,2032,-2030,-1795]]},{"type":"Polygon","arcs":[[2033,2034,2035,-2032,-1791]]},{"type":"Polygon","arcs":[[2036,2037,2038,-2034,-1790]]},{"type":"Polygon","arcs":[[2039,2040,-2038,2041]]},{"type":"Polygon","arcs":[[2042,2043,2044,2045,-2040,2046]]},{"type":"Polygon","arcs":[[-2039,-2041,-2046,2047,-2035]]},{"type":"Polygon","arcs":[[-2029,-2031,-2033,-2036,-2048,-2045,2048,2049,2050,2051,-1802]]},{"type":"Polygon","arcs":[[2052,2053,-2047,-2042,-2037,-1789,-2017,-2021,-2026]]},{"type":"Polygon","arcs":[[2054,2055,2056,2057]]},{"type":"Polygon","arcs":[[2058,2059,2060]]},{"type":"Polygon","arcs":[[2061,2062,2063]]},{"type":"Polygon","arcs":[[2064,2065,2066,-2053,-2025]]},{"type":"Polygon","arcs":[[2067,2068,-1812,2069,-2064]]},{"type":"Polygon","arcs":[[-1951,-1941,2070,2071]]},{"type":"Polygon","arcs":[[2072,-1831,2073,2074,-1952,-2072]]},{"type":"Polygon","arcs":[[-1851,2075,-2057,2076,-1949,-2075,2077,2078]]},{"type":"Polygon","arcs":[[-2078,-2074,-1830,2079,2080]]},{"type":"Polygon","arcs":[[-1854,-1852,-2079,-2081,2081]]},{"type":"Polygon","arcs":[[-1815,-1860,-1855,-2082,-2080,-1829]]},{"type":"Polygon","arcs":[[-1865,-1861,-1813,-1820,2082,2083,2084]]},{"type":"Polygon","arcs":[[2085,2086,-1868,-1863,-2085,2087]]},{"type":"Polygon","arcs":[[2088,2089,-1822,-1846,2090]]},{"type":"Polygon","arcs":[[2091,2092,2093]]},{"type":"Polygon","arcs":[[2094,2095,-2083,-1823,-2090,2096]]},{"type":"Polygon","arcs":[[-1889,-1899,2097,-2088,-2084,-2096,2098]]},{"type":"Polygon","arcs":[[2099,2100,-1890,-2099,-2095,2101,-2092,2102]]},{"type":"Polygon","arcs":[[2103,-2093,-2102,-2097,-2089,2104]]},{"type":"Polygon","arcs":[[2105,2106,2107,2108]]},{"type":"Polygon","arcs":[[2109,2110,2111,-1849,-1853,-1859,2112]]},{"type":"Polygon","arcs":[[2113,-1826,2114,-2113,-1858,-1867]]},{"type":"Polygon","arcs":[[-1825,-1909,2115,2116,-2110,-2115]]},{"type":"Polygon","arcs":[[2117,2118,2119,-2116,-1908]]},{"type":"Polygon","arcs":[[2120,2121,2122,2123,2124]]},{"type":"Polygon","arcs":[[2125,2126,2127,-2100,2128]]},{"type":"Polygon","arcs":[[2129,2130,-1886,-2101,-2128]]},{"type":"Polygon","arcs":[[2131,2132,2133,2134,2135]]},{"type":"Polygon","arcs":[[2136,-2109,2137,2138,2139]]},{"type":"Polygon","arcs":[[2140,2141,-2124,2142,2143,2144]]},{"type":"Polygon","arcs":[[2145,2146,2147]]},{"type":"Polygon","arcs":[[2148,2149,-1903,2150,2151]]},{"type":"Polygon","arcs":[[2152,-2152,2153,2154]]},{"type":"Polygon","arcs":[[2155,-2149,-2153,2156]]},{"type":"Polygon","arcs":[[-2156,2157,2158,2159,2160,2161,-1921,-1916,-1904,-2150]]},{"type":"Polygon","arcs":[[-1887,-2131,2162,2163,2164,-2158,-2157,-2155,2165,-1897]]},{"type":"Polygon","arcs":[[2166,-2143,-2123,2167,-2164,2168]]},{"type":"Polygon","arcs":[[2169,-2159,-2165,-2168,-2122]]},{"type":"Polygon","arcs":[[2170,2171,-2121,2172]]},{"type":"Polygon","arcs":[[-2172,2173,2174,-2160,-2170]]},{"type":"Polygon","arcs":[[2175,2176,-2161,-2175]]},{"type":"Polygon","arcs":[[2177,-2138,-2108,2178,-2176,-2174,2179]]},{"type":"Polygon","arcs":[[2180,-2180,-2171,2181]]},{"type":"Polygon","arcs":[[2182,-2139,-2178,-2181,2183,2184]]},{"type":"Polygon","arcs":[[-1953,-1924,2185,-1956,-433,2186,2187]]},{"type":"Polygon","arcs":[[2188,2189,2190,-2137]]},{"type":"Polygon","arcs":[[2191,2192,2193,2194]]},{"type":"Polygon","arcs":[[2195,2196,2197,2198]]},{"type":"Polygon","arcs":[[2199,2200,2201]]},{"type":"Polygon","arcs":[[2202,2203,2204,2205,2206,-1911,-1919]]},{"type":"Polygon","arcs":[[2207,2208,-2206,2209]]},{"type":"Polygon","arcs":[[-2135,2210,2211,-2208,2212]]},{"type":"Polygon","arcs":[[-114,2213,-187,-195]]},{"type":"Polygon","arcs":[[2214,2215,2216,2217,-2132]]},{"type":"Polygon","arcs":[[2218,2219,-2217,2220,2221]]},{"type":"Polygon","arcs":[[2222,-2221,-2216,2223,2224]]},{"type":"Polygon","arcs":[[2225,2226,2227,-1627,2228]]},{"type":"Polygon","arcs":[[2229,2230,-2229,-1630,2231,2232,2233]]},{"type":"Polygon","arcs":[[-2233,2234,-1704,2235]]},{"type":"Polygon","arcs":[[-1709,-1716,2236,-2234,-2236,-1703]]},{"type":"Polygon","arcs":[[2237,2238,-2231]]},{"type":"Polygon","arcs":[[2239,2240,2241,-2238,2242,2243]]},{"type":"Polygon","arcs":[[2244,-2243,-2230,-2237,-1715,-1719,2245]]},{"type":"Polygon","arcs":[[2246,-2244,-2245,-1931]]},{"type":"Polygon","arcs":[[-1677,-1932,-2246,-1718]]},{"type":"Polygon","arcs":[[2247,2248,2249,2250,2251]]},{"type":"Polygon","arcs":[[2252,-2252,2253,2254,-2241,2255]]},{"type":"Polygon","arcs":[[-2247,-1930,2256,-2256,-2240]]},{"type":"Polygon","arcs":[[2257,-2253,-2257,-1929,-1675,-1683]]},{"type":"Polygon","arcs":[[-1682,2258,2259,2260,-2248,-2258]]},{"type":"Polygon","arcs":[[-1732,-1742,-1878,2261,-2259,-1698]]},{"type":"Polygon","arcs":[[-1875,2262,2263,2264]]},{"type":"Polygon","arcs":[[-192,-116,-197,2265,2266]]},{"type":"Polygon","arcs":[[2267,-1876,-1869,-2265,2268]]},{"type":"Polygon","arcs":[[2269,2270,-2263,-1874,-1896,2271,2272,2273,2274]]},{"type":"Polygon","arcs":[[-2250,2275,2276,-2275,2277,2278]]},{"type":"Polygon","arcs":[[2279,2280,-2270,-2277,2281]]},{"type":"Polygon","arcs":[[-2269,-2264,-2271,-2281,2282,2283]]},{"type":"Polygon","arcs":[[-2284,-2260,-2262,-1877,-2268]]},{"type":"Polygon","arcs":[[2284,2285,2286,2287]]},{"type":"Polygon","arcs":[[2288,2289,2290,2291,-2287]]},{"type":"Polygon","arcs":[[2292,2293,-2289,-2286]]},{"type":"Polygon","arcs":[[-2285,2294,2295,2296,2297,-2293]]},{"type":"Polygon","arcs":[[-2273,2298,2299,2300,2301,-2295,-2288,-2292,2302]]},{"type":"Polygon","arcs":[[-2302,2303,2304,-2296]]},{"type":"Polygon","arcs":[[2305,2306,-2188,2307,2308]]},{"type":"Polygon","arcs":[[-2304,-2301,2309,2310,2311,2312,2313]]},{"type":"Polygon","arcs":[[-2314,2314,-2297,-2305]]},{"type":"Polygon","arcs":[[2315,2316]]},{"type":"Polygon","arcs":[[2317,2318,2319,-2310,-2300]]},{"type":"Polygon","arcs":[[-1978,-1355,-1400,-1406,2320,2321,2322]]},{"type":"Polygon","arcs":[[-2308,-2187,-432,-149,2323,-1600,2324]]},{"type":"Polygon","arcs":[[2325,2326,-2318,-2299]]},{"type":"Polygon","arcs":[[2327,2328,2329,2330,2331,2332]]},{"type":"Polygon","arcs":[[-2332,2333,2334]]},{"type":"Polygon","arcs":[[-1632,2335,2336,-2333,-2335,2337,2338]]},{"type":"Polygon","arcs":[[-1631,-1625,2339,2340,-2336]]},{"type":"Polygon","arcs":[[-2337,-2341,2341,2342,-2328]]},{"type":"Polygon","arcs":[[-1628,-2228,2343,2344,-2342,-2340,-1624]]},{"type":"Polygon","arcs":[[-2254,-2251,-2279,2345,-2344,-2227,2346]]},{"type":"Polygon","arcs":[[-2242,-2255,-2347,-2226,-2239]]},{"type":"Polygon","arcs":[[2347,2348,-1907,-1912,-2207,-2209,-2212]]},{"type":"Polygon","arcs":[[2349,2350,-2348,-2211,-2134,2351]]},{"type":"Polygon","arcs":[[2352,2353,2354,-1366,-1358,-1974]]},{"type":"Polygon","arcs":[[2355,-1367,-2355,2356]]},{"type":"Polygon","arcs":[[2357,2358,-2357,-2354]]},{"type":"Polygon","arcs":[[-1973,-1986,-1969,-1987,2359,-2338,-2334,2360,2361,-2358,-2353]]},{"type":"Polygon","arcs":[[-2359,-2362,2362,2363,-1363,-2356]]},{"type":"Polygon","arcs":[[2364,2365,2366,-1348,-1273,-1364,-2364,2367]]},{"type":"Polygon","arcs":[[-2331,2368,-2368,-2363,-2361]]},{"type":"Polygon","arcs":[[-2369,-2330,2369,2370,-2365]]},{"type":"Polygon","arcs":[[-2366,-2371,2371,2372,-1389,2373,2374]]},{"type":"Polygon","arcs":[[2375,2376,-1385,-2373,2377]]},{"type":"Polygon","arcs":[[-1496,2378,-2376,2379]]},{"type":"Polygon","arcs":[[-2321,-1405,2380,2381]]},{"type":"Polygon","arcs":[[2382,-2322,-2382,2383]]},{"type":"Polygon","arcs":[[2384,-1979,-2323,-2383]]},{"type":"Polygon","arcs":[[2385,-2306,2386,2387]]},{"type":"Polygon","arcs":[[2388,2389,2390,2391,2392,2393]]},{"type":"Polygon","arcs":[[2394,2395,2396,2397]]},{"type":"Polygon","arcs":[[2398,-2394,2399,-1997,2400]]},{"type":"Polygon","arcs":[[-2392,2401,2402,2403,2404]]},{"type":"Polygon","arcs":[[2405,2406,2407]]},{"type":"Polygon","arcs":[[2408,-348,2409,2410,2411,2412]]},{"type":"Polygon","arcs":[[2413,2414,2415]]},{"type":"Polygon","arcs":[[2416,2417,2418,2419,2420]]},{"type":"Polygon","arcs":[[2421,2422,-2421]]},{"type":"Polygon","arcs":[[2423,2424,2425,2426]]},{"type":"Polygon","arcs":[[2427,2428,2429]]},{"type":"Polygon","arcs":[[2430,2431,2432,2433,2434]]},{"type":"Polygon","arcs":[[-2329,-2343,-2345,-2346,-2278,-2274,-2303,-2291,2435,2436,-1494,-2380,-2378,-2372,-2370]]},{"type":"Polygon","arcs":[[2437,2438,2439]]},{"type":"Polygon","arcs":[[2440,2441,-2395,2442,2443,2444]]},{"type":"Polygon","arcs":[[2445,2446,2447,2448]]},{"type":"Polygon","arcs":[[2449,2450,2451,2452,-2447]]},{"type":"Polygon","arcs":[[2453,-2449,2454,2455]]},{"type":"Polygon","arcs":[[2456,2457,2458,2459]]},{"type":"Polygon","arcs":[[2460,2461,-2456,2462,2463,-2425]]},{"type":"Polygon","arcs":[[-2444,2464,2465,2466]]},{"type":"Polygon","arcs":[[2467,2468,-2427,2469,2470,2471]]},{"type":"Polygon","arcs":[[2472,2473,2474,-2450,-2446,2475]]},{"type":"Polygon","arcs":[[2476,2477,2478,2479,-2473,2480,2481]]},{"type":"Polygon","arcs":[[2482,2483,2484,2485,2486,2487]]},{"type":"Polygon","arcs":[[2488,2489,2490,2491]]},{"type":"Polygon","arcs":[[2492,2493,2494,2495,2496,2497,-2490]]},{"type":"Polygon","arcs":[[2498,2499,2500,2501,2502,2503]]},{"type":"Polygon","arcs":[[-2466,2504,2505,-2477,2506,2507]]},{"type":"Polygon","arcs":[[-2469,2508,2509,2510,-2461,-2424]]},{"type":"Polygon","arcs":[[2511,-2481,-2476,-2454,-2462,-2511]]},{"type":"Polygon","arcs":[[2512,2513,-2491,-2498,2514,-2509,2515]]},{"type":"Polygon","arcs":[[-2510,-2515,-2497,2516]]},{"type":"Polygon","arcs":[[-2517,-2496,2517,-2507,-2482,-2512]]},{"type":"Polygon","arcs":[[2518,-392,2519,2520]]},{"type":"Polygon","arcs":[[-2521,2521,2522,2523,2524]]},{"type":"Polygon","arcs":[[-2524,2525,-2441,2526,2527]]},{"type":"Polygon","arcs":[[-239,-395,-2519,-2525,2528,2529,2530]]},{"type":"Polygon","arcs":[[2531,2532,2533,-2530,2534]]},{"type":"Polygon","arcs":[[2535,2536,2537,-244,-2531,-2534]]},{"type":"Polygon","arcs":[[-2494,2538,-2535,-2529,-2528,2539]]},{"type":"Polygon","arcs":[[2540,2541,2542,-2532,-2539,-2493,-2489,2543]]},{"type":"Polygon","arcs":[[2544,2545,2546,2547,2548,-2487]]},{"type":"Polygon","arcs":[[2549,-2544,2550,-2548]]},{"type":"Polygon","arcs":[[2551,2552,2553,2554]]},{"type":"Polygon","arcs":[[2555,2556,2557,2558]]},{"type":"Polygon","arcs":[[2559,2560,2561,2562]]},{"type":"Polygon","arcs":[[2563,2564,-2562,2565,2566,2567,2568]]},{"type":"Polygon","arcs":[[2569,2570,2571,2572,2573,-2563,-2565]]},{"type":"Polygon","arcs":[[2574,-2570,-2564,2575]]},{"type":"Polygon","arcs":[[2576,2577,-2571,-2575,2578]]},{"type":"Polygon","arcs":[[-2574,2579,2580,2581,-2560]]},{"type":"Polygon","arcs":[[2582,-255,2583,-2580,-2573]]},{"type":"Polygon","arcs":[[-2561,-2582,2584,2585,2586,2587,2588]]},{"type":"Polygon","arcs":[[-2586,-236,-2538,2589]]},{"type":"Polygon","arcs":[[-2588,2590,2591,2592]]},{"type":"Polygon","arcs":[[-2587,-2590,-2537,2593,-2591]]},{"type":"Polygon","arcs":[[-2592,-2594,-2536,-2533,-2543,2594]]},{"type":"Polygon","arcs":[[-2589,-2593,-2595,-2542,2595,-2566]]},{"type":"Polygon","arcs":[[-2581,-2584,-254,-232,-2585]]},{"type":"Polygon","arcs":[[2596,2597,2598,2599,2600]]},{"type":"Polygon","arcs":[[2601,2602,2603,2604,-2597,2605]]},{"type":"Polygon","arcs":[[2606,2607,2608,-2602,2609]]},{"type":"Polygon","arcs":[[2610,2611,2612,2613,2614,2615]]},{"type":"Polygon","arcs":[[2616,2617,-2600,-2611,2618]]},{"type":"Polygon","arcs":[[-2478,-2506,2619,2620,-2619,-2616,2621,2622]]},{"type":"Polygon","arcs":[[-2505,-2465,-2443,-2398,2623,2624,-2620]]},{"type":"Polygon","arcs":[[2625,2626,-2396,-2442]]},{"type":"Polygon","arcs":[[2627,2628,2629,2630,2631,-2624,-2397,-2627]]},{"type":"Polygon","arcs":[[2632,2633,2634,2635,-2632]]},{"type":"Polygon","arcs":[[-2522,-2520,-950,2636,2637,2638,2639]]},{"type":"Polygon","arcs":[[-2638,2640,2641,2642]]},{"type":"Polygon","arcs":[[-2641,-2637,-949,-946,2643,2644]]},{"type":"Polygon","arcs":[[-2642,-2645,2645,2646,2647,2648]]},{"type":"Polygon","arcs":[[-2639,-2643,-2649,-2628,2649]]},{"type":"Polygon","arcs":[[-2523,-2640,-2650,-2626,-2526]]},{"type":"Polygon","arcs":[[2650,-2460,2651,-2647]]},{"type":"Polygon","arcs":[[-2648,-2652,2652,2653,2654,-2629]]},{"type":"Polygon","arcs":[[2655,-1013,2656,2657,2658,2659]]},{"type":"Polygon","arcs":[[2660,-2660,2661,2662]]},{"type":"Polygon","arcs":[[2663,2664,2665,2666]]},{"type":"Polygon","arcs":[[2667,-2667,-2663,-2457,2668]]},{"type":"Polygon","arcs":[[-2659,2669,2670,2671]]},{"type":"Polygon","arcs":[[-2662,-2672,2672,2673,-2458]]},{"type":"Polygon","arcs":[[-2459,-2674,2674,2675,-2653]]},{"type":"Polygon","arcs":[[-2654,-2676,2676,2677,2678,2679]]},{"type":"Polygon","arcs":[[-2678,2680,-2608,2681]]},{"type":"Polygon","arcs":[[-2621,-2625,-2636,2682,-2617]]},{"type":"Polygon","arcs":[[2683,-2607,2684,-2634]]},{"type":"Polygon","arcs":[[2685,-2679,-2682,-2684,2686]]},{"type":"Polygon","arcs":[[2687,-2687,-2633,-2631]]},{"type":"Polygon","arcs":[[-2655,-2680,-2686,-2688,-2630]]},{"type":"Polygon","arcs":[[2688,2689,2690,2691]]},{"type":"Polygon","arcs":[[2692,2693,-2689,2694,2695]]},{"type":"Polygon","arcs":[[2696,-2598,-2605,2697,-2695,-2692,2698]]},{"type":"Polygon","arcs":[[2699,2700,-2693,2701]]},{"type":"Polygon","arcs":[[2702,-2702,-2696,-2698,-2604,2703]]},{"type":"Polygon","arcs":[[-2554,2704,2705,-66,2706]]},{"type":"Polygon","arcs":[[2707,2708,2709,-2700,2710]]},{"type":"Polygon","arcs":[[2711,2712]]},{"type":"Polygon","arcs":[[2713,2714,2715,-2711,-2703]]},{"type":"Polygon","arcs":[[-2716,2716,2717,2718,2719,-2708]]},{"type":"Polygon","arcs":[[2720,2721,2722,2723,2724]]},{"type":"Polygon","arcs":[[2725,2726,-2725,2727,-2719]]},{"type":"Polygon","arcs":[[2728,-2726,-2718,-2670]]},{"type":"Polygon","arcs":[[2729,2730,-2721,-2727,-2729,-2658]]},{"type":"Polygon","arcs":[[2731,2732,2733,2734]]},{"type":"Polygon","arcs":[[2735,2736,-2734,2737]]},{"type":"Polygon","arcs":[[2738,2739,2740,2741,2742]]},{"type":"Polygon","arcs":[[-2737,2743,2744,-2743,2745,-2735]]},{"type":"Polygon","arcs":[[2746,2747,-2738,-2733,2748,-2552,2749]]},{"type":"Polygon","arcs":[[2750,2751,2752,-2712,2753,-2750,-2555,-2707,-70,2754]]},{"type":"Polygon","arcs":[[2755,2756,2757,2758,2759,2760,2761]]},{"type":"Polygon","arcs":[[-2761,2762,2763]]},{"type":"Polygon","arcs":[[2764,2765,-2763,-2760,2766,-68]]},{"type":"Polygon","arcs":[[-67,-2706,2767,2768,-2756,2769,-2765]]},{"type":"Polygon","arcs":[[-2705,-2553,-2749,2770,2771,-2768]]},{"type":"Polygon","arcs":[[-2766,-2770,-2762,-2764]]},{"type":"Polygon","arcs":[[-2767,-2759,2772,2773,2774,2775,2776]]},{"type":"Polygon","arcs":[[2777,2778,2779]]},{"type":"Polygon","arcs":[[-2776,2780,2781,2782]]},{"type":"Polygon","arcs":[[2783,2784,-2782,2785,-2690]]},{"type":"Polygon","arcs":[[-2755,-69,-2777,-2783,-2785,2786]]},{"type":"Polygon","arcs":[[2787,-2751,-2787,-2784,-2694,-2701]]},{"type":"Polygon","arcs":[[-2657,-1012,2788,2789,-2730]]},{"type":"Polygon","arcs":[[-2731,-2790,2790,2791,2792,2793,-2722]]},{"type":"Polygon","arcs":[[-2793,2794,2795,2796]]},{"type":"Polygon","arcs":[[2797,2798,-2744,-2736,-2748,2799,2800]]},{"type":"Polygon","arcs":[[2801,2802,2803,-2739,-2745,-2799]]},{"type":"Polygon","arcs":[[2804,2805,-2740,-2804]]},{"type":"Polygon","arcs":[[2806,-2796,2807,2808,-2805,-2803,2809]]},{"type":"Polygon","arcs":[[2810,2811,-2810,-2802,-2798,2812,2813]]},{"type":"Polygon","arcs":[[-2813,-2801,2814]]},{"type":"Polygon","arcs":[[-2720,-2728,-2724,2815,-2811,-2709]]},{"type":"Polygon","arcs":[[-2794,-2797,-2807,-2812,-2816,-2723]]},{"type":"Polygon","arcs":[[-2814,2816,-2752,-2788,-2710]]},{"type":"Polygon","arcs":[[-2815,-2800,-2747,-2754,-2713,-2753,-2817]]},{"type":"Polygon","arcs":[[-2773,-2758,2817,2818,2819,2820,2821]]},{"type":"Polygon","arcs":[[-2757,-2769,2822,2823,2824,-2818]]},{"type":"Polygon","arcs":[[-2772,2825,2826,2827,-2823]]},{"type":"Polygon","arcs":[[-2771,2828,2829,2830,-2826]]},{"type":"Polygon","arcs":[[2831,2832,2833,2834,2835,2836,2837]]},{"type":"Polygon","arcs":[[2838,-2834,2839,-2830,2840]]},{"type":"Polygon","arcs":[[2841,2842,2843,-2835,-2839]]},{"type":"Polygon","arcs":[[2844,-2780,2845,-2843]]},{"type":"Polygon","arcs":[[2846,2847,2848,2849,2850,2851]]},{"type":"Polygon","arcs":[[2852,-2847,2853]]},{"type":"Polygon","arcs":[[2854,-2832,2855,-2854,-2852,2856,2857]]},{"type":"Polygon","arcs":[[2858,-2858,2859,-2820,2860,2861]]},{"type":"Polygon","arcs":[[-2833,-2855,-2859,2862,2863]]},{"type":"Polygon","arcs":[[2864,-2861,-2819,-2825]]},{"type":"Polygon","arcs":[[-2824,2865,-2862,-2865]]},{"type":"Polygon","arcs":[[-2828,2866,-2863,-2866]]},{"type":"Polygon","arcs":[[-2840,-2864,-2867,-2827,-2831]]},{"type":"Polygon","arcs":[[2867,2868,2869,-2732,-2746]]},{"type":"Polygon","arcs":[[2870,2871,2872,2873,2874,2875]]},{"type":"Polygon","arcs":[[2876,-2874,2877,2878,2879,2880]]},{"type":"Polygon","arcs":[[2881,-2881,2882,2883,2884]]},{"type":"Polygon","arcs":[[2885,2886,2887,-2883,-2880]]},{"type":"Polygon","arcs":[[2888,2889,2890,2891]]},{"type":"Polygon","arcs":[[2892,2893,-2806,-2809,2894]]},{"type":"Polygon","arcs":[[2895,2896,2897,2898,2899,2900,2901]]},{"type":"Polygon","arcs":[[2902,2903,-2898,2904]]},{"type":"Polygon","arcs":[[2905,2906,-2896,2907,2908,2909,-1134]]},{"type":"Polygon","arcs":[[2910,2911,2912]]},{"type":"Polygon","arcs":[[2913,2914,-2889,-2903,2915,-2911]]},{"type":"Polygon","arcs":[[-2907,-2912,-2916,-2905,-2897]]},{"type":"Polygon","arcs":[[2916,-2899,-2904,-2892,2917,-2871]]},{"type":"Polygon","arcs":[[-2266,-196,-190,2918,2919]]},{"type":"Polygon","arcs":[[2920,2921,-2878,-2873,2922]]},{"type":"Polygon","arcs":[[2923,2924,-2923,-2872,-2918]]},{"type":"Polygon","arcs":[[-2919,-189,2925,2926,2927,-2924,-2891]]},{"type":"Polygon","arcs":[[-2928,2928,-2921,-2925]]},{"type":"Polygon","arcs":[[2929,2930,-2887,2931]]},{"type":"Polygon","arcs":[[2932,-2932,-2886,-2879,-2922,-2929]]},{"type":"Polygon","arcs":[[2933,2934,-2930,-2933,-2927]]},{"type":"Polygon","arcs":[[2935,2936,-2934,-2926,-188]]},{"type":"Polygon","arcs":[[2937,2938,2939,-2936,-2214,-113]]},{"type":"Polygon","arcs":[[2940,2941,-2938,-119,-288]]},{"type":"Polygon","arcs":[[2942,2943,2944,-2941,-532]]},{"type":"Polygon","arcs":[[-1201,-1207,2945,-2943,-531]]},{"type":"Polygon","arcs":[[2946,2947,2948,-1147]]},{"type":"Polygon","arcs":[[2949,2950,-2944,-2946,2951,2952,2953,2954,2955]]},{"type":"Polygon","arcs":[[2956,2957,2958,-2950]]},{"type":"Polygon","arcs":[[2959,-2939,-2942,-2945,-2951,-2959,2960,2961]]},{"type":"Polygon","arcs":[[2962,2963,2964,2965,2966,-2431,2967]]},{"type":"Polygon","arcs":[[2968,-2961,-2958,2969,2970,2971]]},{"type":"Polygon","arcs":[[-2962,-2969,2972]]},{"type":"Polygon","arcs":[[-2937,-2940,-2960,-2973,-2972,2973,2974]]},{"type":"Polygon","arcs":[[-2975,2975,2976,-2931,-2935]]},{"type":"Polygon","arcs":[[2977,-2970,-2957,-2956]]},{"type":"Polygon","arcs":[[2978,2979,2980,2981,-2954,2982]]},{"type":"Polygon","arcs":[[-2948,-2983,-2953,2983]]},{"type":"Polygon","arcs":[[-1206,-1208,-1148,-2949,-2984,-2952]]},{"type":"Polygon","arcs":[[-1146,2984,2985,-2979,-2947]]},{"type":"Polygon","arcs":[[-2908,-2902,2986,2987]]},{"type":"Polygon","arcs":[[2988,-193,-2267,-2920,-2890,2989]]},{"type":"Polygon","arcs":[[2990,-1958,-194,-2989,2991]]},{"type":"Polygon","arcs":[[2992,2993,2994,2995,2996]]},{"type":"Polygon","arcs":[[2997,2998,2999,3000,-2995]]},{"type":"Polygon","arcs":[[3001,3002,3003,-2999]]},{"type":"Polygon","arcs":[[3004,3005,3006,3007,3008,3009]]},{"type":"Polygon","arcs":[[3010,3011,3012,-2964,3013]]},{"type":"Polygon","arcs":[[3014,3015,3016,3017,3018,3019,3020,-3006]]},{"type":"Polygon","arcs":[[3021,-2998,-2994,3022]]},{"type":"Polygon","arcs":[[3023,3024,3025]]},{"type":"Polygon","arcs":[[3026,-122,3027,3028,3029,3030,3031]]},{"type":"Polygon","arcs":[[-3015,-3005,3032,-3002,-3022,3033,-3024,3034,3035,3036,3037,3038]]},{"type":"Polygon","arcs":[[3039,-3016,-3039,3040]]},{"type":"Polygon","arcs":[[3041,3042,-3041,-3038,3043,3044,3045]]},{"type":"Polygon","arcs":[[3046,3047,-3044,-3037,3048,3049]]},{"type":"Polygon","arcs":[[3050,3051,-3045,-3048]]},{"type":"Polygon","arcs":[[3052,-3046,-3052,3053,3054]]},{"type":"Polygon","arcs":[[3055,-3054,-3051,-3047,3056]]},{"type":"Polygon","arcs":[[3057,-2977,3058,3059,-3055,-3056]]},{"type":"Polygon","arcs":[[3060,3061,3062,3063,3064,3065]]},{"type":"Polygon","arcs":[[3066,3067,-3061,3068,3069,-3017,-3040]]},{"type":"Polygon","arcs":[[3070,3071,3072,3073,3074]]},{"type":"Polygon","arcs":[[-3043,3075,3076,3077,-3067]]},{"type":"Polygon","arcs":[[3078,-3076,-3042,-3053,-3060,3079]]},{"type":"Polygon","arcs":[[-2976,-2974,3080,-3080,-3059]]},{"type":"Polygon","arcs":[[-3081,-2971,3081,3082,-3077,-3079]]},{"type":"Polygon","arcs":[[-2978,-2955,3083,3084,3085,3086,-3082]]},{"type":"Polygon","arcs":[[-3078,-3083,-3087,3087,-3068]]},{"type":"Polygon","arcs":[[3088,3089,3090,3091,-3065]]},{"type":"Polygon","arcs":[[-3086,3092,3093,3094,-3062,-3088]]},{"type":"Polygon","arcs":[[3095,-2201,3096,3097,3098,3099,-3063,-3095]]},{"type":"Polygon","arcs":[[3100,3101,3102,-3089,-3064,-3100]]},{"type":"Polygon","arcs":[[3103,3104,-3097,-2200]]},{"type":"Polygon","arcs":[[-3084,-2982,3105,3106,3107]]},{"type":"Polygon","arcs":[[3108,3109,3110,-3104,-2202,-3096,-3094]]},{"type":"Polygon","arcs":[[-3108,3111,-3109,-3093,-3085]]},{"type":"Polygon","arcs":[[3112,3113,3114,3115,3116,3117,3118]]},{"type":"Polygon","arcs":[[3119,3120,-123,-3027,3121,-3113]]},{"type":"Polygon","arcs":[[3122,-50,3123,-3028,-121,3124]]},{"type":"Polygon","arcs":[[3125,3126,3127,-124,-3121,3128]]},{"type":"Polygon","arcs":[[-3124,3129,3130,-3029]]},{"type":"Polygon","arcs":[[3131,-3114,-3122,-3032,3132,3133]]},{"type":"Polygon","arcs":[[3134,-3134,3135,3136]]},{"type":"Polygon","arcs":[[-3132,-3135,3137,-3115]]},{"type":"Polygon","arcs":[[-3021,3138,3139,3140,-3007]]},{"type":"Polygon","arcs":[[3141,3142,3143,3144,3145,3146,3147,-3140]]},{"type":"Polygon","arcs":[[3148,3149,3150,3151,-3146]]},{"type":"Polygon","arcs":[[-3018,-3070,3152,3153,-3144,3154]]},{"type":"Polygon","arcs":[[3155,-3142,-3139,-3020]]},{"type":"Polygon","arcs":[[-3155,-3143,-3156,-3019]]},{"type":"Polygon","arcs":[[3156,3157,3158,3159,-3151]]},{"type":"Polygon","arcs":[[3160,3161,3162,-3158]]},{"type":"Polygon","arcs":[[3163,3164,3165,-3162]]},{"type":"Polygon","arcs":[[3166,3167,3168,3169,-3165]]},{"type":"Polygon","arcs":[[3170,3171,3172,3173,3174,3175,3176]]},{"type":"Polygon","arcs":[[-3175,3177,3178,3179,3180,3181]]},{"type":"Polygon","arcs":[[3182,3183,-3176,-3182,3184]]},{"type":"Polygon","arcs":[[3185,-3185,-3181,3186,3187]]},{"type":"Polygon","arcs":[[-3187,-3180,3188,3189,3190]]},{"type":"Polygon","arcs":[[3191,-3091,3192,-3188,-3191,3193,-3149,-3145,-3154]]},{"type":"Polygon","arcs":[[-3190,3194,3195,-3157,-3150,-3194]]},{"type":"Polygon","arcs":[[-3196,3196,3197,-3167,-3164,-3161]]},{"type":"Polygon","arcs":[[-3195,-3189,-3179,3198,3199,-3197]]},{"type":"Polygon","arcs":[[-3178,-3174,3200,-3117,3201,-3199]]},{"type":"Polygon","arcs":[[-3173,3202,3203,-3118,-3201]]},{"type":"Polygon","arcs":[[3204,-3120,-3119,-3204]]},{"type":"Polygon","arcs":[[-3203,-3172,3205,-3129,-3205]]},{"type":"Polygon","arcs":[[-3102,3206,3207,-3177,-3184,3208]]},{"type":"Polygon","arcs":[[3209,3210,3211,-3207]]},{"type":"Polygon","arcs":[[3212,3213,-3126,-3206,-3171,-3208,-3212]]},{"type":"Polygon","arcs":[[3214,3215,-3127,-3214]]},{"type":"Polygon","arcs":[[3216,-3074,3217,3218,-3169]]},{"type":"Polygon","arcs":[[3219,-3075,-3217,-3168]]},{"type":"Polygon","arcs":[[3220,3221,-3220,-3198]]},{"type":"Polygon","arcs":[[3222,3223,3224,-3071,-3222]]},{"type":"Polygon","arcs":[[3225,3226,-3224]]},{"type":"Polygon","arcs":[[-3200,-3202,-3116,-3138,-3137,3227,3228,-3226,-3223,-3221]]},{"type":"Polygon","arcs":[[3229,3230,3231,3232]]},{"type":"Polygon","arcs":[[3233,3234,-3230,3235,3236,3237]]},{"type":"Polygon","arcs":[[-3238,3238,3239,3240,3241,3242]]},{"type":"Polygon","arcs":[[3243,3244,3245,-3240]]},{"type":"Polygon","arcs":[[3246,3247,3248,3249]]},{"type":"Polygon","arcs":[[-3246,-3247,3250,3251,3252,3253]]},{"type":"Polygon","arcs":[[-3241,-3254,3254,3255]]},{"type":"Polygon","arcs":[[-3236,-3233,3256,3257,3258,3259,3260]]},{"type":"Polygon","arcs":[[3261,3262,3263,3264,3265,-3259]]},{"type":"Polygon","arcs":[[3266,3267,3268,3269,3270,3271]]},{"type":"Polygon","arcs":[[3272,-3272,3273,3274,-345,3275,3276,3277,-2433]]},{"type":"Polygon","arcs":[[-3273,-2432,-2967,3278,-3267]]},{"type":"Polygon","arcs":[[3279,3280,-3268,-3279,-2966]]},{"type":"Polygon","arcs":[[-3280,-2965,-3013,3281,-457,3282,3283]]},{"type":"Polygon","arcs":[[3284,3285,-125,-3128,-3216,3286,3287]]},{"type":"Polygon","arcs":[[3288,-3125,-126,-3286,3289]]},{"type":"Polygon","arcs":[[-3289,3290,-207,3291,3292,3293,-51,-3123]]},{"type":"Polygon","arcs":[[3294,3295,3296,3297,-3292,-206,3298]]},{"type":"Polygon","arcs":[[3299,3300,3301,3302,-3299,-205,3303]]},{"type":"Polygon","arcs":[[3304,-3295,-3303,3305]]},{"type":"Polygon","arcs":[[3306,3307,3308,3309,3310,3311,-3301,3312]]},{"type":"Polygon","arcs":[[-3296,-3305,3313,3314,3315,3316,3317]]},{"type":"Polygon","arcs":[[3318,3319,-203,-3291,-3290,-3285]]},{"type":"Polygon","arcs":[[-3312,3320,-3314,-3306,-3302]]},{"type":"Polygon","arcs":[[3321,-38,3322,3323]]},{"type":"Polygon","arcs":[[3324,3325,3326,3327,3328,3329,3330,3331,3332,3333,3334,3335]]},{"type":"Polygon","arcs":[[-3099,3336,-3335,3337,-3210,-3101]]},{"type":"Polygon","arcs":[[3338,-3336,-3337,-3098,-3105,-3111]]},{"type":"Polygon","arcs":[[3339,3340,3341,3342]]},{"type":"Polygon","arcs":[[-3106,-2981,3343,3344,3345,3346,3347,-3343,3348]]},{"type":"Polygon","arcs":[[3349,3350,3351,3352]]},{"type":"Polygon","arcs":[[-3110,-3112,-3107,-3349,-3342,3353,-3325,-3339]]},{"type":"Polygon","arcs":[[-3341,3354,3355,3356,-3326,-3354]]},{"type":"Polygon","arcs":[[3357,-3327,-3357]]},{"type":"Polygon","arcs":[[3358,3359,3360,3361]]},{"type":"Polygon","arcs":[[3362,3363,3364,-3361,3365]]},{"type":"Polygon","arcs":[[3366,3367,-767,3368,3369]]},{"type":"Polygon","arcs":[[3370,3371,3372,3373]]},{"type":"Polygon","arcs":[[3374,3375,3376,3377,3378,-3371,3379,3380]]},{"type":"Polygon","arcs":[[-3380,-3374,3381,3382,-3350,3383]]},{"type":"Polygon","arcs":[[3384,3385,3386,-3382,-3373,3387]]},{"type":"Polygon","arcs":[[3388,-3381,-3384,-3353,3389,3390]]},{"type":"Polygon","arcs":[[3391,3392,3393,3394,3395]]},{"type":"Polygon","arcs":[[3396,3397,3398,3399]]},{"type":"Polygon","arcs":[[-3391,3400,3401,-3397,3402,3403]]},{"type":"Polygon","arcs":[[3404,3405,3406,3407,3408]]},{"type":"Polygon","arcs":[[3409,3410,3411,3412,3413,-768,-3368,3414]]},{"type":"Polygon","arcs":[[3415,-3351,-3383,-3387,3416,-3415,-3367]]},{"type":"Polygon","arcs":[[3417,3418,3419,3420,3421,3422]]},{"type":"Polygon","arcs":[[3423,-3423,3424]]},{"type":"Polygon","arcs":[[3425,-3418,-3424,3426,3427]]},{"type":"Polygon","arcs":[[3428,3429,-3419,-3426,3430]]},{"type":"Polygon","arcs":[[3431,3432,3433,-3257,-3232,3434,-1613,3435]]},{"type":"Polygon","arcs":[[3436,3437,3438,3439,3440,-1611,-1178]]},{"type":"Polygon","arcs":[[3441,3442,3443,-3440,3444]]},{"type":"Polygon","arcs":[[-3334,3445,-3213,-3211,-3338]]},{"type":"Polygon","arcs":[[3446,3447,3448,3449]]},{"type":"Polygon","arcs":[[3450,3451,3452,3453,3454]]},{"type":"Polygon","arcs":[[3455,3456,3457,3458,-3449,3459]]},{"type":"Polygon","arcs":[[3460,3461,3462]]},{"type":"Polygon","arcs":[[3463,3464,3465,3466,3467,3468]]},{"type":"Polygon","arcs":[[3469,-3464,3470,3471,3472]]},{"type":"Polygon","arcs":[[3473,-3468,3474,3475,3476,3477,3478,3479]]},{"type":"Polygon","arcs":[[3480,-3453,3481,3482,3483,-506,3484]]},{"type":"Polygon","arcs":[[3485,3486,-3485,-505,-567]]},{"type":"Polygon","arcs":[[3487,3488,3489,3490]]},{"type":"Polygon","arcs":[[3491,3492,3493,-3454,-3481,-3487]]},{"type":"Polygon","arcs":[[3494,3495,-3492,-3486,-566,3496]]},{"type":"Polygon","arcs":[[3497,3498,-3488,3499,-3495,3500]]},{"type":"Polygon","arcs":[[-3498,3501,3502]]},{"type":"Polygon","arcs":[[-3333,3503,-3287,-3215,-3446]]},{"type":"Polygon","arcs":[[-3501,-3497,-569,3504,3505]]},{"type":"Polygon","arcs":[[3506,3507,3508,-3502,-3506,3509,3510,3511]]},{"type":"Polygon","arcs":[[-3413,3512,-3507,3513]]},{"type":"Polygon","arcs":[[3514,-3401,-3390,-3352,-3416,-3370,3515,-3392]]},{"type":"Polygon","arcs":[[-3516,-3369,-766,3516,3517,3518,-3393]]},{"type":"Polygon","arcs":[[-765,3519,-3463,3520,3521,3522,-3517]]},{"type":"Polygon","arcs":[[-3514,-3512,3523,-3461,-3520,-764,-3414]]},{"type":"Polygon","arcs":[[3524,3525,3526,-29,-156]]},{"type":"Polygon","arcs":[[-3332,3527,-3319,-3288,-3504]]},{"type":"Polygon","arcs":[[-3307,3528,-3329]]},{"type":"Polygon","arcs":[[-3313,-3300,3529,-3330,-3529]]},{"type":"Polygon","arcs":[[-3331,-3530,-3304,-204,-3320,-3528]]},{"type":"Polygon","arcs":[[-36,3530,3531,-3445,-3439,3532,3533,3534]]},{"type":"Polygon","arcs":[[-3534,3535,3536,3537,3538]]},{"type":"Polygon","arcs":[[3539,-3537,3540,-3437,-1184,3541,3542,3543]]},{"type":"Polygon","arcs":[[3544,-3297,-3318,3545,-3538,-3540]]},{"type":"Polygon","arcs":[[-3298,-3545,-3544,3546,3547,-3293]]},{"type":"Polygon","arcs":[[-3294,-3548,3548,-47]]},{"type":"Polygon","arcs":[[-3549,-3547,-3543,3549,3550,3551,-48]]},{"type":"Polygon","arcs":[[3552,-3323,-37,-3535,-3539,-3546,-3317]]},{"type":"Polygon","arcs":[[-3533,-3438,-3541,-3536]]},{"type":"Polygon","arcs":[[-1614,-3435,-3231,-3235,3553,3554,-1180]]},{"type":"Polygon","arcs":[[3555,3556,-3554,-3234,3557]]},{"type":"Polygon","arcs":[[3558,3559,-3558,-3243,3560]]},{"type":"Polygon","arcs":[[3561,3562,3563,-2410,-347]]},{"type":"Polygon","arcs":[[3564,-3561,-3242,-3256,3565,3566]]},{"type":"Polygon","arcs":[[-3130,-49,3567,3568,3569,-3559,-3565,3570]]},{"type":"Polygon","arcs":[[3571,-3551,3572,-1182,3573,-3556,-3560,-3570,3574]]},{"type":"Polygon","arcs":[[-1181,-3555,-3557,-3574]]},{"type":"Polygon","arcs":[[-3550,-3542,-1183,-3573]]},{"type":"Polygon","arcs":[[-3572,3575,-3568,-3552]]},{"type":"Polygon","arcs":[[-3575,-3569,-3576]]},{"type":"Polygon","arcs":[[-3276,-349,3576,3577]]},{"type":"Polygon","arcs":[[3578,3579,-3277,-3578,3580]]},{"type":"Polygon","arcs":[[-3278,-3580,3581,3582]]},{"type":"Polygon","arcs":[[3583,-2434,-3583,3584]]},{"type":"Polygon","arcs":[[-3582,-3579,3585,3586,3587,3588]]},{"type":"Polygon","arcs":[[-3586,-3581,-3577,-2409,3589]]},{"type":"Polygon","arcs":[[3590,-3587,-3590,-2413,3591]]},{"type":"Polygon","arcs":[[-3585,-3589,3592,3593,3594,3595]]},{"type":"Polygon","arcs":[[-3594,3596,3597,3598]]},{"type":"Polygon","arcs":[[-3522,3599,3600,3601]]},{"type":"Polygon","arcs":[[3602,-3394,-3519,3603,-3405]]},{"type":"Polygon","arcs":[[3604,-3595,-3599,3605,3606]]},{"type":"Polygon","arcs":[[3607,3608,3609,3610,3611]]},{"type":"Polygon","arcs":[[3612,-3347,3613,-3610,3614,3615,3616]]},{"type":"Polygon","arcs":[[-3611,-3614,-3346,3617]]},{"type":"Polygon","arcs":[[-103,-111,3618,3619,3620,-3270,3621]]},{"type":"Polygon","arcs":[[-110,-145,3622,3623,-3619]]},{"type":"Polygon","arcs":[[-32,3624,3625,-143]]},{"type":"Polygon","arcs":[[-31,3626,3627,3628,3629,-3625]]},{"type":"Polygon","arcs":[[3630,-458,-3282,-3012,3631,3632]]},{"type":"Polygon","arcs":[[-3251,-3250,3633,3634,3635,-3633,3636,3637,3638]]},{"type":"Polygon","arcs":[[3639,-3638,3640,3641]]},{"type":"Polygon","arcs":[[-3252,-3639,-3640,3642,3643]]},{"type":"Polygon","arcs":[[3644,-3641,-3637,-3632,-3011,3645,3646,3647]]},{"type":"Polygon","arcs":[[3648,-3648,3649,3650]]},{"type":"Polygon","arcs":[[-3030,-3131,-3571,-3567,3651,-3643,-3642,-3645,-3649,3652]]},{"type":"Polygon","arcs":[[-3566,-3255,-3253,-3644,-3652]]},{"type":"Polygon","arcs":[[-3646,-3014,-2963,3653,3654]]},{"type":"Polygon","arcs":[[3655,-3650,-3647,-3655,3656]]},{"type":"Polygon","arcs":[[3657,3658,3659,3660,3661]]},{"type":"Polygon","arcs":[[3662,-3659,3663,3664]]},{"type":"Polygon","arcs":[[-3660,-3663,3665,-3364,3666,3667,3668,3669,3670,3671]]},{"type":"Polygon","arcs":[[3672,3673,3674,3675,3676,3677]]},{"type":"Polygon","arcs":[[3678,3679,3680,3681,3682,-3675]]},{"type":"Polygon","arcs":[[3683,3684,3685,3686]]},{"type":"Polygon","arcs":[[3687,3688,3689,3690]]},{"type":"Polygon","arcs":[[-3691,3691,3692,3693,3694]]},{"type":"Polygon","arcs":[[3695,3696,3697,-3678,3698,3699,-3263,3700]]},{"type":"Polygon","arcs":[[-3683,3701,3702,3703,-3676]]},{"type":"Polygon","arcs":[[-3682,3704,3705,-3702]]},{"type":"Polygon","arcs":[[-3703,-3706,3706,3707,3708,3709,3710]]},{"type":"Polygon","arcs":[[-3708,3711,3712,3713]]},{"type":"Polygon","arcs":[[-3707,-3705,-3681,3714,-3664,-3658,3715,-3712]]},{"type":"Polygon","arcs":[[-3362,-3365,-3666,-3665,-3715,-3680]]},{"type":"Polygon","arcs":[[-3434,3716,3717,-3701,-3262,-3258]]},{"type":"Polygon","arcs":[[3718,3719,3720,3721,-3696,-3718]]},{"type":"Polygon","arcs":[[3722,3723,3724]]},{"type":"Polygon","arcs":[[3725,3726,3727,3728]]},{"type":"Polygon","arcs":[[3729,3730,3731,3732,3733]]},{"type":"Polygon","arcs":[[-3733,3734,-3673,-3698,3735]]},{"type":"Polygon","arcs":[[-3732,3736,3737,-3359,-3679,-3674,-3735]]},{"type":"Polygon","arcs":[[3738,3739,3740,3741,3742]]},{"type":"Polygon","arcs":[[3743,-3734,-3736,-3697,-3722]]},{"type":"Polygon","arcs":[[-3563,3744,3745,3746,3747]]},{"type":"Polygon","arcs":[[-3728,3748,3749,3750,3751]]},{"type":"Polygon","arcs":[[-3564,3752,3753,3754,-2411]]},{"type":"Polygon","arcs":[[3755,3756,3757,-3723]]},{"type":"Polygon","arcs":[[3758,-3692,-3690,3759,3760,3761,-3724,-3758,3762,3763,3764]]},{"type":"Polygon","arcs":[[3765,3766,3767,3768,3769,3770]]},{"type":"Polygon","arcs":[[-3759,3771,3772,3773,3774,-3693]]},{"type":"Polygon","arcs":[[3775,3776,3777,3778,3779,3780]]},{"type":"Polygon","arcs":[[3781,3782,-3780,3783,3784,3785,3786]]},{"type":"Polygon","arcs":[[3787,3788,-3787,3789,3790,3791]]},{"type":"Polygon","arcs":[[3792,-3781,-3783]]},{"type":"Polygon","arcs":[[3793,3794,-3792,3795,3796,3797]]},{"type":"Polygon","arcs":[[3798,3799,-3798,3800,-3743]]},{"type":"Polygon","arcs":[[3801,3802,-3794,-3800]]},{"type":"Polygon","arcs":[[3803,3804,-3788,-3795,-3803]]},{"type":"Polygon","arcs":[[3805,3806,3807,-3741,3808,3809]]},{"type":"Polygon","arcs":[[3810,3811,-3807]]},{"type":"Polygon","arcs":[[3812,3813,3814,3815]]},{"type":"Polygon","arcs":[[3816,3817,3818,3819,3820,-3814]]},{"type":"Polygon","arcs":[[-3815,-3821,3821,3822,3823,3824,3825,3826]]},{"type":"Polygon","arcs":[[-3816,-3827,3827,3828,3829]]},{"type":"Polygon","arcs":[[3830,-3686,3831,3832,3833]]},{"type":"Polygon","arcs":[[3834,3835,-3832,-3685]]},{"type":"Polygon","arcs":[[3836,3837,3838,3839,3840,3841,3842]]},{"type":"Polygon","arcs":[[3843,3844,3845,-3822,3846]]},{"type":"Polygon","arcs":[[3847,-3844,3848,3849,3850,3851,3852]]},{"type":"Polygon","arcs":[[3853,3854,3855,3856,3857]]},{"type":"Polygon","arcs":[[3858,3859,3860,3861,3862,3863]]},{"type":"Polygon","arcs":[[3864,-3846,3865,-3864]]},{"type":"Polygon","arcs":[[-3845,-3848,3866,-3866]]},{"type":"Polygon","arcs":[[-3750,3867,3868,3869]]},{"type":"Polygon","arcs":[[-3853,3870,3871,-3859,-3867]]},{"type":"Polygon","arcs":[[3872,3873,3874,3875,3876]]},{"type":"Polygon","arcs":[[3877,3878,3879,-3825]]},{"type":"Polygon","arcs":[[3880,3881,-84,3882,3883,-3879]]},{"type":"Polygon","arcs":[[3884,3885,-3881,-3878,-3824]]},{"type":"Polygon","arcs":[[-3862,3886,-85,-3882,-3886,3887]]},{"type":"Polygon","arcs":[[-3861,3888,-81,-3887]]},{"type":"Polygon","arcs":[[-3860,-3872,3889,3890,-82,-3889]]},{"type":"Polygon","arcs":[[-3865,-3863,-3888,-3885,-3823]]},{"type":"Polygon","arcs":[[3891,3892,3893,3894,-3890]]},{"type":"Polygon","arcs":[[3895,3896,3897,3898,3899,3900,3901,3902]]},{"type":"Polygon","arcs":[[-3876,-3894,3903,3904,3905]]},{"type":"Polygon","arcs":[[3906,3907,3908,3909,3910]]},{"type":"Polygon","arcs":[[3911,-3901,3912,3913,-3908]]},{"type":"Polygon","arcs":[[-3900,3914,3915,-3913]]},{"type":"Polygon","arcs":[[3916,3917,-3902,-3912,-3907,3918,3919]]},{"type":"Polygon","arcs":[[3920,3921,3922,3923,3924,3925]]},{"type":"Polygon","arcs":[[3926,3927,-3903,-3918]]},{"type":"Polygon","arcs":[[3928,3929,3930,-3896,-3928]]},{"type":"Polygon","arcs":[[3931,3932,-3797,3933,3934,3935]]},{"type":"Polygon","arcs":[[3936,-3936,3937,3938,-3897,-3931]]},{"type":"Polygon","arcs":[[-3739,-3801,-3933,3939,3940]]},{"type":"Polygon","arcs":[[3941,3942,-3785,3943,3944]]},{"type":"Polygon","arcs":[[3945,3946,3947,-3790,-3786,-3943,3948]]},{"type":"Polygon","arcs":[[-3935,3949,-3947,3950,-3938]]},{"type":"Polygon","arcs":[[-3934,-3796,-3791,-3948,-3950]]},{"type":"Polygon","arcs":[[3951,3952,3953,3954,3955,-3945]]},{"type":"Polygon","arcs":[[3956,3957,3958,3959]]},{"type":"Polygon","arcs":[[3960,3961,3962,3963,3964,3965]]},{"type":"Polygon","arcs":[[-3955,3966,3967,-3923,3968]]},{"type":"Polygon","arcs":[[3969,-3949,-3942,-3956,-3969,-3922,3970]]},{"type":"Polygon","arcs":[[3971,3972,3973,3974,-3953,3975]]},{"type":"Polygon","arcs":[[-3954,-3975,3976,3977,3978,-3967]]},{"type":"Polygon","arcs":[[-3898,-3939,-3951,-3946,-3970,3979]]},{"type":"Polygon","arcs":[[3980,3981,3982,3983,3984,3985]]},{"type":"Polygon","arcs":[[3986,3987,3988,3989,3990]]},{"type":"Polygon","arcs":[[3991,-3964,3992,3993,3994,-3988]]},{"type":"Polygon","arcs":[[3995,3996,-3993,-3963]]},{"type":"Polygon","arcs":[[-3992,-3987,3997,3998,-3965]]},{"type":"Polygon","arcs":[[3999,4000,4001,4002]]},{"type":"Polygon","arcs":[[4003,4004,4005]]},{"type":"Polygon","arcs":[[4006,4007,-4006,4008,4009,4010,4011]]},{"type":"Polygon","arcs":[[4012,4013,-4004,-4008]]},{"type":"Polygon","arcs":[[-4005,-4014,4014,4015,4016,-3961,4017,4018,4019,-4009]]},{"type":"Polygon","arcs":[[4020,4021,-4015,-4013,-4007,4022]]},{"type":"Polygon","arcs":[[4023,4024,4025,-3996,-3962,-4017,4026]]},{"type":"Polygon","arcs":[[4027,-4027,-4016,-4022,4028,4029]]},{"type":"Polygon","arcs":[[4030,4031,-4024,-4028]]},{"type":"Polygon","arcs":[[4032,4033,4034,-3729,-3752,4035,-4031,-4030]]},{"type":"Polygon","arcs":[[4036,4037,-4035,4038]]},{"type":"Polygon","arcs":[[4039,4040,-4037,4041,4042]]},{"type":"Polygon","arcs":[[4043,-3910,4044,-4040,4045]]},{"type":"Polygon","arcs":[[4046,4047,4048,4049]]},{"type":"Polygon","arcs":[[-3909,-3914,-3916,4050,4051,4052,4053,4054,-3726,-4038,-4041,-4045]]},{"type":"Polygon","arcs":[[4055,-3924,-3968,-3979,4056,4057,-4053]]},{"type":"Polygon","arcs":[[-4052,4058,-3925,-4056]]},{"type":"Polygon","arcs":[[4059,4060,4061,-3994,-3997]]},{"type":"Polygon","arcs":[[-3727,-4055,4062,4063,-3868,-3749]]},{"type":"Polygon","arcs":[[4064,4065,-3977,-3974]]},{"type":"Polygon","arcs":[[-4063,-4054,-4058,4066,4067,4068,4069]]},{"type":"Polygon","arcs":[[4070,-4070,4071,4072]]},{"type":"Polygon","arcs":[[-4064,-4071,4073,-4060,4074]]},{"type":"Polygon","arcs":[[-3869,-4075,-4026,4075]]},{"type":"Polygon","arcs":[[-4025,-4032,-4036,-3751,-3870,-4076]]},{"type":"Polygon","arcs":[[4076,4077,-4050,4078,4079,4080]]},{"type":"Polygon","arcs":[[4081,-4080,4082,4083]]},{"type":"Polygon","arcs":[[4084,-4081,-4082,4085]]},{"type":"Polygon","arcs":[[4086,-4077,-4085,4087,4088,4089,4090]]},{"type":"Polygon","arcs":[[-4089,4091,-4000,4092]]},{"type":"Polygon","arcs":[[4093,4094,-4047,-4078,-4087]]},{"type":"Polygon","arcs":[[-4095,4095,4096,4097,4098,4099,4100,4101,4102,4103,4104,-4048]]},{"type":"Polygon","arcs":[[4105,4106,-4102]]},{"type":"Polygon","arcs":[[4107,-4090,-4093,4108,4109,4110]]},{"type":"Polygon","arcs":[[4111,-4072,4112,-4096,-4094,-4091,-4108]]},{"type":"Polygon","arcs":[[-4069,4113,-4097,-4113]]},{"type":"Polygon","arcs":[[4114,-4098,-4114,-4068]]},{"type":"Polygon","arcs":[[4115,4116,4117,-4100,4118,-4057]]},{"type":"Polygon","arcs":[[-4067,-4119,-4099,-4115]]},{"type":"Polygon","arcs":[[4119,4120,4121,4122,4123,-4118,4124]]},{"type":"Polygon","arcs":[[-171,4125,-4125,-4117,4126]]},{"type":"Polygon","arcs":[[4127,-4065,-3973]]},{"type":"Polygon","arcs":[[4128,4129,4130,4131,-4122]]},{"type":"Polygon","arcs":[[-4123,-4132,4132,4133,4134]]},{"type":"Polygon","arcs":[[-4101,-4124,-4135,4135,4136,-4106]]},{"type":"Polygon","arcs":[[4137,4138,-3958,4139,4140,-4129,-4121]]},{"type":"Polygon","arcs":[[-4107,-4137,4141,4142,4143,-4103]]},{"type":"Polygon","arcs":[[4144,4145,-4142,-4136,-4134]]},{"type":"Polygon","arcs":[[4146,4147,-4143,-4146,4148]]},{"type":"Polygon","arcs":[[4149,4150,4151,4152,-4147]]},{"type":"Polygon","arcs":[[4153,4154,-4150,-4149,-4145,-4133,-4131]]},{"type":"Polygon","arcs":[[-4155,4155,4156,4157,4158,-4151]]},{"type":"Polygon","arcs":[[-4141,4159,-4156,-4154,-4130]]},{"type":"Polygon","arcs":[[4160,4161,4162,4163,-4158,4164]]},{"type":"Polygon","arcs":[[4165,-4165,-4157,-4160,4166]]},{"type":"Polygon","arcs":[[4167,-3959,-4139,4168]]},{"type":"Polygon","arcs":[[-161,4169,4170,4171,4172,-4167,-4140,-3957,4173]]},{"type":"Polygon","arcs":[[-129,4174,4175,-4169,-4138,-4120,-4126,-170]]},{"type":"Polygon","arcs":[[4176,-162,-4174,-3960,-4168,-4176,4177]]},{"type":"Polygon","arcs":[[4178,-4178,-4175,-128,4179]]},{"type":"Polygon","arcs":[[-163,-4177,-4179,4180]]},{"type":"Polygon","arcs":[[4181,-131,-173,4182,-3778]]},{"type":"Polygon","arcs":[[4183,-164,-4181,-4180,-127,4184]]},{"type":"Polygon","arcs":[[4185,-4185,4186,4187,-3905]]},{"type":"Polygon","arcs":[[4188,-166,-165,-4184,-4186,-3904]]},{"type":"Polygon","arcs":[[4189,4190,4191,4192,4193]]},{"type":"Polygon","arcs":[[4194,4195,4196,-4190]]},{"type":"Polygon","arcs":[[-4197,4197,-4191]]},{"type":"Polygon","arcs":[[4198,4199,-4162,4200]]},{"type":"Polygon","arcs":[[4201,-4201,-4161,-4166,-4173]]},{"type":"Polygon","arcs":[[4202,4203,4204,4205,4206,4207,4208]]},{"type":"Polygon","arcs":[[4209,4210,4211]]},{"type":"Polygon","arcs":[[-4153,4212,-1586,4213,-219,-4210,4214,4215,-4144,-4148]]},{"type":"Polygon","arcs":[[4216,4217,4218,-1588,4219]]},{"type":"Polygon","arcs":[[-4152,-4159,4220,-4220,-1587,-4213]]},{"type":"Polygon","arcs":[[4221,4222,4223,4224,4225,4226,4227,-4218,4228]]},{"type":"Polygon","arcs":[[4229,-4229,-4217,-4221,-4164]]},{"type":"Polygon","arcs":[[-4163,-4200,4230,4231,-4222,-4230]]},{"type":"Polygon","arcs":[[4232,4233,-4223,-4232]]},{"type":"Polygon","arcs":[[4234,4235,-4224,-4234]]},{"type":"Polygon","arcs":[[4236,4237,4238,4239,4240]]},{"type":"Polygon","arcs":[[4241,4242,4243,4244]]},{"type":"Polygon","arcs":[[4245,4246,4247,4248,4249,4250,-4242]]},{"type":"Polygon","arcs":[[4251,4252,4253,4254,4255,-4249,4256]]},{"type":"Polygon","arcs":[[-4257,-4248,4257,4258,4259]]},{"type":"Polygon","arcs":[[4260,-2499,4261,-396,4262,4263]]},{"type":"Polygon","arcs":[[4264,4265,4266,4267,4268,-4255]]},{"type":"Polygon","arcs":[[4269,4270,4271,4272,4273,4274,4275]]},{"type":"Polygon","arcs":[[4276,4277,4278,-4275,4279,-4266]]},{"type":"Polygon","arcs":[[4280,4281,-4271,4282]]},{"type":"Polygon","arcs":[[-4282,4283,-4272]]},{"type":"Polygon","arcs":[[4284,4285,-4283,-4270,4286]]},{"type":"Polygon","arcs":[[-4277,-4265,-4254,4287,4288]]},{"type":"Polygon","arcs":[[-4280,-4274,4289,4290,4291,-4267]]},{"type":"Polygon","arcs":[[4292,4293,4294,4295,4296,4297,4298]]},{"type":"Polygon","arcs":[[4299,-4293,-4291]]},{"type":"Polygon","arcs":[[4300,4301,4302,4303,-4227]]},{"type":"Polygon","arcs":[[-4226,4304,4305,4306,-4301]]},{"type":"Polygon","arcs":[[-4225,-4236,4307,4308,4309,4310,-4305]]},{"type":"Polygon","arcs":[[-4311,4311,-180,4312]]},{"type":"Polygon","arcs":[[4313,-4241,4314,4315,4316]]},{"type":"Polygon","arcs":[[-216,-4214,-1585,4317,-4237,-4314,4318]]},{"type":"Polygon","arcs":[[-1584,-4219,-4228,-4304,-4238,-4318]]},{"type":"Polygon","arcs":[[4319,-399,4320,4321,4322]]},{"type":"Polygon","arcs":[[4323,-4323,4324,4325,4326,4327]]},{"type":"Polygon","arcs":[[-4319,-4317,-4328,4328,4329,-217]]},{"type":"Polygon","arcs":[[4330,4331,4332,4333]]},{"type":"Polygon","arcs":[[-4205,4334,-4211,-218,-4330,4335,4336]]},{"type":"Polygon","arcs":[[-4336,-4329,-4327,4337,-4331,4338]]},{"type":"Polygon","arcs":[[-4337,-4339,-4334,4339,4340,-4206]]},{"type":"Polygon","arcs":[[4341,4342,4343,4344,4345,4346,4347,4348]]},{"type":"Polygon","arcs":[[-4207,-4341,4349,-4349,4350,4351,4352]]},{"type":"Polygon","arcs":[[-4340,-4333,4353,4354,-4342,-4350]]},{"type":"Polygon","arcs":[[-4355,4355,4356,-4343]]},{"type":"Polygon","arcs":[[-4325,-4322,4357,4358,-4344,-4357,4359]]},{"type":"Polygon","arcs":[[-4326,-4360,-4356,-4354,-4332,-4338]]},{"type":"Polygon","arcs":[[-4208,-4353,4360]]},{"type":"Polygon","arcs":[[4361,4362,4363,4364,4365,4366,-174,-4312,-4310,4367]]},{"type":"Polygon","arcs":[[-4250,-4256,-4269,4368,-4298,4369,-4364,4370]]},{"type":"Polygon","arcs":[[4371,-4362,4372,4373,-4244]]},{"type":"Polygon","arcs":[[-4243,-4251,-4371,-4363,-4372]]},{"type":"Polygon","arcs":[[4374,4375,4376,4377,4378]]},{"type":"Polygon","arcs":[[4379,-4373,-4368,-4309,4380]]},{"type":"Polygon","arcs":[[-4292,-4299,-4369,-4268]]},{"type":"Polygon","arcs":[[-4316,4381,4382,-4263,-400,-4320,-4324]]},{"type":"Polygon","arcs":[[4383,4384,-4264,-4383,4385]]},{"type":"Polygon","arcs":[[4386,-4386,-4382,-4315,-4240]]},{"type":"Polygon","arcs":[[4387,-176,4388,4389,4390,-4378]]},{"type":"Polygon","arcs":[[4391,4392,4393,4394,-4347]]},{"type":"Polygon","arcs":[[4395,4396,4397,4398,-4392,-4346]]},{"type":"Polygon","arcs":[[-4345,-4359,4399,-4396]]},{"type":"Polygon","arcs":[[4400,-270,4401,4402,-4397,-4400,-4358]]},{"type":"Polygon","arcs":[[4403,4404,4405,-4393]]},{"type":"Polygon","arcs":[[-4404,-4399,4406,4407,4408,4409,4410]]},{"type":"Polygon","arcs":[[4411,4412,4413,-4408]]},{"type":"Polygon","arcs":[[4414,4415,-4412,-4407,-4398,-4403]]},{"type":"Polygon","arcs":[[4416,4417,4418,4419,-4413,-4416]]},{"type":"Polygon","arcs":[[-269,4420,4421,4422,-4417,-4415,-4402]]},{"type":"Polygon","arcs":[[4423,4424,4425,-3839]]},{"type":"Polygon","arcs":[[-4411,4426,4427,4428,4429,4430,4431,-4405]]},{"type":"Polygon","arcs":[[-4410,4432,4433,4434,-4427]]},{"type":"Polygon","arcs":[[-4409,-4414,-4420,4435,4436,-4433]]},{"type":"Polygon","arcs":[[-4419,4437,4438,4439,-4436]]},{"type":"Polygon","arcs":[[4440,-4296,4441,-4366]]},{"type":"Polygon","arcs":[[-4418,-4423,4442,4443,4444,-4438]]},{"type":"Polygon","arcs":[[-4422,4445,4446,4447,-4443]]},{"type":"Polygon","arcs":[[-4421,-268,4448,4449,-4446]]},{"type":"Polygon","arcs":[[4450,4451,-4449,-267,4452]]},{"type":"Polygon","arcs":[[-2503,4453,-4453,-266,4454]]},{"type":"Polygon","arcs":[[-4262,-2504,-4455,-265,4455,-397]]},{"type":"Polygon","arcs":[[-398,-4456,-271,-4401,-4321]]},{"type":"Polygon","arcs":[[4456,4457,4458,-4451,-4454,-2502]]},{"type":"Polygon","arcs":[[4459,-177,-4388,-4377]]},{"type":"Polygon","arcs":[[4460,4461,4462,-4390]]},{"type":"Polygon","arcs":[[4463,-4462,4464,4465]]},{"type":"Polygon","arcs":[[4466,-4391,-4463,-4464,4467,4468,4469]]},{"type":"Polygon","arcs":[[-4466,4470,4471,4472,4473,4474,-4468]]},{"type":"Polygon","arcs":[[4475,4476,4477,4478]]},{"type":"Polygon","arcs":[[4479,4480,4481,4482]]},{"type":"Polygon","arcs":[[-4478,4483,4484,4485,4486,4487,4488]]},{"type":"Polygon","arcs":[[4489,-4488,4490]]},{"type":"Polygon","arcs":[[4491,4492,4493,4494,-3837]]},{"type":"Polygon","arcs":[[4495,4496,4497]]},{"type":"Polygon","arcs":[[4498,4499,4500,4501,4502,-4476,4503]]},{"type":"Polygon","arcs":[[4504,4505,-3841,4506,4507,4508]]},{"type":"Polygon","arcs":[[4509,4510,-3842,-4506]]},{"type":"Polygon","arcs":[[4511,4512,-4492,-3843,-4511]]},{"type":"Polygon","arcs":[[4513,4514,-4512,-4510,-4505]]},{"type":"Polygon","arcs":[[4515,4516,-4493,-4513,-4515,4517,-606]]},{"type":"Polygon","arcs":[[-4261,-4385,4518,-4379,-4467,4519,-2500]]},{"type":"Polygon","arcs":[[-4297,-4441,-4365,-4370]]},{"type":"Polygon","arcs":[[4520,4521,4522,-4473]]},{"type":"Polygon","arcs":[[4523,4524,-4522]]},{"type":"Polygon","arcs":[[-4495,4525,4526,4527,-4424,-3838]]},{"type":"Polygon","arcs":[[-4517,4528,4529,4530,4531,-4526,-4494]]},{"type":"Polygon","arcs":[[-4303,4532,4533,-4375,-4519,-4384,-4387,-4239]]},{"type":"Polygon","arcs":[[-4302,-4307,4534,4535,-4533]]},{"type":"Polygon","arcs":[[-4536,4536,-178,-4460,-4376,-4534]]},{"type":"Polygon","arcs":[[-4535,-4306,-4313,-179,-4537]]},{"type":"Polygon","arcs":[[4537,4538,-4524,-4521,-4472,4539]]},{"type":"Polygon","arcs":[[4540,4541,4542,4543,4544,4545,4546,4547,4548,4549]]},{"type":"Polygon","arcs":[[4550,4551,4552,4553,4554]]},{"type":"Polygon","arcs":[[4555,4556,4557,-4554,4558,-4542]]},{"type":"Polygon","arcs":[[-4559,-4553,4559,4560,4561,-4543]]},{"type":"Polygon","arcs":[[-4555,-4558,4562,4563]]},{"type":"Polygon","arcs":[[4564,-4551,-4564,4565,4566]]},{"type":"Polygon","arcs":[[4567,-4566,-4563,-4557,4568]]},{"type":"Polygon","arcs":[[4569,4570,4571,4572]]},{"type":"Polygon","arcs":[[4573,4574,4575,4576,4577]]},{"type":"Polygon","arcs":[[4578,4579,-4547,4580,4581,-4571]]},{"type":"Polygon","arcs":[[4582,4583,-4581,-4546]]},{"type":"Polygon","arcs":[[4584,-4573,4585,4586,4587,4588]]},{"type":"Polygon","arcs":[[4589,-4589,4590,-4529]]},{"type":"Polygon","arcs":[[4591,4592,-4577,4593,4594]]},{"type":"Polygon","arcs":[[-4561,4595,4596,4597]]},{"type":"Polygon","arcs":[[4598,-4583,-4545]]},{"type":"Polygon","arcs":[[-4588,4599,4600,-4530,-4591]]},{"type":"Polygon","arcs":[[-4597,4601,-4578,-4593,4602]]},{"type":"Polygon","arcs":[[-4582,-4584,-4599,-4544,-4562,-4598,-4603,-4592,4603,4604,4605,4606,-4586,-4572]]},{"type":"Polygon","arcs":[[4607,4608,4609,4610]]},{"type":"Polygon","arcs":[[4611,4612,4613,4614,4615,4616,-603,4617]]},{"type":"Polygon","arcs":[[4618,4619,4620,4621,4622,4623,-4608,4624]]},{"type":"Polygon","arcs":[[4625,-4621,4626,4627]]},{"type":"Polygon","arcs":[[4628,4629,4630]]},{"type":"Polygon","arcs":[[4631,4632,-4627,-4620,4633]]},{"type":"Polygon","arcs":[[-4576,4634,4635,-4628,-4633,4636,4637,-4594]]},{"type":"Polygon","arcs":[[-4635,-4575,4638,4639,4640,4641]]},{"type":"Polygon","arcs":[[4642,-4622,-4626,-4636,-4642]]},{"type":"Polygon","arcs":[[-4624,4643,4644,4645,-4609]]},{"type":"Polygon","arcs":[[4646,4647,-4630,4648,-4605]]},{"type":"Polygon","arcs":[[-4643,-4641,4649,-4644,-4623]]},{"type":"Polygon","arcs":[[-4645,-4650,-4640,4650,4651]]},{"type":"Polygon","arcs":[[-4595,-4638,4652,-4647,-4604]]},{"type":"Polygon","arcs":[[4653,-4549,4654,4655,-604,-4617,4656]]},{"type":"Polygon","arcs":[[4657,-4657,-4616,4658]]},{"type":"Polygon","arcs":[[-4459,4659,4660,-4659,-4615,4661]]},{"type":"Polygon","arcs":[[-607,-4518,-4514,-4509,-4501,4662]]},{"type":"Polygon","arcs":[[-602,-4663,-4500,4663,-4618]]},{"type":"Polygon","arcs":[[-4612,-4664,-4499,4664,4665,4666]]},{"type":"Polygon","arcs":[[-4613,-4667,4667]]},{"type":"Polygon","arcs":[[-605,-4656,4668,-4579,-4570,-4585,-4590,-4516]]},{"type":"Polygon","arcs":[[-4662,-4614,-4668,-4666,4669,-4452]]},{"type":"Polygon","arcs":[[-4655,-4548,-4580,-4669]]},{"type":"Polygon","arcs":[[4670,4671,4672,4673,4674,4675,4676,4677]]},{"type":"Polygon","arcs":[[4678,-4672,4679,4680,4681,4682,4683,-4425,-4528]]},{"type":"Polygon","arcs":[[-4671,4684,4685,-4680]]},{"type":"Polygon","arcs":[[4686,4687,4688]]},{"type":"Polygon","arcs":[[-4678,4689,4690,-4685]]},{"type":"Polygon","arcs":[[4691,-4681,-4686,-4691,4692,-4687,4693]]},{"type":"Polygon","arcs":[[4694,4695,-4675,4696]]},{"type":"Polygon","arcs":[[4697,4698,-4697,-4674,4699,4700]]},{"type":"Polygon","arcs":[[-4532,4701,-4700,-4673,-4679,-4527]]},{"type":"Polygon","arcs":[[4702,4703,4704,-4695,-4699]]},{"type":"Polygon","arcs":[[-4676,-4696,-4705,4705,4706]]},{"type":"Polygon","arcs":[[-4531,-4601,4707,-4701,-4702]]},{"type":"Polygon","arcs":[[4708,4709,4710,-4484,-4477,-4503]]},{"type":"Polygon","arcs":[[4711,4712,4713,-4688,-4693]]},{"type":"Polygon","arcs":[[4714,4715,4716,4717,4718]]},{"type":"Polygon","arcs":[[4719,-4689,-4714,4720,4721]]},{"type":"Polygon","arcs":[[4722,4723,4724]]},{"type":"Polygon","arcs":[[-4711,4725,4726,-4485]]},{"type":"Polygon","arcs":[[-4434,-4437,-4440,4727,-4496,4728]]},{"type":"Polygon","arcs":[[4729,-4694,-4720,4730]]},{"type":"Polygon","arcs":[[4731,4732,4733]]},{"type":"Polygon","arcs":[[-4431,4734,-4732,4735,4736]]},{"type":"Polygon","arcs":[[4737,4738,4739,4740,4741,4742,4743,4744]]},{"type":"Polygon","arcs":[[-2614,4745,4746]]},{"type":"Polygon","arcs":[[4747,4748,4749,4750,4751,4752,4753,-4745,4754]]},{"type":"Polygon","arcs":[[4755,4756,-4750,-2452]]},{"type":"Polygon","arcs":[[4757,4758,4759,4760,4761]]},{"type":"Polygon","arcs":[[4762,4763,4764,-4751,-4757]]},{"type":"Polygon","arcs":[[4765,4766,4767,-4752,-4765]]},{"type":"Polygon","arcs":[[4768,4769,4770,-4753,-4768,4771]]},{"type":"Polygon","arcs":[[4772,-4772,-4767]]},{"type":"Polygon","arcs":[[-4766,-4764,4773,4774,4775,-4769,-4773]]},{"type":"Polygon","arcs":[[4776,4777,4778,-4775]]},{"type":"Polygon","arcs":[[4779,4780,4781,-2474,-2480]]},{"type":"Polygon","arcs":[[-4782,-4777,-4774,-4763,-4756,-2451,-2475]]},{"type":"Polygon","arcs":[[-4780,-2479,-2623,4782]]},{"type":"Polygon","arcs":[[-4783,-2622,-2615,-4747,4783,-4778,-4781]]},{"type":"Polygon","arcs":[[-2613,4784,4785,4786,-4758,4787,-4779,-4784,-4746]]},{"type":"Polygon","arcs":[[4788,4789,4790,4791,4792]]},{"type":"Polygon","arcs":[[4793,4794,-4738,-4754,-4771]]},{"type":"Polygon","arcs":[[-4788,-4762,4795,-4794,-4770,-4776]]},{"type":"Polygon","arcs":[[-4796,-4761,4796,-4739,-4795]]},{"type":"Polygon","arcs":[[4797,-3833,-3836,4798]]},{"type":"Polygon","arcs":[[4799,4800,-4798,4801]]},{"type":"Polygon","arcs":[[4802,4803,4804,-4800]]},{"type":"Polygon","arcs":[[4805,4806,4807,4808,-4804]]},{"type":"Polygon","arcs":[[4809,-4802,-4799,-3835,-3684,-4741]]},{"type":"Polygon","arcs":[[4810,4811,-4806,-4803,-4810,-4740]]},{"type":"Polygon","arcs":[[4812,-4811,-4797,-4760,4813,4814,4815,4816]]},{"type":"Polygon","arcs":[[-2691,4817,4818,4819]]},{"type":"Polygon","arcs":[[-2699,-4820,4820,4821]]},{"type":"Polygon","arcs":[[-4814,-4759,-4787,4822,-4821,-4819,4823,4824,4825]]},{"type":"Polygon","arcs":[[-4824,4826,4827,4828,4829,4830]]},{"type":"Polygon","arcs":[[-4831,4831,-4816,4832,-4825]]},{"type":"Polygon","arcs":[[-2786,4833,-4827,-4818]]},{"type":"Polygon","arcs":[[4834,4835,4836,4837,4838]]},{"type":"Polygon","arcs":[[4839,4840,4841,4842,4843,-4835]]},{"type":"Polygon","arcs":[[4844,-4817,-4832,-4830,4845,-4842]]},{"type":"Polygon","arcs":[[-4829,4846,4847,-4843,-4846]]},{"type":"Polygon","arcs":[[4848,-4841,4849,-4808]]},{"type":"Polygon","arcs":[[4850,4851,4852,4853,4854,4855]]},{"type":"Polygon","arcs":[[-4840,-4839,4856,-3850,4857,-4850]]},{"type":"Polygon","arcs":[[-4812,-4813,-4845,-4849,-4807]]},{"type":"Polygon","arcs":[[-4826,-4833,-4815]]},{"type":"Polygon","arcs":[[4858,4859,4860,4861]]},{"type":"Polygon","arcs":[[4862,4863,4864]]},{"type":"Polygon","arcs":[[4865,4866,4867,4868,-4865,4869,-4861]]},{"type":"Polygon","arcs":[[4870,4871,4872,-4863,-4869]]},{"type":"Polygon","arcs":[[4873,4874,4875,4876,4877,4878]]},{"type":"Polygon","arcs":[[4879,4880,4881,4882]]},{"type":"Polygon","arcs":[[4883,4884,4885,4886]]},{"type":"Polygon","arcs":[[4887,4888,-4879,4889]]},{"type":"Polygon","arcs":[[4890,4891,4892]]},{"type":"Polygon","arcs":[[4893,4894,4895,4896,4897,4898]]},{"type":"Polygon","arcs":[[4899,4900,4901,-4899,4902,-4875]]},{"type":"Polygon","arcs":[[4903,-4891,4904,4905,4906]]},{"type":"Polygon","arcs":[[4907,4908,4909]]},{"type":"Polygon","arcs":[[4910,4911,4912,4913]]},{"type":"Polygon","arcs":[[-4913,4914,-4908,4915]]},{"type":"Polygon","arcs":[[4916,-4909,-4915,-4912,4917,4918,4919,4920,4921,4922]]},{"type":"Polygon","arcs":[[-4921,4923,4924,4925,4926]]},{"type":"Polygon","arcs":[[4927,4928,-4922,-4927,4929]]},{"type":"Polygon","arcs":[[4930,4931,4932,4933,4934,4935,4936]]},{"type":"Polygon","arcs":[[-4930,-4926,4937,4938,4939]]},{"type":"Polygon","arcs":[[4940,-4859,4941,4942]]},{"type":"Polygon","arcs":[[4943,4944,-4866,-4860,-4941]]},{"type":"Polygon","arcs":[[4945,4946,-4896,4947,-4871,-4868]]},{"type":"Polygon","arcs":[[4948,4949,-4897,-4947]]},{"type":"Polygon","arcs":[[4950,-4876,-4903,-4898,-4950]]},{"type":"Polygon","arcs":[[4951,4952,4953,4954]]},{"type":"Polygon","arcs":[[4955,4956,4957,-4901]]},{"type":"Polygon","arcs":[[4958,-4906,4959,-3855,4960,-3851,-4857,-4838]]},{"type":"Polygon","arcs":[[-4837,4961,4962,-4923,-4929,4963,-4907,-4959]]},{"type":"Polygon","arcs":[[4964,4965,4966,4967,4968,4969,4970,4971]]},{"type":"Polygon","arcs":[[4972,4973,-4971,4974,4975]]},{"type":"Polygon","arcs":[[-4885,4976,4977,4978,-4976,4979]]},{"type":"Polygon","arcs":[[-4973,-4979,4980,4981,-4935,4982]]},{"type":"Polygon","arcs":[[-4983,-4934,4983,-4972,-4974]]},{"type":"Polygon","arcs":[[4984,4985,4986,4987,4988,4989,4990,4991]]},{"type":"Polygon","arcs":[[4992,4993,4994,-4988]]},{"type":"Polygon","arcs":[[4995,4996,4997,-4989,-4995]]},{"type":"Polygon","arcs":[[4998,4999,-4936,-4982,5000,-4997]]},{"type":"Polygon","arcs":[[-4990,-4998,-5001,-4981,-4978,5001]]},{"type":"Polygon","arcs":[[-4991,-5002,-4977,-4884]]},{"type":"Polygon","arcs":[[5002,5003,5004,5005]]},{"type":"Polygon","arcs":[[5006,5007,5008,5009,-5004]]},{"type":"Polygon","arcs":[[5010,5011,-5006,5012]]},{"type":"Polygon","arcs":[[5013,5014,5015,5016,5017,5018]]},{"type":"Polygon","arcs":[[5019,5020,-4986,5021,5022]]},{"type":"Polygon","arcs":[[5023,-4993,-4987,-5021,5024]]},{"type":"Polygon","arcs":[[5025,5026,5027,-5024,5028,5029]]},{"type":"Polygon","arcs":[[5030,5031,5032,-5026,5033]]},{"type":"Polygon","arcs":[[5034,5035,5036,-5032]]},{"type":"Polygon","arcs":[[-5031,5037,5038,5039,-5035]]},{"type":"Polygon","arcs":[[5040,5041,5042,5043,5044]]},{"type":"Polygon","arcs":[[5045,5046,5047,-5041,5048]]},{"type":"Polygon","arcs":[[-5037,5049,-5046,5050]]},{"type":"Polygon","arcs":[[5051,5052,5053,5054,5055,5056]]},{"type":"Polygon","arcs":[[5057,5058,-5052,5059,-4965,-4984,-4933]]},{"type":"Polygon","arcs":[[-4931,5060,-5044,5061,5062,5063]]},{"type":"Polygon","arcs":[[-5064,5064,-5058,-4932]]},{"type":"Polygon","arcs":[[5065,5066,-4966,-5060,-5057]]},{"type":"Polygon","arcs":[[-5065,-5063,5067,5068,-5053,-5059]]},{"type":"Polygon","arcs":[[5069,5070,-4937,-5000]]},{"type":"Polygon","arcs":[[5071,5072,5073,-5070,-4999,-4996]]},{"type":"Polygon","arcs":[[-5028,5074,-5072,-4994]]},{"type":"Polygon","arcs":[[-5051,5075,-5073,-5075,-5027,-5033]]},{"type":"Polygon","arcs":[[-5049,-5045,-5061,-5071,-5074,-5076]]},{"type":"Polygon","arcs":[[5076,5077,-4919,5078]]},{"type":"Polygon","arcs":[[5079,5080,5081,-5054,-5069,5082]]},{"type":"Polygon","arcs":[[5083,5084,5085,5086]]},{"type":"Polygon","arcs":[[5087,5088,5089,5090,5091,5092,5093,5094]]},{"type":"Polygon","arcs":[[5095,5096,-5087,5097,5098]]},{"type":"Polygon","arcs":[[5099,5100,5101]]},{"type":"Polygon","arcs":[[5102,-5067,5103,-5101,-5099,5104]]},{"type":"Polygon","arcs":[[5105,5106,5107,-5096,-5100]]},{"type":"Polygon","arcs":[[-5066,-5056,5108,-5102,-5104]]},{"type":"Polygon","arcs":[[-5082,5109,-5106,-5109,-5055]]},{"type":"Polygon","arcs":[[5110,5111,5112,-5105,-5098,-5086,5113,5114,5115,5116]]},{"type":"Polygon","arcs":[[5117,-5115,5118]]},{"type":"Polygon","arcs":[[5119,-5117,5120]]},{"type":"Polygon","arcs":[[-5111,-5120,5121,5122]]},{"type":"Polygon","arcs":[[5123,5124,-5122,-5121,5125]]},{"type":"Polygon","arcs":[[5126,-5124,5127,5128]]},{"type":"Polygon","arcs":[[5129,-5129,5130,-4969]]},{"type":"Polygon","arcs":[[-5103,-5113,5131,-4967]]},{"type":"Polygon","arcs":[[-5132,-5112,-5123,-5125,-5127,-5130,-4968]]},{"type":"Polygon","arcs":[[5132,5133,5134,5135,5136]]},{"type":"Polygon","arcs":[[5137,5138,5139,5140]]},{"type":"Polygon","arcs":[[5141,5142,5143,5144]]},{"type":"Polygon","arcs":[[5145,5146,5147,5148]]},{"type":"Polygon","arcs":[[5149,-3000,-3004,5150,5151,5152,-5146]]},{"type":"Polygon","arcs":[[5153,-2996,-3001,-5150,-5149,5154]]},{"type":"Polygon","arcs":[[5155,5156,5157,5158,-5133]]},{"type":"Polygon","arcs":[[5159,5160,5161,-5158]]},{"type":"Polygon","arcs":[[-5136,5162,5163,5164,5165]]},{"type":"Polygon","arcs":[[-5162,5166,5167,5168,-5134,-5159]]},{"type":"Polygon","arcs":[[5169,5170,5171,-5160,-5157,5172]]},{"type":"Polygon","arcs":[[5173,5174,5175,5176,-5171,5177]]},{"type":"Polygon","arcs":[[-5169,5178,-5163,-5135]]},{"type":"Polygon","arcs":[[5179,5180,5181,5182]]},{"type":"Polygon","arcs":[[5183,5184,5185,5186,-5167,-5161]]},{"type":"Polygon","arcs":[[5187,5188,5189,-5186]]},{"type":"Polygon","arcs":[[-5187,-5190,5190,5191,5192,-5179,-5168]]},{"type":"Polygon","arcs":[[5193,5194,5195,5196,5197,5198,5199,5200]]},{"type":"Polygon","arcs":[[5201,-5200,5202,5203]]},{"type":"Polygon","arcs":[[-5197,5204,5205]]},{"type":"Polygon","arcs":[[-5196,5206,5207,-5205]]},{"type":"Polygon","arcs":[[5208,5209,5210,5211]]},{"type":"Polygon","arcs":[[5212,5213,5214,-5209,5215]]},{"type":"Polygon","arcs":[[5216,5217,-5214,5218]]},{"type":"Polygon","arcs":[[-4954,5219,5220,5221,-5217]]},{"type":"Polygon","arcs":[[-5222,5222,5223,-5210,-5215,-5218]]},{"type":"Polygon","arcs":[[5224,-4955,-5219,-5213,5225,5226,5227,-5139]]},{"type":"Polygon","arcs":[[5228,-4952,-5225,-5138,5229,5230]]},{"type":"Polygon","arcs":[[-5229,5231,5232,5233,5234,5235]]},{"type":"Polygon","arcs":[[-5236,5236,-5220,-4953]]},{"type":"Polygon","arcs":[[5237,-5233,5238]]},{"type":"Polygon","arcs":[[-4748,5239,-5234,-5238,5240]]},{"type":"Polygon","arcs":[[-5237,-5235,-5240,-4755,-4744,5241]]},{"type":"Polygon","arcs":[[-4742,-3687,-3831,-5224,5242]]},{"type":"Polygon","arcs":[[-5242,-4743,-5243,-5223,-5221]]},{"type":"Polygon","arcs":[[5243,5244,5245,5246,5247,5248]]},{"type":"Polygon","arcs":[[5249,5250,5251,5252,5253]]},{"type":"Polygon","arcs":[[5254,5255,5256,5257,5258,-5252]]},{"type":"Polygon","arcs":[[-5247,5259,5260,-5257,5261]]},{"type":"Polygon","arcs":[[-5256,5262,5263,5264,-5248,-5262]]},{"type":"Polygon","arcs":[[5265,5266,-5249,-5265]]},{"type":"Polygon","arcs":[[5267,5268,-5266,-5264,5269]]},{"type":"Polygon","arcs":[[5270,5271,5272,5273,5274,5275]]},{"type":"Polygon","arcs":[[5276,5277,5278,-5274]]},{"type":"Polygon","arcs":[[5279,-5254,5280,-5278]]},{"type":"Polygon","arcs":[[5281,5282,5283,-5250,-5280,-5277,-5273]]},{"type":"Polygon","arcs":[[5284,5285,5286,5287,-5283,5288]]},{"type":"Polygon","arcs":[[5289,-5289,-5282,-5272,5290,5291,5292]]},{"type":"Polygon","arcs":[[5293,5294,5295,-5285,-5290,5296,5297]]},{"type":"Polygon","arcs":[[5298,5299,5300,5301,-5286,-5296]]},{"type":"Polygon","arcs":[[5302,5303,5304,5305,-5301]]},{"type":"Polygon","arcs":[[-5304,5306,5307,-4715,5308]]},{"type":"Polygon","arcs":[[5309,5310,-3819,5311,5312,5313,-4717]]},{"type":"Polygon","arcs":[[5314,5315,-5313,5316,-5268]]},{"type":"Polygon","arcs":[[5317,-4718,-5314,-5316,5318]]},{"type":"Polygon","arcs":[[-5288,5319,5320,-5319,-5315,5321]]},{"type":"Polygon","arcs":[[-5255,-5251,-5284,-5322,-5270,-5263]]},{"type":"Polygon","arcs":[[-5302,-5306,5322,-5320,-5287]]},{"type":"Polygon","arcs":[[-5305,-5309,-4719,-5318,-5321,-5323]]},{"type":"Polygon","arcs":[[5323,-5017,5324,5325]]},{"type":"Polygon","arcs":[[5326,5327,5328,5329]]},{"type":"Polygon","arcs":[[5330,5331,5332,5333,-5328]]},{"type":"Polygon","arcs":[[5334,5335,5336,5337,5338]]},{"type":"Polygon","arcs":[[-5338,5339,5340,5341,5342]]},{"type":"Polygon","arcs":[[5343,-5330,5344,-5342]]},{"type":"Polygon","arcs":[[5345,-5335,5346,5347,5348]]},{"type":"Polygon","arcs":[[5349,-5349,5350,5351,5352,5353]]},{"type":"Polygon","arcs":[[5354,5355,-5336,-5346,-5350,5356]]},{"type":"Polygon","arcs":[[5357,-5353,5358,5359]]},{"type":"Polygon","arcs":[[5360,5361,-5357,-5354,-5358,5362]]},{"type":"Polygon","arcs":[[5363,-5275,-5279,5364,-5361,5365,5366]]},{"type":"Polygon","arcs":[[-5281,5367,5368,-5362,-5365]]},{"type":"Polygon","arcs":[[5369,-5368,-5253,-5259,5370]]},{"type":"Polygon","arcs":[[-5371,-5258,-5261,5371,5372,5373]]},{"type":"Polygon","arcs":[[5374,5375,5376,5377,-5373]]},{"type":"Polygon","arcs":[[-5260,5378,-5375,-5372]]},{"type":"Polygon","arcs":[[-5379,-5246,5379,5380,-5376]]},{"type":"Polygon","arcs":[[-5245,5381,5382,5383,-5380]]},{"type":"Polygon","arcs":[[5384,5385,5386,5387,-5383]]},{"type":"Polygon","arcs":[[5388,5389,5390,5391,-5386]]},{"type":"Polygon","arcs":[[-5388,5392,5393,5394,-5341,5395,5396]]},{"type":"Polygon","arcs":[[5397,-3810,-5331,-5327,-5344,-5395]]},{"type":"Polygon","arcs":[[5398,-3811,-3806,-5398,-5394]]},{"type":"Polygon","arcs":[[-5387,-5392,5399,5400,-5399,-5393]]},{"type":"Polygon","arcs":[[5401,-5396,-5340,-5337,5402]]},{"type":"Polygon","arcs":[[-5378,5403,-5403,-5356,5404]]},{"type":"Polygon","arcs":[[-5377,-5381,-5384,-5397,-5402,-5404]]},{"type":"Polygon","arcs":[[-5369,-5370,-5374,-5405,-5355]]},{"type":"Polygon","arcs":[[5405,5406,5407,-4042,-4039,-4034,5408]]},{"type":"Polygon","arcs":[[5409,5410,5411,5412,5413,5414,5415]]},{"type":"Polygon","arcs":[[5416,5417,-4046,-4043,-5408,5418]]},{"type":"Polygon","arcs":[[-5359,-5352,5419,5420,5421]]},{"type":"Polygon","arcs":[[-5351,-5348,5422,5423,-5420]]},{"type":"Polygon","arcs":[[-5347,5424,5425,5426,5427,-5423]]},{"type":"Polygon","arcs":[[-5339,5428,5429,-5425]]},{"type":"Polygon","arcs":[[-5343,-5345,5430,5431,-5429]]},{"type":"Polygon","arcs":[[5432,-3927,-3917,5433,5434]]},{"type":"Polygon","arcs":[[-5329,-5334,-3929,-5433,-5431]]},{"type":"Polygon","arcs":[[5435,-5434,-3920,5436,5437]]},{"type":"Polygon","arcs":[[5438,-5438,5439,5440,5441]]},{"type":"Polygon","arcs":[[-5430,5442,5443,-5426]]},{"type":"Polygon","arcs":[[-5432,-5435,-5436,-5439,5444,-5443]]},{"type":"Polygon","arcs":[[5445,-5230,5446,5447,5448]]},{"type":"Polygon","arcs":[[-5447,-5141,5449,5450,5451,5452]]},{"type":"Polygon","arcs":[[5453,5454,5455,-5449,5456]]},{"type":"Polygon","arcs":[[5457,5458,5459,5460,5461]]},{"type":"Polygon","arcs":[[5462,5463,5464,5465,-5460]]},{"type":"Polygon","arcs":[[-5466,5466,-5454,5467,-5461]]},{"type":"Polygon","arcs":[[5468,5469,5470,5471,5472,-5463,-5459,5473]]},{"type":"Polygon","arcs":[[5474,5475,5476,-5472]]},{"type":"Polygon","arcs":[[-5477,5477,-5464,-5473]]},{"type":"Polygon","arcs":[[-2470,-2426,-2464,5478,-5470,5479]]},{"type":"Polygon","arcs":[[5480,-2472,5481,5482]]},{"type":"Polygon","arcs":[[-5482,-2471,-5480,-5469,5483]]},{"type":"Polygon","arcs":[[5484,5485,-5475,-5471]]},{"type":"Polygon","arcs":[[5486,5487,-5298,5488,5489]]},{"type":"Polygon","arcs":[[5490,-5485,-5479,-2463,-2455,-2448,-2453,-4749,-5241,5491]]},{"type":"Polygon","arcs":[[-5456,5492,-5492,-5239,-5232,-5231,-5446]]},{"type":"Polygon","arcs":[[-5467,-5465,-5478,-5476,-5486,-5491,-5493,-5455]]},{"type":"Polygon","arcs":[[5493,5494,5495,5496,5497]]},{"type":"Polygon","arcs":[[5498,-5366,-5363,5499,-5494,5500]]},{"type":"Polygon","arcs":[[-5500,-5360,5501,5502,-5495]]},{"type":"Polygon","arcs":[[5503,5504,5505,-5497,5506,5507]]},{"type":"Polygon","arcs":[[5508,5509,5510,5511,5512]]},{"type":"Polygon","arcs":[[5513,5514,5515,5516,-5509]]},{"type":"Polygon","arcs":[[-5018,-5324,5517,5518,5519]]},{"type":"Polygon","arcs":[[5520,5521,5522,-5516,5523]]},{"type":"Polygon","arcs":[[5524,5525,-5501,-5498,-5506,5526]]},{"type":"Polygon","arcs":[[5527,-5527,-5505,5528,-5512]]},{"type":"Polygon","arcs":[[-5511,5529,5530,5531,-5525,-5528]]},{"type":"Polygon","arcs":[[-5523,5532,5533,-5530,-5510,-5517]]},{"type":"Polygon","arcs":[[5534,5535,5536,5537,-5490,5538,5539]]},{"type":"Polygon","arcs":[[5540,-5276,5541,5542,5543]]},{"type":"Polygon","arcs":[[-5534,5544,5545,5546,5547,5548,-5531]]},{"type":"Polygon","arcs":[[5549,5550,5551,5552,5553]]},{"type":"Polygon","arcs":[[-5552,5554,5555,-5548,5556]]},{"type":"Polygon","arcs":[[5557,-5553,-5557,-5547]]},{"type":"Polygon","arcs":[[5558,5559,-5540,5560,5561,-5550]]},{"type":"Polygon","arcs":[[5562,5563,5564,5565,5566]]},{"type":"Polygon","arcs":[[5567,5568,5569,5570]]},{"type":"Polygon","arcs":[[5571,5572,5573,5574,-5538]]},{"type":"Polygon","arcs":[[-5575,5575,5576,-5487]]},{"type":"Polygon","arcs":[[-5452,5577,-5576,-5574,5578]]},{"type":"Polygon","arcs":[[-5451,5579,-5488,-5577,-5578]]},{"type":"Polygon","arcs":[[5580,-5292,5581,-5562]]},{"type":"Polygon","arcs":[[-5539,-5489,-5297,-5293,-5581,-5561]]},{"type":"Polygon","arcs":[[5582,-5543,5583,5584,-5549]]},{"type":"Polygon","arcs":[[5585,-5544,-5583,-5556]]},{"type":"Polygon","arcs":[[-5555,-5551,-5582,-5291,-5271,-5541,-5586]]},{"type":"Polygon","arcs":[[5586,5587,-5367,-5499,-5526]]},{"type":"Polygon","arcs":[[5588,-5584,-5542,-5364,-5588]]},{"type":"Polygon","arcs":[[-5532,-5585,-5589,-5587]]},{"type":"Polygon","arcs":[[-5569,5589,-5536,5590]]},{"type":"Polygon","arcs":[[5591,5592,5593,5594]]},{"type":"Polygon","arcs":[[5595,5596,5597,5598,5599]]},{"type":"Polygon","arcs":[[5600,5601,5602,-5597]]},{"type":"Polygon","arcs":[[-5603,5603,5604,-5598]]},{"type":"Polygon","arcs":[[5605,5606,5607,5608,-5604,-5602]]},{"type":"Polygon","arcs":[[5609,5610,5611,-5607]]},{"type":"Polygon","arcs":[[5612,5613,5614,5615,5616,5617]]},{"type":"Polygon","arcs":[[5618,5619,5620,-5615]]},{"type":"Polygon","arcs":[[5621,5622,5623,5624,5625]]},{"type":"Polygon","arcs":[[5626,5627,-5508,5628,5629,5630]]},{"type":"Polygon","arcs":[[5631,-5627,5632]]},{"type":"Polygon","arcs":[[-5496,-5503,5633,5634,5635,-5629,-5507]]},{"type":"Polygon","arcs":[[-5502,-5422,-5410,5636,5637,-5634]]},{"type":"Polygon","arcs":[[5638,5639,5640,5641,5642,5643,5644]]},{"type":"Polygon","arcs":[[5645,5646,5647,-5610,-5606,-5601,-5596,5648,-5617]]},{"type":"Polygon","arcs":[[5649,5650,5651,-5646,-5616,-5621]]},{"type":"Polygon","arcs":[[-5652,5652,5653,5654,5655,-5647]]},{"type":"Polygon","arcs":[[5656,5657,5658,-5656]]},{"type":"Polygon","arcs":[[5659,5660,-5650,-5620]]},{"type":"Polygon","arcs":[[5661,5662,5663,-5653,-5651,-5661]]},{"type":"Polygon","arcs":[[5664,5665,-5654,-5664]]},{"type":"Polygon","arcs":[[5666,5667,-5409,-5657,-5655,-5666]]},{"type":"Polygon","arcs":[[5668,5669,-5662,-5660,5670]]},{"type":"Polygon","arcs":[[5671,-5566,5672,-5667,-5665,-5663,-5670]]},{"type":"Polygon","arcs":[[5673,-5625,5674,5675,-5567,-5672,-5669]]},{"type":"Polygon","arcs":[[5676,5677,-5675,-5624]]},{"type":"Polygon","arcs":[[-5636,5678,5679,-5677,5680,-5630]]},{"type":"Polygon","arcs":[[-5676,-5678,-5680,5681,5682,5683,-5563]]},{"type":"Polygon","arcs":[[-5635,-5638,5684,-5682,-5679]]},{"type":"Polygon","arcs":[[-5564,-5684,5685,-5415,5686,5687]]},{"type":"Polygon","arcs":[[-5637,-5416,-5686,-5683,-5685]]},{"type":"Polygon","arcs":[[-5673,5688,5689,5690,-5406,-5668]]},{"type":"Polygon","arcs":[[5691,-5689,-5565,-5688]]},{"type":"Polygon","arcs":[[5692,5693,5694,5695,5696]]},{"type":"Polygon","arcs":[[-5659,5697,-5697,5698,-5611,-5648]]},{"type":"Polygon","arcs":[[5699,5700,5701,-5693,-5698]]},{"type":"Polygon","arcs":[[-4033,-4029,-4021,5702,-5700,-5658]]},{"type":"Polygon","arcs":[[5703,5704,5705,5706,5707]]},{"type":"Polygon","arcs":[[5708,5709,5710,-5707]]},{"type":"Polygon","arcs":[[5711,5712,5713]]},{"type":"Polygon","arcs":[[5714,5715,-5640]]},{"type":"Polygon","arcs":[[-3985,5716,-5644,5717,5718]]},{"type":"Polygon","arcs":[[5719,5720,-5709,-5706,5721]]},{"type":"Polygon","arcs":[[5722,5723,5724,-5720,5725]]},{"type":"Polygon","arcs":[[5726,5727,-5723,5728,5729]]},{"type":"Polygon","arcs":[[-5728,5730,5731,-5724]]},{"type":"Polygon","arcs":[[5732,5733,-5704,5734]]},{"type":"Polygon","arcs":[[5735,-5729,-5726,-5722,-5705,-5734]]},{"type":"Polygon","arcs":[[5736,5737,5738,5739,5740,5741,5742]]},{"type":"Polygon","arcs":[[5743,5744,5745,5746,-5738,5747]]},{"type":"Polygon","arcs":[[5748,5749,5750,-5744,5751,5752]]},{"type":"Polygon","arcs":[[5753,5754,5755,-5645,-5717,-3984]]},{"type":"Polygon","arcs":[[5756,-3981,5757,5758]]},{"type":"Polygon","arcs":[[-5594,5759,5760,-5754,-3983,5761]]},{"type":"Polygon","arcs":[[5762,5763,5764,5765,5766]]},{"type":"Polygon","arcs":[[5767,5768,-5019,-5520,5769,5770]]},{"type":"Polygon","arcs":[[5771,5772,-5764,5773]]},{"type":"Polygon","arcs":[[5774,-4854,5775,-5014,-5769]]},{"type":"Polygon","arcs":[[5776,5777,5778,5779]]},{"type":"Polygon","arcs":[[-5701,-5703,-4023,-4012,5780,5781]]},{"type":"Polygon","arcs":[[-5694,-5702,-5782,5782,5783]]},{"type":"Polygon","arcs":[[-5695,-5784,5784,5785]]},{"type":"Polygon","arcs":[[-5696,-5786,5786,-5777]]},{"type":"Polygon","arcs":[[5787,5788,-5592,5789,5790,-5766]]},{"type":"Polygon","arcs":[[-3982,5791,5792,-5790,-5595,-5762]]},{"type":"Polygon","arcs":[[5793,5794,5795,-5788,-5765,-5773,5796,5797]]},{"type":"Polygon","arcs":[[5798,5799,5800,-5795]]},{"type":"Polygon","arcs":[[5801,5802,5803,5804,-5714,5805,5806]]},{"type":"Polygon","arcs":[[5807,5808,5809,-5807,5810,5811]]},{"type":"Polygon","arcs":[[5812,5813,5814,5815,-5809]]},{"type":"Polygon","arcs":[[5816,5817,-5802,-5810,-5816,5818]]},{"type":"Polygon","arcs":[[5819,5820,-5819,-5815,5821]]},{"type":"Polygon","arcs":[[-5813,-5808,5822,5823,-5755,-5761,5824]]},{"type":"Polygon","arcs":[[5825,-5822,-5814,-5825,-5760,-5593,-5789]]},{"type":"Polygon","arcs":[[5826,5827,5828,-5817,-5821,5829]]},{"type":"Polygon","arcs":[[-5801,-5779,5830,5831,-5830,-5820,-5826,-5796]]},{"type":"Polygon","arcs":[[-5778,5832,-5828,5833,-5831]]},{"type":"Polygon","arcs":[[-5834,-5827,-5832]]},{"type":"Polygon","arcs":[[5834,5835,5836,5837,-5749,5838]]},{"type":"Polygon","arcs":[[5839,-5839,5840,5841]]},{"type":"Polygon","arcs":[[5842,5843,-5842,5844,5845,5846]]},{"type":"Polygon","arcs":[[5847,-5846,5848,5849,-5804]]},{"type":"Polygon","arcs":[[5850,-5847,-5848,-5803,-5818]]},{"type":"Polygon","arcs":[[5851,5852,-5840,-5844]]},{"type":"Polygon","arcs":[[5853,5854,5855,-5835,-5853]]},{"type":"Polygon","arcs":[[-5785,5856,5857,5858]]},{"type":"Polygon","arcs":[[5859,-5858,5860,-4010,-4020,5861,-5854,5862]]},{"type":"Polygon","arcs":[[-5787,-5859,-5860,5863,-5833]]},{"type":"Polygon","arcs":[[-5864,-5863,-5852,-5843,-5851,-5829]]},{"type":"Polygon","arcs":[[-5783,-5781,-4011,-5861,-5857]]},{"type":"Polygon","arcs":[[5864,5865,5866,-5770,-5519,5867,5868,5869,5870]]},{"type":"Polygon","arcs":[[5871,5872,-5869]]},{"type":"Polygon","arcs":[[-5518,-5326,5873,-5872,-5868]]},{"type":"Polygon","arcs":[[5874,-54,5875,-5015,-5776,-4853]]},{"type":"Polygon","arcs":[[5876,5877,-55,-5875,-4852]]},{"type":"Polygon","arcs":[[5878,5879,5880,5881,5882]]},{"type":"Polygon","arcs":[[5883,-5718,-5643,5884,5885,5886]]},{"type":"Polygon","arcs":[[-5885,-5642,5887,5888,5889,5890]]},{"type":"Polygon","arcs":[[5891,5892,5893,5894,5895,-5880]]},{"type":"Polygon","arcs":[[5896,5897,-4480,5898,5899,5900]]},{"type":"Polygon","arcs":[[5901,-5882,5902,-5897,5903,5904]]},{"type":"Polygon","arcs":[[5905,-5886,-5891,5906,-5883,-5902,5907]]},{"type":"Polygon","arcs":[[-5907,-5890,5908,-5892,-5879]]},{"type":"Polygon","arcs":[[5909,-5893,-5909,-5889]]},{"type":"Polygon","arcs":[[-5895,5910,5911,5912]]},{"type":"Polygon","arcs":[[-5912,5913,5914,5915,5916]]},{"type":"Polygon","arcs":[[-5917,5917,5918,5919,5920]]},{"type":"Polygon","arcs":[[-5896,-5913,-5921,5921,-5881]]},{"type":"Polygon","arcs":[[-5920,5922,5923,5924]]},{"type":"Polygon","arcs":[[-5898,-5903,-5922,-5925,5925]]},{"type":"Polygon","arcs":[[5926,5927,5928,5929,5930,5931]]},{"type":"Polygon","arcs":[[5932,-97,5933,5934,-5088,5935,-5929]]},{"type":"Polygon","arcs":[[5936,5937,5938,-5089,-5935]]},{"type":"Polygon","arcs":[[5939,5940,5941]]},{"type":"Polygon","arcs":[[5942,5943,5944,-5940]]},{"type":"Polygon","arcs":[[-5899,-4483,5945,5946]]},{"type":"Polygon","arcs":[[5947,-5900,-5947,5948]]},{"type":"Polygon","arcs":[[-75,5949,-5948,5950]]},{"type":"Polygon","arcs":[[5951,5952,-5937,-5934,-96]]},{"type":"Polygon","arcs":[[5953,-98,-5933,-5928,5954]]},{"type":"Polygon","arcs":[[5955,-5871,5956,5957]]},{"type":"Polygon","arcs":[[-5093,5958,5959,5960]]},{"type":"Polygon","arcs":[[5961,5962]]},{"type":"Polygon","arcs":[[5963,5964,5965,5966,5967,5968,5969]]},{"type":"Polygon","arcs":[[5970,5971,5972,5973,-5964,5974]]},{"type":"Polygon","arcs":[[5975,5976,5977,-5973]]},{"type":"Polygon","arcs":[[5978,5979,5980,5981,-5092]]},{"type":"Polygon","arcs":[[5982,-5977,5983,5984,-5958]]},{"type":"Polygon","arcs":[[5985,5986,5987,5988,5989,-5965,-5974]]},{"type":"Polygon","arcs":[[5990,5991,5992,5993,5994,5995,5996]]},{"type":"Polygon","arcs":[[5997,5998,5999,6000,6001]]},{"type":"Polygon","arcs":[[6002,-4481,-5926,-5924,6003,6004]]},{"type":"Polygon","arcs":[[6005,6006,6007,6008,6009,6010]]},{"type":"Polygon","arcs":[[6011,6012,6013,-6007]]},{"type":"Polygon","arcs":[[6014,-6008,-6014,6015,6016,-5971,6017,6018]]},{"type":"Polygon","arcs":[[6019,-6009,-6015,6020,6021]]},{"type":"Polygon","arcs":[[-6020,6022,6023,-6010]]},{"type":"Polygon","arcs":[[-6023,-6022,6024,-6018,-5975,-5970,6025,6026]]},{"type":"Polygon","arcs":[[-6019,-6025,-6021]]},{"type":"Polygon","arcs":[[-5968,6027,6028,6029,6030]]},{"type":"Polygon","arcs":[[6031,6032,6033,6034,-5938,-5953]]},{"type":"Polygon","arcs":[[-6012,-6006,6035,6036,6037]]},{"type":"Polygon","arcs":[[6038,6039,6040,6041,6042,6043]]},{"type":"MultiPolygon","arcs":[[[6044,-6016,-6013,-6038,6045]],[[-6036,6046]]]},{"type":"Polygon","arcs":[[6047,6048,6049,-6034]]},{"type":"Polygon","arcs":[[6050,6051,6052,6053]]},{"type":"Polygon","arcs":[[6054,6055,6056,6057]]},{"type":"Polygon","arcs":[[6058,6059,-5979,-5091]]},{"type":"Polygon","arcs":[[6060,6061,6062,-5980,-6060]]},{"type":"Polygon","arcs":[[-6042,6063,6064,6065,6066,6067]]},{"type":"Polygon","arcs":[[6068,-6053,6069,6070,6071,6072,6073]]},{"type":"Polygon","arcs":[[6074,6075,6076,-6062]]},{"type":"Polygon","arcs":[[6077,6078,-6067,-6051,6079]]},{"type":"Polygon","arcs":[[-6073,6080,6081,-6032,6082]]},{"type":"Polygon","arcs":[[6083,6084,6085,-6043,-6068,-6079]]},{"type":"Polygon","arcs":[[6086,6087,6088,6089,-5742]]},{"type":"Polygon","arcs":[[-6065,6090,6091,6092]]},{"type":"Polygon","arcs":[[6093,-6089,6094,6095,6096]]},{"type":"Polygon","arcs":[[-6096,6097,-6044,-6086,6098,6099]]},{"type":"Polygon","arcs":[[-6063,-6077,6100,6101,-5981]]},{"type":"Polygon","arcs":[[-5939,-6035,6102,-6075,-6061,-6059,-5090]]},{"type":"Polygon","arcs":[[6103,6104,6105,6106,-6101,-6076]]},{"type":"Polygon","arcs":[[6107,6108,6109,6110,6111,-6105,6112]]},{"type":"Polygon","arcs":[[-6050,6113,-6113,-6104,-6103]]},{"type":"Polygon","arcs":[[-5741,6114,6115,-6087]]},{"type":"Polygon","arcs":[[6116,6117,6118,6119,6120]]},{"type":"Polygon","arcs":[[6121,6122,-6121,6123,-6091,-6064,-6041]]},{"type":"Polygon","arcs":[[6124,6125,6126,6127,-6117,-6123]]},{"type":"Polygon","arcs":[[-5740,6128,6129,6130,-6115]]},{"type":"Polygon","arcs":[[-5739,-5747,6131,6132,-6129]]},{"type":"Polygon","arcs":[[-6133,6133,6134,6135,-6130]]},{"type":"Polygon","arcs":[[-5746,6136,6137,6138,-6134,-6132]]},{"type":"Polygon","arcs":[[-5745,-5751,6139,6140,-6137]]},{"type":"Polygon","arcs":[[-5750,-5838,6141,6142,6143,-6140]]},{"type":"Polygon","arcs":[[6144,6145,-6118,-6128]]},{"type":"Polygon","arcs":[[-6119,-6146,6146,-6002,6147,6148]]},{"type":"Polygon","arcs":[[-6001,6149,6150,-6148]]},{"type":"Polygon","arcs":[[-6150,-6000,6151]]},{"type":"Polygon","arcs":[[6152,-6152,-5999,6153,6154,6155,6156]]},{"type":"Polygon","arcs":[[6157,6158,6159]]},{"type":"Polygon","arcs":[[-6072,6160,-6081]]},{"type":"Polygon","arcs":[[-6157,6161,6162,6163,6164,6165,6166,6167]]},{"type":"Polygon","arcs":[[-6149,-6151,-6153,-6168,6168,-6124,-6120]]},{"type":"Polygon","arcs":[[6169,6170,6171,6172,6173,6174]]},{"type":"Polygon","arcs":[[6175,6176,-6172,6177]]},{"type":"Polygon","arcs":[[6178,6179,-6176,6180,6181]]},{"type":"Polygon","arcs":[[-6177,-6180,6182,6183,-6173]]},{"type":"Polygon","arcs":[[-6071,6184,-6033,-6082,-6161]]},{"type":"Polygon","arcs":[[6185,-5836,-5856,6186,6187,6188,6189,6190,6191,6192]]},{"type":"Polygon","arcs":[[6193,6194,6195,-6188]]},{"type":"Polygon","arcs":[[-4018,-3966,-3999,6196,-6195,6197]]},{"type":"Polygon","arcs":[[-6198,-6194,-6187,-5855,-5862,-4019]]},{"type":"Polygon","arcs":[[6198,6199,6200]]},{"type":"Polygon","arcs":[[-6181,-6178,-6171,6201,-6199,6202,6203]]},{"type":"Polygon","arcs":[[-6202,-6170,6204,6205,6206,6207,-6200]]},{"type":"Polygon","arcs":[[6208,6209,6210,6211,6212]]},{"type":"Polygon","arcs":[[-6155,6213,6214,6215,6216,6217]]},{"type":"Polygon","arcs":[[6218,6219,6220,6221]]},{"type":"Polygon","arcs":[[6222,6223,6224,-6109,6225]]},{"type":"Polygon","arcs":[[6226,6227,6228,6229,6230]]},{"type":"Polygon","arcs":[[6231,-6212,6232,6233,6234,6235]]},{"type":"Polygon","arcs":[[6236,6237,6238,-6209,6239]]},{"type":"Polygon","arcs":[[-6225,6240,6241,-6110]]},{"type":"Polygon","arcs":[[6242,6243,6244,-6241]]},{"type":"Polygon","arcs":[[6245,6246,6247,6248,-6244]]},{"type":"Polygon","arcs":[[-6169,-6167,6249,6250,-6092]]},{"type":"Polygon","arcs":[[-6049,6251,-6226,-6108,-6114]]},{"type":"Polygon","arcs":[[-6166,6252,6253,-6250]]},{"type":"Polygon","arcs":[[-6098,-6095,-6088,-6116,-6131,-6136,6254,6255,-6125,-6122,-6040,6256]]},{"type":"Polygon","arcs":[[-6257,-6039]]},{"type":"Polygon","arcs":[[6257,6258,-6255,-6135,-6139]]},{"type":"Polygon","arcs":[[6259,6260,-6127,6261,6262]]},{"type":"Polygon","arcs":[[6263,-9,-86,6264]]},{"type":"Polygon","arcs":[[6265,-6207,6266,-6260]]},{"type":"Polygon","arcs":[[-6203,-6201,-6208,-6266,-6263,6267]]},{"type":"Polygon","arcs":[[-6191,6268,6269,6270]]},{"type":"Polygon","arcs":[[-6192,-6271,6271,-6143,6272,6273]]},{"type":"Polygon","arcs":[[-6186,6274,-6273,-6142,-5837]]},{"type":"Polygon","arcs":[[-6193,-6274,-6275]]},{"type":"Polygon","arcs":[[-6190,6275,6276,-6269]]},{"type":"Polygon","arcs":[[6277,-94,-91,-10,-6264,6278,-5994]]},{"type":"Polygon","arcs":[[6279,-87,-11,-90,-93,6280,-6240,-6213,-6232,6281]]},{"type":"Polygon","arcs":[[6282,6283,6284]]},{"type":"Polygon","arcs":[[-5959,-5982,6285,6286]]},{"type":"Polygon","arcs":[[-6102,-6107,6287,6288,-6286]]},{"type":"Polygon","arcs":[[-6106,-6112,6289,6290,6291,6292,-6288]]},{"type":"Polygon","arcs":[[6293,-6238,6294,-6291]]},{"type":"Polygon","arcs":[[6295,6296,6297,6298,6299]]},{"type":"Polygon","arcs":[[6300,6301,6302,6303]]},{"type":"Polygon","arcs":[[6304,-6214,-6154,-5998,-6147,-6145,-6261]]},{"type":"Polygon","arcs":[[-6267,-6206,6305,6306,6307,-6305]]},{"type":"Polygon","arcs":[[-6307,6308,6309]]},{"type":"Polygon","arcs":[[-6205,-6175,6310,6311,-6309,-6306]]},{"type":"Polygon","arcs":[[-6174,-6184,6312,6313,6314,-6311]]},{"type":"Polygon","arcs":[[6315,6316,-6300,6317,6318,6319,6320,6321,6322,6323]]},{"type":"Polygon","arcs":[[6324,-6304,6325,-6316,6326,6327,6328]]},{"type":"Polygon","arcs":[[6329,6330,6331,6332]]},{"type":"Polygon","arcs":[[6333,-6332,6334,-6301,6335]]},{"type":"Polygon","arcs":[[-6336,-6325,6336,6337]]},{"type":"Polygon","arcs":[[6338,6339,6340,6341,-6296,-6317,-6326,-6303]]},{"type":"Polygon","arcs":[[6342,-6230,6343,6344,6345,6346,6347,6348]]},{"type":"Polygon","arcs":[[6349,6350,6351,6352]]},{"type":"Polygon","arcs":[[6353,6354,6355,6356,6357,6358,6359,6360]]},{"type":"Polygon","arcs":[[6361,-6348,6362,6363]]},{"type":"Polygon","arcs":[[6364,6365,6366,6367]]},{"type":"Polygon","arcs":[[-6366,6368,6369,-6356,6370]]},{"type":"Polygon","arcs":[[6371,-6354,6372,6373]]},{"type":"Polygon","arcs":[[6374,6375,6376,6377]]},{"type":"Polygon","arcs":[[-6365,6378,6379,-6369]]},{"type":"Polygon","arcs":[[6380,-6231,-6343,6381,6382]]},{"type":"Polygon","arcs":[[6383,6384,6385,-6379,-6368,6386,6387,6388,6389,6390,6391,6392]]},{"type":"Polygon","arcs":[[6393,6394,6395,6396,-6358]]},{"type":"Polygon","arcs":[[-6395,6397,6398,-6384,6399,6400,6401]]},{"type":"Polygon","arcs":[[-6357,-6370,-6380,-6386,6402,-6398,-6394]]},{"type":"Polygon","arcs":[[-6403,-6385,-6399]]},{"type":"Polygon","arcs":[[-6297,-6342,6403,6404,6405]]},{"type":"Polygon","arcs":[[6406,6407,6408,6409,6410,-6345,6411]]},{"type":"Polygon","arcs":[[6412,6413,6414,6415,6416,6417,6418,6419]]},{"type":"Polygon","arcs":[[6420,6421,6422,-6413,6423,6424,6425,6426]]},{"type":"Polygon","arcs":[[-6359,-6397,6427,6428,-6414,-6423,6429]]},{"type":"Polygon","arcs":[[6430,6431,6432,6433]]},{"type":"Polygon","arcs":[[6434,6435,-6360,-6430,-6422]]},{"type":"Polygon","arcs":[[6436,-6418,6437,6438,6439]]},{"type":"Polygon","arcs":[[6440,6441,-6438,-6417,6442]]},{"type":"Polygon","arcs":[[-6429,6443,-6415]]},{"type":"Polygon","arcs":[[-6428,-6396,-6402,6444,6445,-6443,-6416,-6444]]},{"type":"Polygon","arcs":[[6446,6447,6448,6449,-6409,6450]]},{"type":"Polygon","arcs":[[6451,-6407,6452,6453]]},{"type":"Polygon","arcs":[[6454,-6453,-6412,-6344,-6229]]},{"type":"Polygon","arcs":[[6455,6456,6457,-6383,6458,-6405]]},{"type":"Polygon","arcs":[[6459,6460,6461,6462,-6411]]},{"type":"Polygon","arcs":[[6463,-6346,-6463,6464,6465,6466]]},{"type":"Polygon","arcs":[[-6466,6467,6468,6469,6470]]},{"type":"Polygon","arcs":[[-6450,6471,6472,-6460,-6410]]},{"type":"Polygon","arcs":[[6473,6474,6475,6476,-6472,-6449]]},{"type":"Polygon","arcs":[[-6406,-6459,-6382,-6349,-6362,6477,-6431,6478,-6298]]},{"type":"Polygon","arcs":[[6479,6480,6481,6482,6483]]},{"type":"Polygon","arcs":[[-6432,-6478,-6364,6484,6485,-6480,6486,6487]]},{"type":"Polygon","arcs":[[-6363,-6347,-6464,6488,-6485]]},{"type":"Polygon","arcs":[[-6479,-6434,6489,6490,-6318,-6299]]},{"type":"Polygon","arcs":[[6491,6492,-6321]]},{"type":"Polygon","arcs":[[-6433,-6488,6493,-6490]]},{"type":"Polygon","arcs":[[-6320,6494,6495,-6492]]},{"type":"Polygon","arcs":[[-6319,-6491,-6494,-6487,-6484,6496,6497,-6495]]},{"type":"Polygon","arcs":[[6498,6499,6500]]},{"type":"Polygon","arcs":[[6501,6502,6503]]},{"type":"Polygon","arcs":[[6504,-6504,6505,6506]]},{"type":"Polygon","arcs":[[-6502,-6505,6507,6508,-6497,-6483,6509,6510,6511]]},{"type":"Polygon","arcs":[[6512,-6322,-6493,-6496,-6498,-6509,6513,6514]]},{"type":"Polygon","arcs":[[-6508,-6507,6515,6516,-6514]]},{"type":"Polygon","arcs":[[6517,6518,6519,6520,6521]]},{"type":"Polygon","arcs":[[6522,-6522,6523,-6511]]},{"type":"Polygon","arcs":[[6524,6525,6526,-6499,6527,6528]]},{"type":"Polygon","arcs":[[6529,6530,-6323,-6513,6531,6532,-6234,6533]]},{"type":"Polygon","arcs":[[-6324,-6531,6534,-6327]]},{"type":"Polygon","arcs":[[-6248,6535,6536,-6534,-6233,-6211,6537]]},{"type":"Polygon","arcs":[[-6111,-6242,-6245,-6249,-6538,-6210,-6239,-6294,-6290]]},{"type":"Polygon","arcs":[[6538,6539,6540,-6468,-6465,-6462]]},{"type":"Polygon","arcs":[[-6475,6541,6542,6543,6544,6545,-6540,6546,6547]]},{"type":"Polygon","arcs":[[-6477,6548,-6547,-6539,-6461,-6473]]},{"type":"Polygon","arcs":[[-6548,-6549,-6476]]},{"type":"Polygon","arcs":[[-6544,6549,6550,6551]]},{"type":"Polygon","arcs":[[6552,6553,6554,6555,6556,6557]]},{"type":"Polygon","arcs":[[6558,6559,6560,-6375,6561]]},{"type":"Polygon","arcs":[[6562,-6553,6563]]},{"type":"Polygon","arcs":[[-6552,6564,6565,6566,6567,-6545]]},{"type":"Polygon","arcs":[[6568,6569,6570,6571,6572,-6567]]},{"type":"Polygon","arcs":[[6573,6574,6575,-6570,6576]]},{"type":"Polygon","arcs":[[6577,6578,6579,-6447,6580]]},{"type":"Polygon","arcs":[[-6551,6581,6582,6583,-6565]]},{"type":"Polygon","arcs":[[-6555,6584,6585,-6583,6586]]},{"type":"Polygon","arcs":[[6587,6588,6589,6590]]},{"type":"Polygon","arcs":[[6591,-6575,6592,6593,6594]]},{"type":"Polygon","arcs":[[-6574,6595,6596,6597,-6593]]},{"type":"Polygon","arcs":[[6598,6599,6600,6601]]},{"type":"Polygon","arcs":[[6602,-6590,6603,6604]]},{"type":"Polygon","arcs":[[6605,6606,6607,6608,-6594,-6598]]},{"type":"Polygon","arcs":[[6609,6610,-6588,6611,6612,-6572]]},{"type":"Polygon","arcs":[[6613,6614,-6599]]},{"type":"Polygon","arcs":[[6615,-6595,-6609,6616,6617,6618,6619,6620]]},{"type":"Polygon","arcs":[[-6571,-6576,-6592,-6616,6621,6622,-6610]]},{"type":"Polygon","arcs":[[-6579,6623,6624,6625,-6557,6626,6627]]},{"type":"Polygon","arcs":[[6628,6629,6630,-6624,-6578]]},{"type":"Polygon","arcs":[[6631,-6630,6632,6633]]},{"type":"Polygon","arcs":[[6634,-6439,-6442,6635,6636,-6633,-6629,-6581,6637]]},{"type":"Polygon","arcs":[[-6377,6638,6639]]},{"type":"Polygon","arcs":[[6640,6641,-6634,-6637,6642,6643,-6400]]},{"type":"Polygon","arcs":[[-6445,-6401,-6644,6644]]},{"type":"Polygon","arcs":[[-6645,-6643,-6636,-6441,-6446]]},{"type":"Polygon","arcs":[[6645,6646,6647,6648,6649]]},{"type":"Polygon","arcs":[[-6631,6650,6651,-6625]]},{"type":"Polygon","arcs":[[6652,-6469,-6541,-6546,-6568,-6573,-6613,6653,6654,6655]]},{"type":"Polygon","arcs":[[-6656,6656,6657,6658,6659]]},{"type":"Polygon","arcs":[[-6489,-6467,-6471,6660,6661,6662,-6528,-6501,6663,6664,6665,-6481,-6486]]},{"type":"Polygon","arcs":[[-6470,-6653,-6660,6666,-6662,6667]]},{"type":"Polygon","arcs":[[-6668,-6661]]},{"type":"Polygon","arcs":[[-6667,-6659,6668,-6529,-6663]]},{"type":"Polygon","arcs":[[6669,-6646,6670,-6560,6671]]},{"type":"Polygon","arcs":[[-6604,6672,-6672,-6559,6673,6674]]},{"type":"Polygon","arcs":[[-6655,6675,-6605,-6675,6676,-6657]]},{"type":"Polygon","arcs":[[-6654,-6612,-6591,-6603,-6676]]},{"type":"Polygon","arcs":[[-6623,6677,-6647,-6670,-6673,-6589,-6611]]},{"type":"Polygon","arcs":[[-6622,-6621,6678,-6648,-6678]]},{"type":"Polygon","arcs":[[-6340,6679,-6425,6680,6681]]},{"type":"Polygon","arcs":[[6682,6683,6684,6685]]},{"type":"Polygon","arcs":[[6686,6687]]},{"type":"Polygon","arcs":[[-6679,-6620,6688,6689,6690,6691,6692,6693,-6649]]},{"type":"Polygon","arcs":[[6694,-6681,-6424,-6420,6695,6696,-6457]]},{"type":"Polygon","arcs":[[6697,6698,-6227,-6381,-6458,-6697]]},{"type":"Polygon","arcs":[[-6419,-6437,6699,-6698,-6696]]},{"type":"Polygon","arcs":[[-6635,6700,-6454,-6455,-6228,-6699,-6700,-6440]]},{"type":"Polygon","arcs":[[-6638,-6451,-6408,-6452,-6701]]},{"type":"Polygon","arcs":[[-6404,-6341,-6682,-6695,-6456]]},{"type":"Polygon","arcs":[[6701,6702,6703,-6691]]},{"type":"Polygon","arcs":[[-6665,6704,-6519,6705]]},{"type":"Polygon","arcs":[[-6666,-6706,-6518,-6523,-6510,-6482]]},{"type":"Polygon","arcs":[[6706,-6525,-6669,-6658,-6677,-6674,-6562,-6378,-6640,6707,6708]]},{"type":"Polygon","arcs":[[-6526,-6707,6709,6710]]},{"type":"Polygon","arcs":[[6711,6712,-2895,-2808,6713]]},{"type":"Polygon","arcs":[[6714,6715,6716,6717,6718,6719]]},{"type":"Polygon","arcs":[[6720,-6716,6721]]},{"type":"Polygon","arcs":[[6722,-6722,-6715,6723,6724]]},{"type":"Polygon","arcs":[[-2675,-2673,-2671,-2717,-2715,6725,-2677]]},{"type":"Polygon","arcs":[[-2893,-6713,6726,6727,6728,6729]]},{"type":"Polygon","arcs":[[-1514,6730,6731,-1595,-1508,6732]]},{"type":"Polygon","arcs":[[6733,6734,-6725,6735,-5084,-5097,-5108,6736]]},{"type":"Polygon","arcs":[[-5085,-6736,-6724,-6720,6737,6738]]},{"type":"Polygon","arcs":[[-6719,6739,-6738]]},{"type":"Polygon","arcs":[[-5119,-5114,-6739,-6740,-6718,6740,6741]]},{"type":"Polygon","arcs":[[6742,-6734,6743]]},{"type":"Polygon","arcs":[[-4651,-4639,-4574,-4602,-4596,-4560,-4552,-4565,6744,6745,6746,6747,6748,-5009,-4886,-4980,-4975,-4970,-5131,-5128,-5126,-5116,-5118,-6742,6749,6750]]},{"type":"Polygon","arcs":[[-4610,-4646,-4652,-6751,6751,6752]]},{"type":"Polygon","arcs":[[6753,6754,-6744,-6737,-5107,-5110,-5081,6755]]},{"type":"Polygon","arcs":[[6756,-1510,-1503,6757]]},{"type":"Polygon","arcs":[[-1520,-1470,6758,-1515,-6733,-1511,-6757,6759]]},{"type":"Polygon","arcs":[[6760,6761,6762,-1512,-6759,-1469,-141]]},{"type":"Polygon","arcs":[[-3629,6763,6764,6765,6766]]},{"type":"Polygon","arcs":[[-455,-3631,-3636,6767,6768,6769,-56]]},{"type":"Polygon","arcs":[[-6726,-2714,6770,-2681]]},{"type":"Polygon","arcs":[[6771,-6768,-3635]]},{"type":"Polygon","arcs":[[-3895,-3875,6772,-3883,-83,-3891]]},{"type":"Polygon","arcs":[[6773,6774,-5877,-4851,6775,6776]]},{"type":"Polygon","arcs":[[6777,-72,-77,6778,6779,-6774]]},{"type":"Polygon","arcs":[[6780,6781,-6084,-6078,6782,-5923]]},{"type":"Polygon","arcs":[[-5919,6783,6784,6785,-6781]]},{"type":"Polygon","arcs":[[-5990,6786,6787,-5966]]},{"type":"Polygon","arcs":[[6788,6789,-104,6790]]},{"type":"Polygon","arcs":[[6791,-6791,-100,6792]]},{"type":"Polygon","arcs":[[-1262,6793,-1277,6794]]},{"type":"Polygon","arcs":[[-105,-6790,6795,6796,-3525,-155]]},{"type":"Polygon","arcs":[[-5997,6797,6798,6799]]},{"type":"Polygon","arcs":[[6800,6801,6802,-338,-306,-136,-252,6803]]},{"type":"Polygon","arcs":[[-260,6804,-302,-337,-6803,6805]]},{"type":"Polygon","arcs":[[6806,6807,6808,6809,-284,-276,-229,-274]]},{"type":"Polygon","arcs":[[-6809,6810,-611,6811,-517,-613,6812]]},{"type":"Polygon","arcs":[[-610,-552,-525,-518,-6812]]},{"type":"Polygon","arcs":[[6813,6814,-6807,-273,-304]]},{"type":"Polygon","arcs":[[-6805,-259,6815,-6814,-303]]},{"type":"Polygon","arcs":[[-6810,-6813,-612,-285]]},{"type":"Polygon","arcs":[[-407,6816,-331,-294]]},{"type":"Polygon","arcs":[[-883,-382,-380,-384,-332,-6817]]},{"type":"Polygon","arcs":[[6817,6818,6819,-1040,6820]]},{"type":"Polygon","arcs":[[-586,6821,6822,-463,-536,6823,-467]]},{"type":"Polygon","arcs":[[-464,-6823,6824,6825,-510,-478]]},{"type":"Polygon","arcs":[[-537,-484,-669,-674]]},{"type":"Polygon","arcs":[[-468,-6824,-535,-541,-638]]},{"type":"Polygon","arcs":[[6826,6827,6828,-633,-628,-570,-577,-609]]},{"type":"Polygon","arcs":[[6829,6830,-667,-696,-688,-705,6831]]},{"type":"Polygon","arcs":[[-630,-632,6832,-579,-622,-621,-572]]},{"type":"Polygon","arcs":[[6833,6834,-580,-6833,-631]]},{"type":"Polygon","arcs":[[6835,-901,-916,-939,-877,-870,-892,6836]]},{"type":"Polygon","arcs":[[-706,-693,6837,6838,-555]]},{"type":"Polygon","arcs":[[-650,-653,-661,-663,-587,-470,-637,-649]]},{"type":"Polygon","arcs":[[-556,-6839,6839,-6825,-6822,-590]]},{"type":"Polygon","arcs":[[6840,6841,-6830,6842,-709,-702,-712,6843]]},{"type":"Polygon","arcs":[[-680,-670,-482,6844,-548]]},{"type":"Polygon","arcs":[[-6842,6845,6846,-733,-737,-697,-664,-6831]]},{"type":"Polygon","arcs":[[-6843,-6832,-704,-710]]},{"type":"Polygon","arcs":[[-792,6847,6848,6849]]},{"type":"Polygon","arcs":[[6850,6851,-780,-785,6852,6853,-723]]},{"type":"Polygon","arcs":[[6854,-6851,-722,-727,-734,-6847]]},{"type":"Polygon","arcs":[[-784,6855,-6853]]},{"type":"Polygon","arcs":[[-462,-789,6856,-793,-6850,-893,-896,-453]]},{"type":"Polygon","arcs":[[-799,-923,-900,-902,-6836,6857,-6848]]},{"type":"Polygon","arcs":[[-6838,-692,-738,-730,-736,6858,6859,6860,6861,-511,-6826,-6840]]},{"type":"Polygon","arcs":[[6862,6863,6864]]},{"type":"Polygon","arcs":[[-894,-6849,-6858,-6837,-891]]},{"type":"Polygon","arcs":[[6865,-6864,6866,-782,-778]]},{"type":"Polygon","arcs":[[6867]]},{"type":"Polygon","arcs":[[-641,-809,-806,-802,-794,-6857,-788,6868]]},{"type":"Polygon","arcs":[[-770,-642,-6869,-787]]},{"type":"Polygon","arcs":[[-815,6869,6870]]},{"type":"Polygon","arcs":[[-813,6871,-6870,-814,6872]]},{"type":"Polygon","arcs":[[-862,-859,-938,-926,6873,6874,-1415,-1487,-850,-829,-848,-856,-845]]},{"type":"Polygon","arcs":[[6875,6876,6877,-935]]},{"type":"Polygon","arcs":[[-925,-931,-937,6878,-6874]]},{"type":"Polygon","arcs":[[-943,-954,-987,-1008,6879,-2665,6880]]},{"type":"Polygon","arcs":[[-944,-6881,-2664,-2668,6881]]},{"type":"Polygon","arcs":[[-1010,6882,-1003,6883,6884,6885,6886]]},{"type":"Polygon","arcs":[[-910,-1004,-6883,-1009,-1005]]},{"type":"Polygon","arcs":[[6887,6888,-1138,-1086,-1019,-1035]]},{"type":"Polygon","arcs":[[-6819,6889,-1033,-975,6890]]},{"type":"Polygon","arcs":[[-1034,-6890,-6818,6891,-6888]]},{"type":"Polygon","arcs":[[-6821,-1039,-1048,-1047,-1115,-6889,-6892]]},{"type":"Polygon","arcs":[[6892,6893,-6884,-1067]]},{"type":"Polygon","arcs":[[-1063,-1135,-2910,6894,-6893]]},{"type":"Polygon","arcs":[[-1096,-1106,-1101,-1218,6895,-1131,-1061,-1137]]},{"type":"Polygon","arcs":[[-6896,-1217,6896,6897,6898,-1132]]},{"type":"Polygon","arcs":[[-1245,-1250,-1241,6899,-1211,-1202,-529,-1957,6900,-1215,-1130,-1225]]},{"type":"Polygon","arcs":[[-6897,-1216,-6901,-2991,6901]]},{"type":"Polygon","arcs":[[-1251,-1247,-1213,-1212,-6900,-1240,-1249]]},{"type":"Polygon","arcs":[[-2985,-1145,-1193,-1253,-1261,6902,6903]]},{"type":"Polygon","arcs":[[-6795,-1276,6904,-1263]]},{"type":"Polygon","arcs":[[6905,-6905,-1279,-1269,6906,6907,-6903]]},{"type":"Polygon","arcs":[[-1284,6908,6909,6910,6911,-1109,-1287]]},{"type":"Polygon","arcs":[[-1499,6912,6913,6914,6915,6916,-6909,-1286,-1157,-1155,-1151]]},{"type":"Polygon","arcs":[[-1170,-1175,6917,6918,6919,6920,-1259,-1258,-1164]]},{"type":"Polygon","arcs":[[6921,-6918,-1174,-1187,-1189,-1110,-6912]]},{"type":"Polygon","arcs":[[6922,6923,6924,6925,-1295,-1299,-1307,-1322,6926,-3377]]},{"type":"Polygon","arcs":[[-1321,6927,6928,6929,-3378,-6927]]},{"type":"Polygon","arcs":[[6930,6931,6932,-1317]]},{"type":"Polygon","arcs":[[-1283,6933,-1451,-1456,-1436,-1447,6934,6935,-1265]]},{"type":"Polygon","arcs":[[-1448,-1441,-1296,-6926,6936,6937,6938,6939]]},{"type":"Polygon","arcs":[[-6935,-1449,-6940,6940]]},{"type":"Polygon","arcs":[[-1320,-1318,-6933,6941,-6928]]},{"type":"Polygon","arcs":[[6942,-1396,6943,6944,-1281]]},{"type":"Polygon","arcs":[[-6921,6945,-1404,-1408,-6943,-1280,-6794,-1264,-6906,-1260]]},{"type":"Polygon","arcs":[[6946,6947,6948,-1493,-1489,-1422,-1376,-1373,-1370]]},{"type":"Polygon","arcs":[[-1369,6949,6950,6951,6952,-6947]]},{"type":"Polygon","arcs":[[-2367,-2375,6953,-6950,-1368,-1349]]},{"type":"Polygon","arcs":[[-1384,6954,-1486,6955,6956]]},{"type":"Polygon","arcs":[[6957,-1380,-6957,6958,-6948,-6953]]},{"type":"Polygon","arcs":[[-1387,6959,-1381,-6958,-6952,6960]]},{"type":"Polygon","arcs":[[-2374,-1388,-6961,-6951,-6954]]},{"type":"Polygon","arcs":[[-4187,-132,-4182,-3777,6961]]},{"type":"Polygon","arcs":[[-1386,-2377,-2379,-1495,-2437,6962,6963,-1382,-6960]]},{"type":"Polygon","arcs":[[-1516,-1521,-6760,-6758,-1507,-1502,-1059,-1051,-1036,6964]]},{"type":"Polygon","arcs":[[-1325,-1289,-1379,-1410,6965,-1423,6966,-1340,-1336]]},{"type":"Polygon","arcs":[[-1491,-1476,6967,-1418,6968,-1391,-1412,-1421]]},{"type":"Polygon","arcs":[[-1395,-1428,-1424,-6966,-1409]]},{"type":"Polygon","arcs":[[-6944,-1341,-6967,-1427,-1462,-1445,-1453,6969]]},{"type":"Polygon","arcs":[[-6970,-1452,-6934,-1282,-6945]]},{"type":"Polygon","arcs":[[-1466,6970,6971,6972,-1315,-1311,-1465]]},{"type":"Polygon","arcs":[[6973,6974,-1474,6975,-6971,-1468]]},{"type":"Polygon","arcs":[[-6973,6976,6977,6978,-6931,-1316]]},{"type":"Polygon","arcs":[[-6972,-6976,-1473,6979,6980,-6977]]},{"type":"Polygon","arcs":[[-6981,6981,6982,-6978]]},{"type":"Polygon","arcs":[[6983,-6982,-6980,-1472,6984,6985]]},{"type":"Polygon","arcs":[[6986,6987,-6974,-1467,-1463,-1438,-1455]]},{"type":"Polygon","arcs":[[-1431,6988,-6987,-1454]]},{"type":"Polygon","arcs":[[-6989,-1430,6989,6990,6991,-6985,-1475,-6975,-6988]]},{"type":"Polygon","arcs":[[6992,6993,6994,-6986,-6992]]},{"type":"Polygon","arcs":[[6995,-6994,6996,6997,6998]]},{"type":"Polygon","arcs":[[6999,-6998,7000]]},{"type":"Polygon","arcs":[[-1393,7001,7002,-6990,-1429]]},{"type":"Polygon","arcs":[[-6969,-1420,7003,7004,-7002,-1392]]},{"type":"Polygon","arcs":[[-7005,7005,-7001,-6997,-6993,-6991,-7003]]},{"type":"Polygon","arcs":[[-1564,-1570,7006,-6915,7007,-1560,-1558]]},{"type":"Polygon","arcs":[[-7004,-1419,-6968,-1481,7008,7009,-6999,-7000,-7006]]},{"type":"Polygon","arcs":[[-1480,7010,7011,-7009]]},{"type":"Polygon","arcs":[[-1479,-1483,7012,7013,-7011]]},{"type":"Polygon","arcs":[[-6949,-6959,-6956,-1485,-1492]]},{"type":"Polygon","arcs":[[-6955,-1383,-6964,7014,-7013,-1482]]},{"type":"Polygon","arcs":[[7015,-6913,-1498,-1576,-1548]]},{"type":"Polygon","arcs":[[-7008,-6914,-7016,-1561]]},{"type":"Polygon","arcs":[[-6965,-1041,-6820,-6891,-853,7016,-1517]]},{"type":"Polygon","arcs":[[-1413,-1525,-1460,-1523,-1518,-7017,-852,-1488]]},{"type":"Polygon","arcs":[[7017,-6877,7018,-6761,-140]]},{"type":"Polygon","arcs":[[-6878,-7018,-139,-61,-1524,-1416,-6875,-6879,-936]]},{"type":"Polygon","arcs":[[-1531,-1608,7019,-1546,-1543,7020,-1527]]},{"type":"Polygon","arcs":[[-1568,7021,7022,-6910,-6917,7023]]},{"type":"Polygon","arcs":[[-7024,-6916,-7007,-1569]]},{"type":"Polygon","arcs":[[7024,7025,7026,-1594,-1571,-1597,7027]]},{"type":"Polygon","arcs":[[7028,-7028,-1596,-6732,7029]]},{"type":"Polygon","arcs":[[-1601,-2324,-148,-1532,-1528,-7021,-1542,-1539,-1537,-1593,-7027,7030]]},{"type":"Polygon","arcs":[[-7026,7031,-1602,-7031]]},{"type":"Polygon","arcs":[[7032,-1566,-1562,7033]]},{"type":"Polygon","arcs":[[-1541,-1545,-7020,-1607,-1803,-2052,7034,-1727,7035,7036,-1565,-1555,-917,-1534,-1538]]},{"type":"Polygon","arcs":[[-1629,-1619,7037,-1705,-2235,-2232]]},{"type":"Polygon","arcs":[[7038,7039,7040,7041,-7022,-1567,-7033]]},{"type":"Polygon","arcs":[[-7037,7042,-1636,7043,7044,-7039,-7034]]},{"type":"Polygon","arcs":[[-2339,-2360,-1579,-1633]]},{"type":"Polygon","arcs":[[7045,-1641,-1721,7046,-7044,-1635]]},{"type":"Polygon","arcs":[[-1634,7047,7048,-1642,-7046]]},{"type":"Polygon","arcs":[[-1643,-7049,7049]]},{"type":"Polygon","arcs":[[-7023,-7042,-1710,-1706,-7038,-1622,-1617,7050,7051]]},{"type":"Polygon","arcs":[[-7052,7052,7053,7054,7055,7056,-6919,-6922,-6911]]},{"type":"Polygon","arcs":[[7057,7058,-7055,7059]]},{"type":"Polygon","arcs":[[7060,-7060,-7054]]},{"type":"Polygon","arcs":[[-1689,-1695,-1687,-1684,-1674,-1679]]},{"type":"Polygon","arcs":[[7061,7062,7063,-2065,-2027,-2024,-2006]]},{"type":"Polygon","arcs":[[-1720,-1723,-1712,7064,-7040,-7045,-7047]]},{"type":"Polygon","arcs":[[-1726,7065,7066,-1751,-1661,-1658,-1652,-1644,-7050,-7048,-1637,-7043,-7036]]},{"type":"Polygon","arcs":[[-7065,-1711,-7041]]},{"type":"MultiPolygon","arcs":[[[7067,7068,-1766]],[[7069,7070,-1768,-1759,-1771]],[[7071,7072,-1769,-1773,-1754,-1746]]]},{"type":"Polygon","arcs":[[-2070,-1811,7073,-1938,-1934,7074,-2050,7075,-2060,7076,-2062]]},{"type":"Polygon","arcs":[[-7072,-1745,7077,7078,7079]]},{"type":"Polygon","arcs":[[7080,-7078,-1744,7081]]},{"type":"Polygon","arcs":[[7082,7083,7084,-1776,-1777,-1763,-1767,-7069]]},{"type":"Polygon","arcs":[[7085,7086,7087,7088,7089,7090]]},{"type":"Polygon","arcs":[[-1810,7091,7092,-1939,-7074]]},{"type":"Polygon","arcs":[[7093,-7092,-1809,-2069,7094]]},{"type":"Polygon","arcs":[[7095,-1844,-1837,-1832,-2073,-2071,-1940,-7093,-7094]]},{"type":"Polygon","arcs":[[7096,7097,-1892]]},{"type":"Polygon","arcs":[[-1740,-1884,-1882,7098,7099,-7097,-1891,-1871]]},{"type":"Polygon","arcs":[[7100,7101,7102,7103,-7099,-1881]]},{"type":"Polygon","arcs":[[-1774,-7085,7104,-7086,7105,-1885,-1590]]},{"type":"Polygon","arcs":[[-7105,-7084,7106,7107,7108,7109,7110,-7087]]},{"type":"Polygon","arcs":[[-1893,-7098,-7100,-7104,7111,7112,7113,-2326,-2272,-1895]]},{"type":"Polygon","arcs":[[-1883,-7106,-7091,7114,-7101,-1880]]},{"type":"Polygon","arcs":[[7115,-1866,-2087,7116]]},{"type":"Polygon","arcs":[[7117,-7117,-2086,-2098,-1898]]},{"type":"Polygon","arcs":[[-45,7118,7119]]},{"type":"Polygon","arcs":[[7120,-2203,-1918,-1922,-2162,7121]]},{"type":"Polygon","arcs":[[-7075,-1933,-1944,-1947,7122,7123,-1724,-7035,-2051]]},{"type":"Polygon","arcs":[[7124,7125,7126,-6,-13,-1963,-1966,7127]]},{"type":"Polygon","arcs":[[-15,-1928,-1954,-2307,-2386,7128,-1961,-1967]]},{"type":"Polygon","arcs":[[7129,-19,-1955,-2186,-1923,-2]]},{"type":"Polygon","arcs":[[7130,-7119,-44,-2015,-7126]]},{"type":"Polygon","arcs":[[7131,-2000,-1992,-39,-46,-7120,-7131,-7125]]},{"type":"Polygon","arcs":[[-797,-805,-808,-549,-6845,-481,-2001,-7132,-7128,-1965,-1959,-906,-924]]},{"type":"Polygon","arcs":[[-7127,-2016,-1984,-1808,-1609,-1529,-20,-7130,-1,-7]]},{"type":"Polygon","arcs":[[-1583,7132,-7058,-7061,-7053,-7051,-1616]]},{"type":"Polygon","arcs":[[7133,-7056,-7059,-7133,-1582,-1971,-1982,-1980]]},{"type":"Polygon","arcs":[[-2400,-2393,-2405,7134,-7062,-2009,-2010,-2005,-1998]]},{"type":"Polygon","arcs":[[7135,7136,-2043,-2054,-2067]]},{"type":"Polygon","arcs":[[-7137,7137,7138,-2061,-7076,-2049,-2044]]},{"type":"Polygon","arcs":[[-1946,-1950,-2077,-2056,7139,7140,7141,-7123]]},{"type":"Polygon","arcs":[[-7139,7142,-2105,-2091,-1847,-1843,-1845,-7096,-7095,-2068,-2063,-7077,-2059]]},{"type":"Polygon","arcs":[[-2055,7143,-7140]]},{"type":"Polygon","arcs":[[-2117,-2120,7144,7145,-2111]]},{"type":"Polygon","arcs":[[-7144,-2058,-2076,-1850,-2112,-7146,7146,7147,7148,7149,-7141]]},{"type":"Polygon","arcs":[[-2119,7150,-7147,-7145]]},{"type":"Polygon","arcs":[[-2198,7151,7152,7153,-2195,7154]]},{"type":"Polygon","arcs":[[7155,-2148,7156,7157,7158,-2126,7159]]},{"type":"Polygon","arcs":[[-7159,7160,-2169,-2163,-2130,-2127]]},{"type":"Polygon","arcs":[[-2144,-2167,-7161,-7158,7161]]},{"type":"Polygon","arcs":[[7162,7163,-2145,-7162,-7157,-2147]]},{"type":"Polygon","arcs":[[7164,7165,7166,-2141,-7164,7167]]},{"type":"Polygon","arcs":[[7168,7169,-7166,7170]]},{"type":"Polygon","arcs":[[7171,-2193,7172,-2189,-2140,-2183,7173]]},{"type":"Polygon","arcs":[[-7171,-7165,7174]]},{"type":"Polygon","arcs":[[-7118,-2166,-2154,-2151,-1901,-1827,-2114,-7116]]},{"type":"Polygon","arcs":[[-7170,7175,7176,-2125,-2142,-7167]]},{"type":"Polygon","arcs":[[7177,-2173,-7177,7178]]},{"type":"Polygon","arcs":[[7179,-2184,-2182,-7178]]},{"type":"Polygon","arcs":[[7180,7181,-7122,-2177,-2179,-2107]]},{"type":"Polygon","arcs":[[7182,7183,7184]]},{"type":"Polygon","arcs":[[7185,7186,-7183,7187,-2190,-7173,-2192,-7154]]},{"type":"Polygon","arcs":[[7188,-2199,-7155,-2194,-7172,7189,7190]]},{"type":"Polygon","arcs":[[-7152,-2197,7191]]},{"type":"Polygon","arcs":[[-7191,7192]]},{"type":"Polygon","arcs":[[-7187,7193,-7184]]},{"type":"Polygon","arcs":[[7194]]},{"type":"Polygon","arcs":[[-7182,7195,7196,-2204,-7121]]},{"type":"Polygon","arcs":[[-2225,7197,7198]]},{"type":"Polygon","arcs":[[-2205,-7197,7199,-7198,-2224,-2215,-2136,-2213,-2210]]},{"type":"Polygon","arcs":[[-2118,-2349,-2351,7200,7201,-7148,-7151]]},{"type":"Polygon","arcs":[[-7201,-2350,7202,7203,7204,7205,7206]]},{"type":"Polygon","arcs":[[7207,-2316,7208,7209,7210,7211,-2440,7212,-2312]]},{"type":"Polygon","arcs":[[7213,7214,7215]]},{"type":"Polygon","arcs":[[7216,-7209,-2317,-7208,-2311,7217]]},{"type":"Polygon","arcs":[[7218,7219,7220,-7218,-2320]]},{"type":"Polygon","arcs":[[-7114,7221,7222,7223,7224,-7219,-2319,-2327]]},{"type":"Polygon","arcs":[[-2133,-2218,-2220,7225,-7203,-2352]]},{"type":"Polygon","arcs":[[-2219,7226,7227,7228,-7204,-7226]]},{"type":"Polygon","arcs":[[7229,7230,-7228]]},{"type":"Polygon","arcs":[[7231,7232,7233,7234]]},{"type":"Polygon","arcs":[[-6920,-7057,-7134,-2385,-2384,-2381,-1407,-1401,-6946]]},{"type":"Polygon","arcs":[[7235,7236,-7030,-6731,-1513,-6763,7237]]},{"type":"Polygon","arcs":[[-934,7238,-7238,-6762,-7019,-6876]]},{"type":"Polygon","arcs":[[-933,-1962,-7129,-2388,7239,-1598,7240,-7236,-7239]]},{"type":"Polygon","arcs":[[-7241,-1603,-7032,-7025,-7029,-7237]]},{"type":"Polygon","arcs":[[-1599,-7240,-2387,-2309,-2325]]},{"type":"Polygon","arcs":[[7241,7242,7243,-2403,7244,7245]]},{"type":"Polygon","arcs":[[7246,7247,-7205,-7229,-7231,7248,7249]]},{"type":"Polygon","arcs":[[7250,-7235,7251,-7211,7252,7253,7254]]},{"type":"Polygon","arcs":[[7255,7256,-7247]]},{"type":"Polygon","arcs":[[-2401,-1996,7257]]},{"type":"Polygon","arcs":[[-6862,7258,-2389,-2399,-7258,-1995,-512]]},{"type":"Polygon","arcs":[[-2402,-2391,7259,-7245]]},{"type":"Polygon","arcs":[[-7244,7260,-7063,-7135,-2404]]},{"type":"Polygon","arcs":[[7261,-7246,-7260,-2390,-7259,-6861]]},{"type":"Polygon","arcs":[[7262,-7242,-7262,-6860]]},{"type":"Polygon","arcs":[[-7243,-7263,-6859,-735,-724,-6854,-6856,-783,-6867,-6863,7263,-7160,-2129,-2103,-2094,-2104,-7143,-7138,-7136,-2066,-7064,-7261]]},{"type":"Polygon","arcs":[[7264,7265,7266,7267,7268]]},{"type":"Polygon","arcs":[[-2419,7269,-7266,7270]]},{"type":"Polygon","arcs":[[7271,7272,7273,-7269,7274,-7220,-7225]]},{"type":"Polygon","arcs":[[-2430,7275,-7273,7276]]},{"type":"Polygon","arcs":[[-7234,7277,-2438,-7212,-7252]]},{"type":"Polygon","arcs":[[7278,7279,-7253,-7210,-7217]]},{"type":"Polygon","arcs":[[-7124,-7142,-7150,7280,7281,-7079,-7081,7282,-7066,-1725]]},{"type":"Polygon","arcs":[[-7283,-7082,-1743,-7067]]},{"type":"Polygon","arcs":[[7283,-7254,-7280]]},{"type":"Polygon","arcs":[[-7275,-7268,7284,-7255,-7284,-7279,-7221]]},{"type":"Polygon","arcs":[[-7267,-7270,-2418,7285,-7232,-7251,-7285]]},{"type":"Polygon","arcs":[[-7281,-7149,-7202,-7207,7286]]},{"type":"Polygon","arcs":[[-2415,7287,-2406,7288]]},{"type":"Polygon","arcs":[[-2407,-7288,-2414,7289]]},{"type":"Polygon","arcs":[[-2429,7290,-2422,-2420,-7271,-7265,-7274,-7276]]},{"type":"Polygon","arcs":[[7291,7292,-7222,-7113]]},{"type":"Polygon","arcs":[[-7112,-7103,7293,7294,7295,-7292]]},{"type":"Polygon","arcs":[[7296,-7294,-7102,-7115,-7090]]},{"type":"Polygon","arcs":[[-7297,-7089,7297,7298,-7295]]},{"type":"Polygon","arcs":[[-7299,7299,7300,-7223,-7293,-7296]]},{"type":"Polygon","arcs":[[7301,-7300,-7298,-7088,-7111]]},{"type":"Polygon","arcs":[[7302,7303,-7216,7304,-7109]]},{"type":"Polygon","arcs":[[-6771,-2704,-2603,-2609]]},{"type":"Polygon","arcs":[[7305,7306,-7214,-7304,7307]]},{"type":"Polygon","arcs":[[7308,-7308,-7303,-7108,7309]]},{"type":"Polygon","arcs":[[7310,-7310,-7107,-7083,-7068,-1765,-7071,7311]]},{"type":"Polygon","arcs":[[7312,-7306,-7309,-7311]]},{"type":"Polygon","arcs":[[-5481,7313,7314,7315,-2468]]},{"type":"Polygon","arcs":[[7316,7317,-2516,-7316]]},{"type":"Polygon","arcs":[[7318,7319,-2513,-7318]]},{"type":"Polygon","arcs":[[7320,7321,-2483,7322,-7319,-7317,-7315]]},{"type":"Polygon","arcs":[[7323,-2484,-7322,7324]]},{"type":"Polygon","arcs":[[-2488,-2549,-2551,-2492,-2514,-7320,-7323]]},{"type":"Polygon","arcs":[[-2540,-2527,-2445,-2467,-2508,-2518,-2495]]},{"type":"Polygon","arcs":[[7325,-2568,7326,-2546,7327,-2557]]},{"type":"Polygon","arcs":[[-2558,-7328,-2545,-2486,7328]]},{"type":"Polygon","arcs":[[-2485,-7324,7329,7330,-2559,-7329]]},{"type":"Polygon","arcs":[[-7331,7331,-2579,-2576,-2569,-7326,-2556]]},{"type":"Polygon","arcs":[[7332,-6801,7333,-2572,-2578]]},{"type":"Polygon","arcs":[[-6804,-251,-2583,-7334]]},{"type":"Polygon","arcs":[[-2547,-7327,-2567,-2596,-2541,-2550]]},{"type":"Polygon","arcs":[[-2599,-2697,7334,-4785,-2612]]},{"type":"Polygon","arcs":[[-945,-6882,-2669,-2651,-2646,-2644]]},{"type":"Polygon","arcs":[[-1007,-1014,-2656,-2661,-2666,-6880]]},{"type":"Polygon","arcs":[[-2635,-2685,-2610,-2606,-2601,-2618,-2683]]},{"type":"Polygon","arcs":[[-3840,-4426,-4684,7335,-4507]]},{"type":"Polygon","arcs":[[7336,7337,7338,-2836,-2844,-2846,-2779]]},{"type":"Polygon","arcs":[[7339,7340,7341,7342,7343,-2837,-7339]]},{"type":"Polygon","arcs":[[-2856,-2838,-7344,7344,7345,7346,-2848,-2853]]},{"type":"Polygon","arcs":[[-2857,-2851,7347,-2821,-2860]]},{"type":"Polygon","arcs":[[7348,-7337,-2778,-2845,-2842,-2841,-2829,-2870,7349]]},{"type":"Polygon","arcs":[[7350,7351,7352,-2868,-2742,7353]]},{"type":"Polygon","arcs":[[-7353,7354,-7350,-2869]]},{"type":"Polygon","arcs":[[7355,-2875,-2877,-2882,7356,-7352]]},{"type":"Polygon","arcs":[[-7357,-2885,7357,-7355]]},{"type":"Polygon","arcs":[[-6730,7358,-7354,-2741,-2894]]},{"type":"Polygon","arcs":[[7359,7360,7361,-6714,-2795,-2792,7362]]},{"type":"Polygon","arcs":[[-2789,-1011,-6887,7363,-7363,-2791]]},{"type":"Polygon","arcs":[[-1133,-6899,7364,-2914,-2913,-2906]]},{"type":"Polygon","arcs":[[-6904,7365,-3344,-2980,-2986]]},{"type":"Polygon","arcs":[[7366,-2987,7367,-6727,-6712,-7362,7368]]},{"type":"Polygon","arcs":[[7369,-7369,-7361,7370]]},{"type":"Polygon","arcs":[[7371,-7371,-7360,-7364,-6886]]},{"type":"Polygon","arcs":[[7372,-2900,-2917,-2876,-7356,-7351,-7359,-6729]]},{"type":"Polygon","arcs":[[-6728,-7368,-2901,-7373]]},{"type":"Polygon","arcs":[[-6895,-2909,-2988,-7367,-7370,-7372,-6885,-6894]]},{"type":"Polygon","arcs":[[-6898,-6902,-2992,-2990,-2915,-7365]]},{"type":"Polygon","arcs":[[7373,-7345,-7343,7374,-2997,-5154,7375]]},{"type":"Polygon","arcs":[[-3033,-3010,7376,-5151,-3003]]},{"type":"Polygon","arcs":[[-7341,7377,-3035,-3026,7378]]},{"type":"Polygon","arcs":[[7379,-3049,-3036,-7378,-7340]]},{"type":"Polygon","arcs":[[-7379,-3025,-3034,-3023,-2993,-7375,-7342]]},{"type":"Polygon","arcs":[[7380,7381,7382,-3526,-6797]]},{"type":"Polygon","arcs":[[-7349,-7358,-2884,-2888,-3058,-3057,-3050,-7380,-7338]]},{"type":"Polygon","arcs":[[-3066,-3092,-3192,-3153,-3069]]},{"type":"Polygon","arcs":[[-3209,-3183,-3186,-3193,-3090,-3103]]},{"type":"Polygon","arcs":[[-3072,-3225,-3227,-3229,7383,-3657,-3654,-2968,-2435,-3584,-3596,-3605,7384]]},{"type":"Polygon","arcs":[[-3260,-3266,7385,-3248,-3245,7386]]},{"type":"Polygon","arcs":[[-3261,-7387,-3244,-3239,-3237]]},{"type":"Polygon","arcs":[[7387,7388,7389,-3669,7390]]},{"type":"Polygon","arcs":[[7391,7392,-3315,-3321,-3311,7393]]},{"type":"Polygon","arcs":[[-7393,7394,7395,7396,7397,-3324,-3553,-3316]]},{"type":"Polygon","arcs":[[-3617,7398,-3308,-3328,-3358,-3356,7399]]},{"type":"Polygon","arcs":[[-3348,-3613,-7400,-3355,-3340]]},{"type":"Polygon","arcs":[[7400,7401,7402,7403,7404]]},{"type":"Polygon","arcs":[[7405,-7405,7406,-3671,7407]]},{"type":"Polygon","arcs":[[7408,-7408,-3670,-7390]]},{"type":"Polygon","arcs":[[7409,-7391,-3668,7410]]},{"type":"Polygon","arcs":[[7411,7412,-7411,-3667,-3363,7413]]},{"type":"Polygon","arcs":[[-3360,-3738,7414,-3480,7415,-7414,-3366]]},{"type":"Polygon","arcs":[[7416,7417,7418,7419]]},{"type":"Polygon","arcs":[[7420,7421,7422,7423,-7403]]},{"type":"Polygon","arcs":[[7424,-7417,7425,-7423]]},{"type":"Polygon","arcs":[[-3407,7426,7427,7428,7429]]},{"type":"Polygon","arcs":[[7430,7431,7432,7433,7434,-7428]]},{"type":"Polygon","arcs":[[7435,-3408,-7430,7436,7437]]},{"type":"Polygon","arcs":[[7438,7439,7440,-3411,7441]]},{"type":"Polygon","arcs":[[7442,-7442,-3410,-3417,-3386]]},{"type":"Polygon","arcs":[[7443,7444,-3375,-3389,-3404,7445,7446]]},{"type":"Polygon","arcs":[[7447,-3388,-3372,-3379,-6930]]},{"type":"Polygon","arcs":[[-3395,-3603,-3409,7448,7449]]},{"type":"Polygon","arcs":[[-3403,-3400,7450,7451,7452,7453,-7446]]},{"type":"Polygon","arcs":[[-3399,7454,7455,7456,-7451]]},{"type":"Polygon","arcs":[[7457,7458,-7455,-3398,-3402,-3515,-3396,-7450,7459]]},{"type":"Polygon","arcs":[[-6924,7460]]},{"type":"Polygon","arcs":[[-3521,-3462,-3524,-3511,7461,7462,-3600]]},{"type":"Polygon","arcs":[[-7397,7463,-6937,-6925,-7461,-6923,-3376,-7445,7464]]},{"type":"Polygon","arcs":[[-3429,7465,-6938,-7464,-7396,7466]]},{"type":"Polygon","arcs":[[-3420,-3430,-7467,-7395,-7392,7467]]},{"type":"Polygon","arcs":[[7468,-3421,-7468,-7394,-3310]]},{"type":"Polygon","arcs":[[-6939,-7466,-3431,-3428,7469,-1266,-6936,-6941]]},{"type":"Polygon","arcs":[[-3717,-3433,7470,-7460,-7449,-7436,7471,-3719]]},{"type":"Polygon","arcs":[[7472,7473,7474,-6765,7475,7476]]},{"type":"Polygon","arcs":[[-7458,-7471,-3432,7477]]},{"type":"Polygon","arcs":[[-7456,-7459,-7478,-3436,-1612,-3441,-3444,7478]]},{"type":"Polygon","arcs":[[7479,-7453,7480,-3442,-3532,7481]]},{"type":"Polygon","arcs":[[-35,7482,-7482,-3531]]},{"type":"Polygon","arcs":[[-7481,-7452,-7457,-7479,-3443]]},{"type":"Polygon","arcs":[[7483,7484,-3489,-3499,-3503,-3509,7485]]},{"type":"Polygon","arcs":[[-3478,7486,7487,7488]]},{"type":"Polygon","arcs":[[-7488,7489,7490,-3460,7491,7492,7493]]},{"type":"Polygon","arcs":[[-3623,-144,-3626,-3630,-6767,7494,7495,7496]]},{"type":"Polygon","arcs":[[7497,7498,7499,7500,-3450,-3459]]},{"type":"Polygon","arcs":[[-7435,7501,-3473,7502,7503,7504,-7437,-7429]]},{"type":"Polygon","arcs":[[7505,7506,7507,7508,-7498,-3458,7509,7510,7511]]},{"type":"Polygon","arcs":[[-7510,-3457,7512,7513,7514]]},{"type":"Polygon","arcs":[[-3466,7515,-7511,-7515,7516,-3476,7517]]},{"type":"Polygon","arcs":[[7518,-7484,7519,-7440]]},{"type":"Polygon","arcs":[[-7520,-7486,-3508,-3513,-3412,-7441]]},{"type":"Polygon","arcs":[[-7434,7520,-7512,-7516,-3465,-3470,-7502]]},{"type":"Polygon","arcs":[[7521,-3471,-3469,-3474,7522]]},{"type":"Polygon","arcs":[[-3588,-3591,7523,7524,7525,-3597,-3593]]},{"type":"Polygon","arcs":[[-7503,-3472,-7522,7526,7527]]},{"type":"Polygon","arcs":[[-7513,-3456,-7491,7528]]},{"type":"Polygon","arcs":[[-7518,-3475,-3467]]},{"type":"Polygon","arcs":[[7529,7530,7531,7532,7533,-7500]]},{"type":"Polygon","arcs":[[-7517,-7514,-7529,-7490,-7487,-3477]]},{"type":"Polygon","arcs":[[-3510,-3505,-568,-503,-7462]]},{"type":"Polygon","arcs":[[-3479,-7489,-7494,7534,7535,-7412,-7416]]},{"type":"Polygon","arcs":[[7536,-7492,-3448,7537,7538,7539,7540,7541,7542]]},{"type":"Polygon","arcs":[[-3496,-3500,-3491,7543,7544,-3493]]},{"type":"Polygon","arcs":[[-7485,7545,7546,-7544,-3490]]},{"type":"Polygon","arcs":[[-3494,-7545,-7547,7547,7548,-3455]]},{"type":"Polygon","arcs":[[-3592,-2412,-3755,7549,-7524]]},{"type":"Polygon","arcs":[[7550,7551,7552,-7531]]},{"type":"Polygon","arcs":[[-7433,7553,-509,7554,-7506,-7521]]},{"type":"Polygon","arcs":[[-7555,-508,7555,-7507]]},{"type":"Polygon","arcs":[[-507,-3484,7556,-7508,-7556]]},{"type":"Polygon","arcs":[[-7532,-7553,7557,7558,7559,7560]]},{"type":"Polygon","arcs":[[-3159,-3163,-3166,-3170,-3219,7561,7562]]},{"type":"Polygon","arcs":[[-3152,-3160,-7563,7563,7564,7565,-3147]]},{"type":"Polygon","arcs":[[-3141,-3148,-7566,7566,7567,-3008]]},{"type":"Polygon","arcs":[[7568,-7476,-6764,-3628]]},{"type":"Polygon","arcs":[[7569,-3601,-7463,-502,-7554,-7432]]},{"type":"Polygon","arcs":[[-7427,-3406,-3604,-3518,-3523,-3602,-7570,-7431]]},{"type":"Polygon","arcs":[[-3616,7570,7571,-3427,-3425,-3422,-7469,-3309,-7399]]},{"type":"Polygon","arcs":[[-3609,-7571,-3615]]},{"type":"Polygon","arcs":[[-7470,-7572,-3608,7572,-1267]]},{"type":"Polygon","arcs":[[-6907,-1268,-7573,-3612,7573]]},{"type":"Polygon","arcs":[[-6908,-7574,-3618,-3345,-7366]]},{"type":"Polygon","arcs":[[7574,-6793,-57,-6770]]},{"type":"Polygon","arcs":[[-3271,-3621,7575,7576,7577,-3274]]},{"type":"Polygon","arcs":[[-3624,-7497,7578,7579,-7576,-3620]]},{"type":"Polygon","arcs":[[7580,-7447,-7454,-7480,-7483,-34]]},{"type":"Polygon","arcs":[[-7398,-7465,-7444,-7581,-3322]]},{"type":"Polygon","arcs":[[-3136,-3133,-3031,-3653,-3651,-3656,-7384,-3228]]},{"type":"Polygon","arcs":[[-3527,-7383,-7477,-7569,-3627,-30]]},{"type":"Polygon","arcs":[[7581,7582,-7473,-7382]]},{"type":"Polygon","arcs":[[7583,-3713,-3716,-3662,7584]]},{"type":"Polygon","arcs":[[7585,-7585,-3661,-3672,-7407,-7404,-7424,-7426,-7420,7586]]},{"type":"Polygon","arcs":[[-3275,-7578,7587,-3562,-346]]},{"type":"Polygon","arcs":[[7588,7589,7590,7591]]},{"type":"Polygon","arcs":[[-6796,-6789,-6792,-7575,-6769,-6772,-3634,-3249,-7386,-3265,7592,-3709,-3714,-7584,-7586,7593,-7582,-7381]]},{"type":"Polygon","arcs":[[-5189,7594,-4790,7595,-5180,7596,-3606,-3598,-7526,7597,-3761,7598,-3688,-3695,7599,-5191]]},{"type":"Polygon","arcs":[[-3760,-3689,-7599]]},{"type":"Polygon","arcs":[[-3264,-3700,7600,-3710,-7593]]},{"type":"Polygon","arcs":[[-3699,-3677,-3704,-3711,-7601]]},{"type":"Polygon","arcs":[[7601,7602,-5207,-5195,-3773,7603,-3771,7604,-5039,7605]]},{"type":"Polygon","arcs":[[-7438,-7505,7606,-3720,-7472]]},{"type":"Polygon","arcs":[[-3744,-3721,-7607,-7504,-7528,7607,-3730]]},{"type":"Polygon","arcs":[[-7527,-7523,-7415,-3737,-3731,-7608]]},{"type":"Polygon","arcs":[[-7418,-7425,-7422,7608,7609,-7542,7610]]},{"type":"Polygon","arcs":[[7611,7612,-7543,-7610,7613]]},{"type":"Polygon","arcs":[[-3753,-3748,-7592,7614]]},{"type":"Polygon","arcs":[[-4710,7615,7616,7617,-4726]]},{"type":"Polygon","arcs":[[-7614,-7609,-7421,-7402,7618]]},{"type":"Polygon","arcs":[[-7406,-7409,-7389,7619,-7612,-7619,-7401]]},{"type":"Polygon","arcs":[[7620,-7620,-7388,-7410,-7413,-7536]]},{"type":"Polygon","arcs":[[-7537,-7613,-7621,-7535,-7493]]},{"type":"Polygon","arcs":[[7621,7622,7623,-7558,-7552]]},{"type":"Polygon","arcs":[[-3747,7624,-7495,-6766,7625,7626,-7589]]},{"type":"Polygon","arcs":[[-7579,-7496,-7625,-3746,7627]]},{"type":"Polygon","arcs":[[-7588,-7577,-7580,-7628,-3745]]},{"type":"Polygon","arcs":[[-3762,-7598,-7525,-7550,-3754,-7615,-7591,7628,7629,-3756,-3725]]},{"type":"Polygon","arcs":[[-7627,7630,7631,-7629,-7590]]},{"type":"Polygon","arcs":[[-3763,-3757,-7630,-7632,7632,7633]]},{"type":"Polygon","arcs":[[7634,-3764,-7634,7635,7636,7637,-3767]]},{"type":"Polygon","arcs":[[-7638,7638,-3768]]},{"type":"Polygon","arcs":[[-3772,-3765,-7635,-3766,-7604]]},{"type":"Polygon","arcs":[[-7636,-7633,-7631,-7626,-7475,7639]]},{"type":"Polygon","arcs":[[-3828,-3826,-3880,-3884,-6773,-3874,7640]]},{"type":"Polygon","arcs":[[7641,-7560,7642,-7540]]},{"type":"Polygon","arcs":[[-7533,-7561,-7642,-7539,7643]]},{"type":"Polygon","arcs":[[-7534,-7644,-7538,-3447,-7501]]},{"type":"Polygon","arcs":[[-3742,-3808,-3812,-5401,7644,-3877,7645,-3804,-3802,-3799]]},{"type":"Polygon","arcs":[[7646,-3829,-7641,-3873,-7645,-5400,-5391]]},{"type":"Polygon","arcs":[[-3817,-3813,-3830,-7647,-5390,7647]]},{"type":"Polygon","arcs":[[-3834,-4801,-4805,-4809,-4858,-3849,-3847,-3820,-5311,7648,-5211]]},{"type":"Polygon","arcs":[[-3871,-3852,-4961,-3854,7649,7650,-3892]]},{"type":"Polygon","arcs":[[-3858,7651,-7650]]},{"type":"Polygon","arcs":[[-3782,-3789,-3805,-7646,-3906,-4188,-6962,-3776,-3793]]},{"type":"Polygon","arcs":[[-3899,7652,-3926,-4059,-4051,-3915]]},{"type":"Polygon","arcs":[[-5333,7653,7654,-3930]]},{"type":"Polygon","arcs":[[7655,-3940,-3932,-3937,-7655]]},{"type":"Polygon","arcs":[[-3809,-3740,-3941,-7656,-7654,-5332]]},{"type":"Polygon","arcs":[[-3952,-3944,-3784,-3779,7656,-3976]]},{"type":"Polygon","arcs":[[-3971,-3921,-7653,-3980]]},{"type":"Polygon","arcs":[[7657,-4002,7658,7659]]},{"type":"Polygon","arcs":[[-3990,7660,-4109,-4003,-7658,7661]]},{"type":"Polygon","arcs":[[7662,-4110,-7661,-3989,-3995,-4062]]},{"type":"Polygon","arcs":[[-4073,-4112,-4111,-7663,-4061,-4074]]},{"type":"Polygon","arcs":[[7663,-7659,-4001,-4092,-4088,-4086,-4084,7664,7665]]},{"type":"Polygon","arcs":[[-3978,-4066,-4128,-3972,-7657,-4183,-172,-4127,-4116]]},{"type":"Polygon","arcs":[[7666,7667,7668,-4195,-4194,7669,-167,-4189,-3893,-7651,-7652,-3857]]},{"type":"Polygon","arcs":[[-7670,-4193,7670,-4278,-4289,7671]]},{"type":"Polygon","arcs":[[-4198,-4196,-7669,7672,-4287,-4276,-4279,-7671,-4192]]},{"type":"Polygon","arcs":[[7673,-4259,7674,-159]]},{"type":"Polygon","arcs":[[7675,-4252,-4260,-7674,-158,-169]]},{"type":"Polygon","arcs":[[-7672,-4288,-4253,-7676,-168]]},{"type":"Polygon","arcs":[[-4202,-4172,7676,7677,-4199]]},{"type":"Polygon","arcs":[[-4171,7678,7679,7680,-7677]]},{"type":"Polygon","arcs":[[-160,-7675,-4258,-4247,7681,-7679,-4170]]},{"type":"Polygon","arcs":[[-4215,-4212,-4335,-4204,7682,7683,7684]]},{"type":"Polygon","arcs":[[-4203,7685,7686,-7683]]},{"type":"Polygon","arcs":[[-4104,-4216,-7685,7687]]},{"type":"Polygon","arcs":[[-7681,7688,-4381,-4308,-4235,-4233,-4231,-7678]]},{"type":"Polygon","arcs":[[-7680,-7682,-4246,-4245,-4374,-4380,-7689]]},{"type":"Polygon","arcs":[[-4290,-4273,-4284,-4281,-4286,7689,7690,7691,7692,-6748,7693,-4294,-4300]]},{"type":"Polygon","arcs":[[7694,-4351,-4348,-4395,7695,7696]]},{"type":"Polygon","arcs":[[-4729,7697,7698,-4428,-4435]]},{"type":"Polygon","arcs":[[7699,-7686,-4209,-4361,-4352,-7695]]},{"type":"Polygon","arcs":[[-4394,-4406,-4432,-4737,7700,7701,-7696]]},{"type":"Polygon","arcs":[[-4670,-4665,-4504,-4479,-4489,-4490,7702,7703,7704,-4447,-4450]]},{"type":"Polygon","arcs":[[7705,7706,7707,7708,-4497,7709,-7703,-4491,-4487,7710]]},{"type":"Polygon","arcs":[[-4498,-7709,7711,-7698]]},{"type":"Polygon","arcs":[[-7701,-4736,-4734,7712,-7706,7713,-6390]]},{"type":"Polygon","arcs":[[-7699,-7712,-7708,7714,-4429]]},{"type":"Polygon","arcs":[[-4442,-4295,-7694,-6747,7715,-4540,-4471,-4465,-4461,-4389,-175,-4367]]},{"type":"Polygon","arcs":[[-7693,7716,-5013,-5005,-5010,-6749]]},{"type":"Polygon","arcs":[[-4470,7717,-4457,-2501,-4520]]},{"type":"Polygon","arcs":[[-7718,-4469,-4475,7718,-4660,-4458]]},{"type":"Polygon","arcs":[[-4661,-7719,-4474,-4523,-4525,-4539,7719,7720,-4550,-4654,-4658]]},{"type":"Polygon","arcs":[[-7721,7721,7722,-4569,-4556,-4541]]},{"type":"Polygon","arcs":[[-6745,-4567,-4568,-7723,7723]]},{"type":"Polygon","arcs":[[-6746,-7724,-7722,-7720,-4538,-7716]]},{"type":"Polygon","arcs":[[-4430,-7715,-7707,-7713,-4733,-4735]]},{"type":"Polygon","arcs":[[7724,-4634,-4619,7725]]},{"type":"Polygon","arcs":[[7726,7727,-7726,-4625,-4611,-6753,7728]]},{"type":"Polygon","arcs":[[-4606,-4649,-4629,7729,7730]]},{"type":"Polygon","arcs":[[-4677,-4707,7731,-7727,7732,7733,-4712,-4690]]},{"type":"Polygon","arcs":[[-4607,-7731,7734,-4703,-4698,-4708,-4600,-4587]]},{"type":"Polygon","arcs":[[-4709,-4502,-4508,-7336,-4683,7735,-7616]]},{"type":"Polygon","arcs":[[7736,7737,-4731,-4722,7738,-4725]]},{"type":"Polygon","arcs":[[-7714,-7711,-4486,-4727,-7618,7739,-6391]]},{"type":"Polygon","arcs":[[7740,-7617,-7736,-4682,-4692,-4730,-7738]]},{"type":"Polygon","arcs":[[7741,-4723,-7739,-4721,-4713,-7734,7742,7743,7744]]},{"type":"Polygon","arcs":[[-7705,7745,-4444,-4448]]},{"type":"Polygon","arcs":[[-4439,-4445,-7746,-7704,-7710,-4728]]},{"type":"Polygon","arcs":[[-4706,-4704,-7735,-7730,-4631,-4648,-4653,-4637,-4632,-7725,-7728,-7732]]},{"type":"Polygon","arcs":[[-7335,-4822,-4823,-4786]]},{"type":"Polygon","arcs":[[-4847,-4828,-4834,-2781,-2775,7746,7747]]},{"type":"Polygon","arcs":[[-7748,7748,-4962,-4836,-4844,-4848]]},{"type":"Polygon","arcs":[[7749,-4862,-4870,-4864,-4873,7750,-7691]]},{"type":"Polygon","arcs":[[-4877,-4951,-4949,-4946,7751,7752]]},{"type":"Polygon","arcs":[[7753,-4890,-4878,-7753,7754,-4880]]},{"type":"Polygon","arcs":[[7755,7756,-4881,-7755,-7752,-4867,-4945]]},{"type":"Polygon","arcs":[[7757,-4882,-7757,7758,7759,-7673,-7668,7760,-4892]]},{"type":"Polygon","arcs":[[-4928,-4940,-4888,-7754,-4883,-7758,-4904,-4964]]},{"type":"Polygon","arcs":[[7761,7762,-5145,7763,7764,-4938,-4925]]},{"type":"Polygon","arcs":[[-4905,-4893,-7761,-7667,-3856,-4960]]},{"type":"Polygon","arcs":[[-7747,7765,-4914,-4916,-4910,-4917,-4963,-7749]]},{"type":"Polygon","arcs":[[7766,7767,-4956,-4900,-4874,-4889,-4939,-7765]]},{"type":"Polygon","arcs":[[7768,-4942,-7750,-7690,-4285,-7760]]},{"type":"Polygon","arcs":[[-7759,-7756,-4944,-4943,-7769]]},{"type":"Polygon","arcs":[[7769,7770,7771,7772]]},{"type":"Polygon","arcs":[[-4894,-4902,-4958,7773,-7770,7774]]},{"type":"Polygon","arcs":[[7775,7776,-4992,-4887,-5008]]},{"type":"Polygon","arcs":[[7777,-5022,-4985,-7777]]},{"type":"Polygon","arcs":[[-7751,-4872,-4948,-4895,-7775,-7773,7778,7779,-5011,-7717,-7692]]},{"type":"Polygon","arcs":[[-7564,-7562,7780,7781,7782,7783]]},{"type":"Polygon","arcs":[[-5437,-3919,-3911,-4044,-5418,7784,-5440]]},{"type":"Polygon","arcs":[[7785,-5023,-7778,-7776,-5007,-5003,-5012,-7780]]},{"type":"Polygon","arcs":[[-7779,-7772,7786,-5029,-5025,-5020,-7786]]},{"type":"Polygon","arcs":[[-7606,-5038,-5034,-5030,-7787,-7771,-7774,-4957,-7768]]},{"type":"Polygon","arcs":[[7787,7788]]},{"type":"Polygon","arcs":[[7789,7790,-5294,-5580]]},{"type":"Polygon","arcs":[[-5050,-5036,-5040,-7605,-3770,7791,7792,-7788,7793,7794,-5047]]},{"type":"Polygon","arcs":[[-5042,-5048,-7795,7795]]},{"type":"Polygon","arcs":[[-5062,-5043,-7796,-7794,-7789,-7793,7796,-6754,7797,-5083,-5068]]},{"type":"Polygon","arcs":[[-7763,7798,7799,-5147,-5153,7800,7801,7802,-5173,-5156,-5137,-5166,-5142]]},{"type":"Polygon","arcs":[[7803,-7376,-5155,-5148,-7800]]},{"type":"Polygon","arcs":[[-7377,-3009,7804,-7801,-5152]]},{"type":"Polygon","arcs":[[7805,-2849,-7347,7806,-5077]]},{"type":"Polygon","arcs":[[-4911,-7766,-2774,-2822,-7348,-2850,-7806,-5079,-4918]]},{"type":"Polygon","arcs":[[-7568,7807,-5174,7808,-7802,-7805]]},{"type":"Polygon","arcs":[[-5421,-5424,-5428,7809,7810,-5411]]},{"type":"Polygon","arcs":[[-7809,-5178,-5170,-7803]]},{"type":"Polygon","arcs":[[-7808,-7567,-7565,-7784,7811,-5175]]},{"type":"Polygon","arcs":[[-7781,7812,7813,-5182,7814]]},{"type":"Polygon","arcs":[[-7814,7815,-7597,-5183]]},{"type":"Polygon","arcs":[[7816,-7782,-7815,-5181,-7596,-4789]]},{"type":"Polygon","arcs":[[-5176,-7812,-7783,-7817,-4793,7817]]},{"type":"Polygon","arcs":[[-4791,-7595,-5188,-5185,7818]]},{"type":"Polygon","arcs":[[-5172,-5177,-7818,-4792,-7819,-5184]]},{"type":"Polygon","arcs":[[7819,7820,7821,-7602,-7767,-7764,-5144]]},{"type":"Polygon","arcs":[[-7821,7822,-5203,-5199,7823]]},{"type":"Polygon","arcs":[[-5427,-5444,-5445,-5442,7824,-7810]]},{"type":"Polygon","arcs":[[-7824,-5198,-5206,-5208,-7603,-7822]]},{"type":"Polygon","arcs":[[-7813,-3218,-3073,-7385,-3607,-7816]]},{"type":"Polygon","arcs":[[-7346,-7374,-7804,-7799,-7762,-4924,-4920,-5078,-7807]]},{"type":"Polygon","arcs":[[-5303,-5300,7825,-5226,-5216,-5307]]},{"type":"Polygon","arcs":[[7826,-5227,-7826,-5299,-5295,-7791]]},{"type":"Polygon","arcs":[[-5140,-5228,-7827,-7790,-5450]]},{"type":"Polygon","arcs":[[-5312,-3818,-7648,-5389,-5385,-5382,-5244,-5267,-5269,-5317]]},{"type":"Polygon","arcs":[[-5212,-7649,-5310,-4716,-5308]]},{"type":"Polygon","arcs":[[-5413,7827,-5419,-5407,-5691,7828]]},{"type":"Polygon","arcs":[[-7828,-5412,-7811,-7825,-5441,-7785,-5417]]},{"type":"Polygon","arcs":[[7829,7830,-5462,-5468,-5457,-5448,-5453,-5579,-5573,7831]]},{"type":"Polygon","arcs":[[7832,-5521,7833]]},{"type":"Polygon","arcs":[[-5533,-5522,-7833,7834,7835,-5545]]},{"type":"Polygon","arcs":[[7836,-5570,-5591,-5535,-5560,7837]]},{"type":"Polygon","arcs":[[7838,-7830,7839]]},{"type":"Polygon","arcs":[[-5849,-5845,-5841,-5753,7840]]},{"type":"Polygon","arcs":[[-5568,7841,-7840,-7832,-5572,-5537,-5590]]},{"type":"Polygon","arcs":[[7842,-7838,-5559,-5554,-5558,-5546,-7836]]},{"type":"Polygon","arcs":[[-5514,-5513,-5529,-5504,-5628,-5632,7843,7844]]},{"type":"Polygon","arcs":[[7845,-5626,-5674,-5671,-5619,-5614]]},{"type":"Polygon","arcs":[[-5599,-5605,-5609,7846,-5800,7847]]},{"type":"Polygon","arcs":[[-7844,-5633,-5631,-5681,-5623,7848]]},{"type":"Polygon","arcs":[[-5687,-5414,-7829,-5690,-5692]]},{"type":"Polygon","arcs":[[-6780,7849,7850,-52,-5878,-6775]]},{"type":"Polygon","arcs":[[7851,-5710,-5721,-5725,-5732]]},{"type":"Polygon","arcs":[[-5715,-5639,-5756,-5824,7852,-5811,-5806,-5713,7853]]},{"type":"Polygon","arcs":[[-5730,-5736,-5733,7854]]},{"type":"Polygon","arcs":[[-7854,-5712,-5805,-5850,-7841,-5752,-5748,-5737,-5914,-5911,-5894,-5910,-5888,-5641,-5716]]},{"type":"Polygon","arcs":[[7855,-5758,-3986,-5719,-5884,7856,7857]]},{"type":"Polygon","arcs":[[7858,-5792,-5757,7859,7860]]},{"type":"Polygon","arcs":[[-5608,-5612,-5699,-5780,-7847]]},{"type":"Polygon","arcs":[[-5812,-7853,-5823]]},{"type":"Polygon","arcs":[[7861,7862,-5930,-5936,-5095,7863,7864]]},{"type":"Polygon","arcs":[[7865,-7862,7866]]},{"type":"Polygon","arcs":[[7867,-5931,-7863,-7866,7868]]},{"type":"Polygon","arcs":[[-7860,-5759,-7856,7869]]},{"type":"Polygon","arcs":[[7870,7871,-5767,-5791,-5793,-7859]]},{"type":"Polygon","arcs":[[7872,7873,7874,-5774,-5763,-7872]]},{"type":"Polygon","arcs":[[7875,7876,-5797,-5772,-7875]]},{"type":"Polygon","arcs":[[7877,7878,-7876,-7874,7879]]},{"type":"Polygon","arcs":[[-7879,7880,-5798,-7877]]},{"type":"Polygon","arcs":[[-7878,7881,-5618,-5649,-5600,-7848,-5799,-5794,-7881]]},{"type":"Polygon","arcs":[[7882,7883,-7869,-7867,-7865,7884,7885,-5870,-5873]]},{"type":"Polygon","arcs":[[-5874,-5325,-5016,7886,-5941,-5945,7887,7888,-7883]]},{"type":"Polygon","arcs":[[7889,7890,-5866,7891]]},{"type":"Polygon","arcs":[[7892,-6058,7893,-5771,-5867,-7891,7894]]},{"type":"Polygon","arcs":[[7895,7896,7897,-5904,-5901,-5950,-80]]},{"type":"Polygon","arcs":[[-5908,-5905,-7898,7898]]},{"type":"Polygon","arcs":[[-5916,7899,7900,-6784,-5918]]},{"type":"Polygon","arcs":[[-5915,-5743,-6090,-6094,7901,-7900]]},{"type":"Polygon","arcs":[[7902,-5932,-7868,-7884,-7889]]},{"type":"Polygon","arcs":[[7903,7904,-7888,-5944]]},{"type":"Polygon","arcs":[[-53,-7851,7905,7906,-7904,-5943,-5942,-7887,-5876]]},{"type":"Polygon","arcs":[[-7850,-6779,-76,-5951,-5949,-5946,-4482,-6003,7907,7908,-7906]]},{"type":"Polygon","arcs":[[7909,-5955,-5927,-7903,-7905,-7907,-7909]]},{"type":"Polygon","arcs":[[-95,-5954,-7910,-7908,-6005,7910,-6074,-6083,-5952]]},{"type":"Polygon","arcs":[[-6783,-6080,-6054,-6069,-7911,-6004]]},{"type":"Polygon","arcs":[[-6026,-5969,-6031,7911,7912,7913]]},{"type":"Polygon","arcs":[[7914,7915,-7896,-79,-78,-73,-6778,-6777,7916]]},{"type":"Polygon","arcs":[[-6787,-5989,7917,7918,7919,7920]]},{"type":"Polygon","arcs":[[7921,7922,-5906,-7899,-7897,-7916]]},{"type":"Polygon","arcs":[[7923,-7857,-5887,-7923]]},{"type":"Polygon","arcs":[[-5988,7924,-6799,-7918]]},{"type":"Polygon","arcs":[[-5967,-6788,-7921,7925,7926,-6028]]},{"type":"Polygon","arcs":[[7927,-5963,7928,-7919,-6798,-5996]]},{"type":"Polygon","arcs":[[-7920,-7929,-5962,-7928,-5995,-6279,-6265,-88,-6280,7929,-7926]]},{"type":"Polygon","arcs":[[-5987,7930,-7885,-7864,-5094,-5961,7931,-6283,7932,-5991,-6800,-7925]]},{"type":"Polygon","arcs":[[-5978,-5983,-5957,-7886,-7931,-5986]]},{"type":"Polygon","arcs":[[7933,-7913,7934,7935,7936]]},{"type":"Polygon","arcs":[[-6045,7937,7938,-5984,-5976,-5972,-6017]]},{"type":"MultiPolygon","arcs":[[[7939]],[[7940]]]},{"type":"Polygon","arcs":[[7941,-4855,-5775,-5768,-7894,-6057]]},{"type":"Polygon","arcs":[[7942,7943,7944,-6055,-7893,7945]]},{"type":"Polygon","arcs":[[7946,-7943,7947]]},{"type":"Polygon","arcs":[[7948,7949,-7944,-7947]]},{"type":"Polygon","arcs":[[-6056,-7945,-7950,7950,-7917,-6776,-4856,-7942]]},{"type":"Polygon","arcs":[[-6785,-7901,-7902,-6097,-6100,7951]]},{"type":"Polygon","arcs":[[7952,7953,7954,-6330,7955,-6253,-6165]]},{"type":"Polygon","arcs":[[-7892,-5865,-5956,-5985,-7939,7956]]},{"type":"Polygon","arcs":[[-7952,-6099,-6085,-6782,-6786]]},{"type":"Polygon","arcs":[[-7937,7957,7958,7959]]},{"type":"Polygon","arcs":[[-6164,7960,-7953]]},{"type":"Polygon","arcs":[[-6163,7961,-7954,-7961]]},{"type":"Polygon","arcs":[[-6179,7962,-7666,7963,-6313,-6183]]},{"type":"Polygon","arcs":[[-6189,-6196,-6197,-3998,-3991,-7662,-7660,-7664,-7963,-6182,-6204,7964,-6276]]},{"type":"Polygon","arcs":[[-6308,-6310,-6312,-6315,7965,-6222,7966,-6215]]},{"type":"Polygon","arcs":[[-6216,-7967,-6221,7967,-6350,7968,7969]]},{"type":"Polygon","arcs":[[-5992,-7933,-6285,7970,7971]]},{"type":"Polygon","arcs":[[-6331,-7955,-7962,-6162,-6156,-6218,7972,7973,-6335]]},{"type":"Polygon","arcs":[[7974,7975,7976,7977,-6246,-6243,-6224]]},{"type":"Polygon","arcs":[[7978,-7976,7979]]},{"type":"Polygon","arcs":[[-92,-6278,-5993,-7972,7980,-6292,-6295,-6237,-6281]]},{"type":"Polygon","arcs":[[7981,-7702,-6389,7982]]},{"type":"Polygon","arcs":[[7983,-6159,7984,7985,7986,-6435,-6421,7987]]},{"type":"Polygon","arcs":[[-6252,-6048,-6185,-6070,-6052,-6066,-6093,-6251,-6254,-7956,-6333,-6334,-6338,7988,-7980,-7975,-6223]]},{"type":"Polygon","arcs":[[-6256,-6259,7989,-7965,-6268,-6262,-6126]]},{"type":"Polygon","arcs":[[-6141,-6144,-6272,-6270,-6277,-7990,-6258,-6138]]},{"type":"Polygon","arcs":[[-6029,-7927,-7930,-6282,-6236,7990,7991]]},{"type":"Polygon","arcs":[[-6284,-7932,-5960,-6287,-6289,-6293,-7981,-7971]]},{"type":"Polygon","arcs":[[7992,-6219,-7966,-6314,-7964,-7665,-4083,-4079,-4049,-4105,-7688,-7684,-7687,-7700,-7697,-7982]]},{"type":"Polygon","arcs":[[7993,-7935,-7912,-6030,-7992,7994,7995,7996]]},{"type":"Polygon","arcs":[[7997,-7958,-7936,-7994,7998]]},{"type":"Polygon","arcs":[[-7959,-7998,7999]]},{"type":"MultiPolygon","arcs":[[[8000]],[[8001,-7996]],[[8002]],[[8003]],[[8004]]]},{"type":"Polygon","arcs":[[-6337,-6329,8005,-7977,-7979,-7989]]},{"type":"Polygon","arcs":[[-6217,-7970,8006,8007,8008,8009,-7973]]},{"type":"Polygon","arcs":[[-8010,8010,-6160,-7984,8011,-6426,-6680,-6339,-6302,-7974]]},{"type":"Polygon","arcs":[[8012,8013,8014,8015,-7986]]},{"type":"Polygon","arcs":[[-8011,-8009,8016,8017,-8013,-7985,-6158]]},{"type":"Polygon","arcs":[[-7988,-6427,-8012]]},{"type":"Polygon","arcs":[[8018,-8007,-7969,-6353,8019,-8014,-8018]]},{"type":"Polygon","arcs":[[-8019,-8017,-8008]]},{"type":"Polygon","arcs":[[-7968,-6220,-7993,-7983,-6388,8020,8021,-6351]]},{"type":"Polygon","arcs":[[-6387,-6367,-6371,-6355,-6372,8022,-8021]]},{"type":"Polygon","arcs":[[8023,-6516,-6506,-6503,-6512,8024,8025]]},{"type":"Polygon","arcs":[[-6515,-6517,-8024,8026,-6532]]},{"type":"Polygon","arcs":[[-6524,-6521,8027,8028,-8025]]},{"type":"Polygon","arcs":[[-6247,-7978,-8006,8029,-6536]]},{"type":"Polygon","arcs":[[-8030,-6328,-6535,-6530,-6537]]},{"type":"Polygon","arcs":[[-6550,-6543,8030,-6627,-6556,-6587,-6582]]},{"type":"Polygon","arcs":[[8031,-6641,-6393,8032,-6564,-6558,-6626,-6652]]},{"type":"Polygon","arcs":[[8033,-6596,-6577,-6569,-6566,-6584,-6586]]},{"type":"Polygon","arcs":[[-6601,8034,-6618,8035]]},{"type":"Polygon","arcs":[[-8035,-6600,-6615,8036,8037,8038,-6688,8039,8040,-6689,-6619]]},{"type":"Polygon","arcs":[[-6708,-6639,-6376,-6561,-6671,-6650,-6694,8041]]},{"type":"Polygon","arcs":[[-6607,8042,-8034,-6585,-6554,-6563,-8033,-6392,-7740,-7741,-7737,-4724,-7742,8043]]},{"type":"Polygon","arcs":[[-6606,-6597,-8043]]},{"type":"Polygon","arcs":[[-6608,-8044,-7745,8044,-8037,-6614,-6602,-8036,-6617]]},{"type":"Polygon","arcs":[[8045]]},{"type":"Polygon","arcs":[[-6474,-6448,-6580,-6628,-8031,-6542]]},{"type":"Polygon","arcs":[[-8032,-6651,-6632,-6642]]},{"type":"Polygon","arcs":[[-6683,8046,8047,-8038,-8045,-7744,8048,8049]]},{"type":"Polygon","arcs":[[-8047,-6686,8050,8051]]},{"type":"Polygon","arcs":[[-8048,-8052,8052,8053,-8040,-6687,-8039]]},{"type":"Polygon","arcs":[[8054,-6702,-6690,-8041,-8054]]},{"type":"Polygon","arcs":[[-6705,-6664,-6500,-6527,-6711,8055,-8028,-6520]]},{"type":"Polygon","arcs":[[-6692,8056,8057,-6684,-8050,8058]]},{"type":"Polygon","arcs":[[8059,-6703,-8055,-8053,-8051,-6685,-8058]]},{"type":"Polygon","arcs":[[-6704,-8060,-8057]]},{"type":"Polygon","arcs":[[8060]]},{"type":"Polygon","arcs":[[8061]]},{"type":"Polygon","arcs":[[8062]]},{"type":"Polygon","arcs":[[-7798,-6756,-5080]]},{"type":"Polygon","arcs":[[8063]]},{"type":"MultiPolygon","arcs":[[[8064]],[[8065]]]},{"type":"Polygon","arcs":[[8066]]},{"type":"Polygon","arcs":[[8067]]},{"type":"MultiPolygon","arcs":[[[8068]],[[8069]]]},{"type":"Polygon","arcs":[[8070]]},{"type":"Polygon","arcs":[[-5193,8071,8072,-5201,-5202,8073,-5164]]},{"type":"Polygon","arcs":[[-3452,8074,8075,-3482]]},{"type":"Polygon","arcs":[[8076,-2282,-2276,-2249]]},{"type":"Polygon","arcs":[[-8073,8077,-3774,-5194]]},{"type":"Polygon","arcs":[[8078,8079,-6834,-634,-6829]]},{"type":"Polygon","arcs":[[8080,8081,-6844,-711,-581,-6835,-8080]]},{"type":"Polygon","arcs":[[-6373,-6361,-6436,-7987,-8016,8082]]},{"type":"Polygon","arcs":[[-7256,-7250,8083]]},{"type":"Polygon","arcs":[[-8081,-8079,-6828,8084]]},{"type":"Polygon","arcs":[[-7557,-3483,-8076,8085,-7622,-7551,-7530,-7499,-7509]]},{"type":"Polygon","arcs":[[-3283,-456,-59,-99,8086]]},{"type":"Polygon","arcs":[[-8022,-8023,-6374,-8083,-8015,-8020,-6352]]},{"type":"Polygon","arcs":[[8087,-7623,-8086,-8075,-3451,-7549]]},{"type":"Polygon","arcs":[[-2283,-2280,-8077,-2261]]},{"type":"Polygon","arcs":[[-7600,-3694,-3775,-8078,-8072,-5192]]},{"type":"Polygon","arcs":[[-5143,-5165,-8074,-5204,-7823,-7820]]},{"type":"Polygon","arcs":[[-3281,-3284,-8087,-3622,-3269]]},{"type":"Polygon","arcs":[[-763,-754,-776,-775,8088]]}]}},"arcs":[[[6991,7038],[-2,1]],[[6989,7039],[-24,7]],[[6965,7046],[17,13]],[[6982,7059],[29,-5]],[[7011,7054],[-20,-16]],[[7043,7048],[-9,-17]],[[7034,7031],[-43,7]],[[7011,7054],[32,-6]],[[8769,9280],[-23,2]],[[8746,9282],[-33,2]],[[8713,9284],[19,24],[47,-6]],[[8779,9302],[-10,-22]],[[7044,7052],[-1,-4]],[[7011,7054],[25,19]],[[7036,7073],[17,0]],[[7053,7073],[0,-6]],[[7053,7067],[-9,-15]],[[6843,7053],[20,-17]],[[6863,7036],[-33,-6]],[[6830,7030],[-23,-4]],[[6807,7026],[-27,19],[23,4],[8,9]],[[6811,7058],[32,-5]],[[7004,6983],[-14,-7],[-28,8]],[[6962,6984],[8,9]],[[6970,6993],[28,18],[41,-2]],[[7039,7009],[-11,-13]],[[7028,6996],[-24,-13]],[[5167,8011],[-21,14]],[[5146,8025],[-16,11]],[[5130,8036],[28,7]],[[5158,8043],[26,-16]],[[5184,8027],[14,-9]],[[5198,8018],[-31,-7]],[[5219,7593],[-18,14]],[[5201,7607],[30,8]],[[5231,7615],[5,-4]],[[5236,7611],[14,-10]],[[5250,7601],[-31,-8]],[[7117,6986],[6,-2]],[[7123,6984],[-42,6]],[[7081,6990],[-53,6]],[[7039,7009],[39,-8],[39,-15]],[[7039,7009],[5,5]],[[7044,7014],[16,-2]],[[7060,7012],[50,-13]],[[7110,6999],[7,-13]],[[5490,7690],[-10,8]],[[5480,7698],[-19,16]],[[5461,7714],[41,8]],[[5502,7722],[36,-23]],[[5538,7699],[-48,-9]],[[9238,8940],[-98,14]],[[9140,8954],[0,14]],[[9140,8968],[107,-11]],[[9247,8957],[-9,-17]],[[5297,7891],[-22,16]],[[5275,7907],[-27,19]],[[5248,7926],[40,5]],[[5288,7931],[46,-32]],[[5334,7899],[-37,-8]],[[6976,7209],[-1,-7]],[[6975,7202],[-78,-1],[-13,2]],[[6884,7203],[-20,8]],[[6864,7211],[41,5]],[[6905,7216],[45,-6],[26,-1]],[[7040,7693],[-19,19]],[[7021,7712],[21,3]],[[7042,7715],[67,11]],[[7109,7726],[9,-20]],[[7118,7706],[-78,-13]],[[9305,8839],[-121,21],[34,30]],[[9218,8890],[3,1],[116,-21]],[[9337,8870],[-4,-13],[-28,-18]],[[9300,8830],[-169,29]],[[9131,8859],[3,32]],[[9134,8891],[2,20]],[[9136,8911],[31,-6],[-5,-4],[56,-11]],[[9305,8839],[-5,-9]],[[9300,8830],[-4,-16]],[[9296,8814],[-166,28],[1,17]],[[7590,8087],[-27,-10]],[[7563,8077],[-48,16]],[[7515,8093],[65,10]],[[7580,8103],[26,-6]],[[7606,8097],[-16,-10]],[[8804,9278],[-35,2]],[[8779,9302],[34,-3]],[[8813,9299],[-9,-21]],[[8681,9270],[-45,14]],[[8636,9284],[22,10],[55,-10]],[[8713,9284],[-32,-14]],[[8653,9256],[-46,14]],[[8607,9270],[29,14]],[[8681,9270],[-28,-14]],[[8815,8977],[-75,7]],[[8740,8984],[24,44]],[[8764,9028],[78,-7]],[[8842,9021],[-27,-44]],[[5328,7940],[-40,-9]],[[5248,7926],[-28,20]],[[5220,7946],[34,7]],[[5254,7953],[8,-5],[38,9]],[[5300,7957],[28,-17]],[[5220,7946],[-43,29]],[[5177,7975],[-3,2]],[[5174,7977],[30,10]],[[5204,7987],[15,-10]],[[5219,7977],[35,-24]],[[5219,7977],[35,8]],[[5254,7985],[35,-21]],[[5289,7964],[11,-7]],[[6445,7504],[-52,16]],[[6393,7520],[22,13]],[[6415,7533],[26,-11]],[[6441,7522],[24,-9]],[[6465,7513],[-20,-9]],[[6422,7493],[-27,8]],[[6395,7501],[-25,7]],[[6370,7508],[23,12]],[[6445,7504],[-23,-11]],[[5582,7695],[-8,27],[-18,12]],[[5556,7734],[33,8]],[[5589,7742],[25,-20]],[[5614,7722],[12,-24]],[[5626,7698],[0,0]],[[5626,7698],[-44,-3]],[[7506,8315],[-37,13]],[[7469,8328],[37,20]],[[7506,8348],[11,6]],[[7517,8354],[27,-11]],[[7544,8343],[10,-4]],[[7554,8339],[-48,-24]],[[7854,7224],[-30,4]],[[7824,7228],[22,14]],[[7846,7242],[47,-11]],[[7893,7231],[16,-3]],[[7909,7228],[-13,-8]],[[7896,7220],[-42,4]],[[6975,7202],[-2,-11]],[[6973,7191],[-44,-1],[-24,3],[8,-8],[-15,-3]],[[6898,7182],[-17,9]],[[6881,7191],[3,12]],[[5198,8018],[16,-9],[34,5]],[[5248,8014],[16,-8]],[[5264,8006],[-34,-6],[24,-15]],[[5204,7987],[-37,24]],[[6811,7058],[-23,6],[-9,10]],[[6779,7074],[27,25]],[[6806,7099],[23,-9],[-17,-16],[15,-5]],[[6827,7069],[-16,-11]],[[6400,7482],[-17,5]],[[6383,7487],[-11,3]],[[6372,7490],[23,11]],[[6422,7493],[-22,-11]],[[5174,7977],[-58,41]],[[5116,8018],[30,7]],[[7370,8274],[-87,24]],[[7283,8298],[7,4]],[[7290,8302],[23,13]],[[7313,8315],[5,2]],[[7318,8317],[23,-6]],[[7341,8311],[22,-6]],[[7363,8305],[42,-11]],[[7405,8294],[0,-1]],[[7405,8293],[-35,-19]],[[7370,8274],[-31,-17]],[[7339,8257],[-94,21]],[[7245,8278],[21,10]],[[7266,8288],[17,10]],[[7517,8354],[60,34]],[[7577,8388],[28,-12]],[[7605,8376],[9,-4]],[[7614,8372],[-70,-29]],[[7034,8477],[-17,3]],[[7017,8480],[-70,16]],[[6947,8496],[25,16]],[[6972,8512],[68,-15]],[[7040,8497],[15,-7]],[[7055,8490],[-12,-8]],[[7043,8482],[-9,-5]],[[7433,7170],[-8,-4]],[[7425,7166],[-10,-5]],[[7415,7161],[-3,11],[-33,13]],[[7379,7185],[7,3]],[[7386,7188],[47,-18]],[[6476,7529],[-15,6]],[[6461,7535],[-21,8]],[[6440,7543],[26,10]],[[6466,7553],[17,-7]],[[6483,7546],[6,-9],[-13,-8]],[[6425,7475],[-25,7]],[[6445,7504],[24,-8]],[[6469,7496],[-8,-4]],[[6461,7492],[-36,-17]],[[6441,7522],[20,13]],[[6476,7529],[14,-5]],[[6490,7524],[-25,-11]],[[7789,7176],[-12,4]],[[7777,7180],[-30,10]],[[7747,7190],[44,16]],[[7791,7206],[29,-14]],[[7820,7192],[-31,-16]],[[5562,7675],[16,-20]],[[5578,7655],[-26,-3]],[[5552,7652],[-3,1]],[[5549,7653],[-32,17]],[[5517,7670],[45,5]],[[7599,7368],[-45,14]],[[7554,7382],[49,24]],[[7603,7406],[44,-11]],[[7647,7395],[-48,-27]],[[7846,7259],[-33,16],[6,6],[-25,19]],[[7794,7300],[38,1],[2,7]],[[7834,7308],[16,6],[24,-3]],[[7874,7311],[-16,-25],[4,-7],[-16,-20]],[[7389,8533],[-50,16]],[[7339,8549],[25,12],[16,-5],[33,17]],[[7413,8573],[44,-10]],[[7457,8563],[-27,-9],[-41,-21]],[[7471,7360],[-51,18]],[[7420,7378],[32,14]],[[7452,7392],[27,13]],[[7479,7405],[38,-12]],[[7517,7393],[14,-4]],[[7531,7389],[-36,-17]],[[7495,7372],[-24,-12]],[[7839,7191],[35,-4]],[[7874,7187],[-6,-10]],[[7868,7177],[-16,-14]],[[7852,7163],[-14,-3],[-49,16]],[[7820,7192],[19,-1]],[[7887,7328],[-6,-6]],[[7881,7322],[-7,-11]],[[7834,7308],[-30,9],[-10,12]],[[7794,7329],[4,5],[51,11]],[[7849,7345],[15,-13],[23,-4]],[[7763,7367],[-23,-6],[-42,17]],[[7698,7378],[41,19]],[[7739,7397],[32,-9]],[[7771,7388],[-8,-21]],[[7794,7329],[-50,9]],[[7744,7338],[-36,-4],[-17,5]],[[7691,7339],[72,28]],[[7771,7388],[19,-6],[59,-37]],[[7794,7300],[-14,2]],[[7780,7302],[-33,9],[1,10],[-20,5],[16,12]],[[7471,7111],[-31,12]],[[7440,7123],[39,16]],[[7479,7139],[33,-12]],[[7512,7127],[-41,-16]],[[8014,7293],[3,-8]],[[8017,7285],[-27,-10],[-21,-14],[-19,6],[-31,-15],[0,-6],[-22,0],[6,-12],[-10,-3]],[[7893,7231],[-49,22],[2,6]],[[7881,7322],[17,-10],[48,-9]],[[7946,7303],[-7,-11],[17,-8],[23,-3],[35,12]],[[8196,7136],[-23,-20]],[[8173,7116],[-40,8],[2,-17]],[[8135,7107],[-30,24],[5,13]],[[8110,7144],[-1,9]],[[8109,7153],[21,-7],[66,-10]],[[8173,7116],[-12,-22],[-13,-10],[-18,2]],[[8130,7086],[-9,4]],[[8121,7090],[14,17]],[[8130,7086],[-9,4]],[[7152,8615],[-59,22]],[[7093,8637],[-43,16]],[[7050,8653],[1,3]],[[7051,8656],[1,-1]],[[7052,8655],[120,-21]],[[7172,8634],[17,-3]],[[7189,8631],[-37,-16]],[[7917,7192],[5,-3]],[[7922,7189],[26,-19],[-16,1],[16,-26],[-8,-7],[22,-10],[-6,-10]],[[7956,7118],[-44,16],[25,12],[-26,8],[1,15],[-12,-5],[-32,13]],[[7874,7187],[3,8],[40,-3]],[[7852,7163],[4,-9],[-31,-3],[1,-5]],[[7826,7146],[-21,0],[-32,12],[-10,-4],[-40,5],[-24,-2]],[[7699,7157],[-3,3]],[[7696,7160],[-12,14]],[[7684,7174],[19,1],[48,-7],[26,12]],[[7747,7190],[-17,8]],[[7730,7198],[25,19]],[[7755,7217],[36,-11]],[[7826,7146],[17,-19]],[[7843,7127],[-49,-3],[-25,8],[-38,-3]],[[7731,7129],[-11,2],[-21,26]],[[6372,7490],[-23,7]],[[6349,7497],[21,11]],[[7742,7233],[24,-3]],[[7766,7230],[-11,-13]],[[7730,7198],[-33,14],[-34,-11]],[[7663,7201],[-45,9]],[[7618,7210],[-35,8]],[[7583,7218],[-10,17],[-37,11],[47,11]],[[7583,7257],[16,8],[23,-6]],[[7622,7259],[26,-14],[17,-3],[77,-9]],[[7730,7198],[-25,-10],[-1,-8],[-23,-2]],[[7681,7178],[-24,19]],[[7657,7197],[6,4]],[[7684,7174],[-3,4]],[[7999,7212],[30,-7],[8,-9],[17,1],[31,-9]],[[8085,7188],[-32,-14]],[[8053,7174],[-28,13],[-26,7],[-16,-9],[-29,11],[-4,-10]],[[7950,7186],[-28,3]],[[7917,7192],[-19,13],[-2,15]],[[7909,7228],[47,-12],[43,-4]],[[7839,7191],[22,15],[-15,6],[8,12]],[[7766,7230],[53,-5],[5,3]],[[7742,7233],[6,19]],[[7748,7252],[17,13]],[[7765,7265],[70,-22],[11,-1]],[[7622,7259],[34,14]],[[7656,7273],[29,-2],[40,-10],[3,-8],[20,-1]],[[7782,7301],[-8,-10],[-28,-6],[-18,-9]],[[7728,7276],[-35,11]],[[7693,7287],[22,11]],[[7715,7298],[24,11],[24,-11],[19,3]],[[7765,7265],[-37,11]],[[7782,7301],[-2,1]],[[7715,7298],[-35,11],[-7,-4],[-13,16]],[[7660,7321],[31,18]],[[7693,7287],[-33,-11],[-24,-1]],[[7636,7275],[-40,14]],[[7596,7289],[39,18]],[[7635,7307],[25,14]],[[7337,7041],[-12,8]],[[7325,7049],[14,8]],[[7339,7057],[19,0],[7,-11]],[[7365,7046],[-28,-5]],[[7656,7273],[-20,2]],[[7583,7257],[-38,5]],[[7545,7262],[25,14]],[[7570,7276],[26,13]],[[7691,7339],[-43,11]],[[7648,7350],[36,21]],[[7684,7371],[14,7]],[[8108,7201],[-23,-13]],[[7999,7212],[43,8],[57,-10],[9,-9]],[[7479,7405],[14,7]],[[7493,7412],[36,17]],[[7529,7429],[37,-13]],[[7566,7416],[-49,-23]],[[7554,7382],[-23,7]],[[7566,7416],[37,-10]],[[5455,7938],[-22,14]],[[5433,7952],[43,13]],[[5476,7965],[25,8]],[[5501,7973],[11,-18]],[[5512,7955],[-57,-17]],[[7565,7350],[-70,22]],[[7599,7368],[-5,-3]],[[7594,7365],[-29,-15]],[[7547,7341],[-46,9],[-30,10]],[[7565,7350],[-18,-9]],[[7529,7331],[-13,5],[-64,3],[-27,12]],[[7425,7351],[-39,20]],[[7386,7371],[34,7]],[[7547,7341],[-18,-10]],[[7340,7296],[-26,6]],[[7314,7302],[-42,11]],[[7272,7313],[-71,19]],[[7201,7332],[15,3]],[[7216,7335],[41,9]],[[7257,7344],[47,-19]],[[7304,7325],[35,-12],[-13,-6],[24,-7]],[[7350,7300],[-10,-4]],[[7346,7343],[-42,-18]],[[7257,7344],[58,13]],[[7315,7357],[27,6]],[[7342,7363],[32,-8],[-28,-12]],[[7425,7351],[-16,-5],[16,-13],[-33,-6]],[[7392,7327],[-46,16]],[[7342,7363],[44,8]],[[7361,7305],[-11,-5]],[[7392,7327],[-20,-9],[11,-4],[-22,-9]],[[7500,7316],[-21,-1],[-30,10],[-22,-10],[-35,12]],[[7529,7331],[0,0]],[[7529,7331],[-29,-15]],[[7500,7316],[-30,-16]],[[7470,7300],[-19,-10]],[[7451,7290],[-45,16],[-21,-9],[-24,8]],[[7451,7290],[-32,-16]],[[7419,7274],[-79,22]],[[7570,7276],[-100,24]],[[7529,7331],[10,-15],[15,-8]],[[7554,7308],[7,-11],[35,-8]],[[7554,7308],[41,18]],[[7595,7326],[40,-19]],[[7595,7326],[53,24]],[[7594,7365],[54,-15]],[[7529,7429],[43,15]],[[7572,7444],[113,-27]],[[7685,7417],[-38,-22]],[[7647,7395],[26,-7],[-12,-11],[23,-6]],[[7685,7417],[38,-10],[16,-10]],[[7168,8584],[-25,4]],[[7143,8588],[15,9],[-11,3],[20,10]],[[7167,8610],[30,-11]],[[7197,8599],[-8,-4]],[[7189,8595],[-21,-11]],[[7657,7197],[-18,-12]],[[7639,7185],[-26,-9],[-24,5]],[[7589,7181],[-8,7],[37,22]],[[7589,7181],[-34,8]],[[7555,7189],[9,15],[-12,2],[17,10],[-82,17]],[[7487,7233],[16,7]],[[7503,7240],[80,-22]],[[7555,7189],[-43,11],[-55,-9]],[[7457,7191],[-12,2]],[[7445,7193],[-5,22]],[[7440,7215],[13,5]],[[7453,7220],[34,13]],[[7639,7185],[-5,-14]],[[7634,7171],[-10,-19]],[[7624,7152],[-15,0]],[[7609,7152],[-60,13]],[[7549,7165],[5,4]],[[7554,7169],[1,20]],[[7554,7169],[-44,10],[-54,9],[1,3]],[[7456,7154],[-31,12]],[[7433,7170],[5,7]],[[7438,7177],[61,-15]],[[7499,7162],[-18,-10]],[[7481,7152],[-25,2]],[[7584,7142],[-11,-10]],[[7573,7132],[-24,2],[-29,9],[-23,3]],[[7497,7146],[-16,6]],[[7499,7162],[30,-10]],[[7529,7152],[55,-10]],[[7529,7152],[20,13]],[[7609,7152],[-25,-10]],[[6827,7069],[39,-1]],[[6866,7068],[25,-2],[23,-10]],[[6914,7056],[-71,-3]],[[7438,7177],[7,16]],[[7489,7104],[39,-9]],[[7528,7095],[-13,-15],[11,-10]],[[7526,7070],[-51,10]],[[7475,7080],[8,6],[-36,4]],[[7447,7090],[9,14],[17,-5],[16,5]],[[7407,7134],[33,-11]],[[7471,7111],[18,-7]],[[7447,7090],[-45,5]],[[7402,7095],[4,7]],[[7406,7102],[1,7],[-31,19],[3,10]],[[7379,7138],[28,-4]],[[7379,7138],[36,23]],[[7456,7154],[-49,-20]],[[7512,7127],[43,-12]],[[7555,7115],[-27,-20]],[[7573,7132],[-18,-17]],[[7479,7139],[18,7]],[[7394,7076],[8,19]],[[7475,7080],[-11,-8],[-70,4]],[[5327,7869],[-30,22]],[[5334,7899],[35,8]],[[5369,7907],[32,-21]],[[5401,7886],[-74,-17]],[[7526,7070],[-33,-19],[-1,-7]],[[7492,7044],[-43,15]],[[7449,7059],[-46,4],[-20,7]],[[7383,7070],[11,6]],[[7349,6963],[-52,-18],[-9,4]],[[7288,6949],[-13,4]],[[7275,6953],[41,19]],[[7316,6972],[33,-9]],[[7394,6928],[-45,25],[28,7]],[[7377,6960],[31,-5]],[[7408,6955],[19,-5]],[[7427,6950],[-17,-15]],[[7410,6935],[-16,-7]],[[7687,7038],[-7,-15],[-33,-7]],[[7647,7016],[-31,3]],[[7616,7019],[-19,20]],[[7597,7039],[11,6]],[[7608,7045],[16,-3],[63,-4]],[[7317,6972],[-1,0]],[[7275,6953],[-26,-1]],[[7249,6952],[-72,11]],[[7177,6963],[1,1]],[[7178,6964],[3,0]],[[7181,6964],[17,5],[19,16]],[[7217,6985],[24,2]],[[7241,6987],[29,-14],[47,-1]],[[7599,6978],[-23,1],[-9,9]],[[7567,6988],[-24,13],[5,10]],[[7548,7011],[18,1],[15,17],[-1,10]],[[7580,7039],[17,0]],[[7616,7019],[-17,-21],[0,-20]],[[7491,7018],[57,-7]],[[7567,6988],[-26,-2],[-41,5]],[[7500,6991],[11,14],[-101,13]],[[7410,7018],[4,5]],[[7414,7023],[37,-1]],[[7451,7022],[40,-4]],[[7500,6991],[-26,2]],[[7474,6993],[-32,4],[-48,-1]],[[7394,6996],[16,22]],[[7451,7022],[3,9]],[[7454,7031],[6,19],[-11,9]],[[7492,7044],[-1,-26]],[[4659,7667],[13,-32]],[[4672,7635],[-41,4]],[[4631,7639],[-42,3]],[[4589,7642],[9,18],[-43,4]],[[4555,7664],[2,3]],[[4557,7667],[35,-3],[-8,6]],[[4584,7670],[5,0]],[[4589,7670],[29,-6],[1,4],[40,-1]],[[7249,6952],[30,-7],[17,-15],[17,-4],[32,-33]],[[7345,6893],[-28,-11],[-35,13]],[[7282,6895],[-51,37],[-25,13],[-32,9],[-4,8]],[[7170,6962],[7,1]],[[7568,7081],[-40,14]],[[7624,7152],[9,-2]],[[7633,7150],[8,-36],[-25,-33],[-48,0]],[[7712,7073],[-2,-1]],[[7710,7072],[-6,-6]],[[7704,7066],[-65,9],[-57,-9]],[[7582,7066],[-9,11]],[[7573,7077],[-5,4]],[[7633,7150],[43,2]],[[7676,7152],[8,-16],[4,-26],[15,-13],[9,-24]],[[7608,7045],[-26,21]],[[7704,7066],[-11,-17]],[[7693,7049],[-6,-11]],[[7580,7039],[-51,4],[25,26],[19,8]],[[7548,7011],[-17,23],[-39,10]],[[6355,7468],[-25,2]],[[6330,7470],[-25,1]],[[6305,7471],[16,10]],[[6321,7481],[28,16]],[[6383,7487],[-14,-15],[-14,-4]],[[7365,6986],[21,-2]],[[7386,6984],[-14,-22]],[[7372,6962],[-23,1]],[[7317,6972],[3,17]],[[7320,6989],[45,-3]],[[7474,6993],[-1,-3]],[[7473,6990],[-34,-11]],[[7439,6979],[-53,5]],[[7365,6986],[1,3]],[[7366,6989],[28,7]],[[7247,7058],[21,-11]],[[7268,7047],[12,-5]],[[7280,7042],[-14,-5]],[[7266,7037],[-23,-8]],[[7243,7029],[-25,7],[-13,-2]],[[7205,7034],[13,14],[2,16]],[[7220,7064],[17,2],[10,-8]],[[7646,6994],[1,22]],[[7693,7049],[62,4],[18,-6],[-11,-8]],[[7762,7039],[-15,-1],[-51,-24],[-33,-4],[-17,-16]],[[7500,6892],[12,-16],[-5,-11]],[[7507,6865],[-58,3],[-21,5]],[[7428,6873],[-4,14]],[[7424,6887],[0,1]],[[7424,6888],[31,-4],[0,7],[24,4]],[[7479,6895],[21,-3]],[[7795,6974],[-3,-4],[-57,0],[1,-8]],[[7736,6962],[-15,0]],[[7721,6962],[1,9]],[[7722,6971],[-17,13],[-44,7]],[[7661,6991],[-15,3]],[[7762,7039],[15,-9],[-9,-6],[22,-1],[-6,-8],[26,-21],[-14,-5],[-1,-15]],[[4603,7584],[-39,11]],[[4564,7595],[25,47]],[[4631,7639],[-13,-26]],[[4618,7613],[-15,-29]],[[7845,6962],[-6,-24]],[[7839,6938],[-55,2],[-18,-11]],[[7766,6929],[-26,8],[-12,-8]],[[7728,6929],[-4,6]],[[7724,6935],[-3,18]],[[7721,6953],[0,9]],[[7736,6962],[109,0]],[[7873,6962],[-28,0]],[[7795,6974],[26,-3],[52,0],[0,-9]],[[7717,6897],[6,-7]],[[7723,6890],[-1,-4]],[[7722,6886],[-9,-9],[8,-13]],[[7721,6864],[-37,13]],[[7684,6877],[-42,14]],[[7642,6891],[-26,11]],[[7616,6902],[13,7],[79,-13],[9,1]],[[7368,6918],[26,10]],[[7410,6935],[15,-2]],[[7425,6933],[-13,-2],[9,-11],[-1,-17]],[[7420,6903],[4,-15]],[[7424,6887],[-31,-2],[-27,19],[2,14]],[[7242,7260],[-5,1]],[[7237,7261],[-57,17]],[[7180,7278],[39,20],[12,-4]],[[7231,7294],[42,-12]],[[7273,7282],[-24,-12],[-7,-10]],[[7590,6935],[-21,-18]],[[7569,6917],[-1,-1]],[[7568,6916],[-36,9],[-29,3]],[[7503,6928],[8,11]],[[7511,6939],[45,2],[22,4],[22,-2]],[[7600,6943],[-10,-8]],[[6810,8671],[-12,-10]],[[6798,8661],[-31,-15]],[[6767,8646],[-46,15]],[[6721,8661],[20,11]],[[6741,8672],[29,-6],[13,10]],[[6783,8676],[27,-5]],[[7812,7031],[-4,-5],[80,-23],[30,-5],[87,-24],[-9,-6],[6,-13],[-16,-11],[-11,6]],[[7975,6950],[-2,3],[-60,8],[-40,1]],[[7762,7039],[34,7]],[[7796,7046],[15,1],[1,-16]],[[7731,7129],[24,-39]],[[7755,7090],[-13,-9],[-30,-8]],[[7676,7152],[20,8]],[[7634,7171],[47,7]],[[7724,6935],[-123,8]],[[7601,6943],[22,18]],[[7623,6961],[56,-8],[42,0]],[[7727,6903],[-36,6],[-11,12],[-18,-8],[-42,6],[-30,16]],[[7600,6943],[1,0]],[[7728,6929],[-14,-13],[13,-13]],[[7727,6903],[-10,-6]],[[7616,6902],[-21,9]],[[7595,6911],[-26,6]],[[7511,6939],[6,10],[21,-4],[14,9]],[[7552,6954],[17,1],[6,10]],[[7575,6965],[48,-4]],[[7839,6938],[1,-2]],[[7840,6936],[-9,-11],[-25,-12],[-41,-14]],[[7765,6899],[-13,14],[15,5],[-1,11]],[[7834,6899],[-57,-2]],[[7777,6897],[-12,2]],[[7840,6936],[10,-12],[-11,-17],[12,-6]],[[7851,6901],[-17,-2]],[[7496,6980],[-27,-6]],[[7469,6974],[-13,2],[-32,-18],[9,-9]],[[7433,6949],[-6,1]],[[7408,6955],[-2,6],[33,18]],[[7473,6990],[23,-10]],[[7247,7058],[25,9]],[[7272,7067],[3,-3]],[[7275,7064],[4,-2]],[[7279,7062],[-2,-8]],[[7277,7054],[-9,-7]],[[7552,6954],[-43,12],[-11,-13],[-19,3]],[[7479,6956],[-26,2],[16,16]],[[7496,6980],[36,-11],[43,-4]],[[7479,6956],[-4,-21]],[[7475,6935],[-42,14]],[[7503,6928],[-28,7]],[[7568,6916],[-20,-19],[-27,3]],[[7521,6900],[-41,20]],[[7480,6920],[23,8]],[[7595,6911],[-19,-1],[14,-16],[29,-8]],[[7619,6886],[-46,-9]],[[7573,6877],[-35,2],[-38,13]],[[7500,6892],[21,8]],[[7642,6891],[-23,-5]],[[7479,6895],[-7,7]],[[7472,6902],[-27,28]],[[7445,6930],[35,-10]],[[7472,6902],[-52,1]],[[7425,6933],[20,-3]],[[7669,6814],[-36,-8],[-8,-8],[27,-29]],[[7652,6769],[-36,11]],[[7616,6780],[7,13],[-17,7],[-42,9],[21,10]],[[7585,6819],[84,-5]],[[7283,7005],[16,-4],[-17,-8]],[[7282,6993],[-41,-6]],[[7217,6985],[-12,4],[20,9],[-15,6],[32,18]],[[7242,7022],[26,-3],[15,-14]],[[7330,7023],[39,-2]],[[7369,7021],[-21,-22],[18,-10]],[[7320,6989],[-38,4]],[[7283,7005],[31,13]],[[7314,7018],[15,6]],[[7329,7024],[1,-1]],[[7369,7021],[10,0]],[[7379,7021],[35,2]],[[7242,7022],[1,7]],[[7266,7037],[48,-19]],[[7280,7042],[8,-3]],[[7288,7039],[7,-3]],[[7295,7036],[25,-9]],[[7320,7027],[9,-3]],[[7277,7054],[9,-6]],[[7286,7048],[2,-9]],[[7525,6851],[-9,1],[-1,-15],[33,0],[0,-16]],[[7548,6821],[-1,-26]],[[7547,6795],[-1,-1]],[[7546,6794],[-22,-7]],[[7524,6787],[-14,17],[-27,18],[-18,5]],[[7465,6827],[41,33]],[[7506,6860],[19,-9]],[[7616,6780],[-3,-2],[-66,17]],[[7548,6821],[37,-2]],[[7652,6769],[-29,-10]],[[7623,6759],[-16,-5],[-19,19],[-44,12],[2,9]],[[7680,6831],[-86,45],[14,4]],[[7608,6880],[37,-14]],[[7645,6866],[43,-23],[22,-5]],[[7710,6838],[-30,-7]],[[7573,6877],[24,-17]],[[7597,6860],[-71,0],[0,-10]],[[7526,6850],[-1,1]],[[7506,6860],[1,5]],[[7684,6877],[-39,-11]],[[7608,6880],[11,6]],[[7680,6831],[-5,-5]],[[7675,6826],[-9,1],[-51,27],[-18,6]],[[7721,6864],[-7,-26]],[[7714,6838],[-4,0]],[[7311,7049],[-25,-1]],[[7279,7062],[28,-1],[4,-12]],[[7642,6492],[1,0]],[[7643,6492],[-58,-8],[-37,-10]],[[7548,6474],[-7,15]],[[7541,6489],[99,5]],[[7640,6494],[2,-2]],[[7311,7049],[6,0]],[[7317,7049],[1,-11],[-23,-2]],[[7525,6685],[-11,-6]],[[7514,6679],[-52,4],[-23,-2],[-12,6],[-6,-9],[-30,4]],[[7391,6682],[-1,12],[11,5],[8,33],[10,9]],[[7419,6741],[8,0]],[[7427,6741],[28,-23],[52,-17],[-16,-5],[34,-11]],[[7579,6700],[-54,-15]],[[7427,6741],[30,-1],[122,-40]],[[7530,6736],[-42,13],[-40,16]],[[7448,6765],[31,18],[26,1]],[[7505,6784],[-9,-9],[21,-9],[-17,-6],[41,-19],[-11,-5]],[[7530,6736],[62,-18]],[[7592,6718],[-8,-15]],[[7584,6703],[-5,-3]],[[7419,6741],[-22,22],[-1,24],[-6,9]],[[7390,6796],[16,-21],[23,-11],[19,1]],[[7623,6759],[6,-23],[-37,-18]],[[7505,6784],[0,10],[19,-7]],[[7635,6971],[-1,0]],[[7634,6971],[-35,7]],[[7661,6991],[-26,-20]],[[7546,6507],[-11,-9],[6,-9]],[[7541,6489],[-52,-3]],[[7489,6486],[-12,7],[-1,34],[49,0],[-1,-19],[22,-1]],[[7548,6474],[-20,-6]],[[7528,6468],[-16,-3]],[[7512,6465],[-30,14],[7,7]],[[7546,6507],[18,0],[1,-11],[76,2],[-1,-4]],[[7634,6971],[-11,-10]],[[7722,6971],[-34,2],[-3,-5],[-50,3]],[[7673,6464],[-47,-6]],[[7626,6458],[-17,20],[40,10]],[[7649,6488],[7,-7]],[[7656,6481],[17,-17]],[[7626,6458],[-38,-3]],[[7588,6455],[-17,18],[-39,-9],[-4,4]],[[7643,6492],[6,-4]],[[7588,6455],[-46,-6]],[[7542,6449],[-30,16]],[[7647,6444],[-84,-3],[-21,8]],[[7626,6458],[21,-14]],[[7698,6451],[-19,-6],[-32,-1]],[[7673,6464],[25,-13]],[[4824,7574],[-40,25]],[[4784,7599],[35,8],[6,-3]],[[4825,7604],[33,-18]],[[4858,7586],[-2,-1]],[[4856,7585],[-32,-11]],[[7325,7049],[-8,0]],[[7279,7062],[46,4]],[[7325,7066],[6,-3]],[[7331,7063],[8,-6]],[[7658,6482],[160,21]],[[7818,6503],[7,-8]],[[7825,6495],[-160,-22],[-7,9]],[[7658,6482],[-2,-1]],[[7642,6492],[39,8],[32,1],[27,6],[64,2],[14,-6]],[[7589,6602],[-49,-2],[19,5],[-2,10],[-60,-7]],[[7497,6608],[4,32]],[[7501,6640],[70,-2]],[[7571,6638],[15,-23],[3,-13]],[[7497,6608],[-59,-1],[-16,6]],[[7422,6613],[-6,5]],[[7416,6618],[6,14],[10,-1],[13,15]],[[7445,6646],[28,4],[28,-10]],[[7454,7031],[-52,21],[3,2],[-58,21],[-16,-12]],[[7325,7066],[6,6],[-14,10]],[[7317,7082],[-5,4]],[[7312,7086],[41,-4],[30,-12]],[[7379,7021],[-10,17]],[[7369,7038],[-4,8]],[[7266,7108],[25,0]],[[7291,7108],[10,-12]],[[7301,7096],[-12,0]],[[7289,7096],[-62,1]],[[7227,7097],[-43,0]],[[7184,7097],[-11,11]],[[7173,7108],[32,2]],[[7205,7110],[21,-4],[40,2]],[[7291,7088],[-16,2],[-28,-7]],[[7247,7083],[-20,14]],[[7289,7096],[2,-8]],[[7247,7083],[6,-4]],[[7253,7079],[-40,-8]],[[7213,7071],[-29,26]],[[7291,7088],[-25,-18]],[[7266,7070],[-13,9]],[[7220,7064],[-7,7]],[[7266,7070],[6,-3]],[[7337,7041],[-17,-14]],[[7369,7038],[-39,-15]],[[7794,6167],[-15,0],[-53,18],[43,2],[4,6]],[[7773,6193],[31,-24],[-10,-2]],[[7832,6174],[-23,16]],[[7809,6190],[13,0],[-4,12],[14,2]],[[7832,6204],[21,-15],[-3,-10],[-18,-5]],[[7126,7295],[-9,2]],[[7117,7297],[-36,12]],[[7081,7309],[67,13]],[[7148,7322],[45,-16],[-31,-15],[-27,8],[-9,-4]],[[7180,7278],[-54,17]],[[7148,7322],[53,10]],[[7272,7313],[-41,-19]],[[7314,7302],[-25,-12],[8,-3]],[[7297,7287],[-24,-5]],[[7284,7260],[-18,-8],[-24,8]],[[7297,7287],[25,-7],[-38,-20]],[[7012,7275],[-22,-11],[28,-9]],[[7018,7255],[-10,-5]],[[7008,7250],[-64,16],[18,9],[-22,4],[-8,12]],[[6932,7291],[13,1]],[[6945,7292],[31,4]],[[6976,7296],[22,-17],[14,-4]],[[7039,7279],[-16,-7]],[[7023,7272],[-11,3]],[[6976,7296],[58,6]],[[7034,7302],[32,-10],[-27,-13]],[[7108,7273],[-28,-6],[-41,12]],[[7034,7302],[17,2]],[[7051,7304],[30,5]],[[7117,7297],[-16,-7],[7,-17]],[[7180,7278],[-36,-15],[-36,10]],[[7237,7261],[-16,-8]],[[7221,7253],[-4,1]],[[7217,7254],[-26,7],[-20,-9],[-13,4]],[[7158,7256],[-26,8],[-56,-8]],[[7076,7256],[-53,16]],[[7042,7248],[-24,7]],[[7076,7256],[-34,-8]],[[7008,7250],[-5,-2]],[[7003,7248],[-57,12],[-24,-3]],[[6922,7257],[-39,17],[-23,4]],[[6860,7278],[-3,5]],[[6857,7283],[40,4]],[[6897,7287],[35,4]],[[7158,7256],[-45,-14],[-35,-5],[-36,11]],[[7278,7214],[-32,-15]],[[7246,7199],[-87,23]],[[7159,7222],[29,16]],[[7188,7238],[28,-2],[33,-9],[-7,-4],[36,-9]],[[7314,7230],[-36,-16]],[[7188,7238],[29,16]],[[7221,7253],[93,-23]],[[7353,7246],[-27,-12]],[[7326,7234],[-12,-4]],[[7284,7260],[23,2],[46,-16]],[[7366,7251],[-13,-5]],[[7419,7274],[-53,-23]],[[7357,7177],[-38,-13]],[[7319,7164],[-52,27]],[[7267,7191],[23,8]],[[7290,7199],[20,0],[47,-22]],[[7378,7184],[-21,-7]],[[7290,7199],[32,11],[56,-26]],[[7415,7205],[6,-3],[-35,-14]],[[7379,7185],[-1,-1]],[[7267,7191],[-21,8]],[[7326,7234],[56,-17]],[[7382,7217],[33,-12]],[[7366,7251],[55,-19]],[[7421,7232],[-39,-15]],[[7453,7220],[-32,12]],[[7419,7274],[84,-34]],[[7440,7215],[-25,-10]],[[7109,7406],[-20,7]],[[7089,7413],[1,9],[41,15]],[[7131,7437],[16,6],[36,-10]],[[7183,7433],[-74,-27]],[[7406,7102],[-19,12],[-26,7]],[[7361,7121],[-8,8]],[[7353,7129],[13,0],[-37,22],[-23,9]],[[7306,7160],[13,4]],[[7346,7111],[-38,4]],[[7308,7115],[26,13],[19,1]],[[7361,7121],[-15,-10]],[[7402,7095],[-47,6],[-9,10]],[[7167,7118],[-12,11]],[[7155,7129],[-24,12],[30,9]],[[7161,7150],[43,-17]],[[7204,7133],[-37,-15]],[[7233,7168],[27,-15]],[[7260,7153],[-56,-20]],[[7161,7150],[9,3]],[[7170,7153],[33,11],[30,4]],[[7155,7129],[-37,8]],[[7118,7137],[-5,2]],[[7113,7139],[-24,8]],[[7089,7147],[54,5],[16,5]],[[7159,7157],[11,-4]],[[7023,7470],[33,9],[22,-11]],[[7078,7468],[-23,-7]],[[7055,7461],[-11,-2],[-21,11]],[[7159,7157],[-9,4]],[[7150,7161],[34,13]],[[7184,7174],[23,9]],[[7207,7183],[26,-15]],[[6515,7091],[-44,1]],[[6471,7092],[-7,6],[21,3]],[[6485,7101],[27,6],[-8,6]],[[6504,7113],[46,8]],[[6550,7121],[22,-17]],[[6572,7104],[-57,-13]],[[7167,7118],[38,-8]],[[7173,7108],[-25,16],[-30,13]],[[7143,7160],[-57,24]],[[7086,7184],[21,11]],[[7107,7195],[38,-15],[39,-6]],[[7150,7161],[-7,-1]],[[7089,7147],[-40,0]],[[7049,7147],[4,15]],[[7053,7162],[46,5],[44,-7]],[[7049,7147],[-4,-2]],[[7045,7145],[-10,1]],[[7035,7146],[-17,8]],[[7018,7154],[15,4],[3,11],[-32,8],[-19,9]],[[6985,7186],[21,10]],[[7006,7196],[48,-21],[-1,-13]],[[7107,7195],[52,27]],[[7246,7199],[-39,-16]],[[7404,7439],[-18,-8],[5,-8]],[[7391,7423],[-42,13],[-10,-5]],[[7339,7431],[-23,7]],[[7316,7438],[11,5]],[[7327,7443],[53,23]],[[7380,7466],[22,-2]],[[7402,7464],[44,-4]],[[7446,7460],[-42,-21]],[[7493,7412],[-89,27]],[[7446,7460],[102,-12]],[[7548,7448],[24,-4]],[[7344,7410],[-29,9],[-25,-1]],[[7290,7418],[-7,4]],[[7283,7422],[0,0]],[[7283,7422],[33,16]],[[7339,7431],[24,-11],[-19,-10]],[[7386,7371],[-43,18]],[[7343,7389],[-53,29]],[[7344,7410],[23,-10],[-1,-8],[54,-14]],[[7452,7392],[-42,14],[8,3],[-32,10],[5,4]],[[7279,7388],[-39,16]],[[7240,7404],[34,12]],[[7274,7416],[9,6]],[[7343,7389],[-64,-1]],[[7156,7352],[-29,14]],[[7127,7366],[29,0],[0,7],[55,20]],[[7211,7393],[27,-11],[-43,-15]],[[7195,7367],[-39,-15]],[[7224,7358],[-29,9]],[[7211,7393],[29,11]],[[7279,7388],[5,-11],[-19,-6]],[[7265,7371],[-41,-13]],[[7315,7357],[-22,9],[-28,5]],[[7201,7332],[-45,20]],[[7224,7358],[19,-7],[-43,-9],[16,-7]],[[6857,7283],[-14,16]],[[6843,7299],[37,5]],[[6880,7304],[17,-17]],[[7053,7329],[-28,20],[-26,-6]],[[6999,7343],[-29,21]],[[6970,7364],[33,0]],[[7003,7364],[29,0]],[[7032,7364],[95,2]],[[7156,7352],[-103,-23]],[[7274,7416],[-52,11],[-17,14],[-22,-8]],[[7131,7437],[-26,10]],[[7105,7447],[73,26]],[[7178,7473],[46,-20],[59,-31]],[[7211,7393],[-8,7]],[[7203,7400],[-10,7],[21,7],[-31,19]],[[7089,7413],[-15,0],[-26,-9]],[[7048,7404],[-26,13]],[[7022,7417],[69,25]],[[7091,7442],[14,5]],[[7203,7400],[-18,4],[-40,-13]],[[7145,7391],[-36,15]],[[7118,7370],[-45,22]],[[7073,7392],[-25,12]],[[7145,7391],[-21,-6],[18,-7],[-24,-8]],[[7127,7366],[-9,4]],[[7055,7461],[36,-19]],[[7022,7417],[-61,32]],[[6961,7449],[-36,23]],[[6925,7472],[42,11]],[[6967,7483],[36,-19],[20,6]],[[7078,7468],[51,14]],[[7129,7482],[33,-6]],[[7162,7476],[12,-2]],[[7174,7474],[4,-1]],[[7129,7482],[-100,18]],[[7029,7500],[32,9]],[[7061,7509],[14,4]],[[7075,7513],[1,0]],[[7076,7513],[33,-10]],[[7109,7503],[59,-18],[-6,-9]],[[7081,7309],[-28,20]],[[7051,7304],[-42,32]],[[7009,7336],[-10,7]],[[6870,7314],[-21,22]],[[6849,7336],[-10,10]],[[6839,7346],[66,9]],[[6905,7355],[12,-10]],[[6917,7345],[-25,-4],[21,-20]],[[6913,7321],[-43,-7]],[[6945,7292],[-32,29]],[[6917,7345],[4,-3]],[[6921,7342],[31,-26]],[[6952,7316],[24,-20]],[[6880,7304],[-10,10]],[[6952,7316],[41,9],[1,8]],[[6994,7333],[15,3]],[[6994,7333],[-22,-1],[-24,19],[-27,-9]],[[6905,7355],[65,9]],[[6843,7299],[-9,10]],[[6834,7309],[-11,11]],[[6823,7320],[-11,11],[37,5]],[[6689,7271],[-13,-1]],[[6676,7270],[-10,8]],[[6666,7278],[-21,16]],[[6645,7294],[63,9]],[[6708,7303],[24,-28]],[[6732,7275],[-43,-4]],[[6635,7301],[-47,-6],[-10,9],[-60,-6]],[[6518,7298],[-6,7]],[[6512,7305],[-5,9]],[[6507,7314],[97,11]],[[6604,7325],[10,-8]],[[6614,7317],[21,-16]],[[6635,7301],[10,-7]],[[6666,7278],[-52,-7],[-18,16],[-37,-15],[-24,4]],[[6535,7276],[-17,22]],[[6676,7270],[-29,-4],[-26,-9],[-10,-10]],[[6611,7247],[-24,5],[-28,-7]],[[6559,7245],[-8,10]],[[6551,7255],[-16,21]],[[6593,7225],[-22,-20]],[[6571,7205],[-1,-1]],[[6570,7204],[-64,11]],[[6506,7215],[13,9],[48,10],[-8,11]],[[6611,7247],[-18,-22]],[[6799,7409],[-63,6]],[[6736,7415],[-12,0]],[[6724,7415],[34,10]],[[6758,7425],[87,24]],[[6845,7449],[19,-14]],[[6864,7435],[4,-7],[-20,-11],[-2,-9]],[[6846,7408],[-47,1]],[[6845,7449],[80,23]],[[6961,7449],[-53,-9]],[[6908,7440],[-44,-5]],[[6908,7440],[24,-29]],[[6932,7411],[-86,-3]],[[6943,7411],[-11,0]],[[7022,7417],[-34,-6],[-45,0]],[[6987,7375],[-9,4],[70,25]],[[7073,7392],[-13,-4]],[[7060,7388],[-41,-13],[-12,6],[-20,-6]],[[7003,7364],[-16,11]],[[7060,7388],[12,-6],[-41,-13],[1,-5]],[[6970,7364],[-19,11],[-2,9]],[[6949,7384],[-6,27]],[[6846,7408],[18,-19]],[[6864,7389],[13,-10]],[[6877,7379],[-43,-11],[-19,8]],[[6815,7376],[-9,17]],[[6806,7393],[-7,16]],[[6839,7346],[-5,0]],[[6834,7346],[-10,12]],[[6824,7358],[-9,18]],[[6877,7379],[28,-24]],[[6949,7384],[-50,-2],[-10,8],[-25,-1]],[[6739,7387],[3,-9]],[[6742,7378],[16,-43]],[[6758,7335],[-22,12]],[[6736,7347],[-51,20]],[[6685,7367],[-10,5],[-11,20]],[[6664,7392],[50,2],[3,-8],[22,1]],[[6824,7358],[-54,1],[-6,20]],[[6764,7379],[-2,5],[36,-1],[8,10]],[[6545,7374],[-24,22]],[[6521,7396],[115,18]],[[6636,7414],[23,-17]],[[6659,7397],[-73,-9],[10,-9]],[[6596,7379],[-51,-5]],[[6685,7367],[-66,-5]],[[6619,7362],[-23,17]],[[6659,7397],[5,-5]],[[6736,7347],[-9,-4],[-83,-9],[-6,5],[-47,-4]],[[6591,7335],[8,10],[29,3],[-9,14]],[[6187,7289],[-35,-7]],[[6152,7282],[-21,16]],[[6131,7298],[39,7],[11,-10],[83,12]],[[6264,7307],[5,-5]],[[6269,7302],[-82,-13]],[[6604,7325],[-13,10]],[[6758,7335],[-144,-18]],[[6591,7335],[-10,8]],[[6581,7343],[-36,31]],[[6533,7345],[-26,6],[-20,-2],[5,-10]],[[6492,7339],[-31,7],[-21,31],[50,7]],[[6490,7384],[43,-39]],[[6490,7384],[-6,6]],[[6484,7390],[37,6]],[[6581,7343],[-41,-4],[-7,6]],[[6507,7314],[-8,10]],[[6499,7324],[-7,15]],[[6499,7324],[-38,-5]],[[6461,7319],[-15,23]],[[6446,7342],[-13,20]],[[6433,7362],[-12,19]],[[6421,7381],[63,9]],[[6724,7415],[-27,2]],[[6697,7417],[-12,26],[16,2],[-11,23]],[[6690,7468],[12,1]],[[6702,7469],[74,6]],[[6776,7475],[-18,-50]],[[6764,7379],[-22,-1]],[[6739,7387],[-3,28]],[[6834,7346],[-76,-11]],[[6426,7284],[-31,31]],[[6395,7315],[66,4]],[[6512,7305],[-46,-10]],[[6466,7295],[-20,-8]],[[6446,7287],[-20,-3]],[[6128,7458],[-105,5]],[[6023,7463],[0,16]],[[6023,7479],[0,0]],[[6023,7479],[56,4]],[[6079,7483],[61,0]],[[6140,7483],[-12,-25]],[[6506,7215],[-33,4]],[[6473,7219],[-17,27]],[[6456,7246],[22,2],[-18,19]],[[6460,7267],[-14,20]],[[6466,7295],[14,-30],[48,-12],[23,2]],[[6456,7246],[-13,19]],[[6443,7265],[17,2]],[[6443,7265],[-17,19]],[[6201,7366],[-92,-14],[-5,5]],[[6104,7357],[10,19]],[[6114,7376],[46,7],[10,-10],[31,-7]],[[6115,7387],[-1,-11]],[[6104,7357],[-11,-19]],[[6093,7338],[-4,0]],[[6089,7338],[-8,21],[-30,30]],[[6051,7389],[51,10]],[[6102,7399],[13,-12]],[[6201,7366],[15,-7]],[[6216,7359],[-3,-1]],[[6213,7358],[-16,-4],[-104,-16]],[[6099,7328],[-10,10]],[[6213,7358],[10,-10]],[[6223,7348],[-124,-20]],[[6244,7327],[-37,-5],[-9,9],[-88,-13]],[[6110,7318],[-5,5]],[[6105,7323],[-6,5]],[[6223,7348],[11,-11]],[[6234,7337],[10,-10]],[[5294,7672],[-47,2],[-31,10]],[[5216,7684],[30,8]],[[5246,7692],[21,6]],[[5267,7698],[23,-10]],[[5290,7688],[7,-3]],[[5297,7685],[23,-11]],[[5320,7674],[-26,-2]],[[6244,7327],[10,-10]],[[6254,7317],[-60,-9],[-10,10],[-64,-10]],[[6120,7308],[-10,10]],[[6254,7317],[10,-10]],[[6131,7298],[-11,10]],[[6112,7428],[-88,7]],[[6024,7435],[-1,6]],[[6023,7441],[0,16]],[[6023,7457],[0,6]],[[6128,7458],[-16,-30]],[[6051,7389],[-23,22],[-4,17]],[[6024,7428],[0,7]],[[6112,7428],[-1,-11],[15,-13]],[[6126,7404],[-24,-5]],[[6272,7433],[14,17],[-32,3]],[[6254,7453],[11,22]],[[6265,7475],[40,-4]],[[6330,7470],[-17,-31],[-41,-6]],[[6254,7453],[-33,2],[-10,-19]],[[6211,7436],[-34,3]],[[6177,7439],[22,41]],[[6199,7480],[21,-2]],[[6220,7478],[45,-3]],[[6140,7483],[59,-3]],[[6177,7439],[-9,-16],[-56,5]],[[6209,7421],[2,15]],[[6272,7433],[-11,-2]],[[6261,7431],[-52,-10]],[[6209,7421],[-50,-10]],[[6159,7411],[-33,-7]],[[6484,7390],[9,39],[-1,23]],[[6492,7452],[17,-3],[82,-24]],[[6591,7425],[22,-4]],[[6613,7421],[23,-7]],[[6287,7354],[-42,14]],[[6245,7368],[89,7]],[[6334,7375],[6,-11]],[[6340,7364],[-53,-10]],[[6433,7362],[-49,-5]],[[6384,7357],[-25,-2],[-19,9]],[[6334,7375],[87,6]],[[6347,7332],[-19,8]],[[6328,7340],[63,7],[-7,10]],[[6446,7342],[-99,-10]],[[6388,7314],[-23,10]],[[6365,7324],[-18,8]],[[6395,7315],[-7,-1]],[[6328,7340],[-20,7]],[[6308,7347],[-21,7]],[[6308,7347],[-28,-9],[-18,8],[-28,-9]],[[6216,7359],[29,9]],[[6328,7340],[-74,-23]],[[6365,7324],[-40,-12],[-18,7],[-43,-12]],[[6332,7309],[-63,-7]],[[6388,7314],[-56,-5]],[[6219,7398],[-13,10],[67,13]],[[6273,7421],[26,-18]],[[6299,7403],[-68,-14],[-12,9]],[[6245,7368],[-12,9]],[[6233,7377],[78,16]],[[6311,7393],[23,-18]],[[6178,7397],[-63,-10]],[[6159,7411],[19,-14]],[[6233,7377],[-23,-4],[-25,19]],[[6185,7392],[34,6]],[[6299,7403],[12,-10]],[[6178,7397],[7,-5]],[[5878,7409],[-9,4]],[[5869,7413],[154,44]],[[6023,7441],[-145,-32]],[[6024,7428],[-19,-8],[-63,-10]],[[5942,7410],[-45,-8],[-19,7]],[[5990,7374],[-26,-2],[-22,38]],[[6051,7389],[-61,-15]],[[5990,7374],[-69,-16],[-31,-10]],[[5890,7348],[-24,-2],[-6,14],[22,7],[-31,2],[-15,7],[27,8],[20,18],[-32,14],[-1,10]],[[5850,7426],[19,-13]],[[5763,7402],[22,6]],[[5785,7408],[59,16]],[[5844,7424],[-5,-11],[-21,-1],[29,-13],[-11,-8],[-31,-4],[5,11],[-47,4]],[[5584,7423],[-19,64]],[[5565,7487],[2,0]],[[5567,7487],[46,1]],[[5613,7488],[60,2]],[[5673,7490],[8,-31]],[[5681,7459],[8,-28]],[[5689,7431],[-32,-1],[-32,-8],[-41,1]],[[5627,7226],[35,-12]],[[5662,7214],[-16,-11],[-58,0]],[[5588,7203],[2,21]],[[5590,7224],[37,2]],[[5767,7438],[-18,-6]],[[5749,7432],[-38,-6],[-19,-9]],[[5692,7417],[-3,14]],[[5681,7459],[50,3],[1,-5],[35,2],[0,-21]],[[5692,7417],[-15,-1],[19,-22]],[[5696,7394],[-42,-9],[-57,12]],[[5597,7397],[-13,23]],[[5584,7420],[0,3]],[[6338,7270],[-4,3]],[[6334,7273],[18,17],[-20,19]],[[6426,7284],[-88,-14]],[[6334,7273],[-4,4],[-46,7],[-80,-12],[-17,17]],[[5516,7249],[-2,12],[-12,7]],[[5502,7268],[26,9]],[[5528,7277],[34,-16]],[[5562,7261],[-3,-11]],[[5559,7250],[-43,-1]],[[5289,7444],[-18,1]],[[5271,7445],[1,23]],[[5272,7468],[30,13]],[[5302,7481],[-1,-11],[29,0],[-41,-26]],[[5271,7445],[-72,0]],[[5199,7445],[-1,29]],[[5198,7474],[74,-6]],[[5289,7444],[-35,-22]],[[5254,7422],[-15,-1]],[[5239,7421],[-41,14]],[[5198,7435],[1,10]],[[5198,7435],[-28,5]],[[5170,7440],[-29,7]],[[5141,7447],[-31,12]],[[5110,7459],[60,1],[4,15],[24,-1]],[[5181,7421],[-11,19]],[[5239,7421],[-58,0]],[[5262,7410],[-78,-2]],[[5184,7408],[-1,7],[-24,-1]],[[5159,7414],[0,7],[22,0]],[[5254,7422],[8,-12]],[[5124,7427],[4,-13],[31,0]],[[5159,7414],[0,-5]],[[5159,7409],[-42,2],[-18,-2],[-5,10],[-25,-6]],[[5069,7413],[-20,36]],[[5049,7449],[26,3]],[[5075,7452],[27,-25],[22,0]],[[5075,7452],[24,6]],[[5099,7458],[10,3]],[[5109,7461],[1,-2]],[[5141,7447],[4,-18],[-21,-2]],[[5602,7273],[-40,-12]],[[5528,7277],[61,20]],[[5589,7297],[-6,-17],[19,-7]],[[5596,7245],[-34,16]],[[5602,7273],[29,1]],[[5631,7274],[-10,-20],[-21,2],[-4,-11]],[[5645,7235],[-25,-5]],[[5620,7230],[-24,15]],[[5631,7274],[2,1]],[[5633,7275],[15,-8]],[[5648,7267],[6,-7],[-13,-11],[4,-14]],[[5662,7291],[-26,-9],[19,-4],[-22,-3]],[[5589,7297],[35,10]],[[5624,7307],[38,-16]],[[5726,7299],[-51,-12]],[[5675,7287],[-13,4]],[[5624,7307],[-17,13]],[[5607,7320],[83,4]],[[5690,7324],[36,-25]],[[5751,7280],[-23,-4],[-17,6]],[[5711,7282],[-36,5]],[[5726,7299],[25,-19]],[[5680,7262],[-32,5]],[[5711,7282],[-29,-12],[-2,-8]],[[5588,7203],[-58,-2]],[[5530,7201],[-3,22]],[[5527,7223],[37,1]],[[5564,7224],[26,0]],[[5751,7280],[13,-9]],[[5764,7271],[-69,-17]],[[5695,7254],[-15,8]],[[5785,7260],[2,0]],[[5787,7260],[-8,-2]],[[5779,7258],[-14,-4]],[[5765,7254],[-45,-8]],[[5720,7246],[-3,8],[-16,-3]],[[5701,7251],[-6,3]],[[5764,7271],[21,-11]],[[5701,7251],[-56,-16]],[[5711,7234],[-12,3],[-28,-10],[-6,-9]],[[5665,7218],[-3,-4]],[[5627,7226],[-7,4]],[[5720,7246],[9,-5]],[[5729,7241],[-18,-7]],[[5527,7223],[-58,-1]],[[5469,7222],[0,3]],[[5469,7225],[-2,10]],[[5467,7235],[95,2]],[[5562,7237],[2,-13]],[[5467,7235],[-2,13]],[[5465,7248],[51,1]],[[5559,7250],[3,-13]],[[5465,7248],[-6,6]],[[5459,7254],[7,3]],[[5466,7257],[17,5]],[[5483,7262],[19,6]],[[5310,7212],[31,-1],[-8,-17]],[[5333,7194],[-5,-21]],[[5328,7173],[-6,-3]],[[5322,7170],[-59,42]],[[5263,7212],[47,0]],[[5494,7162],[-8,-7]],[[5486,7155],[-32,1],[-17,-5],[-35,8],[-26,-1],[-9,15]],[[5367,7173],[21,8]],[[5388,7181],[56,3],[18,8],[39,-2]],[[5501,7190],[-25,-7],[0,-11],[18,-10]],[[5392,7304],[-23,1],[-33,8],[-8,-8],[23,-1],[27,-22]],[[5378,7282],[-72,19]],[[5306,7301],[5,12],[16,9]],[[5327,7322],[19,3]],[[5346,7325],[31,4]],[[5377,7329],[15,-25]],[[5690,7324],[57,3]],[[5747,7327],[13,-15]],[[5760,7312],[22,-20]],[[5782,7292],[27,-24]],[[5809,7268],[-24,-8]],[[5861,7324],[22,-21],[-12,-2]],[[5871,7301],[-21,0],[-68,-9]],[[5760,7312],[52,7],[8,-10],[35,5],[-11,13]],[[5844,7327],[17,-3]],[[5874,7279],[-19,-3]],[[5855,7276],[-46,-8]],[[5871,7301],[-10,-9],[13,-13]],[[5747,7327],[46,3],[51,-3]],[[5392,7304],[36,-13]],[[5428,7291],[6,-6],[49,-23]],[[5466,7257],[-24,10],[-49,8]],[[5393,7275],[-15,7]],[[6924,7243],[14,5]],[[6938,7248],[10,3],[21,-11]],[[6969,7240],[11,-7]],[[6980,7233],[-2,-5]],[[6978,7228],[-57,-5],[3,20]],[[5324,7291],[9,-8],[30,-9],[30,-16],[-51,10]],[[5342,7268],[-51,17]],[[5291,7285],[33,6]],[[5424,7242],[8,13],[-39,20]],[[5459,7254],[-35,-12]],[[5454,7306],[-4,-1]],[[5450,7305],[-24,6],[-14,22]],[[5412,7333],[12,2]],[[5424,7335],[30,12]],[[5454,7347],[6,-14],[-16,-2],[14,-7],[-4,-18]],[[5412,7333],[-35,-4]],[[5346,7325],[-13,14],[7,9]],[[5340,7348],[-5,2]],[[5335,7350],[-9,15]],[[5326,7365],[37,3]],[[5363,7368],[12,-11]],[[5375,7357],[49,-22]],[[5419,7421],[0,-8]],[[5419,7413],[1,-5]],[[5420,7408],[-108,-15]],[[5312,7393],[-35,10]],[[5277,7403],[-15,7]],[[5254,7422],[165,-1]],[[5289,7444],[93,-3],[37,-5]],[[5419,7436],[0,-15]],[[5363,7368],[30,4]],[[5393,7372],[50,6],[4,-5]],[[5447,7373],[5,-7],[-49,-5]],[[5403,7361],[-28,-4]],[[5517,7439],[4,-22],[-63,-6],[-39,2]],[[5419,7436],[0,6]],[[5419,7442],[98,-3]],[[5393,7372],[-18,23],[50,6]],[[5425,7401],[110,13]],[[5535,7414],[-26,-34]],[[5509,7380],[-62,-7]],[[5326,7365],[-24,9],[10,11]],[[5312,7385],[0,8]],[[5420,7408],[5,-7]],[[6864,7211],[-20,13],[-26,-4],[-16,7]],[[6802,7227],[6,4]],[[6808,7231],[67,9],[12,8]],[[6887,7248],[12,-10]],[[6899,7238],[-3,-17],[9,-5]],[[5403,7361],[11,-12],[40,-2]],[[5277,7403],[-25,-5]],[[5252,7398],[-60,-1]],[[5192,7397],[-8,11]],[[5191,7387],[1,10]],[[5252,7398],[15,-11]],[[5267,7387],[-76,0]],[[6881,7191],[-72,21]],[[6809,7212],[-24,7]],[[6785,7219],[17,8]],[[5099,7351],[-7,13]],[[5092,7364],[52,4]],[[5144,7368],[41,1]],[[5185,7369],[-4,-8],[-27,-9],[-55,-1]],[[5332,7270],[-31,1],[3,-10]],[[5304,7261],[-5,-12]],[[5299,7249],[-68,3]],[[5231,7252],[-2,12]],[[5229,7264],[6,15]],[[5235,7279],[72,-5],[25,-4]],[[5254,7226],[-30,6]],[[5224,7232],[7,20]],[[5299,7249],[-3,-8]],[[5296,7241],[-4,-9]],[[5292,7232],[-38,-6]],[[7003,7248],[-29,-11],[-5,3]],[[6938,7248],[-16,9]],[[5424,7242],[-16,-5]],[[5408,7237],[-12,4],[-97,8]],[[5304,7261],[59,-11],[61,-8]],[[5390,7231],[-36,6],[-58,4]],[[5408,7237],[-18,-6]],[[5540,7130],[-3,-1]],[[5537,7129],[-25,-2],[-4,6]],[[5508,7133],[32,-3]],[[6570,7204],[-31,-26]],[[6539,7178],[-8,1],[-88,38]],[[6443,7217],[30,2]],[[6635,7219],[-26,-21]],[[6609,7198],[-38,7]],[[6593,7225],[42,-6]],[[6644,7218],[32,-4]],[[6676,7214],[-18,-15]],[[6658,7199],[-7,-6]],[[6651,7193],[-42,5]],[[6635,7219],[9,-1]],[[6733,7222],[-15,-29]],[[6718,7193],[-60,6]],[[6676,7214],[9,0]],[[6685,7214],[19,7],[29,1]],[[6793,7204],[73,-23]],[[6866,7181],[-91,8]],[[6775,7189],[10,18]],[[6785,7207],[8,-3]],[[6798,7249],[-4,3]],[[6794,7252],[20,17],[48,4]],[[6862,7273],[13,-21]],[[6875,7252],[-77,-3]],[[6785,7219],[-44,13]],[[6741,7232],[15,14],[42,3]],[[6798,7249],[24,-12],[-14,-6]],[[6875,7252],[12,-4]],[[6978,7228],[-2,-19]],[[6899,7238],[25,5]],[[6772,7081],[-5,-9],[-35,1],[-12,-11]],[[6720,7062],[-12,-2],[-30,24]],[[6678,7084],[87,3],[7,-6]],[[6807,7026],[-37,-7]],[[6770,7019],[-33,11]],[[6737,7030],[-1,8],[35,6],[11,6],[-13,11],[-17,-3],[-17,7],[-15,-3]],[[6772,7081],[7,-7]],[[6629,7097],[-57,-14]],[[6572,7083],[-4,5],[-53,3]],[[6572,7104],[34,11]],[[6606,7115],[4,-3]],[[6610,7112],[19,-15]],[[6582,7069],[-10,14]],[[6629,7097],[24,-11]],[[6653,7086],[-71,-17]],[[6604,7057],[-22,12]],[[6653,7086],[4,-1]],[[6657,7085],[15,-11]],[[6672,7074],[-68,-17]],[[6682,7053],[-67,0],[-11,4]],[[6672,7074],[10,-21]],[[6542,7128],[-40,31]],[[6502,7159],[40,13]],[[6542,7172],[25,-16]],[[6567,7156],[17,-14]],[[6584,7142],[0,-7]],[[6584,7135],[-42,-7]],[[6550,7121],[-8,7]],[[6584,7135],[22,-20]],[[6471,7092],[-59,2],[-44,13]],[[6368,7107],[40,11],[26,12]],[[6434,7130],[51,-29]],[[6434,7130],[26,12]],[[6460,7142],[16,-6],[28,-23]],[[6460,7142],[11,6]],[[6471,7148],[31,11]],[[6329,7096],[7,13]],[[6336,7109],[48,29],[1,9]],[[6385,7147],[49,-17]],[[6368,7107],[-39,-11]],[[6336,7109],[-6,5],[-30,5]],[[6300,7119],[-24,7],[-36,5],[-29,14]],[[6211,7145],[20,-1],[9,-10],[46,-7],[23,11]],[[6309,7138],[9,-3],[39,20]],[[6357,7155],[28,-8]],[[6656,7172],[-13,-3],[4,-14]],[[6647,7155],[-63,-13]],[[6567,7156],[22,5],[-10,8],[70,3]],[[6649,7172],[7,0]],[[6651,7193],[-2,-21]],[[6542,7172],[-3,6]],[[5963,7167],[-57,-6]],[[5906,7161],[-19,-2],[-14,6]],[[5873,7165],[-6,7]],[[5867,7172],[41,11]],[[5908,7183],[25,10]],[[5933,7193],[9,-2]],[[5942,7191],[8,-15],[13,-9]],[[7319,8497],[20,10]],[[7339,8507],[23,11]],[[7362,8518],[45,-8]],[[7407,8510],[-9,-5]],[[7398,8505],[-37,-20],[-42,12]],[[5935,6876],[-48,-11],[-12,-6]],[[5875,6859],[-4,4]],[[5871,6863],[-7,20]],[[5864,6883],[59,0],[12,-7]],[[6645,7105],[-11,-3],[-14,12],[-10,-2]],[[6647,7155],[-13,-17],[-1,-13],[12,-20]],[[6718,7193],[9,0]],[[6727,7193],[-11,-15],[-16,-3]],[[6700,7175],[-44,-3]],[[6878,7142],[20,-15]],[[6898,7127],[-62,-18]],[[6836,7109],[-15,-3]],[[6821,7106],[-34,24]],[[6787,7130],[-21,13]],[[6766,7143],[7,7],[22,-7],[70,-6],[13,5]],[[6912,6970],[-22,1],[-98,-19]],[[6792,6952],[-37,-10]],[[6755,6942],[-65,16]],[[6690,6958],[-8,93]],[[6682,7051],[19,-13],[36,-8]],[[6770,7019],[53,-18],[42,-7]],[[6865,6994],[-8,-6],[37,-6],[18,-12]],[[5216,7684],[0,0]],[[5216,7684],[-37,16]],[[5179,7700],[29,12]],[[5208,7712],[38,-20]],[[5977,7149],[-14,18]],[[5963,7167],[27,4],[-6,9],[43,7]],[[6027,7187],[27,-11],[34,-19]],[[6088,7157],[-52,-6],[-4,4],[-55,-6]],[[6117,7140],[-121,-14]],[[5996,7126],[-15,18]],[[5981,7144],[-4,5]],[[6088,7157],[29,-17]],[[5981,7144],[-28,-3],[-24,-8],[3,-4],[-28,-4]],[[5904,7125],[-8,-1]],[[5896,7124],[-5,10]],[[5891,7134],[0,5],[29,3],[-14,19]],[[5958,7111],[-37,-3]],[[5921,7108],[-17,17]],[[5996,7126],[7,-10]],[[6003,7116],[-45,-5]],[[5891,7134],[-13,-1]],[[5878,7133],[-19,10]],[[5859,7143],[15,2],[-1,20]],[[6320,7046],[-9,9],[-37,1]],[[6274,7056],[4,13]],[[6278,7069],[52,-6]],[[6330,7063],[-10,-17]],[[6262,7024],[-93,0],[-8,-5]],[[6161,7019],[0,21]],[[6161,7040],[54,9],[17,8]],[[6232,7057],[1,-1]],[[6233,7056],[17,-19]],[[6250,7037],[12,-13]],[[6262,7024],[6,-10]],[[6268,7014],[-56,0],[-1,-4],[-50,-1]],[[6161,7009],[0,10]],[[6251,6973],[-13,-3]],[[6238,6970],[-55,-5]],[[6183,6965],[-8,24]],[[6175,6989],[-14,15]],[[6161,7004],[0,5]],[[6268,7014],[-17,-41]],[[6191,6931],[1,1]],[[6192,6932],[3,17],[-12,16]],[[6238,6970],[-4,-33]],[[6234,6937],[-6,-6]],[[6228,6931],[-37,0]],[[6251,6973],[32,-28]],[[6283,6945],[-7,-4],[-42,-4]],[[6222,6901],[11,7],[-13,15],[8,8]],[[6283,6945],[40,-29]],[[6323,6916],[-22,-13],[-41,-14],[-38,12]],[[6182,6892],[9,39]],[[6222,6901],[-40,-9]],[[6115,7008],[-1,15],[17,13]],[[6131,7036],[30,4]],[[6161,7004],[-46,4]],[[6118,7057],[-25,14]],[[6093,7071],[-9,8],[30,5]],[[6114,7084],[22,-10]],[[6136,7074],[14,-10]],[[6150,7064],[-32,-7]],[[6115,7008],[-13,1]],[[6102,7009],[-88,3]],[[6014,7012],[15,6]],[[6029,7018],[41,19]],[[6070,7037],[11,-6],[26,0],[24,5]],[[6175,6989],[-75,-6]],[[6100,6983],[2,26]],[[6027,6987],[-16,-4],[-1,-15]],[[6010,6968],[-60,4]],[[5950,6972],[11,22]],[[5961,6994],[12,10],[41,8]],[[6014,7012],[13,-25]],[[6077,6979],[4,-9],[-62,-4]],[[6019,6966],[-9,2]],[[6027,6987],[16,-8],[34,0]],[[6116,6951],[-17,27]],[[6099,6978],[1,5]],[[6183,6965],[-66,-6],[-1,-8]],[[6116,6951],[-33,-7]],[[6083,6944],[-44,0]],[[6039,6944],[-15,0]],[[6024,6944],[-5,22]],[[6077,6979],[22,-1]],[[6024,6944],[-33,1]],[[5991,6945],[-24,-1],[-34,13]],[[5933,6957],[17,15]],[[5864,6883],[0,11]],[[5864,6894],[63,8]],[[5927,6902],[40,-11]],[[5967,6891],[0,-7],[-32,-8]],[[6110,7100],[-13,7]],[[6097,7107],[-15,10],[3,9]],[[6085,7126],[55,6]],[[6140,7132],[34,-6]],[[6174,7126],[-64,-26]],[[6114,7084],[-22,12]],[[6092,7096],[18,4]],[[6174,7126],[24,-1]],[[6198,7125],[-39,-10],[-18,-10],[-2,-20]],[[6139,7085],[25,-13]],[[6164,7072],[-28,2]],[[6093,7071],[-12,4],[-26,-7]],[[6055,7068],[-19,13],[5,7]],[[6041,7088],[51,8]],[[6118,7057],[22,-12],[21,-5]],[[6131,7036],[-52,24],[-9,-3]],[[6070,7057],[-15,11]],[[6189,7058],[40,3]],[[6229,7061],[3,-4]],[[6150,7064],[15,-14],[30,3],[-6,5]],[[6164,7072],[25,-14]],[[6611,6858],[-4,-15],[-24,-18]],[[6583,6825],[-67,-2],[-9,17],[-20,12],[-107,33]],[[6380,6885],[115,59]],[[6495,6944],[50,11],[18,-11],[34,-4],[18,-7],[-2,-14],[23,-6],[-25,-18],[-9,-13],[9,-24]],[[5991,6945],[-1,-33]],[[5990,6912],[-12,-23]],[[5978,6889],[-11,2]],[[5927,6902],[-29,17],[-7,18]],[[5891,6937],[42,20]],[[6083,6944],[10,-12],[30,0]],[[6123,6932],[-45,-21]],[[6078,6911],[-36,3]],[[6042,6914],[4,16],[-11,0],[4,14]],[[6192,6932],[-69,0]],[[6042,6914],[-52,-2]],[[5864,6894],[-11,16]],[[5853,6910],[-10,11]],[[5843,6921],[8,11]],[[5851,6932],[40,5]],[[6350,6897],[-30,-1],[-27,-8]],[[6293,6888],[-34,-2],[-16,3],[-31,-7]],[[6212,6882],[-24,-14]],[[6188,6868],[-17,2]],[[6171,6870],[10,6],[-27,1],[-54,9],[-39,-8],[-28,6]],[[6033,6884],[-1,0]],[[6032,6884],[2,6],[57,6]],[[6091,6896],[25,0],[29,-6],[1,6],[36,-4]],[[6323,6916],[27,-19]],[[6091,6896],[-13,15]],[[6032,6884],[-54,5]],[[6171,6870],[-2,-2]],[[6169,6868],[-66,5],[-2,-9]],[[6101,6864],[-5,0]],[[6096,6864],[-42,0]],[[6054,6864],[-19,6],[-2,14]],[[6091,6833],[-37,4]],[[6054,6837],[0,27]],[[6096,6864],[15,-12],[-31,-14],[11,-5]],[[6054,6837],[-53,4],[-29,4]],[[5972,6845],[-2,10]],[[5970,6855],[84,9]],[[6055,6826],[-20,-9]],[[6035,6817],[-48,2]],[[5987,6819],[-16,9],[1,17]],[[6054,6837],[1,-11]],[[6159,6858],[-30,-19]],[[6129,6839],[-8,-8]],[[6121,6831],[-30,2]],[[6101,6864],[50,0],[8,-6]],[[6169,6868],[-10,-10]],[[5887,6850],[-12,9]],[[5935,6876],[17,-14]],[[5952,6862],[-65,-12]],[[5970,6855],[-18,7]],[[6924,6957],[-36,-6],[-9,-10]],[[6879,6941],[-45,4],[-29,-3],[-13,10]],[[6912,6970],[-15,-7],[27,-6]],[[6879,6941],[-8,-13]],[[6871,6928],[-33,3]],[[6838,6931],[-42,1],[-40,7]],[[6756,6939],[-1,3]],[[6938,6919],[-40,6]],[[6898,6925],[-27,3]],[[6924,6957],[42,-17],[19,-2]],[[6985,6938],[-47,-19]],[[6925,6911],[19,-12]],[[6944,6899],[-22,0]],[[6922,6899],[-63,1]],[[6859,6900],[-19,0]],[[6840,6900],[63,16],[-5,9]],[[6938,6919],[-13,-8]],[[6840,6900],[-10,1]],[[6830,6901],[-31,11]],[[6799,6912],[-2,2]],[[6797,6914],[41,17]],[[6797,6914],[-45,10]],[[6752,6924],[20,7],[-16,8]],[[6752,6924],[-11,-4]],[[6741,6920],[-48,20]],[[6693,6940],[-3,18]],[[6876,6995],[45,-23]],[[6921,6972],[30,-10],[15,-11],[37,-4]],[[7003,6947],[1,0]],[[7004,6947],[-19,-9]],[[6865,6994],[11,1]],[[6888,6741],[-30,-5],[-29,1]],[[6829,6737],[1,19]],[[6830,6756],[50,0]],[[6880,6756],[8,-15]],[[6928,6602],[-80,2]],[[6848,6604],[-6,5]],[[6842,6609],[-34,30]],[[6808,6639],[39,4]],[[6847,6643],[53,5]],[[6900,6648],[9,-9]],[[6909,6639],[19,-37]],[[6972,6602],[-44,0]],[[6909,6639],[52,-12]],[[6961,6627],[12,-19]],[[6973,6608],[-1,-6]],[[6876,6508],[-26,7]],[[6850,6515],[11,9]],[[6861,6524],[13,11]],[[6874,6535],[38,-7]],[[6912,6528],[-36,-20]],[[6808,6639],[-12,12]],[[6796,6651],[-9,17]],[[6787,6668],[3,12]],[[6790,6680],[40,2]],[[6830,6682],[6,-21]],[[6836,6661],[11,-18]],[[6870,6674],[14,-8]],[[6884,6666],[-48,-5]],[[6830,6682],[10,2]],[[6840,6684],[30,-10]],[[6884,6666],[28,-16]],[[6912,6650],[-12,-2]],[[6961,6659],[-49,-9]],[[6870,6674],[-6,3]],[[6864,6677],[32,-8],[18,1],[47,-11]],[[6840,6684],[7,4]],[[6847,6688],[17,-11]],[[6981,6625],[-20,2]],[[6961,6659],[20,-6],[12,-14],[-15,-5],[3,-9]],[[6762,6611],[-35,-3],[-14,-22]],[[6713,6586],[-26,4]],[[6687,6590],[-16,8],[-4,11],[8,30]],[[6675,6639],[40,1]],[[6715,6640],[10,-18],[32,0],[5,-11]],[[6752,6580],[-39,6]],[[6762,6611],[10,2]],[[6772,6613],[15,-1]],[[6787,6612],[-35,-32]],[[6780,6579],[-3,-3]],[[6777,6576],[-1,0]],[[6776,6576],[-24,4]],[[6787,6612],[55,-3]],[[6848,6604],[6,-7]],[[6854,6597],[-56,-1],[-18,-17]],[[6866,6584],[1,-2]],[[6867,6582],[-87,-3]],[[6854,6597],[12,-13]],[[6875,6573],[9,-19]],[[6884,6554],[-29,9],[-78,13]],[[6867,6582],[8,-9]],[[5773,6973],[27,-16],[16,-4]],[[5816,6953],[9,-21],[26,0]],[[5843,6921],[-42,-2]],[[5801,6919],[-10,21],[9,8],[-30,20],[-15,-1],[-21,17],[-17,-6]],[[5717,6978],[-17,4]],[[5700,6982],[19,8],[25,1]],[[5744,6991],[29,-18]],[[5816,6953],[3,7]],[[5819,6960],[43,-8],[7,-6]],[[5869,6946],[-18,-14]],[[5835,6909],[15,-17],[1,-12]],[[5851,6880],[-25,-3],[-57,4]],[[5769,6881],[1,27]],[[5770,6908],[65,1]],[[5863,6861],[-12,19]],[[5835,6909],[18,1]],[[5871,6863],[-8,-2]],[[7105,6568],[15,-28]],[[7120,6540],[-47,1]],[[7073,6541],[-7,26]],[[7066,6567],[17,0]],[[7083,6567],[22,1]],[[5801,6919],[-11,1]],[[5790,6920],[-28,14],[-19,1]],[[5743,6935],[0,0]],[[5743,6935],[3,12],[-19,12],[5,8],[-15,11]],[[5743,6935],[-29,0],[-28,24],[-14,4]],[[5672,6963],[28,19]],[[7073,6541],[-54,0]],[[7019,6541],[-6,28]],[[7013,6569],[53,-2]],[[6917,6497],[-41,11]],[[6912,6528],[39,-14]],[[6951,6514],[-34,-17]],[[6951,6514],[13,-5]],[[6964,6509],[42,-24]],[[7006,6485],[-39,-2],[-50,14]],[[6892,6474],[-60,-1]],[[6832,6473],[-35,12]],[[6797,6485],[20,6],[22,15]],[[6839,6506],[11,9]],[[6917,6497],[-30,-14],[5,-9]],[[6897,6446],[-13,2]],[[6884,6448],[-31,20],[-21,5]],[[6892,6474],[58,3]],[[6950,6477],[-2,0]],[[6948,6477],[-19,-7],[-32,-24]],[[7006,6485],[15,-8]],[[7021,6477],[-71,0]],[[6998,6445],[-17,-10]],[[6981,6435],[-26,4],[-35,0],[-23,7]],[[6948,6477],[44,-24],[6,-8]],[[7021,6477],[14,-9]],[[7035,6468],[-37,-23]],[[6965,7046],[-40,8]],[[6925,7054],[16,13]],[[6941,7067],[39,-7]],[[6980,7060],[2,-1]],[[6980,7060],[15,12]],[[6995,7072],[41,1]],[[6029,7018],[-17,8]],[[6012,7026],[-16,11]],[[5996,7037],[53,13]],[[6049,7050],[21,-13]],[[6664,6732],[-36,13],[60,12],[10,12]],[[6698,6769],[2,-3]],[[6700,6766],[6,-10]],[[6706,6756],[-11,-11],[-31,-13]],[[6710,6715],[1,32],[-5,9]],[[6700,6766],[28,-10]],[[6728,6756],[37,-15],[1,-6]],[[6766,6735],[1,-6]],[[6767,6729],[-2,-4]],[[6765,6725],[-55,-10]],[[6687,6706],[-48,17]],[[6639,6723],[25,9]],[[6710,6715],[-23,-9]],[[6646,6689],[-44,20]],[[6602,6709],[37,14]],[[6687,6706],[-41,-17]],[[6709,6682],[-54,1]],[[6655,6683],[-9,6]],[[6765,6725],[-4,-16],[-39,-12]],[[6722,6697],[-13,-15]],[[6941,7067],[15,12]],[[6956,7079],[39,-7]],[[6925,7054],[-7,-8],[-55,-10]],[[6914,7056],[11,-2]],[[6404,7464],[-49,4]],[[6425,7475],[-21,-11]],[[7113,7139],[-8,-5],[18,-11],[-16,-3]],[[7107,7120],[-14,5],[-13,-8],[-30,17]],[[7050,7134],[-5,10]],[[7045,7144],[0,1]],[[7092,7049],[-48,3]],[[7053,7067],[17,-1],[9,8],[13,-25]],[[7107,7120],[18,-3],[-23,-11],[7,-17],[16,1],[3,-15],[-15,-1],[13,-26]],[[7126,7048],[-34,1]],[[7053,7073],[1,13],[25,7],[-16,10],[-13,31]],[[5908,7183],[-45,11]],[[5863,7194],[0,2]],[[5863,7196],[20,11]],[[5883,7207],[50,-14]],[[5832,7221],[-13,-5]],[[5819,7216],[-7,-4]],[[5812,7212],[-47,42]],[[5779,7258],[27,-12],[48,-14]],[[5854,7232],[-22,-11]],[[5913,7217],[-59,15]],[[5787,7260],[73,-24]],[[5860,7236],[94,-25]],[[5954,7211],[-7,-3],[-34,9]],[[5883,7207],[-51,14]],[[5913,7217],[-30,-10]],[[6962,6984],[-41,-12]],[[6876,6995],[24,2]],[[6900,6997],[23,9],[47,-13]],[[5863,7196],[-44,20]],[[5867,7172],[-4,22]],[[7047,6972],[-22,-12]],[[7025,6960],[-13,4],[5,12],[-13,7]],[[7081,6990],[-34,-18]],[[7096,6958],[-49,14]],[[7123,6984],[7,-2]],[[7130,6982],[0,-5]],[[7130,6977],[-34,-19]],[[7170,6962],[1,-21]],[[7171,6941],[18,-19]],[[7189,6922],[-13,-3]],[[7176,6919],[-15,14],[-15,24]],[[7146,6957],[-16,20]],[[7130,6982],[28,-12]],[[7158,6970],[20,-6]],[[7140,6935],[-21,16],[-58,-15]],[[7061,6936],[-5,1]],[[7056,6937],[40,21]],[[7146,6957],[-6,-22]],[[7141,6893],[-33,17]],[[7108,6910],[-5,9]],[[7103,6919],[25,-2]],[[7128,6917],[26,-17],[-13,-7]],[[7140,6935],[-28,-3],[16,-15]],[[7103,6919],[-42,17]],[[7056,6937],[-12,3]],[[7044,6940],[-40,7]],[[7003,6947],[22,13]],[[7040,7030],[4,-16]],[[6900,6997],[43,18],[19,1],[14,8],[29,7],[27,-6],[8,5]],[[6947,6908],[-22,3]],[[7044,6940],[-12,-11]],[[7032,6929],[-85,-21]],[[7065,6912],[-60,-13],[-8,-5]],[[6997,6894],[-50,14]],[[7032,6929],[33,-17]],[[7089,6903],[-24,9]],[[7108,6910],[-19,-7]],[[7134,6868],[-22,-1],[0,8],[-46,15],[-18,-2]],[[7048,6888],[-51,6]],[[7089,6903],[37,-9],[8,-26]],[[6799,6912],[-42,-18]],[[6757,6894],[-11,7],[-5,19]],[[6830,6901],[-44,-17]],[[6786,6884],[-29,10]],[[6859,6900],[5,-3],[-62,-24]],[[6802,6873],[-16,11]],[[6922,6899],[-20,-1],[-42,-16]],[[6860,6882],[-50,-19]],[[6810,6863],[-8,10]],[[6944,6899],[10,-16]],[[6954,6883],[-22,-5],[-41,-1]],[[6891,6877],[-31,5]],[[6950,6866],[-13,-4],[-59,-1]],[[6878,6861],[13,16]],[[6954,6883],[-4,-17]],[[6989,6838],[-29,-7]],[[6960,6831],[-43,2]],[[6917,6833],[2,15],[-38,8],[-29,-4],[-37,5]],[[6815,6857],[63,4]],[[6950,6866],[-6,-21],[34,-2],[11,-5]],[[6815,6857],[-5,6]],[[6917,6833],[-84,10]],[[6833,6843],[-45,-1],[-29,-10],[-43,-5]],[[6716,6827],[-18,9],[15,21],[-9,20]],[[6704,6877],[-11,63]],[[7048,6888],[-26,-8],[-9,-8],[19,2],[-23,-12],[-18,-21]],[[6991,6841],[-2,-3]],[[6630,6645],[-8,25],[26,1]],[[6648,6671],[15,1]],[[6663,6672],[11,-28]],[[6674,6644],[-22,-10],[-22,11]],[[7045,6776],[-110,8],[-4,5],[-59,3],[-18,-2]],[[6854,6790],[3,16],[-10,9]],[[6847,6815],[53,-4],[10,4],[34,-5],[-17,-6],[78,-17],[40,-11]],[[6879,6756],[-19,12]],[[6860,6768],[42,-3],[-1,-11]],[[6901,6754],[-22,2]],[[7134,6868],[3,-4]],[[7137,6864],[7,-14],[18,-18],[0,-14]],[[7162,6818],[-49,9],[-52,4],[-70,10]],[[6901,6754],[22,0],[-2,-6],[28,0],[6,-10],[-25,-4],[-45,2]],[[6885,6736],[3,5]],[[6880,6756],[-1,0]],[[6767,6729],[6,-23],[18,-23]],[[6791,6683],[-43,-5],[-26,19]],[[6791,6683],[-1,-3]],[[6787,6668],[-63,3],[-16,-2]],[[6708,6669],[1,13]],[[6675,6639],[-1,5]],[[6663,6672],[-8,11]],[[6708,6669],[15,-23]],[[6723,6646],[-8,-6]],[[6796,6651],[-34,-2]],[[6762,6649],[-39,-3]],[[6762,6649],[27,-33],[-17,-3]],[[6972,6602],[9,-14]],[[6981,6588],[1,-3]],[[6982,6585],[-116,-1]],[[6982,6570],[-23,0]],[[6959,6570],[-84,3]],[[6982,6585],[0,-15]],[[7018,6623],[32,-8],[4,-11]],[[7054,6604],[-81,4]],[[6981,6625],[37,-2]],[[7112,6597],[-29,1]],[[7083,6598],[0,19]],[[7083,6617],[30,0],[-1,-20]],[[7083,6597],[-10,-6]],[[7073,6591],[-92,-3]],[[7054,6604],[29,-7]],[[7013,6569],[-31,1]],[[7073,6591],[10,-24]],[[7192,6579],[-30,-1]],[[7162,6578],[-57,-10]],[[7083,6597],[0,1]],[[7112,6597],[78,9],[7,-12],[-5,-15]],[[7073,6621],[10,-4]],[[7018,6623],[55,-2]],[[7141,6382],[-27,2],[15,18],[-46,2]],[[7083,6404],[35,20]],[[7118,6424],[34,-18]],[[7152,6406],[-11,-24]],[[6784,6546],[-50,-7]],[[6734,6539],[-21,-6]],[[6713,6533],[-18,23],[-8,34]],[[6776,6576],[8,-30]],[[6884,6554],[-10,-19]],[[6861,6524],[-77,22]],[[6839,6506],[-58,16]],[[6781,6522],[-47,17]],[[6797,6485],[-23,3]],[[6774,6488],[-3,4]],[[6771,6492],[10,30]],[[7233,6466],[-46,2]],[[7187,6468],[16,39]],[[7203,6507],[1,0]],[[7204,6507],[48,-13]],[[7252,6494],[-9,-6],[-10,-22]],[[7288,6576],[-17,-9]],[[7271,6567],[-62,-5],[-28,7]],[[7181,6569],[-19,9]],[[7192,6579],[43,1],[47,8],[6,-12]],[[7181,6569],[11,-13],[-51,-20]],[[7141,6536],[-21,4]],[[6907,6398],[-75,1]],[[6832,6399],[-3,6]],[[6829,6405],[-5,6]],[[6824,6411],[75,-3]],[[6899,6408],[8,-10]],[[7205,6378],[-20,-9],[-36,14],[-8,-1]],[[7152,6406],[9,-1]],[[7161,6405],[81,-18]],[[7242,6387],[-13,-8],[-24,-1]],[[7267,6514],[-13,-19]],[[7254,6495],[-2,-1]],[[7204,6507],[-3,7]],[[7201,6514],[65,10]],[[7266,6524],[1,-10]],[[7378,6545],[-5,-12],[-41,0]],[[7332,6533],[-22,20],[5,4]],[[7315,6557],[63,-12]],[[7036,6512],[22,-7],[-19,-7],[-37,7]],[[7002,6505],[-23,11],[-15,-7]],[[6951,6514],[31,10]],[[6982,6524],[54,-12]],[[7056,6523],[-20,-11]],[[6982,6524],[36,11]],[[7018,6535],[30,0],[17,-8],[-9,-4]],[[7066,6496],[-31,-7],[-33,16]],[[7056,6523],[36,1],[-7,10],[33,-3],[11,-9],[-63,-26]],[[7066,6496],[43,-11]],[[7109,6485],[-12,-9]],[[7097,6476],[-6,-5]],[[7091,6471],[-23,-18]],[[7068,6453],[-33,15]],[[7141,6536],[10,-5]],[[7151,6531],[-1,-13],[-23,-18]],[[7127,6500],[-18,-15]],[[7018,6535],[1,6]],[[7185,6527],[16,-13]],[[7203,6507],[-76,-7]],[[7151,6531],[34,-4]],[[7187,6468],[-90,8]],[[7221,6436],[-46,3]],[[7175,6439],[12,29]],[[7233,6466],[-12,-30]],[[7175,6439],[-8,0]],[[7167,6439],[4,11],[-11,10],[-69,11]],[[7167,6439],[-79,5]],[[7088,6444],[-20,9]],[[7163,6410],[-2,-5]],[[7118,6424],[-30,20]],[[7175,6439],[-12,-29]],[[7203,6407],[-40,3]],[[7221,6436],[-18,-29]],[[7250,6392],[-8,-5]],[[7203,6407],[29,-3]],[[7232,6404],[18,-12]],[[6925,7054],[0,0]],[[6866,7068],[14,20],[0,12],[18,2]],[[6898,7102],[8,-18],[37,-6],[13,1]],[[7205,6378],[-8,-28]],[[7197,6350],[-32,-4]],[[7165,6346],[-24,36]],[[7229,6334],[-15,19]],[[7214,6353],[27,3],[-19,11],[39,4]],[[7261,6371],[19,-31]],[[7280,6340],[-51,-6]],[[7388,6347],[-8,-8]],[[7380,6339],[-97,-20]],[[7283,6319],[25,16]],[[7308,6335],[21,14],[-6,11],[38,3],[7,-12],[20,-4]],[[6007,7632],[52,20]],[[6059,7652],[20,-7]],[[6079,7645],[-52,-21],[-20,8]],[[6981,6435],[39,-6]],[[7020,6429],[1,-14]],[[7021,6415],[-56,-7],[-5,7],[-45,11]],[[6915,6426],[-39,12]],[[6876,6438],[8,10]],[[6890,6417],[-49,17]],[[6841,6434],[35,4]],[[6915,6426],[-25,-9]],[[6824,6411],[7,17]],[[6831,6428],[10,6]],[[6890,6417],[9,-9]],[[6415,7533],[25,10]],[[6907,6398],[-18,-17],[-13,-1]],[[6876,6380],[-48,3]],[[6828,6383],[3,7]],[[6831,6390],[1,9]],[[6822,6338],[-25,21],[9,10]],[[6806,6369],[25,21]],[[6828,6383],[13,-13],[-12,-14],[4,-17]],[[6833,6339],[-11,-1]],[[6856,6338],[-23,1]],[[6876,6380],[-2,-5]],[[6874,6375],[-18,-37]],[[5940,7092],[-16,-1],[1,-10],[-22,-4]],[[5903,7077],[-1,18]],[[5902,7095],[19,13]],[[5958,7111],[-6,-14],[-12,-5]],[[6010,7088],[1,-8],[-17,-7]],[[5994,7073],[-14,14],[-40,5]],[[6003,7116],[18,3]],[[6021,7119],[-5,-15]],[[6016,7104],[-6,-16]],[[6021,7119],[64,7]],[[6097,7107],[-21,-5],[-60,2]],[[6041,7088],[-31,0]],[[5994,7073],[-34,-16]],[[5960,7057],[-10,19],[-11,0],[1,16]],[[5983,7046],[-16,8]],[[5967,7054],[-6,2]],[[5961,7056],[-1,1]],[[5994,7073],[25,-8]],[[6019,7065],[-36,-19]],[[6049,7050],[-30,15]],[[6070,7057],[-21,-7]],[[5996,7037],[-13,9]],[[5935,7011],[-23,-4]],[[5912,7007],[-48,23],[2,12]],[[5866,7042],[8,4]],[[5874,7046],[36,3]],[[5910,7049],[14,-3],[3,-18],[-8,-9],[16,-8]],[[5952,7014],[-17,-3]],[[5910,7049],[32,5]],[[5942,7054],[19,2]],[[5967,7054],[-19,-10],[4,-30]],[[6012,7026],[-60,-12]],[[5961,6994],[-26,17]],[[5950,6972],[-50,-6],[-8,-6]],[[5892,6960],[-22,7]],[[5870,6967],[16,5],[30,26],[-4,9]],[[5869,6946],[23,14]],[[5744,6991],[32,10],[20,-5]],[[5796,6996],[19,-11]],[[5815,6985],[-42,-12]],[[6490,7524],[22,-7]],[[6512,7517],[-43,-21]],[[5855,6966],[-15,2],[-21,-8]],[[5815,6985],[40,-19]],[[5799,7027],[8,-9],[-7,-10],[11,-4]],[[5811,7004],[-15,-8]],[[5672,6963],[-5,-6]],[[5667,6957],[-6,4],[11,19],[33,18],[-16,5],[5,10],[54,14]],[[5748,7027],[32,1],[8,16],[14,1]],[[5802,7045],[-20,-17],[17,-1]],[[5866,7042],[-23,-2],[2,-9]],[[5845,7031],[-46,-4]],[[5802,7045],[29,3]],[[5831,7048],[31,7],[12,-9]],[[5877,7000],[-12,-4],[10,-24]],[[5875,6972],[-24,16],[-40,16]],[[5845,7031],[9,-18],[23,-13]],[[5875,6972],[-5,-5]],[[5870,6967],[-15,-1]],[[5633,7014],[-12,1]],[[5621,7015],[14,15]],[[5635,7030],[12,14]],[[5647,7044],[33,-13],[-20,-21],[-27,4]],[[5635,7030],[-54,10]],[[5581,7040],[57,20]],[[5638,7060],[20,-4]],[[5658,7056],[-11,-12]],[[5621,7015],[-58,7],[-20,7]],[[5543,7029],[38,11]],[[5633,7014],[-12,-11]],[[5621,7003],[-65,9]],[[5556,7012],[-48,5]],[[5508,7017],[35,12]],[[5667,6957],[-12,9]],[[5655,6966],[-61,2]],[[5594,6968],[8,15]],[[5602,6983],[19,20]],[[5658,7056],[54,-23],[36,-6]],[[5602,6983],[-68,11]],[[5534,6994],[22,18]],[[6910,7113],[17,-3],[-6,-9],[32,1],[2,-7]],[[6955,7095],[1,-16]],[[6898,7102],[-6,8]],[[6892,7110],[18,3]],[[5594,6968],[-42,-9],[-31,-13]],[[5521,6946],[-61,16]],[[5460,6962],[41,19],[-25,2],[16,10],[-27,0],[-10,8]],[[5455,7001],[10,4]],[[5465,7005],[69,-11]],[[5465,7005],[43,12]],[[5374,6935],[-6,4],[18,14],[30,11],[20,-10]],[[5436,6954],[-62,-19]],[[5655,6966],[-18,-2],[-19,-15],[-11,-1]],[[5607,6948],[-9,-5]],[[5598,6943],[-24,11],[-37,-11],[-16,3]],[[5855,7276],[10,-22],[20,-4]],[[5885,7250],[-5,-3]],[[5880,7247],[-20,-11]],[[6806,7099],[15,7]],[[6836,7109],[56,1]],[[5667,6957],[4,-19]],[[5671,6938],[-17,3],[-6,9],[-16,-8],[-25,6]],[[5801,7138],[-27,11],[-27,3],[-21,8]],[[5726,7160],[1,5]],[[5727,7165],[4,-1]],[[5731,7164],[5,0]],[[5736,7164],[83,-10]],[[5819,7154],[-18,-16]],[[5736,7164],[66,7],[23,-4]],[[5825,7167],[-6,-13]],[[5878,7133],[-58,2]],[[5820,7135],[-19,3]],[[5825,7167],[1,0]],[[5826,7167],[24,-10],[9,-14]],[[5896,7124],[-47,-6]],[[5849,7118],[-26,9],[-24,1],[-10,8],[31,-1]],[[5849,7118],[5,-13]],[[5854,7105],[-44,18],[-20,4],[-21,14],[-38,5],[8,6],[-13,8]],[[5902,7095],[-34,-12]],[[5868,7083],[-30,0],[-2,11],[18,11]],[[5831,7048],[18,5],[19,30]],[[5903,7077],[11,-9],[-9,-6],[37,-8]],[[6831,6428],[-55,4]],[[6776,6432],[2,28],[26,7],[-7,18]],[[6755,6405],[8,12]],[[6763,6417],[13,15]],[[6829,6405],[-74,0]],[[5812,7212],[-10,0],[-25,16],[0,-11]],[[5777,7217],[-22,7]],[[5755,7224],[0,7],[-26,10]],[[5737,7212],[-17,3],[-9,19]],[[5755,7224],[-18,-12]],[[5777,7217],[7,-12],[-10,-4],[-32,1]],[[5742,7202],[22,3],[-27,7]],[[5867,7172],[-41,-5]],[[5736,7164],[-12,15],[19,9],[-18,15]],[[5725,7203],[17,-1]],[[5725,7203],[-54,12]],[[5671,7215],[-6,3]],[[5692,7185],[-32,-3],[-23,16],[-55,0],[-41,-4]],[[5541,7194],[-11,1]],[[5530,7195],[0,6]],[[5671,7215],[23,-20],[-2,-10]],[[5731,7164],[-11,11],[-28,10]],[[5727,7165],[-60,3],[-45,19],[-20,-5],[27,-4],[-1,-5],[-53,8]],[[5575,7181],[-3,7],[-31,6]],[[5575,7181],[-43,-5],[-9,-11]],[[5523,7165],[-29,-3]],[[5501,7190],[4,1]],[[5505,7191],[25,4]],[[5525,7162],[-3,-14],[-30,-20]],[[5492,7128],[-9,2],[3,25]],[[5523,7165],[2,-3]],[[5508,7133],[-16,-5]],[[5525,7162],[24,-3],[-9,-29]],[[5874,7279],[25,-21]],[[5899,7258],[-14,-8]],[[5948,7232],[-48,8],[-20,7]],[[5899,7258],[50,-12],[-1,-14]],[[5948,7232],[6,-21]],[[7013,7137],[-26,-6],[-11,-8],[0,-14],[-21,-14]],[[6910,7113],[28,22]],[[6938,7135],[63,4],[12,-2]],[[7224,6903],[19,-5],[13,-12]],[[7256,6886],[-22,-4]],[[7234,6882],[-21,-1]],[[7213,6881],[-1,1]],[[7212,6882],[-30,23]],[[7182,6905],[21,-8],[21,6]],[[7742,7525],[-27,-14]],[[7715,7511],[-95,25]],[[7620,7536],[19,11]],[[7639,7547],[77,-19],[26,-3]],[[7195,6918],[29,-15]],[[7182,6905],[-14,9],[8,5]],[[7189,6922],[6,-4]],[[7213,6881],[18,-16]],[[7231,6865],[-22,-5]],[[7209,6860],[-37,20]],[[7172,6880],[23,6],[17,-4]],[[5990,6581],[-14,-22]],[[5976,6559],[-60,5]],[[5916,6564],[1,21],[73,-4]],[[5550,7964],[-38,-9]],[[5501,7973],[20,6]],[[5521,7979],[41,13]],[[5562,7992],[35,-15]],[[5597,7977],[-47,-13]],[[5955,6522],[10,4],[-3,13],[13,18]],[[5975,6557],[60,4],[-28,-26],[10,0]],[[6017,6535],[4,-20],[-62,-6],[-4,13]],[[5393,6828],[-14,19]],[[5379,6847],[46,0]],[[5425,6847],[-1,-5]],[[5424,6842],[-4,-18]],[[5420,6824],[-6,-5],[-21,9]],[[5420,6824],[25,-8],[25,6],[8,-5]],[[5478,6817],[10,-8],[-23,-5],[19,-15],[-75,-17],[-18,9],[22,15],[-22,11],[10,8],[-8,13]],[[8148,7563],[-59,14]],[[8089,7577],[43,38],[22,-5],[23,18]],[[8177,7628],[22,-6],[7,-12]],[[8206,7610],[-58,-47]],[[5593,6830],[-32,-10],[-13,8],[-38,-6]],[[5510,6822],[-17,15],[39,6]],[[5532,6843],[36,5],[25,-18]],[[5551,7873],[-35,16]],[[5516,7889],[2,1]],[[5518,7890],[20,6]],[[5538,7896],[62,-6]],[[5600,7890],[-49,-17]],[[5638,7060],[39,17],[-27,14],[-14,30],[-25,16],[-41,-3],[-18,-11]],[[5552,7123],[-15,6]],[[5286,6904],[-35,-8]],[[5251,6896],[-9,20],[-12,9]],[[5230,6925],[49,9],[7,-30]],[[7784,7477],[-51,10],[-42,11]],[[7691,7498],[24,13]],[[7742,7525],[13,6]],[[7755,7531],[87,-19]],[[7842,7512],[-58,-35]],[[7989,7603],[-40,12]],[[7949,7615],[97,45],[10,8]],[[8056,7668],[18,-9]],[[8074,7659],[-85,-56]],[[7949,7615],[-27,8]],[[7922,7623],[21,14]],[[7943,7637],[46,36],[31,19]],[[8020,7692],[36,-24]],[[8032,7591],[-43,12]],[[8074,7659],[24,-9]],[[8098,7650],[-23,-35],[-6,1],[-37,-25]],[[7327,7493],[-65,19]],[[7262,7512],[33,16]],[[7295,7528],[62,-19]],[[7357,7509],[-30,-16]],[[8089,7577],[-38,10]],[[8051,7587],[-19,4]],[[8098,7650],[57,-17]],[[8155,7633],[22,-5]],[[7755,7531],[19,11]],[[7774,7542],[84,-21]],[[7858,7521],[-16,-9]],[[8310,7564],[-52,-1],[-26,4],[-48,-6],[-55,-20]],[[8129,7541],[-5,6],[24,16]],[[8206,7610],[0,0]],[[8206,7610],[7,-6]],[[8213,7604],[28,-18],[16,-18],[53,-4]],[[7917,7557],[-28,7],[16,8],[-25,7],[35,18],[-26,7]],[[7889,7604],[17,10]],[[7906,7614],[16,9]],[[7989,7603],[-72,-46]],[[7888,7540],[-81,20]],[[7807,7560],[16,9]],[[7823,7569],[50,26]],[[7873,7595],[16,9]],[[7917,7557],[-6,-4]],[[7911,7553],[-23,-13]],[[8107,7463],[13,-2]],[[8120,7461],[0,-16],[52,-20],[16,-1],[11,-18],[-9,-4]],[[8190,7402],[-32,13]],[[8158,7415],[-30,16],[-45,13]],[[8083,7444],[-43,4]],[[8040,7448],[40,19],[27,-4]],[[8000,7459],[-21,7],[-22,-15],[-49,11]],[[7908,7462],[22,15],[25,-5],[42,28]],[[7997,7500],[47,-12]],[[8044,7488],[-44,-29]],[[7908,7462],[-7,-5]],[[7901,7457],[-26,5]],[[7875,7462],[13,9],[-26,5],[48,32],[-24,6],[15,10]],[[7901,7524],[24,-6]],[[7925,7518],[48,-12]],[[7973,7506],[24,-6]],[[7096,8597],[-39,-22]],[[7057,8575],[-45,9],[-2,9],[-18,-10]],[[6992,8583],[-11,3]],[[6981,8586],[27,15],[-9,2],[26,14]],[[7025,8617],[20,-6]],[[7045,8611],[51,-14]],[[7774,7542],[18,10]],[[7792,7552],[15,8]],[[7888,7540],[-14,-9]],[[7874,7531],[-16,-10]],[[8129,7541],[-75,-4]],[[8054,7537],[-51,8]],[[8003,7545],[17,12],[31,30]],[[8003,7545],[-50,9],[-42,-1]],[[8104,7525],[-44,-28]],[[8060,7497],[-16,-9]],[[7973,7506],[28,18],[24,-6],[29,19]],[[8129,7541],[-25,-16]],[[7925,7518],[41,28],[26,-7],[11,6]],[[7901,7524],[-27,7]],[[7719,7437],[-34,-20]],[[7572,7444],[49,21]],[[7621,7465],[14,-4],[-17,-6],[24,-7],[-13,-7],[32,-8],[26,14],[32,-10]],[[7621,7465],[24,11]],[[7645,7476],[14,7]],[[7659,7483],[21,-5],[-19,-11],[78,-17]],[[7739,7450],[-20,-13]],[[7659,7483],[32,15]],[[7784,7477],[0,0]],[[7784,7477],[-45,-27]],[[7739,7450],[60,-16]],[[7799,7434],[-30,-19],[26,-7],[-7,-5]],[[7788,7403],[-17,-15]],[[7886,7420],[17,-5]],[[7903,7415],[-14,-26]],[[7889,7389],[-40,2],[-61,12]],[[7799,7434],[70,-7],[17,-7]],[[7889,7389],[10,-7]],[[7899,7382],[-20,-23]],[[7879,7359],[-7,-9],[-23,-5]],[[7901,7457],[-32,-21],[29,-6],[-12,-10]],[[7784,7477],[34,-6],[-16,-9],[29,-6],[14,9],[30,-3]],[[7976,7431],[-9,-8],[29,-6],[-18,-6]],[[7978,7411],[-9,-10]],[[7969,7401],[-66,14]],[[8000,7459],[-26,-19],[2,-9]],[[8083,7444],[-28,-21]],[[8055,7423],[-1,-2]],[[8054,7421],[-41,3]],[[8013,7424],[12,14],[-25,5],[30,10]],[[8030,7453],[10,-5]],[[8013,7424],[-37,7]],[[8000,7459],[30,-6]],[[6953,7674],[-25,23]],[[6928,7697],[45,8]],[[6973,7705],[25,-23]],[[6998,7682],[-45,-8]],[[8165,7378],[-20,-4],[-32,3]],[[8113,7377],[-21,4],[-12,11],[23,9],[27,18]],[[8130,7419],[5,-2]],[[8135,7417],[16,-13],[-11,-13],[19,-2],[6,-11]],[[8062,7349],[-44,12]],[[8018,7361],[-3,5],[27,13]],[[8042,7379],[34,-13]],[[8076,7366],[-20,-10],[6,-7]],[[8122,7362],[-20,-5]],[[8102,7357],[-26,9]],[[8042,7379],[14,8]],[[8056,7387],[0,0]],[[8056,7387],[10,1],[27,-14],[-4,-8]],[[8089,7366],[33,-4]],[[8102,7357],[-12,-14],[16,-3]],[[8106,7340],[-24,-2],[0,-8]],[[8082,7330],[-45,-8]],[[8037,7322],[3,10],[-21,9]],[[8019,7341],[43,8]],[[8155,7344],[-49,-4]],[[8122,7362],[33,-18]],[[8173,7343],[6,-11],[-38,-4],[-14,-7]],[[8127,7321],[-45,9]],[[8155,7344],[18,-1]],[[8019,7341],[-58,-18],[-20,-13]],[[7941,7310],[-2,6]],[[7939,7316],[22,19],[31,10],[-3,7],[29,9]],[[8037,7322],[-29,1],[-25,-24],[16,5],[15,-11]],[[7946,7303],[-5,7]],[[7939,7316],[-17,0],[-35,12]],[[7887,7328],[16,2],[19,27]],[[7922,7357],[21,13],[-6,11]],[[7937,7381],[45,-3],[3,-6]],[[7985,7372],[16,-3],[19,9],[22,1]],[[7879,7359],[43,-2]],[[7937,7381],[15,4],[-8,8]],[[7944,7393],[19,-1]],[[7963,7392],[42,-5],[-20,-15]],[[7899,7382],[4,9],[19,5],[22,-3]],[[7969,7401],[-6,-9]],[[7978,7411],[32,-4],[9,-7],[37,-13]],[[7530,7604],[-27,6],[22,11],[-94,29]],[[7431,7650],[46,22]],[[7477,7672],[13,-10],[54,-21],[-12,-5],[33,-13]],[[7565,7623],[-17,-9]],[[7548,7614],[-18,-10]],[[7513,7594],[-25,8]],[[7488,7602],[-96,30]],[[7392,7632],[16,7]],[[7408,7639],[23,11]],[[7530,7604],[-17,-10]],[[7497,7584],[-39,-24]],[[7458,7560],[-61,18]],[[7397,7578],[45,22],[25,-8],[21,10]],[[7513,7594],[-16,-10]],[[7671,7594],[-106,29]],[[7565,7623],[40,20]],[[7605,7643],[26,-9]],[[7631,7634],[69,-23]],[[7700,7611],[0,0]],[[7700,7611],[-29,-17]],[[7656,7586],[-61,15]],[[7595,7601],[-47,13]],[[7671,7594],[-15,-8]],[[7792,7552],[-105,27],[-13,-10],[-32,9]],[[7642,7578],[14,8]],[[7700,7611],[27,-10]],[[7727,7601],[96,-32]],[[7639,7547],[10,6],[-35,9]],[[7614,7562],[28,16]],[[7691,7498],[-116,4]],[[7575,7502],[25,23],[20,11]],[[7575,7502],[-85,1]],[[7490,7503],[-1,1]],[[7489,7504],[38,12]],[[7527,7516],[35,16]],[[7562,7532],[52,30]],[[7562,7532],[-59,16]],[[7503,7548],[40,24]],[[7543,7572],[15,8]],[[7558,7580],[17,-8],[39,-10]],[[7548,7448],[1,18]],[[7549,7466],[0,13]],[[7549,7479],[6,3]],[[7555,7482],[18,5],[72,-11]],[[7549,7466],[-25,3],[-15,-10],[-34,19]],[[7475,7478],[-2,6],[29,-3]],[[7502,7481],[29,-5],[18,3]],[[7402,7464],[6,7]],[[7408,7471],[23,-3],[9,11],[35,-1]],[[7408,7471],[10,11]],[[7418,7482],[39,13]],[[7457,7495],[33,8]],[[7490,7503],[20,-5],[-8,-17]],[[7575,7502],[-20,-20]],[[7418,7482],[-91,11]],[[7357,7509],[100,-14]],[[7357,7509],[34,19]],[[7391,7528],[18,-4]],[[7409,7524],[80,-20]],[[7179,7510],[-36,10],[-34,-17]],[[7076,7513],[56,16]],[[7132,7529],[37,10]],[[7169,7539],[44,-13]],[[7213,7526],[-34,-16]],[[7227,7495],[-48,15]],[[7213,7526],[49,-14]],[[7262,7512],[-35,-17]],[[7286,7477],[-24,0]],[[7262,7477],[-85,-3]],[[7177,7474],[50,21]],[[7227,7495],[59,-18]],[[7298,7476],[-12,1]],[[7327,7493],[-29,-17]],[[7169,7539],[83,27]],[[7252,7566],[28,-7]],[[7280,7559],[-67,-33]],[[7280,7559],[38,-10]],[[7318,7549],[-36,-17],[13,-4]],[[7318,7549],[12,-4]],[[7330,7545],[61,-17]],[[7330,7545],[28,14]],[[7358,7559],[67,-20]],[[7425,7539],[-8,-7]],[[7417,7532],[-8,-8]],[[7358,7559],[39,19]],[[7458,7560],[-33,-21]],[[7558,7580],[-17,5],[21,11],[18,-3],[15,8]],[[7503,7548],[-45,12]],[[7497,7584],[46,-12]],[[7465,7525],[-48,7]],[[7503,7548],[-38,-23]],[[7527,7516],[-62,9]],[[7339,7687],[-42,15]],[[7297,7702],[60,26]],[[7357,7728],[66,-23]],[[7423,7705],[-53,-17],[-16,5],[-15,-6]],[[7323,7643],[-81,28],[5,9]],[[7247,7680],[50,22]],[[7339,7687],[48,-17],[-32,-13]],[[7355,7657],[-32,-14]],[[7495,7680],[-18,-8]],[[7408,7639],[-53,18]],[[7423,7705],[72,-25]],[[7264,7618],[-65,22],[-19,10]],[[7180,7650],[67,30]],[[7323,7643],[-59,-25]],[[7326,7600],[-62,18]],[[7392,7632],[-66,-32]],[[6973,7705],[14,2]],[[6987,7707],[34,5]],[[7040,7693],[5,-4],[-47,-7]],[[7221,7591],[-3,-2],[-60,21],[-29,-13]],[[7129,7597],[-49,16]],[[7080,7613],[82,29],[18,8]],[[7264,7618],[1,-11],[-18,5],[-17,-8],[11,-4],[-20,-9]],[[7007,7657],[-26,12],[36,6],[40,-14]],[[7057,7661],[-50,-4]],[[7326,7600],[-37,-19]],[[7289,7581],[-20,-8]],[[7269,7573],[-48,18]],[[7269,7573],[-17,-7]],[[7252,7566],[-48,11]],[[7204,7577],[-57,15]],[[7147,7592],[-18,5]],[[7105,7557],[-16,4],[-24,-13]],[[7065,7548],[-17,8]],[[7048,7556],[39,17]],[[7087,7573],[24,6]],[[7111,7579],[24,-6],[-30,-16]],[[7204,7577],[-59,-31]],[[7145,7546],[-40,11]],[[7111,7579],[36,13]],[[7169,7539],[-24,7]],[[7132,7529],[-60,16]],[[7072,7545],[-7,3]],[[6829,7658],[39,31]],[[6868,7689],[60,-19]],[[6928,7670],[-45,-20]],[[6883,7650],[-9,-3],[-45,11]],[[6959,7661],[-48,-20]],[[6911,7641],[-28,9]],[[6928,7670],[31,-9]],[[6902,7620],[-16,-8]],[[6886,7612],[-37,-19]],[[6849,7593],[-87,18]],[[6762,7611],[45,31]],[[6807,7642],[40,-7],[10,4],[45,-19]],[[6911,7641],[22,-8],[-15,-5]],[[6918,7628],[-16,-8]],[[6807,7642],[22,16]],[[6972,7659],[-8,1]],[[6964,7660],[-5,1]],[[6868,7689],[60,8]],[[6953,7674],[19,-15]],[[7139,7679],[5,-11]],[[7144,7668],[-69,-5]],[[7075,7663],[-18,-2]],[[7007,7657],[-35,2]],[[7118,7706],[21,-27]],[[6971,7742],[-20,7]],[[6951,7749],[26,12]],[[6977,7761],[26,18],[62,31]],[[7065,7810],[13,-3],[13,-36]],[[7091,7771],[-18,-1]],[[7073,7770],[-64,-1],[0,-9]],[[7009,7760],[-24,0],[0,-11],[-14,-7]],[[7073,7770],[0,-19],[-13,-9]],[[7060,7742],[-38,0],[-13,18]],[[7042,7715],[-7,8]],[[7035,7723],[12,2],[13,17]],[[7091,7771],[18,-45]],[[6987,7707],[-9,7],[-26,-4],[7,11],[-39,12]],[[6920,7733],[31,16]],[[6971,7742],[64,-19]],[[6868,7689],[26,24]],[[6894,7713],[26,20]],[[7065,7810],[-17,12]],[[7048,7822],[11,-1]],[[7059,7821],[47,-5],[21,-9],[70,-24]],[[7197,7783],[-44,-20],[15,-5],[-28,-12],[29,-11]],[[7169,7735],[-60,-9]],[[6726,7682],[-74,-11]],[[6652,7671],[-3,16],[-14,14],[21,4]],[[6656,7705],[70,-23]],[[7197,7783],[87,-30]],[[7284,7753],[-85,-14]],[[7199,7739],[-30,-4]],[[7297,7702],[-53,18]],[[7244,7720],[-45,19]],[[7284,7753],[73,-25]],[[7244,7720],[-81,-35],[-24,-6]],[[7180,7650],[-36,18]],[[7075,7513],[-63,23]],[[7012,7536],[10,4],[21,-7],[29,12]],[[7012,7536],[-22,8]],[[6990,7544],[-23,8]],[[6967,7552],[14,7],[31,-9],[21,10]],[[7033,7560],[15,-4]],[[6967,7552],[-20,7]],[[6947,7559],[32,17]],[[6979,7576],[54,-16]],[[6990,7620],[-15,-7]],[[6975,7613],[-57,15]],[[6964,7660],[26,-12]],[[6990,7648],[-38,-20],[38,-8]],[[6975,7613],[-20,-10]],[[6955,7603],[-13,-7]],[[6942,7596],[-56,16]],[[6942,7596],[-43,-20]],[[6899,7576],[-50,17]],[[6997,7585],[-18,-9]],[[6947,7559],[-25,9]],[[6922,7568],[-23,8]],[[6955,7603],[32,-6],[-11,-6],[21,-6]],[[7080,7613],[-28,-9],[-13,3],[-24,-12]],[[7015,7595],[-18,-10]],[[6990,7620],[39,11]],[[7029,7631],[51,-18]],[[6990,7648],[39,-17]],[[7087,7573],[-72,22]],[[7029,7631],[25,9],[23,3],[-2,20]],[[6977,7761],[-44,19]],[[6933,7780],[-61,22]],[[6872,7802],[-32,10]],[[6840,7812],[33,16]],[[6873,7828],[175,-6]],[[6920,7733],[-45,20]],[[6875,7753],[25,12]],[[6900,7765],[33,15]],[[6894,7713],[-46,6],[-27,9]],[[6821,7728],[-20,11],[16,7]],[[6817,7746],[36,-4],[22,11]],[[6868,7689],[-29,11]],[[6839,7700],[-45,16]],[[6794,7716],[27,12]],[[6672,7760],[14,-5]],[[6686,7755],[43,-17]],[[6729,7738],[-27,-12]],[[6702,7726],[-26,9]],[[6676,7735],[10,4],[-67,21]],[[6619,7760],[-3,23]],[[6616,7783],[56,-23]],[[6800,7694],[-98,32]],[[6729,7738],[65,-22]],[[6839,7700],[-39,-6]],[[6800,7694],[-42,-7]],[[6758,7687],[-108,36]],[[6650,7723],[26,12]],[[6758,7687],[-32,-5]],[[6656,7705],[-22,11],[16,7]],[[6735,7802],[-96,22]],[[6639,7824],[14,14]],[[6653,7838],[84,-4]],[[6737,7834],[40,-3]],[[6777,7831],[-29,-19]],[[6748,7812],[-13,-10]],[[6721,7793],[-34,8],[-21,-15],[-52,12],[25,26]],[[6735,7802],[-14,-9]],[[6771,7780],[-19,6],[-66,-31]],[[6672,7760],[49,33]],[[6748,7812],[58,-15]],[[6806,7797],[-35,-17]],[[6802,7770],[-31,10]],[[6806,7797],[34,15]],[[6872,7802],[-35,-16]],[[6837,7786],[-35,-16]],[[6802,7770],[-27,-11]],[[6775,7759],[-46,-21]],[[6900,7765],[-63,21]],[[6875,7753],[-47,15],[-26,2]],[[6817,7746],[-42,13]],[[6807,7642],[-19,3]],[[6788,7645],[-6,4],[-31,-5],[-14,12],[38,5],[-11,11]],[[6764,7672],[104,17]],[[6650,7566],[-7,2]],[[6643,7568],[-49,13]],[[6594,7581],[-14,5]],[[6580,7586],[48,19]],[[6628,7605],[-2,-7],[25,-10],[33,6],[39,12],[6,-2]],[[6729,7604],[-53,-17],[-26,-21]],[[6613,7610],[15,-5]],[[6580,7586],[-33,13]],[[6547,7599],[-16,7]],[[6531,7606],[33,12]],[[6564,7618],[34,-13],[15,5]],[[6634,7617],[-21,-7]],[[6564,7618],[14,6],[-29,17]],[[6549,7641],[36,5]],[[6585,7646],[21,-6],[28,-23]],[[6531,7606],[-18,7]],[[6513,7613],[-41,16]],[[6472,7629],[77,12]],[[6614,7523],[-38,-17]],[[6576,7506],[-43,20]],[[6533,7526],[36,14]],[[6569,7540],[45,-17]],[[6895,7555],[-56,17],[21,10],[-19,6]],[[6841,7588],[8,5]],[[6922,7568],[-27,-13]],[[6748,7511],[-7,3]],[[6741,7514],[-31,12],[-23,0]],[[6687,7526],[20,7],[-38,16]],[[6669,7549],[16,8]],[[6685,7557],[58,-14]],[[6743,7543],[45,-13]],[[6788,7530],[-40,-19]],[[6644,7510],[-30,13]],[[6614,7523],[55,26]],[[6687,7526],[-43,-16]],[[6702,7469],[-10,21],[-9,4]],[[6683,7494],[58,20]],[[6748,7511],[33,-11]],[[6781,7500],[13,-6],[9,-17]],[[6803,7477],[-27,-2]],[[6605,7490],[48,17]],[[6653,7507],[30,-13]],[[6683,7494],[-48,-17],[-30,13]],[[6605,7490],[-6,3]],[[6599,7493],[-23,13]],[[6644,7510],[9,-3]],[[6650,7566],[35,-9]],[[6569,7540],[74,28]],[[6483,7546],[50,-20]],[[6533,7526],[-21,-9]],[[6564,7570],[-46,18]],[[6518,7588],[29,11]],[[6594,7581],[-30,-11]],[[6569,7540],[-41,16]],[[6528,7556],[36,14]],[[6466,7553],[-20,8]],[[6446,7561],[36,13]],[[6482,7574],[46,-18]],[[6482,7574],[36,14]],[[6454,7586],[-35,8]],[[6419,7594],[53,35]],[[6513,7613],[-31,-11],[-28,-16]],[[6482,7574],[-28,12]],[[6446,7561],[-50,20]],[[6396,7581],[23,13]],[[6440,7543],[-74,20]],[[6366,7563],[30,18]],[[6393,7520],[-71,19]],[[6322,7539],[12,7]],[[6334,7546],[32,17]],[[6349,7497],[-33,8],[21,12],[-35,10]],[[6302,7527],[20,12]],[[6321,7481],[-65,18]],[[6256,7499],[25,15]],[[6281,7514],[21,13]],[[6220,7478],[36,21]],[[6023,7479],[1,13],[14,28]],[[6038,7520],[48,-14]],[[6086,7506],[-23,-5],[16,-18]],[[6164,7552],[47,-16],[19,10]],[[6230,7546],[51,-32]],[[6220,7478],[-98,57]],[[6122,7535],[-44,25]],[[6078,7560],[7,7]],[[6085,7567],[32,6]],[[6117,7573],[47,-21]],[[6164,7552],[35,16]],[[6199,7568],[16,-11]],[[6215,7557],[15,-11]],[[6316,7556],[18,-10]],[[6215,7557],[21,10]],[[6236,7567],[41,-11],[22,-10],[17,10]],[[5498,7856],[-10,1]],[[5488,7857],[-35,11]],[[5453,7868],[4,2]],[[5457,7870],[28,9]],[[5485,7879],[31,10]],[[5551,7873],[-53,-17]],[[6275,7585],[-39,-18]],[[6199,7568],[-23,14]],[[6176,7582],[85,13]],[[6261,7595],[14,-10]],[[6275,7585],[41,-29]],[[6261,7595],[93,15]],[[6354,7610],[42,-29]],[[6354,7610],[94,17],[8,6]],[[6456,7633],[16,-4]],[[6117,7573],[59,9]],[[6038,7520],[-26,8]],[[6012,7528],[-56,17]],[[5956,7545],[31,5]],[[5987,7550],[89,14],[9,3]],[[6078,7560],[-40,-40]],[[6122,7535],[-36,-29]],[[6023,7479],[-24,-1]],[[5999,7478],[-46,40],[59,10]],[[6788,7530],[35,-12]],[[6823,7518],[-42,-18]],[[6511,7477],[-50,15]],[[6576,7506],[-28,-23],[-20,2],[-17,-8]],[[6478,7462],[-74,2]],[[6511,7477],[-33,-15]],[[6504,7792],[-4,0]],[[6500,7792],[-77,4]],[[6423,7796],[13,49]],[[6436,7845],[40,-2]],[[6476,7843],[-7,-27],[28,-2],[-5,-16],[12,-6]],[[6423,7796],[-41,1]],[[6382,7797],[12,50]],[[6394,7847],[40,-2]],[[6434,7845],[2,0]],[[6382,7797],[-42,2]],[[6340,7799],[13,49]],[[6353,7848],[41,-1]],[[6286,7801],[-24,1]],[[6262,7802],[-43,1]],[[6219,7803],[6,27]],[[6225,7830],[9,23]],[[6234,7853],[65,-3]],[[6299,7850],[-13,-49]],[[5465,7849],[-36,11]],[[5429,7860],[6,2]],[[5435,7862],[18,6]],[[5488,7857],[-23,-8]],[[6262,7802],[-21,-86]],[[6241,7716],[-23,-1]],[[6218,7715],[-32,12]],[[6186,7727],[2,4]],[[6188,7731],[24,43]],[[6212,7774],[7,29]],[[6219,7803],[0,0]],[[6427,7782],[-49,1],[4,14]],[[6500,7792],[-4,-17],[-69,7]],[[6471,7756],[-6,6],[-43,2],[3,10]],[[6425,7774],[98,-8]],[[6523,7766],[-4,-14],[-48,4]],[[5604,7745],[-15,-3]],[[5556,7734],[-11,-2]],[[5545,7732],[8,8],[-30,9],[-19,13]],[[5504,7762],[24,5]],[[5528,7767],[13,3]],[[5541,7770],[13,-9],[19,5],[31,-21]],[[6286,7801],[54,-2]],[[6427,7782],[-2,-8]],[[6471,7756],[-5,-17]],[[6466,7739],[-4,-19]],[[6462,7720],[-10,0]],[[6452,7720],[-97,-2]],[[6355,7718],[-114,-2]],[[6294,7679],[-76,36]],[[6355,7718],[18,-14],[-57,-12],[9,-6],[-31,-7]],[[6377,7651],[-12,3]],[[6365,7654],[-35,10],[-36,15]],[[6452,7720],[6,-7]],[[6458,7713],[-24,-5],[7,-7]],[[6441,7701],[-78,-16],[36,-26],[-22,-8]],[[6524,7671],[-17,1],[7,9]],[[6514,7681],[12,14],[-18,0],[-6,21],[-44,-3]],[[6462,7720],[105,3]],[[6567,7723],[-43,-52]],[[6514,7681],[-16,2],[-35,-5]],[[6463,7678],[-22,23]],[[6404,7645],[-27,6]],[[6463,7678],[10,-23]],[[6473,7655],[-29,-7],[-16,6],[-24,-9]],[[6486,7647],[-13,8]],[[6524,7671],[36,-5],[16,3],[-11,-14],[6,-5],[-69,-10],[-16,7]],[[6486,7647],[-14,-18]],[[6456,7633],[-44,10]],[[6412,7643],[-8,2]],[[6161,7692],[-6,-12]],[[6155,7680],[-21,3],[-13,-10],[-31,6],[-33,-15]],[[6057,7664],[-22,11]],[[6035,7675],[-12,6]],[[6023,7681],[24,7],[-16,3],[12,10]],[[6043,7701],[60,-12],[14,12],[44,-9]],[[6294,7679],[-28,3],[-44,-9]],[[6222,7673],[-17,12],[-31,-6],[-19,1]],[[6161,7692],[23,36]],[[6184,7728],[2,-1]],[[5825,7845],[-59,19]],[[5766,7864],[4,2]],[[5770,7866],[82,-1]],[[5852,7865],[-11,-14]],[[5841,7851],[-16,-6]],[[6365,7654],[-58,-25],[-23,-1]],[[6284,7628],[-11,8]],[[6273,7636],[-51,37]],[[6258,7608],[-20,1],[46,19]],[[6412,7643],[-19,-8],[-17,7],[-53,-21],[9,-4],[-74,-9]],[[6261,7595],[-3,13]],[[6176,7582],[-24,15],[21,0],[47,10],[-21,14]],[[6199,7621],[74,15]],[[6085,7567],[14,16]],[[6099,7583],[15,16]],[[6114,7599],[15,16]],[[6129,7615],[42,0],[28,6]],[[6129,7615],[10,32],[16,33]],[[6023,7681],[-56,26]],[[5967,7707],[71,23]],[[6038,7730],[1,0]],[[6039,7730],[27,-12],[-23,-17]],[[6114,7599],[-43,6],[-7,16]],[[6064,7621],[38,15]],[[6102,7636],[8,3],[-53,25]],[[6102,7636],[-23,9]],[[6059,7652],[-13,6],[-39,-16],[-20,8],[-38,-16]],[[5949,7634],[-12,7]],[[5937,7641],[-4,2]],[[5933,7643],[102,32]],[[5933,7643],[-60,35]],[[5873,7678],[60,19]],[[5933,7697],[34,10]],[[6007,7632],[-20,-8],[-27,4]],[[5960,7628],[-11,6]],[[5987,7550],[-1,1]],[[5986,7551],[29,46]],[[6015,7597],[20,-3],[25,-18],[39,7]],[[6064,7621],[-53,-22]],[[6011,7599],[-51,27]],[[5960,7626],[0,2]],[[6015,7597],[-4,2]],[[5714,7740],[-20,-1],[-2,8],[-33,1],[-23,8]],[[5636,7756],[26,11]],[[5662,7767],[55,23]],[[5717,7790],[55,-19]],[[5772,7771],[-10,-4]],[[5762,7767],[-16,-7]],[[5746,7760],[-29,-12],[-3,-8]],[[5714,7740],[5,-11]],[[5719,7729],[-18,-1],[9,-18],[-27,-2],[-18,18],[-51,-4]],[[5604,7745],[32,11]],[[5550,7691],[-12,8]],[[5502,7722],[43,10]],[[5582,7695],[-32,-4]],[[5731,7705],[-44,-3]],[[5687,7702],[-38,-3]],[[5649,7699],[-23,-1]],[[5719,7729],[12,-24]],[[5502,7722],[-47,31]],[[5455,7753],[49,9]],[[5635,7777],[27,-10]],[[5541,7770],[31,9]],[[5572,7779],[37,-13],[26,11]],[[5690,7800],[-36,-15],[-18,6],[-18,-8],[17,-6]],[[5572,7779],[81,34]],[[5653,7813],[37,-13]],[[5690,7800],[27,-10]],[[6219,7803],[-123,5]],[[6096,7808],[2,8]],[[6098,7816],[81,16],[46,-2]],[[6096,7808],[-11,-29]],[[6085,7779],[-6,-2]],[[6079,7777],[-26,-12]],[[6053,7765],[-21,8]],[[6032,7773],[32,14],[-33,12],[-5,9]],[[6026,7808],[12,-1],[45,6]],[[6083,7813],[15,3]],[[6032,7773],[-12,3]],[[6020,7776],[-43,16]],[[5977,7792],[48,20]],[[6025,7812],[1,-4]],[[6184,7728],[-65,5]],[[6119,7733],[-4,10],[-62,22]],[[6079,7777],[64,-22],[-18,-8],[9,-9],[45,-3],[9,-4]],[[6212,7774],[-127,5]],[[5977,7792],[-21,7]],[[5956,7799],[51,21]],[[6007,7820],[18,-7]],[[6025,7813],[0,-1]],[[5956,7799],[-24,8]],[[5932,7807],[53,22]],[[5985,7829],[22,-9]],[[5932,7807],[-19,7]],[[5913,7814],[53,23]],[[5966,7837],[19,-8]],[[5913,7814],[-21,8]],[[5892,7822],[15,6]],[[5907,7828],[37,16]],[[5944,7844],[22,-7]],[[5818,7711],[0,0]],[[5818,7711],[-9,20]],[[5809,7731],[2,6],[24,11]],[[5835,7748],[5,2]],[[5840,7750],[28,-10],[-20,-11]],[[5848,7729],[7,-16]],[[5855,7713],[-37,-2]],[[5840,7750],[28,12]],[[5868,7762],[21,8]],[[5889,7770],[36,-13]],[[5925,7757],[-24,-10],[1,-6]],[[5902,7741],[-21,-10],[-33,-2]],[[5952,7721],[-85,-7]],[[5867,7714],[-12,-1]],[[5902,7741],[41,-8],[9,-12]],[[5982,7724],[-30,-3]],[[5925,7757],[28,-9]],[[5953,7748],[22,-13],[7,-11]],[[5889,7770],[25,11]],[[5914,7781],[64,-23]],[[5978,7758],[-25,-10]],[[6119,7733],[-37,1],[-43,-4]],[[6038,7730],[-56,-6]],[[5978,7758],[42,18]],[[5914,7781],[2,1]],[[5916,7782],[40,17]],[[5916,7782],[-68,21]],[[5848,7803],[44,19]],[[5868,7762],[-64,22]],[[5804,7784],[44,19]],[[5835,7748],[-32,11],[-8,-4],[-33,12]],[[5772,7771],[32,13]],[[5809,7731],[-13,-1]],[[5796,7730],[-14,3],[9,11],[-45,16]],[[5796,7730],[2,-5],[-30,-2],[-5,9],[-44,-3]],[[5818,7711],[-87,-6]],[[5873,7678],[-50,28]],[[5823,7706],[-5,5]],[[5867,7714],[22,-18],[28,8],[16,-7]],[[5873,7678],[-28,-8]],[[5845,7670],[-22,9],[-42,6]],[[5781,7685],[11,15],[21,-5],[10,11]],[[5781,7685],[-41,0]],[[5740,7685],[-6,10],[-38,0],[-9,7]],[[5740,7685],[-49,-9]],[[5691,7676],[-42,23]],[[5907,7828],[-66,23]],[[5852,7865],[90,-4]],[[5942,7861],[-8,-8],[10,-9]],[[5892,7822],[-67,23]],[[5848,7803],[-59,19],[1,8]],[[5790,7830],[35,15]],[[5790,7830],[-14,-6]],[[5776,7824],[-39,13],[-22,-9],[-15,5]],[[5700,7833],[58,25],[8,6]],[[5776,7824],[-46,-20],[-54,19]],[[5676,7823],[24,10]],[[5653,7813],[19,8]],[[5672,7821],[4,2]],[[5227,7738],[23,-13]],[[5250,7725],[-39,-12]],[[5211,7713],[-30,17]],[[5181,7730],[41,11],[5,-3]],[[5312,7744],[-40,-12]],[[5272,7732],[-22,-7]],[[5227,7738],[24,7]],[[5251,7745],[40,10]],[[5291,7755],[21,-11]],[[5291,7755],[-6,4]],[[5285,7759],[52,14]],[[5337,7773],[28,-16]],[[5365,7757],[-39,-10]],[[5326,7747],[-14,-3]],[[5285,7759],[-31,16]],[[5254,7775],[-11,7],[52,14]],[[5295,7796],[42,-23]],[[5352,7811],[-57,-15]],[[5295,7796],[-35,20]],[[5260,7816],[28,-2],[50,8]],[[5338,7822],[14,-11]],[[5352,7811],[9,-8]],[[5361,7803],[9,-10]],[[5370,7793],[4,-5]],[[5374,7788],[-2,-6],[-35,-9]],[[5374,7788],[29,-27],[-2,-4]],[[5401,7757],[-36,0]],[[5181,7730],[-1,0]],[[5180,7730],[-28,19]],[[5152,7749],[54,13]],[[5206,7762],[9,2]],[[5215,7764],[36,-19]],[[5152,7749],[-18,14]],[[5134,7763],[14,4],[-15,9]],[[5133,7776],[32,8]],[[5165,7784],[1,1]],[[5166,7785],[40,-23]],[[5463,7918],[-26,-11]],[[5437,7907],[-19,11]],[[5418,7918],[-52,30]],[[5366,7948],[22,5]],[[5388,7953],[5,1]],[[5393,7954],[70,-36]],[[5518,7890],[-55,28]],[[5393,7954],[22,6]],[[5415,7960],[18,-8]],[[5455,7938],[24,-12]],[[5479,7926],[33,-17]],[[5512,7909],[26,-13]],[[5485,7879],[-48,28]],[[5457,7870],[-57,36]],[[5400,7906],[-9,5],[27,7]],[[5435,7862],[-34,24]],[[5369,7907],[-3,2]],[[5366,7909],[34,-3]],[[5630,7661],[-15,9],[38,10],[-17,10]],[[5636,7690],[-10,8]],[[5691,7676],[-4,-2]],[[5687,7674],[-57,-13]],[[5572,7676],[-22,15]],[[5636,7690],[-64,-14]],[[5572,7676],[-10,-1]],[[5517,7670],[-9,5],[-33,-6]],[[5475,7669],[-8,8],[30,7]],[[5497,7684],[-7,6]],[[5467,7641],[-57,-1]],[[5410,7640],[-28,4]],[[5382,7644],[42,5],[34,14]],[[5458,7663],[17,6]],[[5549,7653],[-24,-4],[0,-7],[-58,-1]],[[5563,7642],[2,-18]],[[5565,7624],[-98,-1]],[[5467,7623],[0,2]],[[5467,7625],[0,16]],[[5552,7652],[11,-10]],[[5411,7625],[-1,15]],[[5467,7625],[-56,0]],[[5593,7612],[65,-14]],[[5658,7598],[-12,-12]],[[5646,7586],[-103,11],[-18,0],[-56,-9]],[[5469,7588],[-1,-1]],[[5468,7587],[-9,5],[2,18]],[[5461,7610],[6,13]],[[5565,7624],[28,-12]],[[5411,7625],[1,-18]],[[5412,7607],[1,-21],[-27,-3]],[[5386,7583],[-2,26],[-35,0],[-9,15]],[[5340,7624],[22,17]],[[5362,7641],[20,3]],[[5630,7661],[-14,-3]],[[5616,7658],[-38,-3]],[[5461,7610],[-49,-3]],[[5266,7570],[-26,0],[-21,23]],[[5250,7601],[41,10]],[[5291,7611],[8,-4],[-13,-34],[-20,-3]],[[5919,7625],[-6,-14],[24,1],[-17,-12],[-38,8],[-24,-7]],[[5858,7601],[-38,2]],[[5820,7603],[-97,5],[-50,-13]],[[5673,7595],[-15,3]],[[5658,7598],[24,9],[-38,25]],[[5644,7632],[1,0]],[[5645,7632],[27,8]],[[5672,7640],[64,21]],[[5736,7661],[29,2]],[[5765,7663],[28,-5]],[[5793,7658],[14,-6]],[[5807,7652],[3,-6],[34,-8],[-6,-11],[30,-6],[36,6],[15,-2]],[[5937,7641],[-130,11]],[[5793,7658],[52,12]],[[5960,7626],[-23,-4],[-18,3]],[[5851,7552],[-48,7],[14,15]],[[5817,7574],[55,-8]],[[5872,7566],[35,-6]],[[5907,7560],[-56,-8]],[[5956,7545],[-119,-19]],[[5837,7526],[-1,1]],[[5836,7527],[-3,14]],[[5833,7541],[-1,0]],[[5832,7541],[19,11]],[[5907,7560],[79,-9]],[[5034,7559],[-46,-3],[7,-8],[-36,-5],[-4,6],[-25,-2]],[[4930,7547],[-8,16]],[[4922,7563],[100,11]],[[5022,7574],[12,-15]],[[5872,7566],[37,26],[-51,9]],[[5817,7574],[-18,3]],[[5799,7577],[-3,0]],[[5796,7577],[24,26]],[[5796,7577],[-123,18]],[[4890,7827],[-47,-8]],[[4843,7819],[-28,23]],[[4815,7842],[43,7]],[[4858,7849],[32,-22]],[[4757,7850],[72,11]],[[4829,7861],[12,1]],[[4841,7862],[17,-13]],[[4815,7842],[-42,-8],[-16,16]],[[4917,7569],[-23,-1],[-6,12],[-29,-1]],[[4859,7579],[-3,6]],[[4858,7586],[18,8]],[[4876,7594],[31,12],[10,-37]],[[5029,7533],[21,-18]],[[5050,7515],[-121,-3]],[[4929,7512],[-10,23]],[[4919,7535],[56,-7],[54,5]],[[5101,7525],[28,1]],[[5129,7526],[11,-10],[0,-18]],[[5140,7498],[-34,0]],[[5106,7498],[-17,0]],[[5089,7498],[-26,6],[-13,11]],[[5029,7533],[22,3]],[[5051,7536],[19,-13],[31,2]],[[4919,7535],[-15,7]],[[4904,7542],[26,5]],[[5034,7559],[17,-23]],[[4936,7495],[-63,4]],[[4873,7499],[24,44]],[[4897,7543],[7,-1]],[[4929,7512],[7,-17]],[[5067,7587],[20,-22],[-23,-3],[37,-37]],[[5022,7574],[-11,6]],[[5011,7580],[56,7]],[[4957,7617],[-24,-3],[-28,17]],[[4905,7631],[-15,9]],[[4890,7640],[19,5]],[[4909,7645],[34,10]],[[4943,7655],[50,-28],[-36,-10]],[[5052,7603],[-16,17]],[[5036,7620],[37,14]],[[5073,7634],[19,-17]],[[5092,7617],[-40,-14]],[[5011,7580],[-33,24]],[[4978,7604],[58,16]],[[5052,7603],[11,-12]],[[5063,7591],[4,-4]],[[4890,7658],[-11,9]],[[4879,7667],[-3,9]],[[4876,7676],[31,1],[2,11]],[[4909,7688],[31,8]],[[4940,7696],[10,-7],[-17,-5],[6,-8],[-49,-18]],[[4864,7545],[-17,-5]],[[4847,7540],[-65,-16]],[[4782,7524],[15,28]],[[4797,7552],[-19,10]],[[4778,7562],[46,12]],[[4859,7579],[12,-20],[-12,-1],[5,-13]],[[4917,7569],[5,-6]],[[4897,7543],[-33,2]],[[5502,7546],[-1,-1]],[[5501,7545],[-47,9]],[[5454,7554],[5,4]],[[5459,7558],[31,25]],[[5490,7583],[44,-7]],[[5534,7576],[-32,-30]],[[5565,7543],[-63,3]],[[5534,7576],[37,2],[-6,-35]],[[5477,7526],[24,19]],[[5565,7543],[-4,-17]],[[5561,7526],[-84,0]],[[5426,7525],[17,21]],[[5443,7546],[11,8]],[[5477,7526],[-51,-1]],[[5162,7693],[-25,9]],[[5137,7702],[-21,5]],[[5116,7707],[32,8],[-8,5],[40,10]],[[5211,7713],[-3,-1]],[[5179,7700],[-17,-7]],[[5294,7672],[-5,-5]],[[5289,7667],[-44,-15]],[[5245,7652],[-21,-7]],[[5224,7645],[-53,23]],[[5171,7668],[45,16]],[[5205,7639],[-21,-7]],[[5184,7632],[-45,24]],[[5139,7656],[32,12]],[[5224,7645],[-19,-6]],[[5765,7663],[3,12],[-28,10]],[[4337,7750],[-32,28]],[[4305,7778],[77,13]],[[4382,7791],[15,-24]],[[4397,7767],[-60,-17]],[[4333,7581],[34,11],[-6,4],[123,23]],[[4484,7619],[13,-4]],[[4497,7615],[9,-2]],[[4506,7613],[-57,-12]],[[4449,7601],[-51,-7],[-65,-13]],[[4437,7782],[25,-18],[-1,7],[31,3]],[[4492,7774],[8,-15],[50,-15]],[[4550,7744],[-61,-8],[-10,2]],[[4479,7738],[-50,-6],[-32,35]],[[4382,7791],[23,4],[14,-16],[18,3]],[[4770,7613],[-35,-5]],[[4735,7608],[-10,13],[34,4]],[[4759,7625],[11,-12]],[[4749,7765],[-30,-3]],[[4719,7762],[-14,-1]],[[4705,7761],[-13,12]],[[4692,7773],[-32,19]],[[4660,7792],[37,5]],[[4697,7797],[40,-29],[12,-3]],[[4790,7731],[-29,7],[-42,24]],[[4749,7765],[40,5]],[[4789,7770],[32,-33]],[[4821,7737],[0,-5],[-31,-1]],[[4753,7806],[-56,-9]],[[4660,7792],[-42,-7]],[[4618,7785],[0,0]],[[4618,7785],[-17,21],[-12,6]],[[4589,7812],[91,14]],[[4680,7826],[51,8]],[[4731,7834],[22,-28]],[[4515,7610],[-9,3]],[[4497,7615],[-7,8],[22,45]],[[4512,7668],[1,2]],[[4513,7670],[44,-3]],[[4555,7664],[-27,-54],[-13,0]],[[4564,7595],[-8,3]],[[4556,7598],[-41,12]],[[4617,7551],[43,-5]],[[4660,7546],[11,-24]],[[4671,7522],[-42,14],[-6,-3],[-50,21]],[[4573,7554],[44,-3]],[[4556,7598],[-18,-24]],[[4538,7574],[-33,7]],[[4505,7581],[-6,15],[-47,0],[-3,5]],[[4624,7578],[-6,-10]],[[4618,7568],[-80,6]],[[4603,7584],[21,-6]],[[4658,7570],[3,-21]],[[4661,7549],[-1,-3]],[[4617,7551],[1,17]],[[4624,7578],[34,-8]],[[4658,7570],[40,-7]],[[4698,7563],[6,-17],[-43,3]],[[5736,7661],[-36,-1],[-13,14]],[[4618,7613],[60,-5]],[[4678,7608],[-20,-38]],[[4729,7594],[-10,-21],[2,-14]],[[4721,7559],[-6,1]],[[4715,7560],[-17,3]],[[4678,7608],[11,-1]],[[4689,7607],[46,-3]],[[4735,7604],[-6,-10]],[[4797,7552],[-76,7]],[[4729,7594],[49,-32]],[[4957,7617],[21,-13]],[[4876,7594],[-39,14],[39,16],[29,7]],[[4825,7604],[-13,33]],[[4812,7637],[50,-2]],[[4862,7635],[28,5]],[[4784,7599],[-14,14]],[[4759,7625],[-4,5]],[[4755,7630],[53,7]],[[4808,7637],[4,0]],[[4735,7604],[0,4]],[[5116,8018],[-2,1]],[[5114,8019],[-35,26],[28,6]],[[5107,8051],[23,-15]],[[5672,7640],[-42,18],[-14,0]],[[5593,7612],[51,20]],[[5563,7642],[64,-3],[18,-7]],[[5231,7615],[-12,13]],[[5219,7628],[-14,11]],[[5245,7652],[17,-8]],[[5262,7644],[19,-8]],[[5281,7636],[25,-11],[-53,-17],[-17,3]],[[5262,7644],[55,15],[-5,3]],[[5312,7662],[32,-11]],[[5344,7651],[1,-1]],[[5345,7650],[-34,-10],[-30,-4]],[[5416,7666],[-16,3],[-56,-18]],[[5312,7662],[-23,5]],[[5320,7674],[51,15]],[[5371,7689],[22,-12]],[[5393,7677],[23,-11]],[[5416,7666],[22,-9],[20,6]],[[5362,7641],[-17,9]],[[5393,7677],[45,3]],[[5438,7680],[59,4]],[[5438,7680],[-15,5],[29,10],[28,3]],[[5371,7689],[22,6]],[[5393,7695],[28,8]],[[5421,7703],[40,11]],[[5340,7624],[-49,-13]],[[5272,7732],[36,-23]],[[5308,7709],[-41,-11]],[[5362,7725],[-15,-5]],[[5347,7720],[-39,-11]],[[5312,7744],[19,-13],[13,3],[18,-9]],[[5403,7740],[-31,-12]],[[5372,7728],[-10,-3]],[[5326,7747],[31,4],[16,-11],[20,4],[10,-4]],[[5476,7965],[-41,21]],[[5435,7986],[44,13]],[[5479,7999],[42,-20]],[[5453,7752],[-50,-12]],[[5401,7757],[33,8],[6,-4]],[[5440,7761],[13,-9]],[[5461,7714],[-16,13]],[[5445,7727],[-18,16],[-52,-16]],[[5375,7727],[-3,1]],[[5453,7752],[2,1]],[[5399,7714],[22,-11]],[[5393,7695],[-19,11],[-77,-21]],[[5290,7688],[76,22],[-19,10]],[[5375,7727],[24,-13]],[[5399,7714],[46,13]],[[5512,7955],[24,-13]],[[5536,7942],[-57,-16]],[[5556,7931],[6,-7]],[[5562,7924],[-50,-15]],[[5536,7942],[20,-11]],[[5562,7924],[23,-11]],[[5585,7913],[-47,-17]],[[5665,7884],[-65,6]],[[5585,7913],[13,-5],[77,-6],[-10,-18]],[[5556,7931],[39,12]],[[5595,7943],[24,8]],[[5619,7951],[27,-11],[-26,-9],[6,-3]],[[5626,7928],[-41,-15]],[[5550,7964],[45,-21]],[[5618,7968],[23,-10],[-22,-7]],[[5597,7977],[21,-9]],[[5626,7928],[20,7]],[[5646,7935],[57,-24]],[[5703,7911],[21,-9]],[[5724,7902],[-10,-4],[-6,-18],[-43,4]],[[5646,7935],[72,24]],[[5718,7959],[51,-34]],[[5769,7925],[-66,-14]],[[4755,7630],[-23,3]],[[4732,7633],[-13,36],[57,3]],[[4776,7672],[12,-34],[20,-1]],[[4890,7658],[19,-13]],[[4862,7635],[-7,16],[-20,9],[44,7]],[[5751,7891],[-27,11]],[[5769,7925],[29,-17]],[[5798,7908],[-47,-17]],[[5618,7493],[23,23],[5,12]],[[5646,7528],[76,1]],[[5722,7529],[40,0]],[[5762,7529],[19,-12]],[[5781,7517],[-49,-6],[-114,-18]],[[5819,7542],[13,-1]],[[5833,7541],[-71,-12]],[[5722,7529],[-3,30],[-8,1]],[[5711,7560],[2,4]],[[5713,7564],[44,-4],[42,-17],[20,-1]],[[5836,7527],[-55,-10]],[[5289,7964],[37,8]],[[5326,7972],[24,5]],[[5350,7977],[38,-24]],[[5366,7948],[-38,-8]],[[5264,8006],[24,-13]],[[5288,7993],[38,-21]],[[5184,8027],[29,7]],[[5213,8034],[35,-20]],[[5158,8043],[-8,5]],[[5150,8048],[26,7]],[[5176,8055],[24,-14]],[[5200,8041],[13,-7]],[[5368,7841],[-41,28]],[[5429,7860],[-46,-15]],[[5383,7845],[-15,-4]],[[5338,7822],[-12,9]],[[5326,7831],[21,5]],[[5347,7836],[21,5]],[[5383,7845],[4,-2]],[[5387,7843],[-21,-9],[33,-23]],[[5399,7811],[-38,-8]],[[5410,7813],[-11,-2]],[[5387,7843],[49,-24]],[[5436,7819],[-26,-6]],[[5410,7813],[16,-10],[-15,-4]],[[5411,7799],[-41,-6]],[[5449,7812],[-13,7]],[[5465,7849],[-28,-10],[33,-12]],[[5470,7827],[11,-5]],[[5481,7822],[-32,-10]],[[5487,7795],[-38,17]],[[5481,7822],[38,-13]],[[5519,7809],[9,-2],[-41,-12]],[[5440,7761],[25,6],[-24,22],[-30,10]],[[5487,7795],[41,-28]],[[5498,7856],[27,-8]],[[5525,7848],[-55,-21]],[[5591,7826],[-11,-8],[-18,7],[-43,-16]],[[5525,7848],[42,-6],[24,-16]],[[4998,7886],[-67,-10]],[[4931,7876],[-26,20]],[[4905,7896],[-74,54]],[[4831,7950],[-39,30],[49,10]],[[4841,7990],[39,-30],[22,5],[52,-40],[-5,0],[49,-39]],[[4868,7866],[-27,20],[64,10]],[[4931,7876],[-2,0]],[[4929,7876],[-61,-10]],[[4868,7866],[-27,-4]],[[4829,7861],[-34,22]],[[4795,7883],[-33,22]],[[4762,7905],[-16,11]],[[4746,7916],[-15,10]],[[4731,7926],[-10,6]],[[4721,7932],[36,4],[74,14]],[[4992,7783],[-34,14]],[[4958,7797],[-5,2]],[[4953,7799],[9,2]],[[4962,7801],[69,18]],[[5031,7819],[30,-14]],[[5061,7805],[-69,-22]],[[4953,7799],[-45,24],[-18,4]],[[4890,7827],[82,15]],[[4972,7842],[5,1]],[[4977,7843],[4,-17]],[[4981,7826],[-19,-25]],[[7791,7817],[-40,23]],[[7751,7840],[47,12],[-14,9]],[[7784,7861],[42,11]],[[7826,7872],[-10,-33],[-25,-22]],[[6024,7996],[-19,-7],[-26,4]],[[5979,7993],[-74,31]],[[5905,8024],[28,11]],[[5933,8035],[91,-39]],[[5933,8035],[41,16]],[[5974,8051],[2,1]],[[5976,8052],[94,-39]],[[6070,8013],[-46,-17]],[[5076,7743],[-61,29]],[[5015,7772],[-14,7]],[[5001,7779],[-9,4]],[[5061,7805],[12,-6]],[[5073,7799],[43,-20],[17,-3]],[[5134,7763],[-58,-20]],[[4981,7826],[76,13]],[[5057,7839],[13,-10]],[[5070,7829],[-39,-10]],[[4977,7843],[64,11]],[[5041,7854],[16,-15]],[[5041,7854],[31,5]],[[5072,7859],[37,7]],[[5109,7866],[24,-21]],[[5133,7845],[-19,-5]],[[5114,7840],[-44,-11]],[[5072,7859],[-29,26],[-23,5]],[[5020,7890],[53,6]],[[5073,7896],[36,-30]],[[4972,7842],[-43,34]],[[4998,7886],[22,4]],[[5116,7707],[-50,19]],[[5066,7726],[28,8],[-18,9]],[[5066,7726],[-34,6],[-32,-2],[-25,4],[-35,-4]],[[4940,7730],[-26,21]],[[4914,7751],[50,7]],[[4964,7758],[50,7],[1,7]],[[5630,8042],[61,19]],[[5691,8061],[57,-35]],[[5748,8026],[-59,-15],[-59,31]],[[8213,8366],[-36,7],[-74,27]],[[8103,8400],[15,-1]],[[8118,8399],[41,-2],[11,-7],[75,-4]],[[8245,8386],[-32,-20]],[[4953,7764],[-49,-8],[23,10],[-18,1],[-28,17]],[[4881,7784],[15,8]],[[4896,7792],[9,-4]],[[4905,7788],[38,-19]],[[4943,7769],[10,-5]],[[4905,7788],[53,9]],[[5001,7779],[-58,-10]],[[4896,7792],[-56,27]],[[4840,7819],[3,0]],[[7850,8243],[21,-12]],[[7871,8231],[12,-7]],[[7883,8224],[-40,-19]],[[7843,8205],[-60,17]],[[7783,8222],[40,20],[27,1]],[[4964,7758],[-11,6]],[[5435,7986],[-38,14]],[[5397,8000],[-2,0]],[[5395,8000],[50,16]],[[5445,8016],[34,-17]],[[8118,8399],[21,8]],[[8139,8407],[45,-2],[21,-5]],[[8205,8400],[61,-4]],[[8266,8396],[-21,-10]],[[5479,7999],[43,13],[44,19]],[[5566,8031],[50,-21]],[[5616,8010],[-54,-18]],[[5630,8042],[-42,21]],[[5588,8063],[75,16]],[[5663,8079],[28,-18]],[[5815,8108],[103,-38],[56,-19]],[[5905,8024],[-43,-15]],[[5862,8009],[-60,-20]],[[5802,7989],[-54,37]],[[5663,8079],[-3,2]],[[5660,8081],[112,45]],[[5772,8126],[43,-18]],[[5788,8171],[-63,-1],[-19,-4]],[[5706,8166],[-69,-17],[-9,5]],[[5628,8154],[-28,42]],[[5600,8196],[32,-4]],[[5632,8192],[46,-12],[35,4],[60,20],[37,4]],[[5810,8208],[-1,-21],[-21,-16]],[[5815,8108],[87,30]],[[5902,8138],[189,-43]],[[6091,8095],[-17,-7]],[[6074,8088],[-98,-36]],[[7584,8293],[-11,4]],[[7573,8297],[32,21]],[[7605,8318],[51,34]],[[7656,8352],[30,-17]],[[7686,8335],[-31,-17]],[[7655,8318],[-25,-12],[-15,4],[-31,-17]],[[7679,8271],[-37,11]],[[7642,8282],[50,25],[-37,11]],[[7686,8335],[28,-15]],[[7714,8320],[8,-5]],[[7722,8315],[2,-1]],[[7724,8314],[-44,-23],[24,-8],[-25,-12]],[[7738,8269],[-26,-14]],[[7712,8255],[-40,12],[7,4]],[[7724,8314],[25,-14]],[[7749,8300],[25,-15]],[[7774,8285],[-36,-16]],[[7642,8282],[-37,11],[-21,0]],[[7794,8253],[-22,6]],[[7772,8259],[-34,10]],[[7774,8285],[25,-13]],[[7799,8272],[15,-9]],[[7814,8263],[-20,-10]],[[7783,8222],[-40,5]],[[7743,8227],[51,26]],[[7814,8263],[36,-20]],[[7743,8227],[-21,7]],[[7722,8234],[50,25]],[[7722,8234],[-32,9]],[[7690,8243],[22,12]],[[7912,8182],[-7,-11]],[[7905,8171],[-57,15],[16,8],[-31,5]],[[7833,8199],[10,6]],[[7883,8224],[44,-20]],[[7927,8204],[-15,-22]],[[7905,8171],[-7,-11]],[[7898,8160],[-102,21],[37,18]],[[7788,8040],[27,-7],[-3,-16]],[[7812,8017],[-27,0],[-2,-11],[-17,6],[-31,1],[-18,6]],[[7717,8019],[5,15]],[[7722,8034],[3,7],[63,-1]],[[7812,8017],[44,-2]],[[7856,8015],[-4,-18]],[[7852,7997],[-3,-15]],[[7849,7982],[-67,5],[-73,23]],[[7709,8010],[8,9]],[[7709,8010],[-59,18]],[[7650,8028],[20,19]],[[7670,8047],[26,26]],[[7696,8073],[23,23]],[[7719,8096],[39,-6]],[[7758,8090],[-23,-23],[-22,3],[-31,-31],[40,-5]],[[7758,8090],[38,-3]],[[7796,8087],[6,-1]],[[7802,8086],[-14,-46]],[[7829,7883],[-3,-11]],[[7784,7861],[-7,8],[-54,-13]],[[7723,7856],[-30,16],[-29,6]],[[7664,7878],[76,-10],[13,8],[41,2],[6,7],[29,-2]],[[7751,7840],[-15,8]],[[7736,7848],[-13,8]],[[6730,8701],[-36,18]],[[6694,8719],[23,9]],[[6717,8728],[46,14]],[[6763,8742],[17,-3]],[[6780,8739],[-9,-5],[18,-8]],[[6789,8726],[-36,-15]],[[6753,8711],[-23,-10]],[[7576,7952],[-45,27]],[[7531,7979],[30,7]],[[7561,7986],[40,11],[33,16],[16,15]],[[7709,8010],[-93,-39],[-40,-19]],[[7455,8024],[76,-45]],[[7576,7952],[-39,-8],[-63,-26]],[[7474,7918],[-55,34]],[[7419,7952],[-134,81]],[[7285,8033],[108,29]],[[7393,8062],[62,-38]],[[7288,8088],[-52,-26]],[[7236,8062],[-61,36]],[[7175,8098],[1,1]],[[7176,8099],[38,17]],[[7214,8116],[44,-12],[-10,-6],[40,-10]],[[7473,8051],[30,16]],[[7503,8067],[39,-10]],[[7542,8057],[22,-6]],[[7564,8051],[34,-9]],[[7598,8042],[22,-6]],[[7620,8036],[-30,-17],[-117,32]],[[7620,8036],[30,-8]],[[7561,7986],[-22,3],[-15,9],[25,6],[-76,47]],[[7455,8024],[30,8],[-21,2],[-17,10],[26,7]],[[8139,8407],[73,29]],[[8212,8436],[22,-7]],[[8234,8429],[-8,-22],[-18,1],[-3,-8]],[[7393,8062],[65,18]],[[7458,8080],[45,-13]],[[7878,8151],[0,0]],[[7878,8151],[-219,-34]],[[7659,8117],[-76,42]],[[7583,8159],[73,63],[13,9]],[[7669,8231],[83,-51],[25,-8],[101,-21]],[[7696,8073],[-19,5]],[[7677,8078],[17,9],[-10,3],[18,10]],[[7702,8100],[17,-4]],[[7677,8078],[-6,2]],[[7671,8080],[-65,17]],[[7580,8103],[81,13]],[[7661,8116],[41,-16]],[[7670,8047],[-31,11]],[[7639,8058],[-11,4],[43,18]],[[7564,8051],[57,29],[-31,7]],[[7639,8058],[-41,-16]],[[7542,8057],[33,13],[-12,7]],[[7458,8080],[34,10]],[[7492,8090],[23,3]],[[7458,8080],[-13,4],[-191,52]],[[7254,8136],[154,76],[44,19]],[[7452,8231],[9,-2],[122,-70]],[[7583,8159],[-68,-58],[-23,-11]],[[7988,8275],[-64,19]],[[7924,8294],[13,16]],[[7937,8310],[2,6]],[[7939,8316],[17,-1]],[[7956,8315],[29,-8]],[[7985,8307],[30,-9]],[[8015,8298],[15,-4]],[[8030,8294],[-42,-19]],[[7452,8231],[67,36]],[[7519,8267],[39,20]],[[7558,8287],[16,-2],[38,-17],[38,-22],[19,-15]],[[8116,8301],[-60,15]],[[8056,8316],[26,11],[1,7]],[[8083,8334],[55,-13]],[[8138,8321],[22,-7]],[[8160,8314],[-44,-13]],[[8056,8316],[-41,-18]],[[7985,8307],[74,33]],[[8059,8340],[24,-6]],[[7956,8315],[73,32]],[[8029,8347],[30,-7]],[[8081,8284],[-6,-3]],[[8075,8281],[-45,13]],[[8116,8301],[-18,-9]],[[8098,8292],[-17,-8]],[[7931,8343],[-19,29]],[[7912,8372],[-14,8]],[[7898,8380],[-7,17]],[[7891,8397],[9,-5]],[[7900,8392],[40,-19],[38,-13]],[[7978,8360],[-47,-17]],[[8075,8281],[-43,-19]],[[8032,8262],[-44,13]],[[8032,8262],[-31,-14]],[[8001,8248],[-83,25]],[[7918,8273],[6,21]],[[7867,8288],[-9,3],[-27,-19]],[[7831,8272],[-17,-9]],[[7799,8272],[33,16]],[[7832,8288],[45,23]],[[7877,8311],[21,-6],[-31,-17]],[[7918,8273],[-51,15]],[[7877,8311],[7,4]],[[7884,8315],[12,6],[41,-11]],[[7831,8272],[49,-14]],[[7880,8258],[-8,-5],[28,-8],[-29,-14]],[[7787,8341],[16,-7]],[[7803,8334],[-17,-9],[11,-9],[-37,11],[-38,-12]],[[7714,8320],[27,12],[-20,6],[25,12]],[[7746,8350],[41,-9]],[[7829,8332],[37,-11]],[[7866,8321],[-16,-8],[-19,5],[-24,-12]],[[7807,8306],[-16,5],[-42,-11]],[[7803,8334],[26,-2]],[[7832,8288],[-27,8],[18,5],[-16,5]],[[7866,8321],[18,-6]],[[7746,8350],[-9,10]],[[7737,8360],[55,14],[14,6]],[[7806,8380],[25,-3]],[[7831,8377],[-35,-17],[19,-5]],[[7815,8355],[-28,-14]],[[7350,8316],[-13,4],[59,31],[117,64]],[[7513,8415],[9,-4]],[[7522,8411],[-63,-34]],[[7459,8377],[-54,-29],[6,-2],[-57,-31],[-4,1]],[[8357,8549],[-37,-86]],[[8320,8463],[-24,3]],[[8296,8466],[0,52]],[[8296,8518],[0,0]],[[8296,8518],[0,43]],[[8296,8561],[31,-3],[30,-9]],[[7831,8377],[50,25]],[[7881,8402],[10,-5]],[[7898,8380],[-38,-19],[-20,6],[-25,-12]],[[7861,8348],[-32,-16]],[[7912,8372],[-51,-24]],[[7692,8371],[6,2]],[[7698,8373],[50,16]],[[7748,8389],[25,8]],[[7773,8397],[33,-17]],[[7737,8360],[-20,-1],[-25,12]],[[7773,8397],[27,8]],[[7800,8405],[45,14]],[[7845,8419],[36,-17]],[[7861,8348],[55,-17],[-12,-7],[35,-8]],[[9234,8648],[-1,-36]],[[9233,8612],[-47,5]],[[9186,8617],[-24,3]],[[9162,8620],[13,28],[-21,-3],[9,25]],[[9163,8670],[72,-6]],[[9235,8664],[-1,-16]],[[8275,8562],[0,-15],[-48,-4],[13,-12]],[[8240,8531],[-21,-4],[-11,7],[-26,-5],[10,-8],[-17,-4]],[[8175,8517],[-35,23]],[[8140,8540],[89,29]],[[8229,8569],[19,-7],[27,0]],[[8240,8531],[14,-12],[42,-1]],[[8296,8518],[-13,-5],[-87,-10]],[[8196,8503],[-13,9]],[[8183,8512],[-8,5]],[[8296,8466],[-69,7]],[[8227,8473],[-31,30]],[[8275,8562],[21,-1]],[[8296,8561],[0,0]],[[8107,8572],[-9,10]],[[8098,8582],[-5,7]],[[8093,8589],[30,7],[25,-18]],[[8148,8578],[-41,-6]],[[8441,8505],[-65,4]],[[8376,8509],[-16,1],[9,21],[17,-1],[18,7],[4,9],[18,0]],[[8426,8546],[-8,-18],[30,-2],[-7,-21]],[[8456,8474],[-27,2]],[[8429,8476],[12,29]],[[8426,8546],[68,13]],[[8494,8559],[-3,-7]],[[8491,8552],[-13,-30]],[[8478,8522],[-22,-48]],[[8429,8476],[-29,2]],[[8400,8478],[-36,2],[12,29]],[[8400,8478],[-9,-23]],[[8391,8455],[-15,2]],[[8376,8457],[-56,6]],[[8357,8549],[3,10],[20,-6],[38,-1]],[[8418,8552],[25,0],[52,10]],[[8495,8562],[-1,-3]],[[8447,8451],[0,0]],[[8447,8451],[-56,4]],[[8456,8474],[-9,-23]],[[8367,8437],[-13,0],[-7,-17],[-38,3],[-18,-11]],[[8291,8412],[-1,8]],[[8290,8420],[-50,39],[-13,14]],[[8376,8457],[-9,-20]],[[8361,8384],[19,44],[-13,9]],[[8447,8451],[-30,-70]],[[8417,8381],[-56,3]],[[8361,8384],[-74,5],[7,15],[-13,1]],[[8281,8405],[10,7]],[[8417,8381],[-3,-14]],[[8414,8367],[-71,-15]],[[8343,8352],[-23,8],[-89,3],[-18,3]],[[8266,8396],[15,9]],[[8278,8338],[-23,14],[-46,11]],[[8209,8363],[4,3]],[[8343,8352],[-65,-14]],[[8237,8329],[-3,10],[-45,11]],[[8189,8350],[20,13]],[[8278,8338],[-22,-5]],[[8256,8333],[-19,-4]],[[8163,8312],[-3,2]],[[8138,8321],[51,29]],[[8237,8329],[-74,-17]],[[7871,8563],[-4,-1]],[[7867,8562],[-22,-14],[-39,-7],[-14,4],[-18,-7],[-34,12],[17,8],[-12,5]],[[7745,8563],[23,20]],[[7768,8583],[23,-2],[4,6],[24,-5],[52,-19]],[[8029,8347],[-49,13]],[[7980,8360],[38,29]],[[8018,8389],[34,27]],[[8052,8416],[32,-9]],[[8084,8407],[19,-7]],[[8018,8389],[-24,1],[-74,13],[-20,-11]],[[7845,8419],[46,14]],[[7891,8433],[13,-5],[67,-2],[81,-10]],[[7980,8360],[-2,0]],[[8227,8473],[-72,6]],[[8155,8479],[-15,1],[18,14]],[[8158,8494],[25,18]],[[8084,8407],[18,9],[-23,4],[38,29]],[[8117,8449],[54,-10],[41,-3]],[[7748,8389],[-31,15]],[[7717,8404],[50,16],[33,-15]],[[7891,8433],[36,11]],[[7927,8444],[57,18]],[[7984,8462],[56,12]],[[8040,8474],[-19,-22],[12,-11],[32,-6],[24,19],[28,-5]],[[8142,8468],[-25,-19]],[[8040,8474],[24,3]],[[8064,8477],[8,-7],[44,-9],[12,10],[14,-3]],[[8142,8468],[13,11]],[[8227,8473],[-15,-37]],[[8290,8420],[-16,-1],[-40,10]],[[7900,8580],[-11,-6]],[[7889,8574],[-18,-11]],[[7768,8583],[13,19]],[[7781,8602],[14,1],[48,-11]],[[7843,8592],[57,-12]],[[7880,8610],[-11,-14],[-26,-4]],[[7781,8602],[9,22]],[[7790,8624],[43,-3],[-3,-4],[50,-7]],[[7914,8577],[-14,3]],[[7880,8610],[35,-3],[-4,-4],[50,-5],[-19,-8],[0,-15],[-28,2]],[[7968,8533],[-79,41]],[[7914,8577],[43,-8]],[[7957,8569],[48,-25]],[[8005,8544],[-2,-1]],[[8003,8543],[-35,-10]],[[7957,8569],[141,13]],[[8107,8572],[-102,-28]],[[7968,8533],[-15,-4]],[[7953,8529],[-27,6],[-59,27]],[[7953,8529],[-22,-6]],[[7931,8523],[-20,-6]],[[7911,8517],[-50,-14]],[[7861,8503],[-50,-17],[-14,6]],[[7797,8492],[1,-12],[-49,-14]],[[7749,8466],[-41,20]],[[7708,8486],[59,7],[-27,19],[-59,19],[-34,-15]],[[7647,8516],[-48,18],[-27,7]],[[7572,8541],[103,12]],[[7675,8553],[70,10]],[[7708,8486],[-43,20]],[[7665,8506],[-18,10]],[[8081,8497],[-18,4],[5,8],[-65,34]],[[8107,8572],[23,-25]],[[8130,8547],[-30,-29]],[[8100,8518],[-19,-21]],[[8081,8497],[-17,-20]],[[8040,8474],[4,7],[-45,24],[-30,13],[-20,-5],[-18,10]],[[7984,8462],[-38,20],[20,5],[-55,30]],[[7927,8444],[-67,36],[27,8],[-26,15]],[[7845,8419],[-52,26]],[[7793,8445],[-29,14]],[[7764,8459],[-15,7]],[[7797,8492],[4,-9],[44,-27],[46,-23]],[[7574,8389],[-10,4]],[[7564,8393],[36,21]],[[7600,8414],[19,12],[50,15]],[[7669,8441],[50,15]],[[7719,8456],[30,10]],[[7764,8459],[-47,-15],[26,-3],[-169,-52]],[[7577,8388],[-3,1]],[[7793,8445],[-81,-25],[13,-7],[-120,-37]],[[7698,8373],[-30,15],[49,16]],[[7600,8414],[-57,28]],[[7543,8442],[23,13]],[[7566,8455],[34,19]],[[7600,8474],[69,-33]],[[7600,8474],[11,6]],[[7611,8480],[15,9]],[[7626,8489],[16,-7],[16,4],[61,-30]],[[7626,8489],[24,13]],[[7650,8502],[15,4]],[[7564,8393],[-15,7]],[[7549,8400],[-27,11]],[[7513,8415],[-11,5]],[[7502,8420],[41,22]],[[7650,8502],[-42,18],[-28,-15],[4,-11],[-12,-3]],[[7572,8491],[-6,10],[13,13],[-38,21]],[[7541,8535],[31,6]],[[7611,8480],[-33,7]],[[7578,8487],[-6,4]],[[7538,8475],[-11,10],[-46,11]],[[7481,8496],[41,31],[19,8]],[[7578,8487],[-40,-12]],[[7538,8475],[-15,-8]],[[7523,8467],[-26,-6],[-30,8],[-7,-4],[-23,6]],[[7437,8471],[37,21]],[[7474,8492],[7,4]],[[7566,8455],[-12,3],[-15,-9],[-25,7],[-14,-2]],[[7500,8454],[23,13]],[[7500,8454],[-39,-19]],[[7461,8435],[-3,1]],[[7458,8436],[-50,19]],[[7408,8455],[29,16]],[[7502,8420],[-41,15]],[[7398,8405],[-6,2]],[[7392,8407],[-47,13]],[[7345,8420],[16,9]],[[7361,8429],[47,26]],[[7458,8436],[-60,-31]],[[7448,8388],[-50,17]],[[7502,8420],[-54,-32]],[[7480,8371],[-21,6]],[[7549,8400],[-17,-9],[11,-3],[-44,-24],[-19,7]],[[7318,8317],[24,13]],[[7342,8330],[13,7]],[[7355,8337],[36,20]],[[7391,8357],[57,31]],[[7350,8316],[-9,-5]],[[7506,8348],[-46,12]],[[7460,8360],[20,11]],[[7410,8331],[-47,-26]],[[7460,8360],[-50,-29]],[[7452,8319],[-42,12]],[[7469,8328],[-17,-9]],[[7452,8319],[-47,-25]],[[7605,8318],[-37,11],[-14,10]],[[7614,8372],[42,-20]],[[7449,8283],[-44,10]],[[7506,8315],[-57,-32]],[[7519,8267],[-50,14],[-20,2]],[[7506,8315],[58,-24]],[[7564,8291],[-6,-4]],[[7452,8231],[-45,8],[-68,18]],[[7111,8234],[-24,10]],[[7087,8244],[-32,12]],[[7055,8256],[52,20]],[[7107,8276],[57,-23]],[[7164,8253],[-53,-19]],[[7111,8234],[-81,-28]],[[7030,8206],[-18,12],[7,9]],[[7019,8227],[27,3],[41,14]],[[7019,8227],[-30,12],[56,21],[10,-4]],[[7359,8368],[-26,5],[-46,16]],[[7287,8389],[58,31]],[[7392,8407],[-44,-26],[23,-8],[-12,-5]],[[7391,8357],[-32,11]],[[7543,8641],[6,-35]],[[7549,8606],[5,-19],[-59,-1]],[[7495,8586],[0,5]],[[7495,8591],[-15,38]],[[7480,8629],[-2,2]],[[7478,8631],[52,11]],[[7530,8642],[13,-1]],[[7512,8552],[-55,11]],[[7457,8563],[25,9]],[[7482,8572],[19,-3],[8,5],[30,-6],[-27,-16]],[[7474,8492],[-67,18]],[[7362,8518],[27,15]],[[7512,8552],[28,-4]],[[7540,8548],[32,-7]],[[7361,8468],[-44,13]],[[7317,8481],[-19,6]],[[7298,8487],[21,10]],[[7398,8505],[23,-7],[-35,-20],[-25,-10]],[[7408,8455],[-47,13]],[[7293,8449],[-15,-9],[-22,6],[-16,-8]],[[7240,8438],[-21,6]],[[7219,8444],[-9,2]],[[7210,8446],[2,1]],[[7212,8447],[31,16]],[[7243,8463],[33,17],[-21,6],[18,9]],[[7273,8495],[25,-8]],[[7317,8481],[-15,-9],[22,-6],[-31,-17]],[[7361,8429],[-68,20]],[[7287,8389],[-31,10]],[[7256,8399],[19,9],[-16,4],[25,13],[-44,13]],[[7256,8399],[-28,9]],[[7228,8408],[17,15],[-42,12],[16,9]],[[7228,8408],[-57,19]],[[7171,8427],[39,19]],[[7267,8530],[10,-4]],[[7277,8526],[-32,-15],[-20,-1]],[[7225,8510],[-35,10]],[[7190,8520],[26,13]],[[7216,8533],[19,0],[24,-7],[8,4]],[[7162,8378],[-49,16]],[[7113,8394],[15,7]],[[7128,8401],[7,4]],[[7135,8405],[49,-16],[-22,-11]],[[7162,8378],[64,-20]],[[7226,8358],[-17,-9]],[[7209,8349],[-73,25]],[[7136,8374],[-21,6],[-29,-12],[-10,3]],[[7076,8371],[26,13],[5,12]],[[7107,8396],[6,-2]],[[7183,8335],[-19,-13]],[[7164,8322],[0,0]],[[7164,8322],[-56,18]],[[7108,8340],[-77,26]],[[7031,8366],[24,11],[21,-6]],[[7136,8374],[-30,-13],[77,-26]],[[7209,8349],[-7,-4]],[[7202,8345],[-12,-6]],[[7190,8339],[-7,-4]],[[7122,8555],[-62,13],[-3,7]],[[7096,8597],[47,-9]],[[7168,8584],[-20,-12]],[[7148,8572],[-26,-17]],[[7108,8340],[-42,-17]],[[7066,8323],[-56,20],[-13,-3]],[[6997,8340],[-15,10]],[[6982,8350],[25,12]],[[7007,8362],[24,4]],[[7052,8274],[-23,9],[1,9]],[[7030,8292],[-33,13]],[[6997,8305],[-31,12]],[[6966,8317],[1,1]],[[6967,8318],[26,9],[8,10]],[[7001,8337],[66,-45],[15,-6]],[[7082,8286],[-30,-12]],[[7066,8323],[56,-22]],[[7122,8301],[0,0]],[[7122,8301],[-40,-15]],[[7001,8337],[-4,3]],[[6912,8263],[-1,8]],[[6911,8271],[86,34]],[[7030,8292],[-86,-33],[-17,10],[-15,-6]],[[6911,8271],[-4,23],[59,23]],[[6950,8234],[-45,27]],[[6905,8261],[7,2]],[[7052,8274],[-102,-40]],[[7164,8322],[-16,-10]],[[7148,8312],[-26,-11]],[[6967,8318],[-68,26]],[[6899,8344],[26,26]],[[6925,8370],[57,-20]],[[6925,8370],[-82,28]],[[6843,8398],[41,17],[-2,10]],[[6882,8425],[26,10]],[[6908,8435],[23,-4]],[[6931,8431],[-28,-12],[32,-12],[21,-2]],[[6956,8405],[-15,-20]],[[6941,8385],[-16,-15]],[[6899,8344],[-57,37],[-19,8],[20,9]],[[7243,8463],[-59,18],[6,11]],[[7190,8492],[25,13]],[[7215,8505],[10,5]],[[7225,8510],[48,-15]],[[7212,8447],[-69,22]],[[7143,8469],[15,7]],[[7158,8476],[32,16]],[[7171,8427],[-2,-1]],[[7169,8426],[-64,25]],[[7105,8451],[0,0]],[[7105,8451],[10,4],[18,-8],[23,11],[-13,11]],[[7105,8451],[-49,21],[-22,5]],[[7043,8482],[33,-10],[22,10],[45,-13]],[[7330,8552],[-19,-10],[-19,-1],[-25,-11]],[[7216,8533],[40,19]],[[7256,8552],[33,12]],[[7289,8564],[41,-12]],[[7339,8507],[-33,10],[7,4],[-28,9],[-8,-4]],[[7330,8552],[9,-3]],[[7230,8582],[-41,13]],[[7197,8599],[44,23]],[[7241,8622],[39,-12]],[[7280,8610],[-29,-14],[21,-6],[-18,-9],[-24,1]],[[7289,8564],[-59,18]],[[7280,8610],[15,-5]],[[7295,8605],[34,-11]],[[7329,8594],[13,-3]],[[7342,8591],[-53,-27]],[[7342,8591],[35,-10]],[[7377,8581],[36,-8]],[[7439,8606],[-85,1]],[[7354,8607],[40,23]],[[7394,8630],[41,0]],[[7435,8630],[26,-6],[4,-11],[-26,0],[0,-7]],[[7495,8586],[-13,-14]],[[7377,8581],[23,12],[38,0]],[[7438,8593],[57,-2]],[[7329,8594],[25,13]],[[7439,8606],[-1,-13]],[[7435,8630],[18,-1]],[[7453,8629],[27,0]],[[7412,8653],[-16,0]],[[7396,8653],[-58,1],[-37,-14]],[[7301,8640],[-12,5]],[[7289,8645],[24,10]],[[7313,8655],[47,18]],[[7360,8673],[38,14]],[[7398,8687],[16,-6]],[[7414,8681],[-16,-6],[15,-5],[-1,-17]],[[7453,8629],[-9,24],[-32,0]],[[7414,8681],[12,-4]],[[7426,8677],[54,-19]],[[7480,8658],[-2,-27]],[[7394,8630],[-22,0]],[[7372,8630],[11,5],[1,14],[12,4]],[[7372,8630],[-32,1]],[[7340,8631],[-39,9]],[[7241,8622],[21,10]],[[7262,8632],[27,13]],[[7340,8631],[-2,-4],[-43,-22]],[[7480,8658],[26,-3],[5,-11],[19,-2]],[[7071,8436],[-21,6],[-24,-11]],[[7026,8431],[-33,-16]],[[6993,8415],[-24,6]],[[6969,8421],[3,3]],[[6972,8424],[22,32]],[[6994,8456],[23,24]],[[7105,8451],[-34,-15]],[[7007,8362],[-66,23]],[[6956,8405],[13,16]],[[6993,8415],[-4,-11],[65,-18],[22,2],[20,11],[11,-3]],[[7128,8401],[-102,30]],[[7071,8436],[64,-19]],[[7135,8417],[-15,-8],[15,-4]],[[7096,8538],[-21,-16]],[[7075,8522],[-2,-1]],[[7073,8521],[-35,9]],[[7038,8530],[-47,11]],[[6991,8541],[29,17],[76,-20]],[[7159,8421],[-24,-4]],[[7169,8426],[-10,-5]],[[7256,8552],[-32,10],[-17,-8]],[[7207,8554],[-59,18]],[[7158,8530],[-47,15]],[[7111,8545],[11,10]],[[7207,8554],[-49,-24]],[[7190,8520],[-32,10]],[[7038,8530],[-13,-8],[-21,5],[-32,-15]],[[6947,8496],[-19,5]],[[6928,8501],[38,23]],[[6966,8524],[25,17]],[[7360,8673],[-50,19]],[[7310,8692],[55,24]],[[7365,8716],[56,-20]],[[7421,8696],[-23,-9]],[[7313,8655],[-35,12],[-14,-6],[-22,0]],[[7242,8661],[-6,0]],[[7236,8661],[30,13]],[[7266,8674],[44,18]],[[7262,8632],[-18,3],[-2,26]],[[7241,8622],[-52,9]],[[7172,8634],[23,9]],[[7195,8643],[41,18]],[[7310,8692],[-34,5],[25,18]],[[7301,8715],[32,13]],[[7333,8728],[32,-12]],[[7266,8674],[-20,9]],[[7246,8683],[10,9],[-16,9]],[[7240,8701],[2,1]],[[7242,8702],[34,11]],[[7276,8713],[25,2]],[[7246,8683],[-73,-19]],[[7173,8664],[-15,5],[50,21]],[[7208,8690],[32,11]],[[7195,8643],[-15,5]],[[7180,8648],[16,7],[-23,9]],[[7180,8648],[-55,20],[11,9]],[[7136,8677],[41,11]],[[7177,8688],[13,3]],[[7190,8691],[18,-1]],[[7052,8655],[40,11]],[[7092,8666],[37,9]],[[7129,8675],[7,2]],[[6717,8728],[-19,14]],[[6698,8742],[32,10]],[[6730,8752],[33,-10]],[[7276,8713],[5,9],[-21,11]],[[7260,8733],[13,3]],[[7273,8736],[22,5]],[[7295,8741],[4,-1]],[[7299,8740],[32,-12]],[[7331,8728],[2,0]],[[7242,8702],[-12,7],[15,4],[-19,11]],[[7226,8724],[5,1]],[[7231,8725],[29,8]],[[7190,8691],[13,10],[-11,4],[17,7],[-9,5]],[[7200,8717],[26,7]],[[7177,8688],[-36,14]],[[7141,8702],[49,12]],[[7190,8714],[10,3]],[[6972,8424],[-41,7]],[[6908,8435],[64,26],[22,-5]],[[7129,8675],[-21,8],[0,11]],[[7108,8694],[18,4]],[[7126,8698],[15,4]],[[7092,8666],[-36,14]],[[7056,8680],[6,2]],[[7062,8682],[46,12]],[[7051,8656],[-41,11]],[[7010,8667],[46,13]],[[6997,8625],[-43,12]],[[6954,8637],[56,30]],[[7050,8653],[-53,-28]],[[7025,8617],[-28,8]],[[7093,8637],[-48,-26]],[[7152,8615],[15,-5]],[[6981,8586],[-17,5]],[[6964,8591],[-46,13],[-5,5]],[[6913,8609],[41,28]],[[7073,8521],[-33,-24]],[[6928,8501],[-57,13]],[[6871,8514],[44,28]],[[6915,8542],[46,-11],[5,-7]],[[6870,8547],[17,1],[28,-6]],[[6871,8514],[-75,18]],[[6796,8532],[41,22],[33,-7]],[[6969,8546],[22,-5]],[[6870,8547],[25,17]],[[6895,8564],[25,-6]],[[6920,8558],[49,-12]],[[6796,8532],[-18,4]],[[6778,8536],[2,1]],[[6780,8537],[46,26]],[[6826,8563],[-3,10],[25,10]],[[6848,8583],[24,-4],[-11,-8],[34,-7]],[[6941,8729],[-46,18]],[[6895,8747],[37,10]],[[6932,8757],[41,-15]],[[6973,8742],[-32,-13]],[[8945,8891],[-57,9]],[[8888,8900],[25,28]],[[8913,8928],[63,-11]],[[8976,8917],[-31,-26]],[[6932,8757],[40,12]],[[6972,8769],[40,12]],[[7012,8781],[86,25]],[[7098,8806],[11,-8],[-59,-25]],[[7050,8773],[-43,-17]],[[7007,8756],[-34,-14]],[[7060,8736],[-53,20]],[[7050,8773],[27,-22],[-17,-15]],[[6730,8701],[-12,-5]],[[6718,8696],[-13,-4]],[[6705,8692],[-26,14],[-13,-3],[-15,14]],[[6651,8717],[29,9],[14,-7]],[[7177,8746],[-35,-14]],[[7142,8732],[-41,16],[23,18]],[[7124,8766],[53,-20]],[[6894,8710],[-10,4]],[[6884,8714],[-20,10]],[[6864,8724],[-10,5]],[[6854,8729],[14,11]],[[6868,8740],[27,7]],[[6941,8729],[-47,-19]],[[6830,8712],[-14,0]],[[6816,8712],[-27,14]],[[6780,8739],[29,15]],[[6809,8754],[45,-25]],[[6854,8729],[-24,-17]],[[6816,8712],[-13,-9]],[[6803,8703],[-50,8]],[[6803,8703],[-24,-19]],[[6779,8684],[-61,12]],[[6830,8712],[-39,-30]],[[6791,8682],[-12,2]],[[6741,8672],[-56,12]],[[6685,8684],[20,8]],[[6791,8682],[-8,-6]],[[7111,8545],[-15,-7]],[[6969,8546],[17,12],[-22,4],[15,11],[19,2],[-6,8]],[[6780,8537],[-30,7]],[[6750,8544],[32,19],[-44,12]],[[6738,8575],[28,10],[-2,-7],[62,-15]],[[6750,8544],[-49,11]],[[6701,8555],[-11,2],[48,18]],[[6651,8717],[-13,6]],[[6638,8723],[53,17]],[[6691,8740],[7,2]],[[6685,8684],[-68,25]],[[6617,8709],[-10,5]],[[6607,8714],[25,8]],[[6632,8722],[6,1]],[[7215,8505],[-29,1],[-45,14],[-16,-8]],[[7125,8512],[-50,10]],[[7158,8476],[-21,6]],[[7137,8482],[17,8],[-25,7],[16,8],[-20,7]],[[7137,8482],[-65,20],[-17,-12]],[[6726,8515],[-45,32],[14,5]],[[6695,8552],[6,3]],[[6778,8536],[-52,-21]],[[6626,8610],[-8,-4],[-46,12]],[[6572,8618],[-67,-1]],[[6505,8617],[-28,8]],[[6477,8625],[28,1]],[[6505,8626],[57,-1]],[[6562,8625],[25,-2],[18,15]],[[6605,8638],[1,0]],[[6606,8638],[66,-9]],[[6672,8629],[10,-1]],[[6682,8628],[-11,-9],[-45,-9]],[[6543,8565],[-23,-8]],[[6520,8557],[-67,19]],[[6453,8576],[9,5]],[[6462,8581],[28,6]],[[6490,8587],[53,-22]],[[6572,8618],[-37,-15]],[[6535,8603],[-21,-7]],[[6514,8596],[-24,-9]],[[6462,8581],[2,11],[41,25]],[[6453,8576],[-41,12]],[[6412,8588],[64,37]],[[6476,8625],[1,0]],[[6514,8596],[53,-22]],[[6567,8574],[-24,-9]],[[6566,8544],[-46,13]],[[6567,8574],[12,4],[19,-8]],[[6598,8570],[9,-5],[-41,-21]],[[6627,8581],[-29,-11]],[[6535,8603],[33,-15],[28,10],[31,-17]],[[6654,8677],[-20,-16]],[[6634,8661],[-24,5],[-11,-10],[-63,12],[11,9],[-16,3]],[[6531,8680],[11,9]],[[6542,8689],[56,-10],[9,7],[47,-9]],[[6324,8614],[-72,21]],[[6252,8635],[17,7]],[[6269,8642],[18,3]],[[6287,8645],[68,-16]],[[6355,8629],[-31,-15]],[[6634,8661],[-2,-2]],[[6632,8659],[-26,-21]],[[6605,8638],[-113,21]],[[6492,8659],[39,21]],[[6562,8625],[10,9],[-90,16]],[[6482,8650],[10,9]],[[6658,8680],[-4,-3]],[[6542,8689],[2,9],[-31,11]],[[6513,8709],[27,5]],[[6540,8714],[56,-16]],[[6596,8698],[62,-18]],[[6685,8684],[-27,-4]],[[6596,8698],[21,11]],[[6379,8641],[-6,-3]],[[6373,8638],[-18,-9]],[[6287,8645],[48,5],[15,-2],[-10,21]],[[6340,8669],[36,-8],[-21,-14],[24,-6]],[[6412,8588],[-51,15]],[[6361,8603],[62,28]],[[6423,8631],[9,-3],[20,11],[24,-14]],[[6505,8626],[-28,17],[5,7]],[[6540,8714],[27,11]],[[6567,8725],[8,2],[32,-13]],[[6361,8603],[-37,11]],[[6373,8638],[20,-4],[10,4],[20,-7]],[[6379,8641],[37,20]],[[6416,8661],[33,13]],[[6449,8674],[43,30]],[[6492,8704],[21,5]],[[6175,8764],[16,-11],[-66,-15]],[[6125,8738],[-17,-4],[-41,24]],[[6067,8758],[-2,17]],[[6065,8775],[37,7],[23,-11],[29,7],[21,-14]],[[6843,8660],[8,-1]],[[6851,8659],[24,-5]],[[6875,8654],[27,-6]],[[6902,8648],[-20,-1],[-38,-27]],[[6844,8620],[-46,16]],[[6798,8636],[-31,10]],[[6798,8661],[24,-4],[21,3]],[[6225,8753],[31,-15]],[[6256,8738],[-13,-8]],[[6243,8730],[-5,2],[-76,-19]],[[6162,8713],[-4,2]],[[6158,8715],[-13,9]],[[6145,8724],[-20,14]],[[6175,8764],[21,5],[29,-16]],[[6179,8701],[-17,12]],[[6243,8730],[37,-26]],[[6280,8704],[-101,-3]],[[6443,8700],[-30,-12]],[[6413,8688],[-58,22]],[[6355,8710],[53,13],[26,-10],[9,-13]],[[6338,8722],[-10,-3]],[[6328,8719],[-48,-15]],[[6256,8738],[15,5],[12,-8],[30,6],[25,-19]],[[6269,8642],[-72,47]],[[6197,8689],[-18,12]],[[6328,8719],[-4,-20],[14,-12],[-8,-9],[11,-7]],[[6341,8671],[-1,-2]],[[6252,8635],[-19,2],[-173,51]],[[6060,8688],[24,8]],[[6084,8696],[1,0]],[[6085,8696],[54,-24],[58,17]],[[6085,8696],[73,19]],[[6145,8724],[-21,-2],[-59,-15]],[[6065,8707],[-25,17]],[[6040,8724],[18,9],[9,25]],[[6416,8661],[-63,25],[-12,8]],[[6341,8694],[-2,11],[16,5]],[[6413,8688],[36,-14]],[[6084,8696],[-19,11]],[[6060,8688],[-178,53]],[[5882,8741],[53,-4],[85,-19],[20,6]],[[6341,8671],[6,17],[-6,6]],[[6769,8623],[-11,4],[-76,1]],[[6672,8629],[24,16]],[[6696,8645],[25,16]],[[6798,8636],[-29,-13]],[[6888,8606],[-8,-2],[-75,8],[-36,11]],[[6844,8620],[44,-14]],[[6913,8609],[-18,-6]],[[6895,8603],[-7,3]],[[6902,8648],[52,-11]],[[6864,8724],[-32,-27],[7,-4],[-29,-22]],[[6884,8714],[-1,-11],[-51,-40],[11,-3]],[[6894,8710],[18,-7]],[[6912,8703],[-10,-7]],[[6902,8696],[-51,-37]],[[6902,8696],[20,-9],[-47,-33]],[[6696,8645],[-64,14]],[[6912,8703],[98,-36]],[[6658,8776],[27,-12]],[[6685,8764],[-32,-12]],[[6653,8752],[-6,2]],[[6647,8754],[-26,9]],[[6621,8763],[-32,11]],[[6589,8774],[-7,2]],[[6582,8776],[41,14]],[[6623,8790],[35,-14]],[[6691,8740],[-38,12]],[[6685,8764],[70,20]],[[6755,8784],[4,-3]],[[6759,8781],[23,-12]],[[6782,8769],[2,-1]],[[6784,8768],[-54,-16]],[[6658,8776],[74,20]],[[6732,8796],[23,-12]],[[6775,8844],[-35,-11]],[[6740,8833],[-59,26],[24,8]],[[6705,8867],[33,-15],[11,4],[26,-12]],[[6623,8790],[49,16],[-9,5],[27,8]],[[6690,8819],[42,-23]],[[6777,8796],[-18,-15]],[[6690,8819],[50,14]],[[6775,8844],[18,-10],[-38,-10],[11,-7],[-13,-17],[24,-4]],[[6580,8751],[-23,12]],[[6557,8763],[32,11]],[[6621,8763],[-41,-12]],[[6557,8730],[-19,10]],[[6538,8740],[42,11]],[[6647,8754],[-49,-13]],[[6598,8741],[-41,-11]],[[6632,8722],[-34,19]],[[6538,8740],[-23,6]],[[6515,8746],[-7,2]],[[6508,8748],[49,15]],[[6508,8748],[-35,9],[40,20],[24,8]],[[6537,8785],[14,3],[31,-12]],[[6567,8725],[-10,5]],[[6868,8740],[13,9]],[[6881,8749],[53,35]],[[6934,8784],[38,-15]],[[6690,8819],[-105,47]],[[6585,8866],[41,18],[32,8]],[[6658,8892],[52,-24],[-5,-1]],[[7965,7927],[-3,-6],[-46,3]],[[7916,7924],[-5,7]],[[7911,7931],[-22,9],[5,27]],[[7894,7967],[86,-5]],[[7980,7962],[-15,-35]],[[6807,8855],[-32,-11]],[[6658,8892],[72,24],[110,-50]],[[6840,8866],[-33,-11]],[[6872,8874],[21,6]],[[6893,8880],[26,9],[23,-1],[38,-27]],[[6980,8861],[1,-7],[-31,-8],[-27,10],[-16,-4],[-35,22]],[[6934,8784],[25,17]],[[6959,8801],[53,-20]],[[7190,8714],[-48,18]],[[7177,8746],[54,-21]],[[6921,8826],[-44,-11],[-20,7],[-39,-10],[-21,-14],[-20,-2]],[[6807,8855],[39,-13],[14,5],[27,-1],[11,-15],[23,-5]],[[7365,8766],[-49,-19]],[[7316,8747],[-33,13]],[[7283,8760],[38,14],[44,-8]],[[7299,8740],[17,7]],[[7365,8766],[31,-14]],[[7396,8752],[-65,-24]],[[7830,7745],[-43,26]],[[7787,7771],[21,15],[-75,6]],[[7733,7792],[19,8]],[[7752,7800],[39,17]],[[7791,7817],[13,-7]],[[7804,7810],[47,-26]],[[7851,7784],[44,-23]],[[7895,7761],[-65,-16]],[[7631,7634],[37,18]],[[7668,7652],[74,-20],[-42,-21]],[[7959,7726],[59,-33]],[[8018,7693],[2,-1]],[[8020,7692],[-73,-15]],[[7947,7677],[-41,25]],[[7906,7702],[-53,30]],[[7853,7732],[-13,4]],[[7840,7736],[-10,9]],[[7895,7761],[64,-35]],[[7943,7637],[-32,10]],[[7911,7647],[28,14],[-19,10],[27,6]],[[7706,7722],[-68,25]],[[7638,7747],[2,1]],[[7640,7748],[43,20]],[[7683,7768],[66,-20]],[[7749,7748],[-43,-26]],[[7911,7647],[-19,6]],[[7892,7653],[10,5],[-17,5]],[[7885,7663],[21,5],[-13,8],[14,13],[-16,9],[15,4]],[[7885,7663],[-19,6]],[[7866,7669],[5,3],[-12,41]],[[7859,7713],[-6,19]],[[7796,7691],[-34,11]],[[7762,7702],[40,18]],[[7802,7720],[38,16]],[[7859,7713],[-41,-12],[-22,-10]],[[7866,7669],[-70,22]],[[7892,7653],[-18,5]],[[7874,7658],[-78,24],[-11,1],[-28,17]],[[7757,7700],[5,2]],[[7874,7658],[-29,-15]],[[7845,7643],[-126,39]],[[7719,7682],[38,18]],[[7873,7595],[-77,22]],[[7796,7617],[49,26]],[[7845,7643],[39,-10],[-16,-9],[38,-10]],[[7727,7601],[46,22],[23,-6]],[[7668,7652],[27,20],[24,10]],[[7605,7643],[-42,14]],[[7563,7657],[96,45],[-69,23]],[[7590,7725],[48,22]],[[7706,7722],[51,-22]],[[5982,7916],[-40,15]],[[5942,7931],[44,9]],[[5986,7940],[42,-10]],[[6028,7930],[10,-3]],[[6038,7927],[-33,-14],[-23,3]],[[7802,7720],[-52,28]],[[7750,7748],[37,23]],[[7749,7748],[1,0]],[[7683,7768],[50,24]],[[7700,7839],[-24,15],[13,3],[-24,15],[-1,6]],[[7736,7848],[-36,-9]],[[7678,7834],[-65,38],[32,9]],[[7645,7881],[19,-3]],[[7700,7839],[-22,-5]],[[7678,7834],[-21,-6]],[[7657,7828],[-73,43],[-20,2],[20,7],[-19,3],[7,8]],[[7572,7891],[73,-10]],[[7657,7828],[-20,-6]],[[7637,7822],[-68,40],[-30,13]],[[7539,7875],[-43,25],[2,6]],[[7498,7906],[34,-9],[40,-6]],[[7752,7800],[-72,22],[12,3],[-14,9]],[[7733,7792],[-42,3],[-61,2]],[[7630,7797],[7,25]],[[7516,7801],[114,-4]],[[7640,7748],[-34,14]],[[7606,7762],[-85,34]],[[7521,7796],[-15,6]],[[7506,7802],[10,-1]],[[7357,7728],[65,26]],[[7422,7754],[62,-23]],[[7484,7731],[-61,-26]],[[7484,7731],[29,-10],[-12,-8],[36,-13]],[[7537,7700],[-42,-20]],[[7590,7725],[-53,-25]],[[7422,7754],[28,12]],[[7450,7766],[12,6]],[[7462,7772],[89,-33],[55,23]],[[7422,7754],[-67,24],[-16,-7]],[[7339,7771],[-78,27],[18,14]],[[7279,7812],[106,-5]],[[7385,7807],[55,-3]],[[7440,7804],[-2,-16],[9,-9],[-22,-3],[25,-10]],[[7440,7804],[66,-2]],[[7521,7796],[-59,-24]],[[7284,7753],[74,11],[-19,7]],[[7416,7886],[-13,-5],[-16,8],[-27,-5],[6,-5],[-32,-6]],[[7334,7873],[-85,33]],[[7249,7906],[33,11],[53,14]],[[7335,7931],[33,8]],[[7368,7939],[9,-25],[39,-28]],[[7416,7886],[2,-1]],[[7418,7885],[49,-29]],[[7467,7856],[-12,-3],[-26,14],[-49,-13]],[[7380,7854],[-8,3]],[[7372,7857],[-38,16]],[[7467,7856],[49,-28],[-43,-13],[17,-7],[28,-2],[-2,-5]],[[7385,7807],[4,26],[19,8],[-28,13]],[[7279,7812],[-89,4]],[[7190,7816],[15,13],[53,25],[32,-10],[21,10],[32,-10],[29,13]],[[7539,7875],[-72,-19]],[[7418,7885],[13,3],[16,-9],[4,8],[23,5],[-8,5],[32,9]],[[9363,8924],[-40,5]],[[9323,8929],[9,12],[-21,2],[2,7],[-57,7]],[[9256,8957],[17,24]],[[9273,8981],[84,-8]],[[9357,8973],[-1,-1]],[[9356,8972],[-4,-24],[11,-24]],[[7368,7939],[51,13]],[[7474,7918],[24,-12]],[[6834,8268],[-22,-8]],[[6812,8260],[-53,-18]],[[6759,8242],[-41,17],[33,11]],[[6751,8270],[10,-4],[43,15],[30,-13]],[[6637,8277],[59,18]],[[6696,8295],[36,-17]],[[6732,8278],[-53,-18],[-42,17]],[[6759,8242],[-11,-4]],[[6748,8238],[-24,-8]],[[6724,8230],[-99,43]],[[6625,8273],[12,4]],[[6732,8278],[19,-8]],[[6625,8273],[-29,12]],[[6596,8285],[-17,6],[38,7],[44,31],[39,8],[26,-20]],[[6726,8317],[28,-15],[-58,-7]],[[6556,8179],[-5,2]],[[6551,8181],[68,23]],[[6619,8204],[14,-6]],[[6633,8198],[14,-5]],[[6647,8193],[-35,-7]],[[6612,8186],[-56,-7]],[[6814,8173],[-23,8],[-21,-9],[-23,9],[19,8],[-19,7],[27,12]],[[6774,8208],[60,-25]],[[6834,8183],[0,-1]],[[6834,8182],[-20,-9]],[[6237,8396],[-85,38]],[[6152,8434],[26,8]],[[6178,8442],[106,-31]],[[6284,8411],[-47,-15]],[[6774,8156],[-76,-34]],[[6698,8122],[-142,57]],[[6612,8186],[11,-10],[54,12],[97,-32]],[[7007,8082],[-43,17]],[[6964,8099],[29,11],[-63,39],[-2,9],[30,20]],[[6958,8178],[127,-77],[6,-10],[-29,-19],[-38,18],[-17,-8]],[[6543,8228],[-53,28],[45,20]],[[6535,8276],[15,2]],[[6550,8278],[61,-26]],[[6611,8252],[-22,-8]],[[6589,8244],[-34,-11]],[[6555,8233],[-12,-5]],[[6551,8181],[-65,26]],[[6486,8207],[46,17]],[[6532,8224],[11,4]],[[6555,8233],[64,-29]],[[7032,8027],[-53,20],[-25,5],[-51,5],[-3,9],[64,33]],[[7007,8082],[48,-10],[37,-17]],[[7092,8055],[-1,0]],[[7091,8055],[-59,-28]],[[7067,7864],[-90,29]],[[6977,7893],[36,17],[14,-5],[41,17],[44,-14]],[[7112,7908],[-28,-13],[20,-14],[-37,-17]],[[7032,7832],[-48,21],[-51,20]],[[6933,7873],[27,12]],[[6960,7885],[17,-6],[-18,-8],[74,-25]],[[7033,7846],[-1,-14]],[[6960,7885],[17,8]],[[7067,7864],[-34,-18]],[[7174,7936],[-62,-28]],[[6933,7873],[-120,39]],[[6813,7912],[-46,14]],[[6767,7926],[0,0]],[[6767,7926],[184,70]],[[6951,7996],[29,11]],[[6980,8007],[50,-19],[12,1],[132,-53]],[[6767,7926],[-105,28]],[[6662,7954],[102,46]],[[6764,8000],[35,16]],[[6799,8016],[33,18],[119,-38]],[[6837,8067],[145,-59]],[[6982,8008],[-2,-1]],[[6799,8016],[-45,14],[19,8],[-41,13],[49,25],[48,-11],[8,2]],[[5974,8361],[-25,12]],[[5949,8373],[26,10],[-45,20]],[[5930,8403],[34,11]],[[5964,8414],[5,-2]],[[5969,8412],[58,-24]],[[6027,8388],[13,-6]],[[6040,8382],[-66,-21]],[[6764,8000],[-135,43],[34,16],[-62,20]],[[6601,8079],[97,43]],[[6698,8122],[139,-55]],[[6866,8229],[-27,10],[10,4],[-37,17]],[[6834,8268],[84,-36]],[[6918,8232],[-52,-3]],[[6866,8229],[-34,-4]],[[6832,8225],[-27,10],[-27,-10],[-30,13]],[[6724,8230],[-23,-8]],[[6701,8222],[-78,34],[-12,-4]],[[6550,8278],[46,7]],[[6701,8222],[-34,-12]],[[6667,8210],[-78,34]],[[6667,8210],[-34,-12]],[[8046,7807],[-8,-20],[25,-2],[-8,-17]],[[8055,7768],[-21,11],[-41,2]],[[7993,7781],[12,27]],[[8005,7808],[41,-1]],[[6486,8207],[-53,22]],[[6433,8229],[-29,12]],[[6404,8241],[56,20],[72,-37]],[[7335,7931],[-144,78],[-100,46]],[[7092,8055],[83,43]],[[7236,8062],[49,-29]],[[7249,7906],[0,0]],[[7249,7906],[-75,30]],[[6982,8008],[50,19]],[[5929,8428],[-4,1]],[[5925,8429],[-46,19]],[[5879,8448],[28,10]],[[5907,8458],[76,21]],[[5983,8479],[37,9]],[[6020,8488],[43,-13]],[[6063,8475],[-55,-18],[17,-9]],[[6025,8448],[-25,-3],[-43,-15],[-9,4],[-19,-6]],[[6069,8427],[-16,8]],[[6053,8435],[8,2],[-27,14],[-9,-3]],[[6063,8475],[70,-21]],[[6133,8454],[-64,-27]],[[6152,8434],[-36,-13]],[[6116,8421],[-16,-6]],[[6100,8415],[-31,12]],[[6133,8454],[45,-12]],[[6100,8415],[-19,-7]],[[6081,8408],[-54,-20]],[[5969,8412],[37,14],[-11,4],[21,7],[17,-8],[20,6]],[[5964,8414],[-35,14]],[[6280,8377],[31,-16]],[[6311,8361],[-42,-11]],[[6269,8350],[-25,-7]],[[6244,8343],[-35,19]],[[6209,8362],[-39,18]],[[6170,8380],[11,5]],[[6181,8385],[6,-3],[50,14]],[[6237,8396],[43,-19]],[[6244,8343],[-54,-19]],[[6190,8324],[-48,19]],[[6142,8343],[31,10],[36,9]],[[6142,8343],[-40,15]],[[6102,8358],[56,18]],[[6158,8376],[12,4]],[[6102,8358],[-9,4]],[[6093,8362],[-53,20]],[[6081,8408],[77,-32]],[[6116,8421],[15,-6],[18,6],[48,-20],[-15,-6],[-1,-10]],[[6382,8399],[-22,3]],[[6360,8402],[35,19],[66,39],[10,3]],[[6471,8463],[29,-9]],[[6500,8454],[-31,-16],[-11,4],[-72,-42],[-4,-1]],[[6360,8402],[-14,-4]],[[6346,8398],[-23,9],[-13,-5],[-26,9]],[[6284,8411],[23,13],[106,56]],[[6413,8480],[58,-17]],[[6590,8428],[-41,-24],[-20,1],[-47,-16],[-29,3]],[[6453,8392],[-71,7]],[[6500,8454],[90,-26]],[[9253,8996],[-35,-2],[-7,-7]],[[9211,8987],[-69,7]],[[9142,8994],[2,26]],[[9144,9020],[70,-7]],[[9214,9013],[27,-3]],[[9241,9010],[12,-14]],[[6385,8343],[-51,-14],[6,-4],[-20,-11],[-13,7],[-24,3]],[[6283,8324],[10,2],[-10,17],[-14,7]],[[6311,8361],[24,7]],[[6335,8368],[14,-10],[31,9],[3,-12],[-14,-5],[16,-7]],[[6252,8300],[-62,24]],[[6283,8324],[-24,-7],[18,-8],[-25,-9]],[[6172,8268],[-57,29]],[[6115,8297],[21,6]],[[6136,8303],[51,16],[3,5]],[[6252,8300],[15,-6]],[[6267,8294],[-95,-26]],[[6109,8251],[-1,0]],[[6108,8251],[-50,28]],[[6058,8279],[57,18]],[[6172,8268],[-63,-17]],[[6108,8251],[-44,-11],[-17,8],[-29,-9],[-35,15]],[[5983,8254],[-19,8]],[[5964,8262],[30,10],[17,-8],[47,15]],[[6109,8251],[87,-54]],[[6196,8197],[-27,8],[-76,10]],[[6093,8215],[-157,23],[47,16]],[[5975,8317],[-52,-13],[-15,7],[-27,-3]],[[5881,8308],[-7,11],[-29,6]],[[5845,8325],[27,18],[29,10]],[[5901,8353],[19,-10]],[[5920,8343],[55,-26]],[[6006,8303],[-83,-24]],[[5923,8279],[-18,5],[-25,-5],[-19,12]],[[5861,8291],[20,17]],[[5975,8317],[31,-14]],[[5964,8262],[-12,-4],[-42,11],[13,10]],[[6006,8303],[52,-24]],[[5896,8420],[-13,-10],[15,-6]],[[5898,8404],[-44,-7],[12,-5],[-36,-13]],[[5830,8379],[-20,5],[-72,27]],[[5738,8411],[49,14]],[[5787,8425],[10,2]],[[5797,8427],[52,-23],[47,16]],[[5930,8403],[-19,-6]],[[5911,8397],[-13,7]],[[5896,8420],[29,9]],[[5974,8361],[-54,-18]],[[5901,8353],[-29,14]],[[5872,8367],[33,13],[-19,8],[15,3]],[[5901,8391],[20,-4],[28,-14]],[[5901,8391],[10,6]],[[5797,8427],[21,6]],[[5818,8433],[61,15]],[[5872,8367],[-29,8]],[[5843,8375],[-13,4]],[[6093,8362],[-33,-7],[-44,-13]],[[6016,8342],[-42,19]],[[6142,8343],[-58,-15]],[[6084,8328],[-21,-7]],[[6063,8321],[-47,21]],[[6136,8303],[-52,25]],[[6006,8303],[57,18]],[[6766,7883],[-24,6],[-11,-10],[-1,12],[-16,2]],[[6714,7893],[20,19],[33,14]],[[6813,7912],[-47,-29]],[[5785,8355],[-20,19],[-81,54]],[[5684,8428],[13,3]],[[5697,8431],[41,-20]],[[5843,8375],[-58,-20]],[[5570,8469],[-50,15]],[[5520,8484],[42,16],[12,14],[43,14]],[[5617,8528],[80,-17]],[[5697,8511],[-127,-42]],[[8809,9062],[-22,2]],[[8787,9064],[-72,6]],[[8715,9070],[12,27]],[[8727,9097],[4,25]],[[8731,9122],[6,14]],[[8737,9136],[94,-11]],[[8831,9125],[7,-1]],[[8838,9124],[-29,-62]],[[5682,8475],[-13,-1],[-51,-19]],[[5618,8455],[-48,14]],[[5697,8511],[34,-8]],[[5731,8503],[-8,-8],[-61,-11],[20,-9]],[[5733,8451],[-51,24]],[[5682,8475],[15,5],[54,-23]],[[5751,8457],[-18,-6]],[[5807,8476],[72,-28]],[[5818,8433],[-29,14],[-12,-4],[-26,14]],[[5731,8503],[76,-27]],[[5733,8451],[-50,-16]],[[5683,8435],[-51,16]],[[5632,8451],[-14,4]],[[5787,8425],[-54,26]],[[5697,8431],[-14,4]],[[5852,8519],[21,-9],[-30,-10],[11,-6]],[[5854,8494],[-3,-2]],[[5851,8492],[-44,-16]],[[5617,8528],[34,8]],[[5651,8536],[109,27]],[[5760,8563],[83,-24]],[[5843,8539],[-33,-10],[17,-9],[25,-1]],[[5653,8594],[108,-30],[-1,-1]],[[5651,8536],[-113,46],[21,13],[31,0],[20,-14],[43,13]],[[5871,8515],[-19,4]],[[5843,8539],[41,-19],[-13,-5]],[[5871,8515],[20,-8]],[[5891,8507],[-37,-13]],[[5952,8508],[-21,-8]],[[5931,8500],[-27,11],[-13,-4]],[[5843,8539],[109,-31]],[[5957,8490],[-26,10]],[[5952,8508],[30,-9]],[[5982,8499],[-25,-9]],[[5983,8479],[-26,11]],[[5982,8499],[38,-11]],[[5851,8492],[56,-34]],[[6287,7946],[-80,17]],[[6207,7963],[14,10]],[[6221,7973],[46,-9],[28,21]],[[6295,7985],[33,-13]],[[6328,7972],[-41,-26]],[[8124,7799],[-52,6]],[[8072,7805],[4,6],[-34,8],[4,10]],[[8046,7829],[87,-8]],[[8133,7821],[-9,-22]],[[6616,7980],[-22,-2],[-29,31],[-73,-10],[-16,-7],[-43,-10],[-32,22]],[[6401,8004],[85,31]],[[6486,8035],[52,16]],[[6538,8051],[46,-22],[19,-17],[13,-32]],[[6443,7876],[-41,1],[1,4],[-29,6]],[[6374,7887],[68,22]],[[6442,7909],[38,-11],[-24,-16],[15,-2]],[[6471,7880],[-2,-6],[-26,2]],[[6443,7876],[-9,-31]],[[6353,7848],[-27,1]],[[6326,7849],[8,27]],[[6334,7876],[40,11]],[[6486,7843],[-10,0]],[[6471,7880],[47,-8],[-32,-29]],[[6287,7946],[-29,-28]],[[6258,7918],[-82,10]],[[6176,7928],[10,12],[-14,8]],[[6172,7948],[21,4],[14,11]],[[6176,7928],[-52,7]],[[6124,7935],[23,18]],[[6147,7953],[25,-5]],[[6295,7985],[-59,15]],[[6236,8000],[147,18]],[[6383,8018],[18,-14]],[[6401,8004],[-73,-32]],[[6147,7953],[22,17],[-24,5]],[[6145,7975],[-7,12],[52,7]],[[6190,7994],[7,-9],[-13,-4],[37,-8]],[[6250,7905],[-86,11]],[[6164,7916],[-58,8]],[[6106,7924],[18,11]],[[6258,7918],[-8,-13]],[[6154,7873],[-22,1],[-12,-14]],[[6120,7860],[-11,3],[22,24],[-36,26],[-25,-5]],[[6070,7908],[16,6]],[[6086,7914],[20,10]],[[6164,7916],[-11,-11],[19,-3],[-18,-29]],[[6190,7994],[46,6]],[[5822,7917],[73,28],[16,-18]],[[5911,7927],[-30,-6],[29,-19]],[[5910,7902],[-19,-4]],[[5891,7898],[-14,-3],[-55,22]],[[6124,7935],[-63,14]],[[6061,7949],[26,17]],[[6087,7966],[25,14]],[[6112,7980],[33,-5]],[[6087,7966],[-42,11]],[[6045,7977],[26,15]],[[6071,7992],[41,-12]],[[6071,7992],[21,12]],[[6092,8004],[6,4],[66,27]],[[6164,8035],[29,-22],[43,-13]],[[6226,8062],[-135,33]],[[6091,8095],[21,8]],[[6112,8103],[101,-17]],[[6213,8086],[54,-10]],[[6267,8076],[-11,-3]],[[6256,8073],[-12,-4]],[[6244,8069],[-15,-6]],[[6229,8063],[-3,-1]],[[6318,8041],[-48,10],[-41,12]],[[6244,8069],[102,-17]],[[6346,8052],[-28,-11]],[[6213,8086],[21,8],[-43,17],[32,12]],[[6223,8123],[87,-35],[-43,-12]],[[6112,8103],[93,28]],[[6205,8131],[18,-8]],[[7946,7890],[10,-17],[-5,-34]],[[7951,7839],[-27,1],[5,34],[-42,2],[-58,7]],[[7829,7883],[4,12]],[[7833,7895],[7,1],[106,-6]],[[8031,7861],[-14,-30]],[[8017,7831],[-67,4]],[[7950,7835],[1,4]],[[7946,7890],[85,-29]],[[8005,7808],[-100,7]],[[7905,7815],[1,10],[42,-1],[2,11]],[[8017,7831],[-12,-23]],[[7993,7781],[-72,5]],[[7921,7786],[-26,29]],[[7895,7815],[10,0]],[[7895,7815],[-7,8]],[[7888,7823],[-46,50],[-13,10]],[[8072,7805],[-26,2]],[[8031,7861],[26,-8]],[[8057,7853],[10,-2]],[[8067,7851],[-15,-6],[-6,-16]],[[8099,7755],[-44,13]],[[8124,7799],[-14,-28]],[[8110,7771],[-11,-16]],[[8099,7755],[-10,-9]],[[8089,7746],[-30,5],[-38,-1]],[[8021,7750],[-44,-4],[-12,-15]],[[7965,7731],[-23,34]],[[7942,7765],[83,-5],[5,9],[25,-1]],[[7942,7765],[-21,21]],[[8047,7716],[-12,10],[-37,9],[23,15]],[[8089,7746],[-42,-30]],[[7959,7726],[6,5]],[[8047,7716],[-29,-23]],[[7851,7784],[25,5],[45,-3]],[[7888,7823],[-51,-7],[1,-7],[-34,1]],[[7984,8031],[-44,21],[27,9],[7,13]],[[7974,8074],[26,-1]],[[8000,8073],[27,-3]],[[8027,8070],[-17,-24]],[[8010,8046],[-11,-7]],[[7999,8039],[-15,-8]],[[8138,8015],[-6,-13]],[[8132,8002],[-17,1]],[[8115,8003],[11,24],[-18,1],[9,17],[-6,20]],[[8111,8065],[49,-4]],[[8160,8061],[-22,-46]],[[8115,8003],[-38,3]],[[8077,8006],[9,19],[-19,-2],[-23,19]],[[8044,8042],[55,10],[-5,14]],[[8094,8066],[14,-1]],[[8108,8065],[3,0]],[[8027,8070],[53,-3]],[[8080,8067],[14,-1]],[[8044,8042],[-18,-3],[-16,7]],[[8077,8006],[-19,1],[-6,-12]],[[8052,7995],[-31,7],[6,7]],[[8027,8009],[-6,17],[-22,13]],[[8027,8009],[-83,7]],[[7944,8016],[40,15]],[[8045,7980],[-29,2],[-79,31]],[[7937,8013],[7,3]],[[8052,7995],[-7,-15]],[[8211,7989],[-13,-28]],[[8198,7961],[-26,6]],[[8172,7967],[7,24]],[[8179,7991],[11,8],[20,42],[3,17]],[[8213,8058],[29,-2]],[[8242,8056],[-31,-67]],[[8179,7991],[-23,4],[2,18]],[[8158,8013],[27,47]],[[8185,8060],[28,-2]],[[8158,8013],[-20,2]],[[8160,8061],[25,-1]],[[8172,7967],[-26,6]],[[8146,7973],[-25,6]],[[8121,7979],[11,23]],[[8116,7910],[-12,1]],[[8104,7911],[-14,1]],[[8090,7912],[19,41]],[[8109,7953],[12,26]],[[8146,7973],[-30,-63]],[[8173,7906],[-57,4]],[[8198,7961],[-1,-3]],[[8197,7958],[-19,-42]],[[8178,7916],[-5,-10]],[[8159,7875],[-56,3]],[[8103,7878],[-22,2]],[[8081,7880],[-7,4],[38,16],[-8,11]],[[8173,7906],[-5,-11]],[[8168,7895],[-9,-20]],[[8081,7880],[-23,2]],[[8058,7882],[-16,1]],[[8042,7883],[6,13],[-21,11],[24,11]],[[8051,7918],[39,-6]],[[8042,7883],[-55,4]],[[7987,7887],[15,32],[-17,9]],[[7985,7928],[34,-1]],[[8019,7927],[32,-9]],[[7987,7887],[-41,3]],[[7946,7890],[-33,24],[3,10]],[[7965,7927],[20,1]],[[7911,7931],[-70,5]],[[7841,7936],[8,46]],[[7852,7997],[36,-2]],[[7888,7995],[8,-10]],[[7896,7985],[-2,-18]],[[8045,7980],[-5,-11]],[[8040,7969],[-122,8],[-22,8]],[[7888,7995],[49,18]],[[8035,7958],[-55,4]],[[8040,7969],[-5,-11]],[[8109,7953],[-55,4]],[[8054,7957],[-19,1]],[[8045,7980],[76,-1]],[[8019,7927],[21,-1],[14,31]],[[9226,9025],[-12,-12]],[[9144,9020],[1,14]],[[9145,9034],[61,-5],[20,-4]],[[7989,8188],[-24,6]],[[7965,8194],[35,22],[-14,4],[42,19]],[[8028,8239],[40,-11]],[[8068,8228],[-79,-40]],[[7965,8194],[-38,10]],[[7927,8204],[22,21]],[[7949,8225],[52,23]],[[8001,8248],[27,-9]],[[8174,8198],[-41,-25]],[[8133,8173],[-28,-17]],[[8105,8156],[-53,14]],[[8052,8170],[42,23],[-28,5],[20,11],[23,-7],[17,10]],[[8126,8212],[48,-14]],[[8052,8170],[-5,2]],[[8047,8172],[-31,8]],[[8016,8180],[76,42]],[[8092,8222],[34,-10]],[[8016,8180],[-27,8]],[[8068,8228],[24,-6]],[[8201,8157],[-68,16]],[[8174,8198],[37,-10]],[[8211,8188],[30,-8]],[[8241,8180],[-40,-23]],[[8229,8137],[-44,10],[16,10]],[[8241,8180],[20,-5]],[[8261,8175],[20,-6]],[[8281,8169],[-11,-7]],[[8270,8162],[-41,-25]],[[8213,8128],[-62,14]],[[8151,8142],[-46,14]],[[8229,8137],[-16,-9]],[[8298,8120],[-41,10],[14,9],[9,21],[-10,2]],[[8281,8169],[37,-9]],[[8318,8160],[-20,-40]],[[8285,8111],[-43,10]],[[8242,8121],[-29,7]],[[8298,8120],[-13,-9]],[[8255,8082],[-13,-26]],[[8185,8060],[15,33],[28,-2],[14,30]],[[8285,8111],[-11,-8]],[[8274,8103],[-19,-21]],[[8160,8061],[15,31]],[[8175,8092],[7,16],[31,20]],[[8139,8102],[36,-10]],[[8108,8065],[18,37],[13,0]],[[8080,8067],[13,27]],[[8093,8094],[8,18]],[[8101,8112],[38,-10]],[[8093,8094],[-54,4]],[[8039,8098],[10,20]],[[8049,8118],[37,-2]],[[8086,8116],[15,-4]],[[8027,8070],[12,28]],[[8000,8073],[8,27],[-27,1],[17,21]],[[7998,8122],[51,-4]],[[7974,8074],[-32,3]],[[7942,8077],[21,18],[14,28]],[[7977,8123],[21,-1]],[[7942,8077],[-41,2]],[[7901,8079],[19,48]],[[7920,8127],[33,-2]],[[7953,8125],[24,-2]],[[7901,8079],[-31,2]],[[7870,8081],[0,0]],[[7870,8081],[11,49]],[[7881,8130],[39,-3]],[[7953,8125],[9,23]],[[7962,8148],[22,14]],[[7984,8162],[32,18]],[[8047,8172],[-47,-27]],[[8000,8145],[-23,-22]],[[7984,8162],[-72,20]],[[7962,8148],[-64,12]],[[7881,8130],[10,19]],[[7891,8149],[7,11]],[[8059,8129],[-59,16]],[[8105,8156],[-46,-27]],[[8086,8116],[-32,9],[5,4]],[[8151,8142],[-50,-30]],[[8396,8326],[-1,-2]],[[8395,8324],[-92,6],[-3,-7]],[[8300,8323],[-47,2],[3,8]],[[8414,8367],[-18,-41]],[[8345,8208],[-5,1]],[[8340,8209],[4,17],[-35,20]],[[8309,8246],[6,5],[15,45]],[[8330,8296],[48,-8]],[[8378,8288],[-7,-22]],[[8371,8266],[-5,-15]],[[8366,8251],[-21,-43]],[[8289,8299],[0,-3],[-96,4]],[[8193,8300],[-30,12]],[[8300,8323],[-11,-24]],[[8261,8175],[46,29],[-21,6],[14,8]],[[8300,8218],[40,-9]],[[8340,8209],[-22,-49]],[[8211,8188],[23,10],[42,26]],[[8276,8224],[24,-6]],[[8174,8198],[30,18]],[[8204,8216],[31,19]],[[8235,8235],[18,-5]],[[8253,8230],[23,-6]],[[8126,8212],[30,16]],[[8156,8228],[48,-12]],[[8068,8228],[27,15]],[[8095,8243],[61,-15]],[[8095,8243],[-63,19]],[[8081,8284],[10,-8],[44,-12]],[[8135,8264],[-40,-21]],[[8151,8259],[-16,5]],[[8098,8292],[65,-16]],[[8163,8276],[16,-4],[-28,-13]],[[8189,8248],[-38,11]],[[8163,8276],[41,19]],[[8204,8295],[36,-17]],[[8240,8278],[-51,-30]],[[8156,8228],[33,20]],[[8189,8248],[46,-13]],[[8189,8248],[0,0]],[[8175,7757],[-65,14]],[[8124,7799],[79,-7]],[[8203,7792],[-10,-16]],[[8193,7776],[-18,-19]],[[8133,7821],[7,14]],[[8140,7835],[31,-17]],[[8171,7818],[39,-15]],[[8210,7803],[-7,-11]],[[8226,7742],[-13,-13]],[[8213,7729],[-56,13]],[[8157,7742],[18,15]],[[8193,7776],[44,-6],[-13,-13],[18,1],[36,-8],[-41,0],[-11,-8]],[[8340,7716],[-16,-16]],[[8324,7700],[-25,7],[-31,-6]],[[8268,7701],[6,8]],[[8274,7709],[11,12]],[[8285,7721],[20,-5],[35,0]],[[8268,7701],[-9,0]],[[8259,7701],[-61,7]],[[8198,7708],[6,9]],[[8204,7717],[70,-8]],[[8204,7717],[9,12]],[[8226,7742],[59,-21]],[[8305,7695],[-18,4],[-15,-13],[-30,-12],[-19,-21]],[[8223,7653],[-57,5]],[[8166,7658],[6,9]],[[8172,7667],[31,-3],[9,14],[34,10]],[[8246,7688],[13,13]],[[8324,7700],[-19,-5]],[[8172,7667],[8,13]],[[8180,7680],[14,23]],[[8194,7703],[19,-2],[33,-13]],[[8194,7703],[4,5]],[[8155,7633],[10,9],[1,16]],[[8223,7653],[-16,-22],[-1,-21]],[[8335,7566],[-2,-6],[-23,4]],[[8213,7604],[36,18],[17,-8]],[[8266,7614],[7,-20],[35,-10],[27,-18]],[[8305,7695],[-15,-21],[3,-11],[-19,-25],[5,-17],[-13,-7]],[[8166,7658],[-38,5],[18,23]],[[8146,7686],[34,-6]],[[8254,7863],[-60,8]],[[8194,7871],[-35,4]],[[8168,7895],[57,-5],[-8,-10],[45,-4]],[[8262,7876],[-8,-13]],[[8127,7709],[-11,-18],[30,-5]],[[8047,7716],[19,-15],[31,-6],[30,14]],[[8157,7742],[-30,-33]],[[8438,8074],[-91,29]],[[8347,8103],[56,33]],[[8403,8136],[94,-24]],[[8497,8112],[-48,-32]],[[8449,8080],[-11,-6]],[[8418,8067],[-144,36]],[[8298,8120],[49,-17]],[[8438,8074],[-20,-7]],[[8318,8160],[40,-12]],[[8358,8148],[45,-12]],[[8565,8102],[-9,-9]],[[8556,8093],[-42,-8],[28,-6],[-25,-15]],[[8517,8064],[-68,16]],[[8497,8112],[3,3]],[[8500,8115],[65,-13]],[[8684,8063],[-21,0],[-33,-7],[-35,-25]],[[8595,8031],[-21,6]],[[8574,8037],[-22,6]],[[8552,8043],[27,22],[30,5],[-12,7],[-21,0],[17,10]],[[8593,8087],[49,-11],[-4,11],[42,-16],[4,-8]],[[8684,8063],[9,-5]],[[8693,8058],[-19,-11],[8,-4],[-31,-13],[-47,-13],[-12,-11]],[[8592,8006],[-24,-9],[5,8]],[[8573,8005],[22,26]],[[9226,9025],[19,-3],[15,14]],[[9260,9036],[22,-2]],[[9282,9034],[-31,-25],[-10,1]],[[8595,7998],[2,-8],[-21,-13]],[[8576,7977],[-17,3],[-18,-11],[-33,8]],[[8508,7977],[18,9],[24,5],[23,14]],[[8592,8006],[3,-8]],[[8447,8038],[-52,14]],[[8395,8052],[23,15]],[[8517,8064],[-30,-19],[-18,5],[-22,-12]],[[8552,8043],[-5,-6],[-25,-1],[-21,-13],[-54,15]],[[8556,8093],[37,-6]],[[8574,8037],[-33,-9],[-2,-17],[-42,5],[-17,-15],[-24,7]],[[8456,8008],[-93,19]],[[8363,8027],[32,25]],[[8508,7977],[-25,1]],[[8483,7978],[-14,12],[-39,7],[37,0],[-11,11]],[[8371,7908],[-17,-17],[-4,-13]],[[8350,7878],[-17,-17]],[[8333,7861],[-26,-14]],[[8307,7847],[9,13],[-62,3]],[[8262,7876],[3,28]],[[8265,7904],[24,-3],[25,15],[29,-10],[28,2]],[[8243,7986],[-32,3]],[[8242,8056],[30,-2]],[[8272,8054],[-11,-28]],[[8261,8026],[-18,-40]],[[8483,7978],[-31,7]],[[8452,7985],[-25,1],[-18,-4]],[[8409,7982],[-9,8],[-41,4]],[[8359,7994],[-34,5]],[[8325,7999],[11,13],[27,15]],[[8378,7938],[-16,0],[-72,11]],[[8290,7949],[12,17]],[[8302,7966],[28,-2]],[[8330,7964],[13,0],[26,-12],[25,15]],[[8394,7967],[-16,-29]],[[8302,7966],[1,2]],[[8303,7968],[22,31]],[[8359,7994],[-6,-13],[-23,-17]],[[8409,7982],[-15,-15]],[[8378,7938],[-3,-10]],[[8375,7928],[-4,-20]],[[8265,7904],[6,14]],[[8271,7918],[19,31]],[[8531,8234],[-42,10]],[[8489,8244],[-19,4]],[[8470,8248],[30,24]],[[8500,8272],[78,-17]],[[8578,8255],[-47,-21]],[[8479,7850],[-78,9]],[[8401,7859],[18,5],[1,11]],[[8420,7875],[10,4],[54,-13]],[[8484,7866],[-13,-9],[8,-7]],[[8307,7847],[2,-17],[12,-12]],[[8321,7818],[-19,-13],[-87,7]],[[8215,7812],[15,22]],[[8230,7834],[24,29]],[[8230,7834],[-51,3]],[[8179,7837],[15,34]],[[8171,7818],[8,19]],[[8215,7812],[-5,-9]],[[8140,7835],[19,40]],[[8271,7918],[-23,3],[-6,-9],[-64,4]],[[8197,7958],[93,-9]],[[8325,7999],[-33,9],[15,9],[-46,9]],[[8272,8054],[54,-4]],[[8326,8050],[3,-9],[34,-14]],[[8303,7968],[-27,7],[-37,2],[4,9]],[[8395,8052],[-42,9]],[[8353,8061],[-20,7],[-78,14]],[[8353,8061],[-27,-11]],[[8401,7859],[-5,-16],[-37,2],[-25,6],[-1,10]],[[8350,7878],[53,3],[17,-6]],[[9158,8568],[-47,4]],[[9111,8572],[2,25]],[[9113,8597],[51,-5]],[[9164,8592],[-10,-12],[13,-2],[-9,-10]],[[8908,8335],[-50,10]],[[8858,8345],[28,22],[-48,10]],[[8838,8377],[40,18]],[[8878,8395],[91,-19]],[[8969,8376],[-46,-21],[-15,-20]],[[8858,8345],[-88,18]],[[8770,8363],[29,22]],[[8799,8385],[39,-8]],[[8799,8385],[28,20]],[[8827,8405],[51,-10]],[[8770,8363],[-98,20]],[[8672,8383],[8,6],[31,-6],[35,26],[-30,7],[12,8]],[[8728,8424],[63,-12]],[[8791,8412],[36,-7]],[[8672,8383],[-20,4]],[[8652,8387],[31,24],[7,10],[19,7]],[[8709,8428],[19,-4]],[[9041,8343],[-1,-14],[-20,-13],[-44,-1],[-28,-6],[9,-16],[-10,-14],[20,-8],[-13,-17],[-36,1]],[[8918,8255],[-14,8],[-61,11],[-39,-15]],[[8804,8259],[16,16],[20,3],[9,14],[-18,7]],[[8831,8299],[20,13],[21,6]],[[8872,8318],[29,11]],[[8901,8329],[34,18],[74,-1],[32,-3]],[[8804,8259],[2,-16],[-22,-4],[6,14],[-12,5]],[[8778,8258],[36,28]],[[8814,8286],[17,13]],[[8840,8216],[-50,0],[-11,-6],[9,-18]],[[8788,8192],[-14,-20],[-29,13],[-18,1],[-45,-21],[-10,0],[-37,14]],[[8635,8179],[46,20]],[[8681,8199],[33,12]],[[8714,8211],[29,4],[25,10],[29,-1],[43,-8]],[[8633,8147],[-27,-7],[-24,-21]],[[8582,8119],[-17,-17]],[[8500,8115],[66,38]],[[8566,8153],[18,7]],[[8584,8160],[23,0],[33,-7],[-7,-6]],[[8687,8120],[-14,-10],[-45,-1],[-46,10]],[[8633,8147],[11,-3],[-8,-11],[11,-14],[10,7],[30,-6]],[[8358,8148],[69,40]],[[8427,8188],[48,-12]],[[8475,8176],[91,-23]],[[8345,8208],[63,-16]],[[8408,8192],[19,-4]],[[9118,8665],[-48,3]],[[9070,8668],[14,14],[1,16],[-33,0]],[[9052,8698],[3,35]],[[9055,8733],[2,0]],[[9057,8733],[65,-8]],[[9122,8725],[-3,-46]],[[9119,8679],[-1,-14]],[[8872,8318],[-15,8],[-169,34]],[[8688,8360],[-58,12]],[[8630,8372],[22,15]],[[8908,8335],[-7,-6]],[[8814,8286],[-94,19]],[[8720,8305],[-22,5]],[[8698,8310],[11,7],[-61,14],[40,29]],[[8698,8310],[-78,16]],[[8620,8326],[-61,12]],[[8559,8338],[-9,2]],[[8550,8340],[21,8],[26,19],[21,-4],[12,9]],[[8550,8340],[-136,27]],[[8414,8367],[95,20],[8,3]],[[8517,8390],[37,-3],[76,-15]],[[8778,8258],[-96,19]],[[8682,8277],[38,28]],[[8682,8277],[-22,4]],[[8660,8281],[-58,13]],[[8602,8294],[17,13],[-20,4],[21,15]],[[8602,8294],[-60,11]],[[8542,8305],[-39,9],[16,13],[20,-4],[20,15]],[[8542,8305],[-3,-1]],[[8539,8304],[-17,1],[-92,18],[-34,3]],[[8732,8221],[-95,21]],[[8637,8242],[35,23],[-29,6],[17,10]],[[8778,8258],[-46,-37]],[[8637,8242],[-59,13]],[[8500,8272],[39,32]],[[8732,8221],[-18,-10]],[[8681,8199],[-96,39],[-21,-11]],[[8564,8227],[-33,7]],[[8635,8179],[-98,32]],[[8537,8211],[27,16]],[[8475,8176],[33,19]],[[8508,8195],[29,16]],[[8635,8179],[-51,-19]],[[8508,8195],[-64,19]],[[8444,8214],[8,4]],[[8452,8218],[37,26]],[[8408,8192],[36,22]],[[8452,8218],[-81,17],[6,14],[-11,2]],[[8371,8266],[37,-8]],[[8408,8258],[57,-14],[5,4]],[[8500,8272],[-60,12]],[[8440,8284],[-29,5],[32,26],[-49,8]],[[8394,8323],[1,1]],[[8408,8258],[32,26]],[[8575,8403],[-27,3],[16,36]],[[8564,8442],[24,-2]],[[8588,8440],[44,-3]],[[8632,8437],[63,-7]],[[8695,8430],[-120,-27]],[[8517,8390],[58,13]],[[8695,8430],[14,-2]],[[8517,8390],[-21,2],[11,25],[-41,2],[13,29]],[[8479,8448],[84,-6]],[[8563,8442],[1,0]],[[8447,8451],[32,-3]],[[9361,8331],[10,0]],[[9371,8331],[16,-19],[24,-10],[-28,-2],[11,-4]],[[9394,8296],[-25,-5],[-5,-10]],[[9364,8281],[-27,7],[-30,1]],[[9307,8289],[33,26],[-52,5],[-35,-2],[7,6],[-58,-5],[-21,-6],[-18,14],[4,8],[19,-4],[73,-3],[29,6],[51,-7],[22,4]],[[9364,8281],[18,-2],[-13,-9],[25,-8],[4,-9],[-22,-1],[14,-10],[2,-18]],[[9392,8224],[-38,13],[-37,4]],[[9317,8241],[-42,24],[32,24]],[[8843,8633],[7,50],[86,-7]],[[8936,8676],[18,-44]],[[8954,8632],[-24,-1],[-87,2]],[[9070,8668],[-33,3]],[[9037,8671],[14,12],[1,15]],[[9163,8670],[-24,1],[-20,8]],[[9122,8725],[95,-12]],[[9217,8713],[9,-14],[9,-35]],[[9489,8254],[-72,-32],[-23,-3]],[[9394,8219],[-2,5]],[[9394,8296],[11,-1],[-9,-19],[27,-4],[22,7],[47,-19],[-3,-6]],[[9573,8270],[14,-6],[12,-15],[-8,-9],[-30,-6],[-3,-12],[-28,-6]],[[9530,8216],[-41,5],[-32,10],[-49,-16],[-13,0]],[[9395,8215],[-1,4]],[[9489,8254],[18,-1],[47,18],[19,-1]],[[9740,8195],[-29,-4],[-25,2],[-45,14],[-25,-13],[-31,0],[-42,12]],[[9543,8206],[-13,10]],[[9573,8270],[7,6]],[[9580,8276],[39,-4],[49,-13],[-3,-15],[-31,-8],[8,-5],[51,1],[17,-8],[30,-29]],[[9543,8206],[-38,-16],[-67,9],[-24,-1],[-7,-9],[-45,5]],[[9362,8194],[-6,18],[39,3]],[[9620,8291],[-34,1],[-13,-14]],[[9573,8278],[-23,18],[-33,4],[-13,8],[-26,5],[-33,2],[-11,7],[-44,0],[-19,9]],[[9361,8331],[54,31],[5,9],[28,-1],[12,-13],[25,1],[40,-6],[32,0],[-11,-22],[30,-12],[12,-18],[32,-9]],[[9573,8278],[7,-2]],[[8723,8777],[-20,-52]],[[8703,8725],[-133,9]],[[8570,8734],[4,11]],[[8574,8745],[12,27]],[[8586,8772],[3,8]],[[8589,8780],[5,11]],[[8594,8791],[53,-3],[76,-11]],[[8695,8703],[-135,9]],[[8560,8712],[3,7]],[[8563,8719],[4,8]],[[8567,8727],[3,7]],[[8703,8725],[-8,-22]],[[8678,8647],[-97,11],[-43,3]],[[8538,8661],[15,34]],[[8553,8695],[7,17]],[[8695,8703],[-4,-10]],[[8691,8693],[-13,-46]],[[9162,8620],[-42,6]],[[9120,8626],[-5,0]],[[9115,8626],[3,39]],[[9253,8610],[-20,2]],[[9234,8648],[108,-4]],[[9342,8644],[-18,-8],[-47,-12],[-24,-14]],[[9113,8597],[2,27]],[[9115,8624],[5,2]],[[9186,8617],[-22,-25]],[[9208,8538],[-26,-26]],[[9182,8512],[-27,3],[-10,-13],[-51,6]],[[9094,8508],[12,15]],[[9106,8523],[34,24]],[[9140,8547],[68,-9]],[[9395,9005],[-2,-14],[-16,-10]],[[9377,8981],[-124,15]],[[9282,9034],[124,-10]],[[9406,9024],[-11,-19]],[[9161,8482],[-81,10]],[[9080,8492],[14,16]],[[9182,8512],[-21,-30]],[[9377,8981],[-20,-8]],[[9273,8981],[-62,6]],[[8695,8430],[13,22],[30,26],[20,11]],[[8758,8489],[64,-14]],[[8822,8475],[40,-8]],[[8862,8467],[-167,-37]],[[8478,8522],[75,-5]],[[8553,8517],[-28,-62],[43,-3],[-5,-10]],[[8553,8517],[66,-5]],[[8619,8512],[-31,-72]],[[8619,8512],[78,-12]],[[8697,8500],[-22,-18],[-22,2],[-13,-27],[-21,1],[-4,-9],[22,-1],[-5,-11]],[[8697,8500],[61,-11]],[[9106,8523],[-37,5]],[[9069,8528],[36,29],[6,15]],[[9158,8568],[17,-2]],[[9175,8566],[-35,-19]],[[9233,8612],[-1,-11],[-15,-23]],[[9217,8578],[-42,-12]],[[9055,8453],[-1,-3]],[[9054,8450],[-47,9],[-26,2],[-8,13],[-34,4],[-3,5]],[[8936,8483],[99,23],[34,22]],[[9080,8492],[-14,-18]],[[9066,8474],[-11,-21]],[[9054,8450],[-15,-18]],[[9039,8432],[-177,35]],[[8862,8467],[74,16]],[[8926,8593],[-88,2]],[[8838,8595],[0,2]],[[8838,8597],[5,36]],[[8843,8633],[0,0]],[[8954,8632],[35,2]],[[8989,8634],[-12,-36],[-51,0],[0,-5]],[[9030,8595],[-9,-7]],[[9021,8588],[-96,3]],[[8925,8591],[1,2]],[[8989,8634],[29,0]],[[9018,8634],[-2,-14],[-24,-15],[-1,-7],[39,-3]],[[9021,8588],[35,-6]],[[9056,8582],[-19,-16]],[[9037,8566],[-49,8],[-65,1]],[[8923,8575],[2,16]],[[8920,8544],[-88,7]],[[8832,8551],[6,44]],[[8923,8575],[-3,-31]],[[8999,8536],[-19,2]],[[8980,8538],[-60,6]],[[9037,8566],[-38,-30]],[[9030,8595],[24,17],[6,18]],[[9060,8630],[55,-4]],[[9115,8624],[-14,-7],[-45,-35]],[[9069,8528],[-70,8]],[[8945,8512],[-56,11]],[[8889,8523],[-71,9]],[[8818,8532],[14,19]],[[8980,8538],[-35,-26]],[[8822,8475],[16,12]],[[8838,8487],[32,-5],[13,9],[41,-7],[39,25],[-18,3]],[[8758,8489],[60,43]],[[8889,8523],[-51,-36]],[[8661,8609],[-142,9]],[[8519,8618],[1,2]],[[8520,8620],[18,41]],[[8538,8661],[0,0]],[[8678,8647],[-17,-38]],[[8727,8604],[-66,5]],[[8678,8647],[22,-2]],[[8700,8645],[-4,-9],[43,-5],[-12,-27]],[[8749,8562],[-38,6]],[[8711,8568],[16,36]],[[8700,8645],[65,-8]],[[8765,8637],[-7,-8],[20,-2],[-11,-25]],[[8767,8602],[-18,-40]],[[8838,8597],[-71,5]],[[8765,8637],[35,-2]],[[8800,8635],[43,-2]],[[8832,8551],[-83,11]],[[8711,8568],[-65,7]],[[8646,8575],[15,34]],[[8646,8575],[-142,9]],[[8504,8584],[11,24]],[[8515,8608],[4,10]],[[8619,8512],[3,9],[-72,5],[9,21]],[[8559,8547],[70,-9]],[[8629,8538],[115,-20],[-7,-7],[-22,4],[-18,-15]],[[8680,8547],[-44,6],[-7,-15]],[[8559,8547],[-68,5]],[[8495,8562],[9,22]],[[8646,8575],[-3,-8],[45,-5],[-8,-15]],[[8680,8547],[41,-7],[97,-8]],[[9398,9088],[4,-6]],[[9402,9082],[6,-37]],[[9408,9045],[-2,-21]],[[9260,9036],[-20,1]],[[9240,9037],[2,16],[-38,3],[6,20],[-62,3]],[[9148,9079],[1,21]],[[9149,9100],[224,-13],[25,1]],[[9240,9037],[-94,7]],[[9146,9044],[2,35]],[[9145,9034],[1,10]],[[9256,8957],[-9,0]],[[9140,8968],[2,26]],[[9323,8929],[-44,5]],[[9279,8934],[-41,6]],[[9041,8778],[-65,12],[-4,-4]],[[8972,8786],[-33,5],[14,14],[-73,11]],[[8880,8816],[2,25]],[[8882,8841],[7,-1],[179,-30]],[[9068,8810],[-27,-32]],[[9212,8723],[5,-10]],[[9057,8733],[-10,9],[15,16],[22,4]],[[9084,8762],[34,-4],[7,19],[103,-16]],[[9228,8761],[-1,-16],[-15,-22]],[[9055,8733],[-80,10]],[[8975,8743],[24,31]],[[8999,8774],[35,-5]],[[9034,8769],[50,-7]],[[8972,8786],[-4,-4]],[[8968,8782],[-33,5],[-35,-34]],[[8900,8753],[-70,10]],[[8830,8763],[45,33],[2,5]],[[8877,8801],[3,15]],[[9022,8834],[-137,24]],[[8885,8858],[3,42]],[[8945,8891],[55,-9]],[[9000,8882],[63,-11]],[[9063,8871],[-41,-37]],[[9127,8800],[-59,10]],[[8882,8841],[3,17]],[[9022,8834],[106,-18]],[[9128,8816],[-1,-16]],[[9235,8777],[-7,-16]],[[9034,8769],[7,9]],[[9127,8800],[-1,-5],[109,-18]],[[8999,8774],[-31,8]],[[8975,8743],[-75,10]],[[8830,8763],[-54,7]],[[8776,8770],[33,22],[3,11]],[[8812,8803],[65,-2]],[[8776,8770],[-53,7]],[[8723,8777],[12,29]],[[8735,8806],[0,0]],[[8735,8806],[77,-3]],[[8735,8806],[12,31]],[[8747,8837],[3,8]],[[8750,8845],[69,-3]],[[8819,8842],[-7,-39]],[[8819,8842],[63,-1]],[[8750,8845],[23,59]],[[8773,8904],[50,-1]],[[8823,8903],[-7,-40],[-20,0],[-2,-13],[26,0],[-1,-8]],[[8823,8903],[65,-3]],[[8950,9011],[-31,3]],[[8919,9014],[-63,5]],[[8856,9019],[17,27],[-31,3],[6,9]],[[8848,9058],[61,-5]],[[8909,9053],[1,-1]],[[8910,9052],[-8,-23],[56,-5],[-8,-13]],[[8856,9019],[-14,2]],[[8764,9028],[-1,0]],[[8763,9028],[24,36]],[[8809,9062],[39,-4]],[[8763,9028],[-64,6]],[[8699,9034],[13,30]],[[8712,9064],[3,6]],[[9081,8981],[11,18]],[[9092,8999],[36,-4]],[[9128,8995],[-17,-26],[-30,12]],[[9081,8981],[-52,5]],[[9029,8986],[-10,7],[-30,3],[7,12]],[[8996,9008],[96,-9]],[[8976,8917],[36,-6]],[[9012,8911],[10,-9],[-25,-10],[3,-10]],[[9062,8902],[10,-8],[-25,-10],[25,-5],[-9,-8]],[[9012,8911],[50,-9]],[[9131,8859],[-68,12]],[[9062,8902],[72,-11]],[[8740,8984],[-60,4]],[[8680,8988],[19,46]],[[8887,8967],[-51,9],[-21,1]],[[8919,9014],[-24,-40],[-8,-7]],[[9356,9133],[42,-45]],[[9149,9100],[3,52]],[[9152,9152],[71,-6],[108,-6],[25,-7]],[[8737,9136],[16,33]],[[8753,9169],[7,15]],[[8760,9184],[11,-5],[69,-1],[-9,-53]],[[8824,9265],[-5,4],[10,23],[52,-3]],[[8881,9289],[-13,-16],[-44,-8]],[[9262,9280],[-31,6],[0,-11],[-33,2],[-2,-21],[-36,1]],[[9160,9257],[0,10]],[[9160,9267],[3,21]],[[9163,9288],[3,37]],[[9166,9325],[1,6]],[[9167,9331],[109,-3]],[[9276,9328],[-14,-12],[0,-36]],[[9262,9271],[8,-16],[20,-19]],[[9290,9236],[6,-7]],[[9296,9229],[-138,-1]],[[9158,9228],[2,29]],[[9262,9280],[0,-9]],[[9296,9229],[12,-16]],[[9308,9213],[-144,0],[-2,-20],[-8,0]],[[9154,9193],[4,35]],[[8731,9122],[-60,4]],[[8671,9126],[-27,2]],[[8644,9128],[4,16]],[[8648,9144],[89,-8]],[[9152,9152],[2,41]],[[9308,9213],[27,-21],[11,-15],[5,-25]],[[9351,9152],[5,-19]],[[9158,9228],[-153,0]],[[9005,9228],[-16,0]],[[8989,9228],[2,16]],[[8991,9244],[-5,29]],[[8986,9273],[71,-2],[103,-4]],[[8862,9218],[-94,-17]],[[8768,9201],[7,14]],[[8775,9215],[7,15]],[[8782,9230],[8,16]],[[8790,9246],[23,5]],[[8813,9251],[47,9]],[[8860,9260],[-11,-34],[13,-8]],[[8058,8792],[-22,3]],[[8036,8795],[26,26]],[[8062,8821],[26,24],[22,-3]],[[8110,8842],[-43,-42]],[[8067,8800],[-9,-8]],[[8911,8929],[2,-1]],[[8773,8904],[18,34]],[[8791,8938],[120,-9]],[[9400,9276],[-2,-2]],[[9398,9274],[-40,0]],[[9358,9274],[2,12]],[[9360,9286],[-5,23]],[[9355,9309],[9,11]],[[9364,9320],[32,0],[-4,-22],[8,-22]],[[9398,9274],[3,-14],[-15,-6],[4,-25]],[[9390,9229],[-34,14]],[[9356,9243],[2,31]],[[9334,9286],[26,0]],[[9356,9243],[7,-18]],[[9363,9225],[-73,11]],[[9262,9271],[6,4]],[[9268,9275],[43,2],[3,9],[20,0]],[[9319,9310],[36,-1]],[[9334,9286],[-15,16],[-30,-3],[-6,6]],[[9283,9305],[1,5],[35,0]],[[9319,9310],[2,16]],[[9321,9326],[43,-6]],[[9283,9305],[-15,-30]],[[9276,9328],[2,2]],[[9278,9330],[43,-4]],[[9166,9325],[-92,11],[-124,2],[-39,-1],[-80,5]],[[8831,9342],[38,88]],[[8869,9430],[0,1]],[[8869,9431],[114,-7],[189,-10],[-5,-83]],[[8680,8988],[-89,8]],[[8591,8996],[-69,7]],[[8522,9003],[12,15],[8,62]],[[8542,9080],[170,-16]],[[9400,9276],[1,-2]],[[9401,9274],[18,-12]],[[9419,9262],[3,-18],[-13,-3],[-6,-13],[-13,1]],[[8458,8822],[-48,7]],[[8410,8829],[-22,3]],[[8388,8832],[18,13],[40,15]],[[8446,8860],[0,0]],[[8446,8860],[42,-6]],[[8488,8854],[-30,-32]],[[9426,9197],[-14,20],[-8,-7],[-33,5],[-8,10]],[[9419,9262],[22,-20],[-8,-23],[1,-21],[-8,-1]],[[9400,9276],[1,-2]],[[8522,9003],[-85,9],[12,28]],[[8449,9040],[14,37]],[[8463,9077],[73,-3],[6,6]],[[8647,8913],[-169,13]],[[8478,8926],[9,22]],[[8487,8948],[170,-12]],[[8657,8936],[-10,-23]],[[9510,8986],[2,-27]],[[9512,8959],[-8,2]],[[9504,8961],[-51,4],[1,5],[-26,10],[2,14]],[[9430,8994],[29,0],[27,-9],[24,1]],[[8727,9097],[-55,4]],[[8672,9101],[8,15],[-9,10]],[[8672,9101],[-62,5]],[[8610,9106],[7,14],[-45,3],[4,9]],[[8576,9132],[68,-4]],[[8446,8860],[-127,17]],[[8319,8877],[6,34],[107,-9],[9,27]],[[8441,8929],[37,-3]],[[8478,8926],[-2,-12]],[[8476,8914],[-23,-51],[-7,-3]],[[8662,8948],[-5,-12]],[[8487,8948],[9,19]],[[8496,8967],[79,-4]],[[8575,8963],[59,-4]],[[8634,8959],[32,-2]],[[8666,8957],[-4,-9]],[[8610,9106],[-59,3]],[[8551,9109],[3,24]],[[8554,9133],[22,-1]],[[8645,8908],[-9,-20]],[[8636,8888],[-148,11],[16,13],[-28,2]],[[8647,8913],[-2,-5]],[[8634,8959],[9,23],[-56,3]],[[8587,8985],[4,11]],[[8680,8988],[-14,-31]],[[8636,8888],[-3,-9]],[[8633,8879],[-71,8],[-30,-39]],[[8532,8848],[-44,6]],[[8589,8780],[-143,6]],[[8446,8786],[8,17]],[[8454,8803],[144,-5]],[[8598,8798],[-4,-7]],[[8319,8877],[-70,11]],[[8249,8888],[37,43]],[[8286,8931],[10,23],[20,-9],[43,-7],[10,17],[55,-3],[-9,-19],[26,-4]],[[8600,8803],[-2,-5]],[[8454,8803],[25,7],[4,9]],[[8483,8819],[4,6],[45,-6]],[[8532,8819],[21,-3],[-4,-6],[51,-7]],[[8483,8819],[-25,3]],[[8532,8848],[37,-5]],[[8569,8843],[-20,-4],[-17,-20]],[[8554,9133],[14,18]],[[8568,9151],[80,-7]],[[8542,9080],[9,29]],[[8551,9109],[-82,4]],[[8469,9113],[30,43]],[[8499,9156],[17,-2]],[[8516,9154],[52,-3]],[[8463,9102],[-36,2],[-3,-4],[-40,2]],[[8384,9102],[10,14]],[[8394,9116],[27,44]],[[8421,9160],[19,0]],[[8440,9160],[59,-4]],[[8469,9113],[-6,-11]],[[8463,9077],[-13,1],[13,24]],[[8586,8772],[-30,1],[-4,-9],[-113,5]],[[8439,8769],[7,17]],[[8219,8813],[-14,2],[-19,-15],[-32,5]],[[8154,8805],[28,24]],[[8182,8829],[14,13]],[[8196,8842],[46,40]],[[8242,8882],[32,-5],[-13,-12],[30,-5],[-10,-9],[-16,3],[-46,-41]],[[8388,8832],[-26,-19]],[[8362,8813],[-6,2],[-21,-15],[-43,7],[-6,-5],[-52,9],[-7,-17],[-16,-1],[8,20]],[[8242,8882],[7,6]],[[8362,8813],[-38,-26],[-6,-23]],[[8318,8764],[-135,6],[-41,8]],[[8142,8778],[-15,3]],[[8127,8781],[27,24]],[[8574,8745],[-75,3]],[[8499,8748],[3,9],[-68,3]],[[8434,8760],[5,9]],[[8567,8727],[-144,6],[4,9]],[[8427,8742],[23,-1],[4,9],[45,-2]],[[8427,8742],[-68,3]],[[8359,8745],[8,17]],[[8367,8762],[67,-2]],[[8563,8719],[-189,7],[-4,-8]],[[8370,8718],[-22,0]],[[8348,8718],[11,27]],[[8553,8695],[-134,9],[-3,-8],[-22,2]],[[8394,8698],[13,18],[-37,2]],[[8538,8661],[-119,7]],[[8419,8668],[-43,3]],[[8376,8671],[18,27]],[[8127,8781],[-27,4]],[[8100,8785],[54,49],[28,-5]],[[8100,8785],[-42,7]],[[8067,8800],[22,-3],[46,45],[19,3]],[[8154,8845],[42,-3]],[[8110,8842],[8,8]],[[8118,8850],[36,-5]],[[8062,8821],[-20,3],[8,8],[-21,4],[17,16],[18,6],[54,-8]],[[8125,8856],[-7,-6]],[[8036,8795],[-72,9]],[[7964,8804],[-2,45]],[[7962,8849],[2,18]],[[7964,8867],[84,-3],[17,2],[60,-10]],[[7703,8859],[-17,-4],[-33,3]],[[7653,8858],[-11,9],[-25,3],[4,7],[41,-1],[4,4]],[[7666,8880],[30,-4],[7,-17]],[[8575,8963],[12,22]],[[7964,8867],[1,12]],[[7965,8879],[28,-2]],[[7993,8877],[85,-4]],[[8078,8873],[38,21],[-23,4],[10,10]],[[8103,8908],[85,-11]],[[8188,8897],[16,-3]],[[8204,8894],[-21,-24],[-22,-5],[-13,-12],[-23,3]],[[8204,8894],[45,-6]],[[8037,8706],[16,-29]],[[8053,8677],[0,-1]],[[8053,8676],[-118,1]],[[7935,8677],[0,16],[-12,7]],[[7923,8700],[64,3]],[[7987,8703],[50,3]],[[8066,8653],[-122,1]],[[7944,8654],[14,13],[-24,-1],[1,11]],[[8053,8676],[13,-23]],[[8076,8623],[-140,7],[-20,7],[-48,4],[-5,13]],[[7863,8654],[81,0]],[[8066,8653],[4,-7]],[[8070,8646],[6,-23]],[[7863,8654],[-12,27],[1,14]],[[7852,8695],[71,5]],[[8496,8967],[11,21],[15,15]],[[8460,8624],[60,-4]],[[8515,8608],[-119,8],[-3,-7]],[[8393,8609],[-97,11]],[[8296,8620],[-55,7]],[[8241,8627],[2,5],[58,-7],[7,9]],[[8308,8634],[45,-3]],[[8353,8631],[32,-2]],[[8385,8629],[75,-5]],[[8393,8609],[-7,-17]],[[8386,8592],[-77,5]],[[8309,8597],[-81,5],[3,7],[58,-4],[7,15]],[[8296,8561],[13,36]],[[8386,8592],[48,-3],[-16,-37]],[[8200,8695],[-3,-12],[-32,-5],[-23,9],[-22,-5]],[[8120,8682],[-11,20],[33,3]],[[8142,8705],[58,-10]],[[8053,8677],[55,-7],[12,12]],[[8200,8695],[32,-6]],[[8232,8689],[-3,-16],[-32,-25],[-1,-8],[-126,6]],[[8037,8706],[0,1]],[[8037,8707],[51,2]],[[8088,8709],[43,-2]],[[8131,8707],[11,-2]],[[8505,9295],[-68,-36],[-36,10],[-116,-61]],[[8285,9208],[-73,22]],[[8212,9230],[-39,11]],[[8173,9241],[130,68],[39,-11],[52,27]],[[8394,9325],[111,-30]],[[7964,8804],[19,-13],[11,-15]],[[7994,8776],[-85,25]],[[7909,8801],[-27,6],[-32,-1],[-21,-7],[-40,8]],[[7789,8807],[19,27],[53,-19],[39,22],[30,12]],[[7930,8849],[32,0]],[[7818,8720],[-40,-2],[-38,-8]],[[7740,8710],[-11,37]],[[7729,8747],[35,1],[43,19],[12,9],[21,-4],[-4,-14]],[[7836,8758],[-28,-29],[10,-9]],[[8366,9045],[-16,-25],[-123,19]],[[8227,9039],[3,19],[39,-5],[28,34],[32,33]],[[8329,9120],[65,-4]],[[8384,9102],[-8,-18],[10,-2],[-20,-37]],[[7435,8987],[-17,3]],[[7418,8990],[-22,3]],[[7396,8993],[32,22]],[[7428,9015],[29,-4]],[[7457,9011],[-22,-24]],[[8317,9347],[77,-22]],[[8173,9241],[-41,12],[-23,1],[-46,-6],[-82,-32]],[[7981,9216],[-35,-8]],[[7946,9208],[-28,12],[40,17],[31,27],[53,27],[30,12],[19,13],[54,14],[52,4],[38,8],[30,15]],[[8265,9357],[3,-8],[22,5],[27,-7]],[[8541,9285],[-107,-56]],[[8434,9229],[-38,-20],[35,-10],[-42,-22]],[[8389,9177],[-104,31]],[[8505,9295],[36,-10]],[[8329,9120],[55,43]],[[8384,9163],[37,-3]],[[8329,9120],[-87,6]],[[8242,9126],[52,44]],[[8294,9170],[90,-7]],[[8242,9126],[-75,6]],[[8167,9132],[-18,2],[45,44]],[[8194,9178],[19,-1]],[[8213,9177],[81,-7]],[[8188,8897],[38,42]],[[8226,8939],[60,-8]],[[8449,9040],[-83,5]],[[8103,8908],[-118,16],[-4,18]],[[7981,8942],[29,-5],[143,-13],[26,28],[53,-4],[-6,-9]],[[8367,8762],[-33,2]],[[8334,8764],[-16,0]],[[8410,8829],[-17,-2],[-22,-23],[-17,-10],[48,-7],[19,21],[19,-3],[18,17]],[[8348,8718],[-51,2]],[[8297,8720],[21,36],[16,8]],[[8157,8728],[2,6],[-34,4],[4,18],[-25,5]],[[8104,8761],[23,20]],[[8142,8778],[65,-20]],[[8207,8758],[24,-9],[-5,-23],[-69,2]],[[8796,9259],[-59,3],[9,20]],[[8804,9278],[-8,-19]],[[8157,8728],[-27,1],[-1,-6],[-32,-1],[47,-3],[-13,-12]],[[8088,8709],[-4,6],[7,33],[13,13]],[[8207,8758],[2,2],[58,-3],[-31,-32],[-7,-14],[14,-14],[-11,-8]],[[8308,8634],[2,13],[-27,2],[12,29]],[[8295,8678],[61,-6]],[[8356,8672],[-8,-15],[-16,2],[-8,-19],[32,-2],[-3,-7]],[[8356,8672],[20,-1]],[[8419,8668],[-4,-8]],[[8415,8660],[-20,-8],[-10,-23]],[[8460,8624],[8,18],[-26,2],[6,14],[-33,2]],[[8241,8627],[-25,-1],[11,10],[22,50]],[[8249,8686],[46,-8]],[[8782,9230],[-44,2],[-85,24]],[[8796,9259],[-6,-13]],[[8817,9308],[-4,-9]],[[8607,9270],[-28,10],[-7,-3],[-31,8]],[[8317,9347],[41,15],[373,-43],[86,-11]],[[8766,9196],[-4,-7]],[[8762,9189],[-108,11]],[[8654,9200],[12,14],[53,-7],[47,-11]],[[8648,9144],[16,30]],[[8664,9174],[89,-5]],[[8516,9154],[8,34],[6,6]],[[8530,9194],[134,-19],[0,-1]],[[8440,9160],[-19,6]],[[8421,9166],[22,21],[37,27]],[[8480,9214],[61,-8]],[[8541,9206],[-11,-12]],[[8421,9166],[-32,11]],[[8434,9229],[46,-15]],[[7754,8980],[-69,10]],[[7685,8990],[-21,3]],[[7664,8993],[13,21]],[[7677,9014],[13,26]],[[7690,9040],[38,-5],[-9,-24],[19,-23],[16,-8]],[[7915,8986],[-13,-18],[-40,-18]],[[7862,8950],[-34,-5]],[[7828,8945],[-15,15],[-16,4]],[[7797,8964],[17,11],[48,0],[-5,11],[47,6],[11,-6]],[[8104,8761],[-94,15],[-16,0]],[[8037,8707],[-20,33]],[[8017,8740],[-10,15]],[[8007,8755],[-13,21]],[[8017,8740],[-103,11]],[[7914,8751],[18,16],[75,-12]],[[7987,8703],[-19,6],[10,16],[-88,9]],[[7890,8734],[24,17]],[[7852,8695],[-36,-2]],[[7816,8693],[41,22]],[[7857,8715],[33,19]],[[7828,9087],[18,-4],[-1,-9],[-36,-26],[-13,1],[-19,-11],[14,-10],[-13,-14],[26,-22],[18,-5],[-56,-13]],[[7766,8974],[-12,6]],[[7690,9040],[4,7]],[[7694,9047],[4,10]],[[7698,9057],[-5,24],[17,11]],[[7710,9092],[29,25]],[[7739,9117],[12,8]],[[7751,9125],[29,-9],[-11,-9],[13,-4]],[[7782,9103],[-10,-7],[56,-9]],[[7938,9014],[-7,-15],[-16,-13]],[[7797,8964],[-31,10]],[[7828,9087],[45,30],[-10,2],[31,14],[19,3]],[[7913,9136],[21,-3]],[[7934,9133],[-6,-20],[5,-12],[30,-9],[18,-27],[-16,-28],[-27,-23]],[[7982,8944],[-25,-15]],[[7957,8929],[-11,7],[-37,3]],[[7909,8939],[-8,8],[20,10],[63,3]],[[7984,8960],[-2,-16]],[[7977,8983],[12,-17],[-5,-6]],[[7909,8939],[-47,11]],[[7915,8986],[46,-6],[16,3]],[[7938,9014],[33,-1],[29,-6]],[[8000,9007],[-15,-9],[-8,-15]],[[7828,8945],[-69,3],[-50,-6],[-6,-19],[-18,2],[-10,-11],[-45,5]],[[7630,8919],[16,15]],[[7646,8934],[16,16]],[[7662,8950],[23,40]],[[7468,9010],[-11,1]],[[7428,9015],[-45,6]],[[7383,9021],[-70,10]],[[7313,9031],[18,17]],[[7331,9048],[50,-10]],[[7381,9038],[77,-15]],[[7458,9023],[22,-4],[-12,-9]],[[7719,8805],[-33,-11]],[[7686,8794],[-38,1],[-35,-6]],[[7613,8789],[26,27]],[[7639,8816],[3,2],[72,-9],[5,-4]],[[7504,8843],[-27,-16]],[[7477,8827],[-4,-2]],[[7473,8825],[-84,20]],[[7389,8845],[26,8]],[[7415,8853],[52,8]],[[7467,8861],[14,2]],[[7481,8863],[45,-3]],[[7526,8860],[-22,-17]],[[7511,9041],[-26,2],[-27,-20]],[[7381,9038],[41,31]],[[7422,9069],[89,-28]],[[7415,8800],[29,13]],[[7444,8813],[5,2]],[[7449,8815],[47,-11]],[[7496,8804],[-43,-21],[-38,17]],[[7444,8813],[-34,8],[-17,-7],[-58,20]],[[7335,8834],[41,14],[13,-3]],[[7473,8825],[-24,-10]],[[7542,8806],[-35,15],[-30,6]],[[7504,8843],[16,-9],[30,-5]],[[7550,8829],[-8,-23]],[[6733,9152],[-10,-5],[-11,-20]],[[6712,9127],[-52,4]],[[6660,9131],[11,20],[9,3]],[[6680,9154],[53,-2]],[[7415,8800],[-87,31]],[[7328,8831],[7,3]],[[7505,8978],[-70,9]],[[7468,9010],[72,-10]],[[7540,9000],[-28,-23],[-7,1]],[[7272,8876],[5,-3]],[[7277,8873],[24,-23]],[[7301,8850],[27,-19]],[[7496,8804],[36,-8]],[[7532,8796],[-25,-14]],[[7507,8782],[-98,-26]],[[7409,8756],[-5,6],[-38,14],[-73,3],[-30,14],[-10,25],[-39,5]],[[7214,8823],[-58,21],[4,18],[-11,3]],[[7149,8865],[-33,2],[-15,7]],[[7101,8874],[53,-5],[67,-13],[27,5],[24,15]],[[7415,8853],[-58,14]],[[7357,8867],[42,22]],[[7399,8889],[14,-2]],[[7413,8887],[20,-4],[-12,-8],[46,-14]],[[7357,8867],[-7,2]],[[7350,8869],[-46,12],[-27,-8]],[[7272,8876],[10,7],[55,8]],[[7337,8891],[23,6]],[[7360,8897],[39,-8]],[[7301,8850],[49,19]],[[7662,8950],[-63,7]],[[7599,8957],[9,8],[-51,7],[22,24]],[[7579,8996],[58,-7],[8,7],[19,-3]],[[7364,9001],[-46,6],[-16,-18]],[[7302,8989],[-20,3]],[[7282,8992],[5,10]],[[7287,9002],[11,14]],[[7298,9016],[15,15]],[[7383,9021],[-19,-20]],[[7529,8934],[-19,-11],[21,-7],[-28,-20]],[[7503,8896],[-46,7]],[[7457,8903],[20,22],[-39,7],[-11,-8]],[[7427,8924],[-23,4]],[[7404,8928],[1,3]],[[7405,8931],[6,21]],[[7411,8952],[64,-7]],[[7475,8945],[54,-11]],[[7584,8887],[-8,-9]],[[7576,8878],[-56,15]],[[7520,8893],[-17,3]],[[7529,8934],[6,-1]],[[7535,8933],[89,-18]],[[7624,8915],[-17,-11]],[[7607,8904],[-23,-17]],[[7413,8887],[29,19]],[[7442,8906],[15,-3]],[[7520,8893],[-43,-22],[4,-8]],[[7631,9020],[-64,11],[-29,1]],[[7538,9032],[18,19]],[[7556,9051],[35,-5]],[[7591,9046],[56,-8],[-16,-18]],[[7576,8878],[-11,-11]],[[7565,8867],[-13,2],[-26,-9]],[[7399,8954],[12,-2]],[[7405,8931],[-87,13]],[[7318,8944],[18,16]],[[7336,8960],[63,-6]],[[7361,8920],[-42,7]],[[7319,8927],[-10,8],[9,9]],[[7404,8928],[-11,-11],[-32,3]],[[7442,8906],[-34,5],[19,13]],[[7360,8897],[-20,4],[10,10]],[[7350,8911],[11,9]],[[7272,8969],[-41,7]],[[7231,8976],[-20,4]],[[7211,8980],[35,28]],[[7246,9008],[41,-6]],[[7282,8992],[-10,-23]],[[7359,8981],[-57,8]],[[7364,9001],[11,-5]],[[7375,8996],[-16,-15]],[[7396,8993],[-21,3]],[[7599,8957],[-29,4]],[[7570,8961],[-73,11]],[[7497,8972],[8,6]],[[7540,9000],[39,-4]],[[7298,9016],[-45,7],[-22,-1]],[[7231,9022],[-59,8]],[[7172,9030],[18,17]],[[7190,9047],[123,-16]],[[7351,9067],[-20,-19]],[[7190,9047],[-3,1]],[[7187,9048],[13,20],[25,-4],[7,6]],[[7232,9070],[119,-3]],[[7187,9048],[-25,3]],[[7162,9051],[36,29]],[[7198,9080],[43,-1]],[[7241,9079],[-9,-9]],[[7246,9008],[-25,4]],[[7221,9012],[10,10]],[[7211,8980],[-25,5]],[[7186,8985],[2,1]],[[7188,8986],[10,9],[-19,3],[10,11],[-11,3]],[[7178,9012],[6,6],[37,-6]],[[7511,9041],[27,-9]],[[7631,9020],[46,-6]],[[7464,9106],[-48,8]],[[7416,9114],[26,19]],[[7442,9133],[43,32]],[[7485,9165],[33,-4]],[[7518,9161],[-54,-55]],[[7422,9069],[-64,4]],[[7358,9073],[58,41]],[[7464,9106],[-13,-14],[65,-9]],[[7516,9083],[-14,-14],[26,-2],[-7,-12],[35,-4]],[[7351,9067],[7,6]],[[7591,9046],[17,11]],[[7608,9057],[86,-10]],[[7710,9092],[-46,8],[-7,-8],[-27,5],[23,22],[18,12]],[[7671,9131],[68,-14]],[[7516,9083],[36,-9],[46,-6],[-6,-8],[16,-3]],[[7698,9057],[-66,7],[-4,11],[-76,15],[8,7],[-27,3],[11,10],[55,-9],[31,39]],[[7630,9140],[41,-9]],[[7518,9161],[103,-20]],[[7621,9141],[9,-1]],[[7183,9151],[-18,4],[15,24]],[[7180,9179],[11,18],[10,-1],[22,-21]],[[7223,9175],[-40,-24]],[[7612,9189],[-73,4],[17,7]],[[7556,9200],[61,2]],[[7617,9202],[-5,-13]],[[7661,9182],[-49,7]],[[7617,9202],[33,5],[42,-2]],[[7692,9205],[-31,-23]],[[7661,9182],[-28,-27]],[[7633,9155],[-12,-14]],[[7485,9165],[-22,6]],[[7463,9171],[29,33]],[[7492,9204],[64,-4]],[[7778,9143],[-27,-18]],[[7633,9155],[33,2],[24,10]],[[7690,9167],[88,-24]],[[7692,9205],[30,-2]],[[7722,9203],[-22,-30],[-10,-6]],[[7381,9194],[-35,7]],[[7346,9201],[-66,10]],[[7280,9211],[20,20]],[[7300,9231],[62,1],[46,-12]],[[7408,9220],[-27,-26]],[[7463,9171],[-82,23]],[[7408,9220],[44,-11],[40,-5]],[[7153,9135],[-70,32],[44,25]],[[7127,9192],[21,-9]],[[7148,9183],[32,-4]],[[7183,9151],[-9,-5]],[[7174,9146],[-21,-11]],[[7977,9202],[-27,-11],[-22,-22],[-44,-26]],[[7884,9143],[-56,-19],[-22,-16],[-24,-5]],[[7778,9143],[38,28],[15,16],[21,12],[38,11]],[[7890,9210],[56,-2]],[[7981,9216],[-4,-14]],[[7884,9143],[29,-7]],[[8194,9178],[-53,3],[-78,7],[-54,9]],[[8009,9197],[-32,5]],[[8212,9230],[-16,-14],[17,-39]],[[7172,9030],[-36,5]],[[7136,9035],[-10,22]],[[7126,9057],[36,-6]],[[7186,8985],[-67,10]],[[7119,8995],[-6,13]],[[7113,9008],[-22,51]],[[7091,9059],[-2,4]],[[7089,9063],[37,-6]],[[7136,9035],[7,-15]],[[7143,9020],[11,-27],[34,-7]],[[7178,9012],[-35,8]],[[7113,9008],[-39,5]],[[7074,9013],[16,8],[-15,5],[2,15]],[[7077,9041],[-8,2],[14,17],[8,-1]],[[7070,8929],[-45,8],[-18,23]],[[7007,8960],[36,24]],[[7043,8984],[8,6]],[[7051,8990],[39,-9],[-17,-11],[42,-10]],[[7115,8960],[-22,-14],[24,-6]],[[7117,8940],[-31,-17],[-16,6]],[[6905,9142],[-12,-9]],[[6893,9133],[-155,13],[-11,-20]],[[6727,9126],[-15,1]],[[6733,9152],[172,-10]],[[7001,8933],[-24,7],[30,20]],[[7070,8929],[-14,-10],[-44,9],[-11,5]],[[7077,9041],[-29,-1]],[[7048,9040],[-14,2]],[[7034,9042],[25,26]],[[7059,9068],[30,-5]],[[7034,9042],[-27,1]],[[7007,9043],[-21,10]],[[6986,9053],[22,7]],[[7008,9060],[35,10]],[[7043,9070],[16,-2]],[[6910,9032],[26,7]],[[6936,9039],[27,8]],[[6963,9047],[23,6]],[[7007,9043],[-67,-20],[-30,9]],[[7259,8936],[-62,9]],[[7197,8945],[16,14]],[[7213,8959],[18,17]],[[7272,8969],[-13,-33]],[[7074,9013],[-2,-1]],[[7072,9012],[-28,9],[-3,6]],[[7041,9027],[7,13]],[[7043,8984],[-27,6]],[[7016,8990],[32,7],[-29,10],[22,20]],[[7072,9012],[-21,-22]],[[7040,9071],[-145,14]],[[6895,9085],[5,8]],[[6900,9093],[52,-3]],[[6952,9090],[40,-1],[48,-18]],[[6814,9070],[103,-12],[46,-11]],[[6936,9039],[-64,14]],[[6872,9053],[-74,15]],[[6798,9068],[16,2]],[[6910,9032],[-24,-13]],[[6886,9019],[-50,15]],[[6836,9034],[36,19]],[[6647,9017],[-38,37]],[[6609,9054],[25,4]],[[6634,9058],[32,-32]],[[6666,9026],[-2,-8],[-17,-1]],[[7004,9107],[-5,-7],[-42,4],[-5,-14]],[[6900,9093],[-25,5],[34,23],[25,-6]],[[6934,9115],[70,-8]],[[6836,9034],[-4,1]],[[6832,9035],[-46,12]],[[6786,9047],[-27,7],[21,14]],[[6780,9068],[18,0]],[[7008,9060],[-122,12]],[[6886,9072],[9,13]],[[7040,9071],[2,-1]],[[7042,9070],[1,0]],[[6647,9017],[-30,1]],[[6617,9018],[-33,32],[25,4]],[[6814,9078],[0,-8]],[[6780,9068],[-18,0],[-94,-14]],[[6668,9054],[-3,2]],[[6665,9056],[20,3],[-6,8]],[[6679,9067],[13,5],[59,8]],[[6751,9080],[63,-2]],[[6814,9078],[11,0]],[[6825,9078],[61,-6]],[[7197,8945],[-23,-12]],[[7174,8933],[-15,-5],[-22,7]],[[7137,8935],[-20,5]],[[7115,8960],[17,7]],[[7132,8967],[9,5],[72,-13]],[[7259,8936],[-3,-8],[-24,-18]],[[7232,8910],[-26,5],[-17,-13]],[[7189,8902],[-15,31]],[[7233,8890],[-43,4],[-1,8]],[[7232,8910],[15,-3]],[[7247,8907],[-14,-17]],[[7337,8961],[-1,-1]],[[7319,8927],[-53,8],[-13,-29]],[[7253,8906],[-6,1]],[[7272,8969],[65,-8]],[[6660,9131],[-34,3],[-5,11],[-21,4],[5,8],[32,2]],[[6637,9159],[43,-5]],[[7272,8876],[-10,4],[-37,-15],[-10,4]],[[7215,8869],[18,21]],[[7253,8906],[20,-4]],[[7273,8902],[64,-11]],[[7273,8902],[16,14],[61,-5]],[[6739,9099],[91,-3]],[[6830,9096],[-2,-7]],[[6828,9089],[-84,3],[-2,-7]],[[6742,9085],[-74,10],[-10,6]],[[6658,9101],[81,-2]],[[7189,8902],[-24,-16],[-16,3],[-14,-12]],[[7135,8877],[-10,8],[22,10],[-30,9],[-5,8],[25,23]],[[7184,9081],[14,-1]],[[7042,9070],[51,27]],[[7093,9097],[20,13]],[[7113,9110],[-1,-28],[72,-1]],[[7113,9110],[21,12]],[[7134,9122],[11,7]],[[7145,9129],[87,-16]],[[7232,9113],[-2,-4],[-46,-28]],[[7241,9079],[76,-3],[12,8],[24,-5],[8,6],[-30,9],[-68,13]],[[7263,9107],[-12,2]],[[7251,9109],[23,17],[-100,20]],[[7223,9175],[4,3]],[[7227,9178],[61,-13]],[[7288,9165],[154,-32]],[[7232,9113],[19,-4]],[[7263,9107],[-18,-14],[-4,-14]],[[7145,9129],[8,6]],[[6840,9095],[-10,1]],[[6739,9099],[-2,18],[-10,9]],[[6893,9133],[5,-4],[-58,-34]],[[6900,9093],[-60,2]],[[6905,9142],[60,-6]],[[6965,9136],[-31,-21]],[[7093,9097],[-89,10]],[[6965,9136],[53,-6],[116,-8]],[[6825,9078],[3,11]],[[6751,9080],[-9,5]],[[7630,8919],[-6,-4]],[[7535,8933],[13,13]],[[7548,8946],[72,-10],[26,-2]],[[6514,9010],[-8,-6],[-39,-7],[-30,29],[-1,8]],[[6436,9034],[28,4]],[[6464,9038],[2,0]],[[6466,9038],[-7,-8],[16,-15],[28,5],[11,-10]],[[6556,9024],[-18,16],[29,5]],[[6567,9045],[22,-14],[-33,-7]],[[6679,9067],[-37,-6]],[[6642,9061],[-10,11]],[[6632,9072],[-5,14],[-15,7]],[[6612,9093],[11,2]],[[6623,9095],[28,-5],[-2,10]],[[6649,9100],[9,1]],[[7570,8961],[-22,-15]],[[7475,8945],[12,17]],[[7487,8962],[10,10]],[[7487,8962],[-75,13]],[[7412,8975],[6,15]],[[7399,8954],[13,21]],[[7337,8961],[22,20]],[[6632,9072],[-90,-12]],[[6542,9060],[-10,12]],[[6532,9072],[75,10],[-9,9],[14,2]],[[7227,9178],[53,33]],[[7346,9201],[-58,-36]],[[7057,9225],[70,-33]],[[6637,9159],[-14,3]],[[6623,9162],[92,4],[-14,32],[-18,26],[39,16],[90,7],[38,1],[96,-30],[17,-3],[65,3],[29,7]],[[7057,9225],[52,18],[37,2]],[[7146,9245],[28,-24],[-26,-38]],[[6883,7526],[-33,6]],[[6850,7532],[45,23]],[[6947,7559],[-64,-33]],[[5379,8528],[-17,6]],[[5362,8534],[-46,12],[-35,3]],[[5281,8549],[19,11],[54,15],[10,6]],[[5364,8581],[47,-10]],[[5411,8571],[34,-19],[-5,-2]],[[5440,8550],[-16,-9],[-45,-13]],[[5309,8519],[-24,7],[-4,23]],[[5362,8534],[-53,-15]],[[5326,8497],[-17,22]],[[5379,8528],[17,-6]],[[5396,8522],[-70,-25]],[[7289,7581],[69,-22]],[[6850,7532],[-32,13]],[[6818,7545],[-28,18]],[[6790,7563],[-34,24]],[[6756,7587],[19,3],[45,-13],[21,11]],[[6775,7189],[-2,0]],[[6773,7189],[-46,4]],[[6733,7222],[52,-15]],[[5440,8398],[-89,43]],[[5351,8441],[57,18],[3,7],[-68,17],[-17,14]],[[5396,8522],[124,-38]],[[5632,8451],[-192,-53]],[[5440,8550],[34,0],[10,6]],[[5484,8556],[133,-28]],[[5411,8571],[73,-15]],[[5364,8581],[5,17],[-24,3],[-87,-4],[-56,2],[-36,9],[-13,7],[8,8],[140,16],[19,4]],[[5320,8643],[70,-5],[85,8],[178,-52]],[[5226,8338],[-14,14],[15,17],[14,32],[12,6],[69,17],[29,17]],[[5440,8398],[-148,-41],[-64,-16],[-2,-3]],[[6566,8544],[40,-12]],[[6606,8532],[96,-26]],[[6702,8506],[15,-6],[49,-32]],[[6766,8468],[-64,-16],[-92,-16]],[[6610,8436],[-145,47],[-28,11],[-24,-14]],[[5320,8643],[11,14],[-3,27],[-47,19],[2,7],[79,40],[42,10],[198,41]],[[5602,8801],[25,-5],[99,-31],[15,5],[34,1],[107,-30]],[[5602,8801],[7,6],[10,28],[11,9],[34,13],[38,4],[-7,-18],[27,-5],[74,-3],[54,-4],[29,3],[33,22],[18,6]],[[5930,8862],[34,-16],[81,-23],[-4,-16],[24,-32]],[[5615,8363],[-30,-10],[-95,-23],[-18,3],[-7,23],[-18,2],[-35,-8],[-47,-22],[-22,4],[-15,17],[-14,-2],[1,-27],[-13,-3]],[[5302,8317],[-76,21]],[[5684,8428],[-50,-16],[-30,-5],[-48,-18],[0,-7],[58,-16],[1,-3]],[[6682,7228],[3,-14]],[[6644,7218],[6,8],[-19,3],[24,7],[27,-8]],[[6809,7212],[-16,-8]],[[6682,7228],[59,4]],[[6898,7182],[-11,-5]],[[6887,7177],[-11,2]],[[6876,7179],[-10,2]],[[5176,8055],[-41,23]],[[5135,8078],[38,9]],[[5173,8087],[66,-34]],[[5239,8053],[-39,-12]],[[5347,7836],[-72,47],[-18,-4]],[[5257,7879],[-26,19]],[[5231,7898],[44,9]],[[7326,7600],[71,-22]],[[5326,7831],[-69,48]],[[7659,8117],[2,-1]],[[9343,8881],[-93,17]],[[9250,8898],[29,36]],[[9363,8924],[-1,-5]],[[9362,8919],[-5,-22],[-14,-16]],[[9343,8881],[-6,-11]],[[9136,8911],[1,8]],[[9137,8919],[113,-21]],[[8750,8845],[-46,3],[8,17],[-16,0],[4,9],[-68,2]],[[8632,8876],[1,3]],[[8645,8908],[128,-4]],[[8747,8837],[-99,7],[-10,-21],[-28,3]],[[8610,8826],[5,10]],[[8615,8836],[17,40]],[[8986,9273],[3,18]],[[8989,9291],[91,6],[83,-9]],[[5178,7937],[-40,29]],[[5138,7966],[39,9]],[[5220,7946],[-42,-9]],[[5204,7918],[-26,19]],[[5248,7926],[-44,-8]],[[5763,7402],[-67,8],[-4,7]],[[5749,7432],[0,-6],[36,-18]],[[5138,7966],[-63,45]],[[5075,8011],[39,8]],[[8860,9260],[39,9]],[[8899,9269],[-8,-45]],[[8891,9224],[-29,-6]],[[8082,7296],[15,-9],[8,8]],[[8105,7295],[69,-2],[-38,-10],[-38,-17],[2,-12],[56,-38],[2,-9],[-25,-12]],[[8133,7195],[-25,6]],[[8017,7285],[24,10],[9,-14],[32,15]],[[8109,7153],[-24,6],[-32,15]],[[8133,7195],[28,-3],[17,-9],[33,-30],[24,-3],[7,-6],[-26,-10],[1,-8],[-21,10]],[[7956,7118],[20,-8]],[[7976,7110],[9,-22],[-25,0],[-13,6],[-5,14],[-34,1],[-33,-5],[-26,-22]],[[7849,7082],[-25,10]],[[7824,7092],[12,11],[7,24]],[[7849,7082],[-5,-7],[-52,0],[40,-33],[-20,-11]],[[7796,7046],[-18,10],[-40,1],[-25,6],[-3,9]],[[7755,7090],[24,9],[45,-7]],[[7950,7186],[15,-13],[0,-11],[25,-21]],[[7990,7141],[-16,-14],[2,-17]],[[8110,7144],[-11,8],[-22,-6],[-25,-1],[-32,15],[-11,-12],[-19,-7]],[[7503,7240],[42,22]],[[6769,7315],[13,-20]],[[6782,7295],[11,-16]],[[6793,7279],[-61,-4]],[[6708,7303],[47,6],[14,6]],[[7368,6918],[-7,-3]],[[7361,6915],[-15,7],[14,4],[-36,20],[-25,-8],[-11,11]],[[7372,6962],[5,-2]],[[7361,6915],[-11,-6],[0,-14]],[[7350,6895],[-5,-2]],[[7975,6950],[-61,-36],[19,-11]],[[7933,6903],[-53,-2]],[[7880,6901],[-29,0]],[[7683,6817],[-7,-3]],[[7676,6814],[-7,0]],[[7526,6850],[21,-1],[60,-10],[76,-22]],[[7777,6897],[-34,-2],[-20,-5]],[[7834,6899],[-21,-24]],[[7813,6875],[-68,11],[-23,0]],[[7270,7148],[-10,5]],[[7306,7160],[-36,-12]],[[7465,6827],[-31,10]],[[7434,6837],[-6,36]],[[7434,6837],[-28,2],[-14,15],[-2,17],[-40,24]],[[7829,6810],[-6,-12],[-18,-6],[-31,0],[-4,-10]],[[7770,6782],[-33,8],[-61,24]],[[7683,6817],[-8,9]],[[7714,6838],[27,-7],[27,1],[20,-18],[12,0],[15,13],[14,-17]],[[7181,6964],[10,29],[-3,14],[17,27]],[[7770,6782],[32,-9],[22,-13],[-11,-8],[-66,12],[3,-8],[-15,-12],[-27,-7],[-21,-13],[-16,0],[-1,-10],[-33,-10],[-14,-10]],[[7623,6694],[-14,14],[-25,-5]],[[7266,7108],[-27,5],[21,18]],[[7260,7131],[33,-7],[15,-9]],[[7308,7115],[-17,-7]],[[7514,6679],[3,-5],[57,-4],[7,-5]],[[7581,6665],[10,-7],[35,-3],[1,-9],[29,-2],[-20,-4],[-65,-2]],[[7445,6646],[-18,8],[-22,0]],[[7405,6654],[-14,28]],[[7623,6694],[12,-9],[74,-14],[-8,-6],[-112,9],[-8,-9]],[[7416,6618],[-10,-1],[-1,37]],[[7312,7086],[-11,10]],[[7270,7148],[-10,-17]],[[7390,6796],[-26,37]],[[7364,6833],[-38,31]],[[7326,6864],[-44,30]],[[7282,6894],[0,1]],[[7431,6574],[0,9]],[[7431,6583],[36,8],[22,0]],[[7489,6591],[0,-20],[-57,-4],[-1,7]],[[7589,6602],[-1,-5],[-48,0],[-51,-6]],[[7431,6583],[-9,30]],[[7736,6560],[13,-12],[-32,1],[-66,-8],[7,-9],[-62,-8],[-20,6],[7,32],[23,-3],[62,-1],[63,8],[5,-6]],[[7317,7082],[-23,-13],[-19,-5]],[[7809,6190],[-26,7]],[[7783,6197],[28,1],[21,6]],[[7773,6193],[10,4]],[[7832,6174],[-38,-7]],[[7086,7184],[-10,-14],[-34,12],[-35,20]],[[7007,7202],[-27,31]],[[7018,7154],[-46,13],[7,11],[-18,2]],[[6961,7180],[10,3]],[[6971,7183],[14,3]],[[7006,7196],[1,6]],[[7174,7474],[3,0]],[[7262,7477],[-1,-7],[32,-1],[-19,-8],[53,-18]],[[7298,7476],[82,-10]],[[7029,7500],[-62,-17]],[[6925,7472],[-26,17]],[[6899,7489],[1,0]],[[6900,7489],[96,17]],[[6996,7506],[38,5],[27,-2]],[[6823,7320],[-19,-2],[-10,11],[-32,-5]],[[6762,7324],[-4,11]],[[6782,7295],[21,3],[-6,6],[37,5]],[[6857,7283],[-64,-4]],[[6769,7315],[-7,9]],[[6845,7449],[-38,29]],[[6807,7478],[92,11]],[[6803,7477],[4,1]],[[6613,7421],[84,-4]],[[6591,7425],[-24,25],[9,13]],[[6576,7463],[10,0]],[[6586,7463],[104,5]],[[6273,7421],[-12,10]],[[6404,7464],[88,-12]],[[6478,7462],[98,1]],[[5850,7426],[-16,11],[19,14],[-14,8],[-45,-9],[-17,13],[44,12],[11,10]],[[5832,7485],[167,-7]],[[5767,7438],[37,6],[40,-20]],[[5850,7426],[-6,-2]],[[5673,7490],[84,3],[38,-2]],[[5795,7491],[37,-6]],[[6338,7270],[-155,-24],[36,-58],[0,-4]],[[6219,7184],[-67,-3]],[[6152,7181],[4,15],[-30,3],[31,6],[-1,13],[-37,1],[1,13],[-21,0],[-18,9],[9,14],[27,4],[30,11],[-9,10]],[[6138,7280],[14,2]],[[6443,7217],[-60,-9]],[[6383,7208],[-59,-9]],[[6324,7199],[-70,-12]],[[6254,7187],[-23,-3]],[[6231,7184],[-12,0]],[[6105,7323],[-23,-10],[-7,-16],[30,-7]],[[6105,7290],[-13,-2],[-4,-14],[-21,-7],[4,-9],[-37,-14],[-19,5],[-14,12],[-17,0],[-7,-9],[-21,4]],[[5956,7256],[6,16],[13,9],[-39,17],[-9,-4],[18,-11],[-17,-2],[-31,20],[12,16]],[[5909,7317],[4,17],[14,4],[35,-5],[11,5],[-22,13],[-22,2],[-39,-5]],[[6138,7280],[-33,10]],[[5140,7498],[41,-2]],[[5181,7496],[37,-2]],[[5218,7494],[91,-4]],[[5309,7490],[-7,-9]],[[5109,7461],[-3,37]],[[5099,7458],[-19,6],[-6,14],[-57,-1],[-32,-5],[-1,-8]],[[4984,7464],[-17,28]],[[4967,7492],[43,4],[79,2]],[[5069,7413],[-27,-11]],[[5042,7402],[-47,41]],[[4995,7443],[54,6]],[[5584,7420],[-49,-6]],[[5517,7439],[34,3],[-14,44]],[[5537,7486],[28,1]],[[5309,7490],[5,0]],[[5314,7490],[100,-3]],[[5414,7487],[6,-1]],[[5420,7486],[-1,-44]],[[5420,7486],[117,0]],[[4995,7443],[-11,21]],[[5696,7394],[9,2],[32,-47],[10,-22]],[[5690,7324],[-70,54]],[[5620,7378],[-23,19]],[[5909,7317],[-48,7]],[[5469,7225],[-57,-2],[-25,-5]],[[5387,7218],[-21,5]],[[5366,7223],[24,8]],[[5469,7222],[1,-15],[-46,-1]],[[5424,7206],[-21,8]],[[5403,7214],[-6,2]],[[5397,7216],[-10,2]],[[5505,7191],[6,7],[-70,4],[-17,4]],[[5263,7212],[-9,14]],[[5292,7232],[52,-2]],[[5344,7230],[-17,-14],[-17,-4]],[[5397,7216],[-64,-22]],[[5344,7230],[22,-7]],[[5367,7173],[-39,0]],[[5403,7214],[-19,-8],[4,-25]],[[7573,8297],[-9,-6]],[[5552,7123],[-9,-26],[-93,-15],[37,-30],[-121,-20],[-33,2]],[[5333,7034],[12,33],[-6,6],[10,23],[26,15],[31,7],[12,12],[58,12],[-20,4],[-28,-6],[-41,16],[-7,-7],[-58,21]],[[6689,7271],[12,-17],[25,-2],[-5,14],[24,0],[48,-6],[1,-8]],[[5428,7291],[22,14]],[[5454,7306],[17,31],[14,14],[16,6],[34,3],[3,-13],[43,-14],[26,-13]],[[5332,7270],[10,-2]],[[5324,7291],[-21,4],[3,6]],[[5509,7380],[25,3],[14,-17],[21,2],[1,-25],[41,20],[-21,8],[30,7]],[[5191,7387],[-19,-7]],[[5172,7380],[-3,5]],[[5169,7385],[-1,23],[-9,1]],[[5267,7387],[4,-11]],[[5271,7376],[-33,-6],[-53,-1]],[[5144,7368],[-6,9],[34,3]],[[5169,7385],[-22,7],[-47,-4],[4,-8]],[[5104,7380],[-51,0]],[[5053,7380],[-11,22]],[[5092,7364],[-12,-1]],[[5080,7363],[-2,9],[29,3],[-3,5]],[[5080,7363],[-22,-2]],[[5058,7361],[-5,19]],[[5068,7337],[-10,24]],[[5099,7351],[5,-12]],[[5104,7339],[-36,-2]],[[5312,7385],[-32,-12],[12,-6],[-16,-6]],[[5276,7361],[-5,15]],[[5335,7350],[-59,-6],[-18,1],[3,11],[15,5]],[[5340,7348],[-18,-6],[-52,1],[-78,-12]],[[5192,7331],[-18,-2]],[[5174,7329],[-70,10]],[[5174,7329],[-57,-8]],[[5117,7321],[-41,-13]],[[5076,7308],[-8,29]],[[5129,7296],[-43,-8],[-10,20]],[[5117,7321],[4,-6]],[[5121,7315],[15,-19]],[[5136,7296],[-7,0]],[[5162,7300],[-26,-4]],[[5121,7315],[30,0],[11,-15]],[[5327,7322],[-20,-5],[-8,-13],[-26,-6]],[[5273,7298],[-68,7],[-13,26]],[[5291,7285],[-29,2]],[[5262,7287],[11,11]],[[5262,7287],[-62,4],[-38,9]],[[6357,7155],[-103,32]],[[6324,7199],[147,-51]],[[5235,7279],[-50,3],[-7,-3]],[[5178,7279],[-49,17]],[[5229,7264],[-29,3]],[[5200,7267],[-20,3],[-2,9]],[[5224,7232],[-35,1]],[[5189,7233],[11,34]],[[5333,7034],[-20,3],[-83,-11],[-15,8],[-16,-2],[-51,6],[-7,4],[22,16],[-2,17],[-13,11],[9,26],[-21,10],[-19,25],[-4,27],[-17,31],[-20,6],[47,5],[66,17]],[[6502,7159],[-119,49]],[[6860,7278],[2,-5]],[[6973,7191],[-2,-8]],[[6961,7180],[0,-5],[-49,-3],[-25,5]],[[6682,7051],[0,2]],[[6657,7085],[21,-1]],[[6211,7145],[-5,0]],[[6206,7145],[-15,1],[-34,14],[-5,21]],[[6231,7184],[70,-21],[-29,-14],[37,-11]],[[6741,7162],[24,-18]],[[6765,7144],[-8,-2]],[[6757,7142],[-19,-4],[-11,-11],[-8,12],[-22,-24],[-52,-10]],[[6700,7175],[41,-13]],[[6801,7169],[-26,-7],[-34,0]],[[6773,7189],[8,-20],[20,0]],[[6757,7142],[10,-16],[20,4]],[[6765,7144],[1,-1]],[[6276,7091],[-10,10],[34,18]],[[6329,7096],[-28,-6],[-25,1]],[[6704,6877],[-29,-12],[-44,-1],[-20,-6]],[[6495,6944],[-52,8],[-9,8],[25,13],[80,2],[7,8],[-20,11],[-42,-2],[-45,3],[-26,-2],[-26,8],[4,24],[-49,30],[13,13],[-25,1]],[[6330,7069],[-26,9],[24,1],[1,17]],[[6117,7140],[23,-8]],[[6276,7091],[-31,7],[-23,-5],[-13,-11]],[[6209,7082],[-14,17]],[[6195,7099],[3,26]],[[6198,7125],[8,20]],[[6330,7069],[0,-6]],[[6278,7069],[-42,5],[-16,-3]],[[6220,7071],[-11,11]],[[6274,7056],[-41,0]],[[6229,7061],[-9,10]],[[6320,7046],[-6,-8]],[[6314,7038],[-64,-1]],[[6314,7038],[-10,-12],[-42,-2]],[[6027,7187],[11,3]],[[6038,7190],[35,-10],[34,-3],[45,4]],[[6038,7190],[-31,8]],[[6007,7198],[49,28],[-43,11]],[[6013,7237],[3,4],[-59,-2],[9,-20],[-4,-10]],[[5962,7209],[-4,1]],[[5958,7210],[-2,46]],[[5980,7205],[-9,2]],[[5971,7207],[-9,2]],[[6013,7237],[-17,-9],[18,-4],[-34,-19]],[[6007,7198],[-27,7]],[[7141,6893],[25,-14]],[[7166,6879],[-16,-14]],[[7150,6865],[-13,-1]],[[6139,7085],[56,14]],[[6380,6885],[-11,4]],[[6369,6889],[-19,8]],[[6035,6817],[4,-12],[-29,-4],[-23,3]],[[5987,6804],[0,15]],[[6121,6831],[-2,-3]],[[6119,6828],[-41,3],[-6,-7],[-17,2]],[[6188,6868],[4,-6],[-21,-16]],[[6171,6846],[-24,-11],[-18,4]],[[6830,6756],[-102,0]],[[6698,6769],[-18,15],[5,25],[19,6],[12,12]],[[6833,6843],[8,-6],[6,-22]],[[6854,6790],[8,-7],[-2,-15]],[[6212,6882],[38,-4],[-20,-32],[10,-2]],[[6240,6844],[-15,-11]],[[6225,6833],[-20,-14],[-1,19],[-33,8]],[[6305,6865],[-28,4],[-37,-25]],[[6293,6888],[17,-11],[-37,-1],[32,-11]],[[5987,6804],[-30,2],[-30,-10],[8,9]],[[5935,6805],[-7,18],[-12,3]],[[5916,6826],[-9,13],[-20,11]],[[5827,6841],[-28,-5]],[[5799,6836],[-33,-4],[1,5],[-42,-1]],[[5725,6836],[-1,12]],[[5724,6848],[4,7]],[[5728,6855],[38,0],[-2,7]],[[5764,6862],[37,-6],[11,-14],[15,-1]],[[6829,6737],[-37,-6]],[[6792,6731],[-8,8],[-18,-4]],[[6834,6715],[-4,-16],[-30,20],[5,10],[-13,2]],[[6885,6736],[-42,-9],[-9,-12]],[[6834,6715],[14,-11],[-1,-16]],[[5790,6920],[-35,-4],[-18,-6]],[[5737,6910],[-15,1],[-2,11],[27,5],[-4,8]],[[5770,6908],[-34,0]],[[5736,6908],[1,2]],[[5769,6881],[-9,0]],[[5760,6881],[-2,1]],[[5758,6882],[-22,5]],[[5736,6887],[0,21]],[[5916,6826],[-18,-6],[-87,5],[-12,11]],[[5827,6841],[40,6],[-4,14]],[[5935,6805],[-30,1],[-11,-10]],[[5894,6796],[-20,-4]],[[5874,6792],[-10,10],[-41,-1],[7,14],[-45,-5],[-8,7],[-44,10],[-7,-6]],[[5726,6821],[0,1]],[[5726,6822],[-1,14]],[[5736,6887],[-32,-7],[-28,8]],[[5676,6888],[-30,4],[7,8],[37,-3],[1,12],[-31,-2],[-5,15]],[[5655,6922],[16,16]],[[5764,6862],[-4,19]],[[6959,6541],[-48,3],[-27,10]],[[6959,6570],[14,-23],[-14,-6]],[[7019,6541],[-60,0]],[[7060,7012],[7,12],[21,-6]],[[7088,7018],[21,-8],[1,-11]],[[7065,6424],[-31,7],[-14,-2]],[[7068,6453],[-7,-8],[4,-21]],[[6602,6709],[-36,16],[-21,17]],[[6545,6742],[27,5],[-4,24],[17,35],[-2,19]],[[7150,6977],[-19,20],[-32,22]],[[7099,7019],[3,12],[-42,3],[-20,-4]],[[7040,7030],[-6,1]],[[7126,7048],[-7,-23],[16,-30],[27,1],[8,-9],[-14,-2],[23,-19],[-29,11]],[[7013,7137],[32,7]],[[6989,7039],[-45,-2],[-43,-10],[-66,-1],[-5,4]],[[7099,7019],[-11,-1]],[[7150,6977],[8,-7]],[[5942,7191],[29,16]],[[5954,7211],[4,-1]],[[7172,6880],[-6,-1]],[[7162,6818],[28,-13],[37,1],[-14,-8],[2,-9],[-23,10],[-14,-2],[34,-10],[11,-10],[-27,8],[-26,4],[-57,14],[-32,10]],[[7081,6813],[-25,6],[-26,-1],[-30,-8],[-28,5],[-12,16]],[[7081,6813],[-14,-5],[-22,8],[-16,-2],[15,-14],[32,-15],[25,-20],[49,-19],[-30,5],[-38,11]],[[7082,6762],[-37,14]],[[6648,6671],[-4,12],[-30,2]],[[6614,6685],[-45,1]],[[6569,6686],[-45,16],[-51,25],[72,15]],[[7082,6762],[5,-15],[-35,0],[-7,-16],[36,-30],[-2,-6],[18,-10],[39,-12],[36,7],[25,-1],[11,-15],[-8,-5],[2,-20],[-35,-7],[-37,1],[-57,-12]],[[6630,6645],[-41,8],[19,14],[6,18]],[[6771,6492],[-59,7],[16,20],[21,4],[-42,10]],[[6707,6533],[6,0]],[[6707,6533],[-11,-1],[-33,-15],[-79,-2]],[[6584,6515],[-5,-9],[-56,-6]],[[6523,6500],[-4,7],[-25,14],[46,13],[-4,22],[-18,28],[7,7]],[[6525,6591],[8,14],[30,21],[4,24],[-14,12],[1,10],[15,14]],[[6774,6488],[-190,27]],[[7283,6319],[-18,-6]],[[7265,6313],[-24,3]],[[7241,6316],[-12,18]],[[7280,6340],[28,-5]],[[7379,6571],[-1,-26]],[[7315,6557],[-14,2],[2,-13],[-34,-6]],[[7269,6540],[1,5]],[[7270,6545],[1,22]],[[7288,6576],[25,-5],[66,4],[0,-4]],[[7270,6545],[-85,-18]],[[7269,6540],[-3,-16]],[[7332,6533],[-8,-11],[-32,-4]],[[7292,6518],[-25,-4]],[[7319,6502],[-14,-7]],[[7305,6495],[13,-17],[-12,-1]],[[7306,6477],[-56,11],[4,7]],[[7292,6518],[27,-16]],[[7388,6465],[-45,5],[-35,1]],[[7308,6471],[-2,6]],[[7305,6495],[34,2],[21,-9],[7,-15],[21,-8]],[[7281,6377],[-20,-6]],[[7214,6353],[-17,-3]],[[7250,6392],[31,-15]],[[7319,6502],[30,2],[6,-15],[8,5],[40,1],[29,-5],[5,-6],[-20,-13],[-29,-6]],[[7308,6471],[0,-10]],[[7308,6461],[-75,5]],[[7265,6433],[-44,3]],[[7308,6461],[-5,-12],[-24,3],[-14,-19]],[[7265,6433],[22,-10],[-24,-20],[-31,1]],[[7083,6404],[-30,6]],[[7053,6410],[12,14]],[[7165,6346],[32,-25]],[[7197,6321],[-100,13],[-17,4]],[[7080,6338],[13,9],[65,-3],[7,2]],[[7241,6316],[-9,1]],[[7232,6317],[-35,4]],[[7165,6346],[0,0]],[[7354,6377],[14,-1],[20,-15],[0,-14]],[[7281,6377],[5,4]],[[7286,6381],[10,-8],[36,-3],[22,7]],[[7380,6339],[-8,-4],[5,-17],[-72,-11],[-40,6]],[[7286,6381],[27,-1],[-11,6],[28,21],[20,-14],[4,-16]],[[7232,6317],[-12,-18],[-24,3],[-2,-8],[-32,4],[34,19],[-31,1],[-28,-5],[8,13],[-38,-14],[-37,8],[-10,-3],[-17,11],[32,4],[5,6]],[[6994,6308],[-24,-1],[-14,14],[-2,14],[47,5],[-24,-18],[17,-14]],[[7053,6410],[-28,-8]],[[7025,6402],[-4,13]],[[6874,6375],[70,-4],[10,-6]],[[6954,6365],[-18,-6],[-7,-15],[-46,-8],[-27,2]],[[7025,6402],[-26,-9],[-6,-18],[45,-21],[-35,-10],[-49,21]],[[6763,6417],[-84,1]],[[6679,6418],[16,15],[-28,23],[39,4],[10,11],[-25,10],[-10,11],[-52,-8],[-69,8],[-21,-4],[-16,12]],[[6755,6405],[-2,-21]],[[6753,6384],[-6,-8]],[[6747,6376],[-28,6],[-22,-4]],[[6697,6378],[-18,-4],[-49,5],[3,8],[26,6],[8,17],[-13,12]],[[6654,6422],[25,-4]],[[5460,6962],[-24,-8]],[[5374,6935],[-34,-10],[5,-4]],[[5345,6921],[8,-7]],[[5353,6914],[-36,-5]],[[5317,6909],[-31,-5]],[[5230,6925],[-7,4],[74,14],[5,-5],[40,11],[11,18],[28,13],[-5,-10],[23,9],[12,15],[42,3],[2,4]],[[5815,6791],[12,-8],[-10,-12],[21,-10],[-5,-5]],[[5833,6756],[-49,4],[-63,2],[21,32]],[[5742,6794],[73,-3]],[[5473,6917],[-13,13],[-80,-3],[-35,-6]],[[5521,6946],[-14,-7],[-13,-17],[-21,-5]],[[5598,6943],[-63,-33],[-18,-4]],[[5517,6906],[0,1]],[[5517,6907],[-44,10]],[[5655,6922],[-21,-10],[-20,-20]],[[5614,6892],[-1,-2]],[[5613,6890],[-14,-8]],[[5599,6882],[-25,-1],[-22,13],[-35,12]],[[6806,6369],[-4,7],[-49,8]],[[6822,6338],[-23,4],[-42,-2]],[[6757,6340],[16,18],[-36,6]],[[6737,6364],[10,12]],[[6757,6340],[-26,1],[-18,-5]],[[6713,6336],[24,28]],[[5374,6861],[1,-4]],[[5375,6857],[-79,-3],[-31,-6],[-18,9],[-1,20]],[[5246,6877],[53,-2],[13,8]],[[5312,6883],[47,-2],[15,-20]],[[6867,7169],[-17,-8],[26,-13],[-11,-3]],[[6865,7145],[-17,14],[-39,3],[-8,7]],[[6876,7179],[-9,-10]],[[7035,7146],[-41,-3],[-30,2],[-97,24]],[[6938,7135],[-40,-8]],[[6878,7142],[-13,3]],[[7287,6859],[-20,-7],[6,-10]],[[7273,6842],[-23,9],[-34,5]],[[7216,6856],[-7,4]],[[7231,6865],[21,7]],[[7252,6872],[35,-13]],[[6487,6132],[-25,9],[-38,20],[-51,17]],[[6373,6178],[54,22],[10,18],[38,-12],[16,-2],[34,22],[49,17],[28,3],[6,10],[16,3],[15,17],[23,7],[12,18],[29,15],[-17,14],[-2,18],[37,26],[-24,4]],[[6713,6336],[7,-15],[-3,-15]],[[6717,6306],[-33,-25],[5,-21],[-41,-42],[10,-28],[-15,-8],[-128,-38],[-28,-12]],[[5388,6874],[-14,-13]],[[5312,6883],[-13,1],[18,25]],[[5353,6914],[7,-11]],[[5360,6903],[8,-13]],[[5368,6890],[20,-16]],[[6487,6132],[-2,-18]],[[6485,6114],[-12,-10],[24,-3],[22,-10],[-11,-6],[-28,9],[-22,-23],[-38,9],[24,10],[-45,18],[23,7],[-25,32],[-40,17],[16,14]],[[7171,6941],[31,-22],[-7,-1]],[[7282,6894],[-2,-14],[-24,6]],[[7234,6882],[18,-10]],[[7216,6856],[-40,3],[-4,-7],[-22,13]],[[7326,6864],[-39,-5]],[[7364,6833],[-12,-15],[-14,0],[-25,22],[-19,-5],[-21,7]],[[7431,6574],[-18,4],[-34,-7]],[[5500,6867],[-12,-1]],[[5488,6866],[-62,-8]],[[5426,6858],[2,18]],[[5428,6876],[22,2]],[[5450,6878],[8,-2],[51,3],[-9,-12]],[[5425,6847],[1,11]],[[5488,6866],[-16,-19],[-48,-5]],[[5599,6882],[-21,-8]],[[5578,6874],[-37,-11],[-22,4],[-7,-6]],[[5512,6861],[-12,6]],[[5450,6878],[19,5],[48,24]],[[5532,6843],[-20,18]],[[5578,6874],[39,-35],[-24,-9]],[[5246,6877],[-29,-1],[-50,-27],[-19,11],[43,19],[55,-1],[-6,11],[11,7]],[[5473,6917],[-9,-10]],[[5464,6907],[-104,-4]],[[6525,6591],[-33,0],[-35,-8],[-32,1],[-12,-6],[-45,-4],[26,8],[-3,8]],[[6391,6590],[6,16],[-9,15],[-2,18],[14,16],[-9,26],[-21,29],[2,15],[-16,28],[-54,28],[14,32],[-5,5],[-86,15]],[[6305,6865],[33,-9],[8,18],[23,15]],[[5464,6907],[-21,-16],[-75,-1]],[[5428,6876],[-40,-2]],[[5379,6847],[-4,10]],[[6654,6422],[-29,11],[-38,-3],[-5,7],[57,6],[-2,7],[-23,-3],[-57,0],[-28,-20],[-22,-32],[-19,-9],[-24,1],[-17,8],[-23,-2],[-37,-17],[-16,-15],[-24,-10],[-95,-9],[-86,17],[-58,-7],[-68,6],[26,21],[56,-2],[-3,17],[20,7],[-24,8],[-9,-8],[-148,-3],[-3,25],[14,12],[-16,35],[211,41],[22,4],[7,7],[48,24],[41,11],[38,4],[-5,14],[-56,0],[5,44],[65,-15],[20,-12],[29,-6],[13,4]],[[5975,6557],[1,2]],[[5990,6581],[19,-4],[-16,-9],[57,3],[36,-8],[-4,-19],[-65,-9]],[[5955,6522],[-37,20],[-28,6],[26,16]],[[5510,6822],[-32,-5]],[[5676,6888],[-55,3]],[[5621,6891],[-7,1]],[[5758,6882],[-9,-8]],[[5749,6874],[-42,1],[-16,-3]],[[5691,6872],[-48,1],[-22,18]],[[5728,6855],[21,19]],[[5724,6848],[-22,-1]],[[5702,6847],[-11,25]],[[5702,6847],[-14,0],[1,-11],[-24,0]],[[5665,6836],[6,10],[-24,15],[-6,11],[-28,18]],[[5726,6822],[-26,-1],[-26,6],[-9,9]],[[5874,6792],[-32,-4]],[[5842,6788],[-6,9],[-21,-6]],[[5742,6794],[-44,4],[28,23]],[[5930,6757],[-33,-12]],[[5897,6745],[-23,-4],[-27,5],[-14,10]],[[5842,6788],[23,-4],[1,-10],[64,-17]],[[5961,6762],[-31,-5]],[[5894,6796],[60,-10],[-10,-19],[17,-5]],[[6032,6763],[-39,2],[-32,-3]],[[6119,6828],[-13,-9],[1,-24],[-7,-6],[-56,-19],[-12,-7]],[[6032,6763],[8,-4],[-32,-18],[-8,-14],[-24,-8],[-62,-7],[-29,9],[46,17],[-34,7]],[[8335,7566],[20,-9],[33,-9],[-3,-7],[-41,-4],[-14,-6],[-30,-2]],[[8300,7529],[-29,-8],[-10,18],[-38,-10]],[[8223,7529],[-36,11],[-35,-9],[-23,10]],[[8223,7529],[-17,-17]],[[8206,7512],[-41,-3],[-15,-11],[-5,17],[-41,10]],[[8206,7512],[-2,-1]],[[8204,7511],[-44,-4],[-38,-24],[-62,14]],[[8300,7529],[32,-11],[9,-12],[-9,-5],[-42,-8],[-26,-12]],[[8264,7481],[-57,-22],[7,-10],[-18,-4],[-33,4],[-10,-3],[-33,15]],[[8107,7463],[35,-2],[20,22],[-9,6],[17,17],[34,5]],[[8247,7385],[-1,5],[-32,2],[-24,10]],[[8264,7481],[-8,-13],[-20,-9],[25,-13],[-12,-5],[24,-20],[4,-13],[18,-1],[-27,-25],[-21,3]],[[8113,7377],[-24,-11]],[[8056,7387],[8,21],[-10,13]],[[8055,7423],[75,-4]],[[8158,7415],[-23,2]],[[8247,7385],[-16,-7],[-3,-13],[-13,-10],[-20,0]],[[8195,7355],[-30,23]],[[8195,7355],[-3,-8],[-19,-4]],[[8127,7321],[-17,-11],[16,0],[2,-9],[-23,-6]],[[8082,7296],[12,4],[-1,17],[-22,6],[-34,-1]],[[7495,7680],[68,-23]],[[6784,8768],[25,-14]],[[6652,7671],[-16,-3]],[[6636,7668],[-31,20],[-12,36]],[[6593,7724],[33,3],[-7,33]],[[6593,7724],[-5,17],[-17,8]],[[6571,7749],[-20,16]],[[6551,7765],[-8,26]],[[6543,7791],[-1,5]],[[6542,7796],[49,-6],[25,-7]],[[6542,7796],[10,44]],[[6552,7840],[101,-2]],[[6653,7838],[0,0]],[[6777,7831],[96,-3]],[[6659,7657],[-23,11]],[[6764,7672],[-105,-15]],[[6743,7598],[-9,8]],[[6734,7606],[-30,24]],[[6704,7630],[84,15]],[[6762,7611],[-19,-13]],[[6704,7630],[-14,12],[-31,15]],[[6734,7606],[-5,-2]],[[6634,7617],[70,13]],[[6585,7646],[74,11]],[[6756,7587],[-13,11]],[[6958,7512],[-18,4]],[[6940,7516],[-44,8]],[[6896,7524],[-13,2]],[[6990,7544],[-25,-12],[18,-6],[-25,-14]],[[6996,7506],[-38,6]],[[6586,7463],[13,30]],[[5832,7485],[18,10],[21,1],[27,-7],[-5,8],[-54,21],[-2,8]],[[6860,7506],[-37,12]],[[6788,7530],[30,15]],[[6896,7524],[-36,-18]],[[6883,7498],[-23,8]],[[6940,7516],[-31,-17],[-26,-1]],[[6900,7489],[-17,9]],[[6790,7563],[-14,4],[-33,-24]],[[6545,7841],[7,-1]],[[6543,7791],[-39,1]],[[6486,7843],[59,-2]],[[6299,7850],[27,-1]],[[6571,7749],[-9,-10],[-96,0]],[[6523,7766],[28,-1]],[[6593,7724],[-26,-1]],[[5075,8011],[-27,20],[-21,5]],[[5027,8036],[61,28]],[[5088,8064],[19,-13]],[[5672,7821],[-81,5]],[[5751,7891],[0,-18],[19,-7]],[[5166,7785],[40,20],[34,10],[20,1]],[[5254,7775],[-39,-11]],[[4674,7886],[-14,9]],[[4660,7895],[-2,1]],[[4658,7896],[88,20]],[[4762,7905],[-88,-19]],[[5409,7576],[-29,-2]],[[5380,7574],[6,9]],[[5468,7587],[-59,-11]],[[5380,7574],[-13,-8]],[[5367,7566],[-24,-1]],[[5343,7565],[-43,-3],[-36,2]],[[5264,7564],[2,6]],[[5713,7564],[-11,11],[-56,11]],[[5799,7577],[-23,-1],[-8,-16],[39,-8],[12,-10]],[[4620,7921],[-16,11]],[[4604,7932],[-12,8]],[[4592,7940],[88,19]],[[4680,7959],[27,-18]],[[4707,7941],[-87,-20]],[[4643,7906],[-23,15]],[[4707,7941],[14,-9]],[[4731,7926],[-88,-20]],[[4658,7896],[-15,10]],[[4708,7863],[-34,23]],[[4795,7883],[-87,-20]],[[4734,7846],[-24,16]],[[4710,7862],[-2,1]],[[4757,7850],[-23,-4]],[[4840,7819],[-87,-13]],[[4731,7834],[3,12]],[[4623,7996],[-85,-20]],[[4538,7976],[-18,12],[20,4],[-36,7]],[[4504,7999],[-8,6],[-42,5],[-15,6],[7,9],[43,19],[48,8]],[[4537,8052],[86,-56]],[[4592,7940],[-5,3]],[[4587,7943],[-23,15]],[[4564,7958],[88,20]],[[4652,7978],[28,-19]],[[4564,7958],[-26,18]],[[4623,7996],[29,-18]],[[4876,7676],[-1,0]],[[4875,7676],[-1,14],[-29,-5],[-35,27]],[[4810,7712],[22,6]],[[4832,7718],[37,3],[10,-16],[30,-17]],[[4875,7676],[-30,-11],[-71,14]],[[4774,7679],[-34,3],[11,18]],[[4751,7700],[-1,9]],[[4750,7709],[58,4]],[[4808,7713],[2,-1]],[[4927,7729],[3,-25],[10,-8]],[[4832,7718],[54,13],[1,3]],[[4887,7734],[40,-5]],[[4828,7503],[-53,5]],[[4775,7508],[6,14]],[[4781,7522],[1,2]],[[4847,7540],[-19,-37]],[[4873,7499],[-45,4]],[[5169,7584],[13,-17]],[[5182,7567],[-18,-8],[-41,-9],[-21,-1],[27,-23]],[[5063,7591],[51,7]],[[5114,7598],[-9,-9],[19,-8],[45,3]],[[4967,7492],[-31,3]],[[4940,7696],[35,1],[32,-7],[17,-11]],[[5024,7679],[-41,-9],[-59,1],[19,-16]],[[5092,7617],[52,18]],[[5144,7635],[2,-8],[-16,-9]],[[5130,7618],[14,-16]],[[5144,7602],[-30,-4]],[[5073,7634],[42,14]],[[5115,7648],[0,0]],[[5115,7648],[29,-13]],[[5040,7667],[51,-11]],[[5091,7656],[24,-8]],[[5024,7679],[16,-12]],[[5181,7496],[12,19],[41,-5],[-16,-16]],[[4689,7607],[5,11],[-17,3],[-5,14]],[[4672,7635],[60,-2]],[[5343,7565],[32,-8],[-31,-5],[-2,-15],[14,-5],[-42,-42]],[[5182,7567],[49,-4],[33,1]],[[5426,7525],[-12,-38]],[[5367,7566],[76,-20]],[[5409,7576],[50,-18]],[[5469,7588],[21,-5]],[[5561,7526],[-2,-11],[8,-28]],[[5137,7702],[-97,-35]],[[4927,7729],[13,1]],[[5088,8064],[-29,20]],[[5059,8084],[78,20]],[[5137,8104],[36,-17]],[[5135,8078],[-23,-7]],[[5112,8071],[-24,-7]],[[5162,7693],[15,-6],[-86,-31]],[[5139,7656],[-24,-8]],[[5153,7599],[-9,3]],[[5130,7618],[23,3],[31,11]],[[5219,7628],[-61,-14],[8,-6],[-13,-9]],[[5201,7607],[-48,-8]],[[4726,7526],[-47,4],[-6,-13]],[[4673,7517],[-2,5]],[[4715,7560],[11,-34]],[[4589,7812],[-48,-9]],[[4541,7803],[-12,13]],[[4529,7816],[106,20],[27,1],[18,-11]],[[4541,7803],[5,-8]],[[4546,7795],[-101,-15],[-8,2]],[[4382,7791],[-13,14]],[[4369,7805],[147,24]],[[4516,7829],[13,-13]],[[5239,8053],[90,-47]],[[5329,8006],[2,-1]],[[5331,8005],[-43,-12]],[[4479,7738],[-3,-3]],[[4476,7735],[-32,-9],[0,-12],[-49,-9]],[[4395,7705],[-6,11],[-14,-2],[-37,33]],[[4338,7747],[-1,3]],[[4808,7713],[-18,18]],[[4821,7737],[28,21]],[[4849,7758],[22,-13]],[[4871,7745],[16,-11]],[[4664,7730],[-33,-15],[-12,-1]],[[4619,7714],[-41,14],[11,9],[-28,-1],[-5,-14]],[[4556,7722],[4,-8],[-31,0]],[[4529,7714],[-32,3],[-21,18]],[[4550,7744],[64,4]],[[4614,7748],[18,3]],[[4632,7751],[32,-21]],[[4492,7774],[49,-2],[23,3]],[[4564,7775],[2,0]],[[4566,7775],[11,-13],[37,-14]],[[4705,7761],[-73,-10]],[[4566,7775],[52,10]],[[4618,7785],[23,-12],[51,0]],[[4775,7508],[-102,9]],[[4726,7526],[55,-4]],[[4750,7709],[15,12],[-37,5],[-32,-7],[-32,11]],[[4820,7774],[-31,-4]],[[4753,7806],[0,-3],[67,-29]],[[5618,7968],[52,19]],[[5670,7987],[47,-28]],[[5717,7959],[1,0]],[[4820,7774],[46,0]],[[4866,7774],[-17,-16]],[[4546,7795],[18,-20]],[[4395,7705],[-19,-10],[2,-14],[-33,1]],[[4345,7682],[-13,22],[-28,-2],[-12,-15],[-24,3],[4,10],[-14,2],[-50,-14]],[[4208,7688],[-23,2],[-8,10],[15,13]],[[4192,7713],[7,-4],[32,5],[51,3],[12,5],[-15,7],[16,7]],[[4295,7736],[-2,5],[45,6]],[[4516,7829],[105,18]],[[4621,7847],[59,8],[30,7]],[[4331,7842],[38,-37]],[[4305,7778],[-97,-15]],[[4208,7763],[-55,-10],[-32,-3]],[[4121,7750],[-10,6],[-2,-35],[-99,3],[-1,-3]],[[4009,7721],[-36,-5],[-3,14],[-46,-2],[1,6],[24,4],[-9,8],[-40,6],[12,5],[31,-1],[12,16],[-17,12],[-31,0],[-26,7],[-6,16],[30,21],[-5,14],[35,9],[24,-1],[83,-8],[32,5],[7,15],[-40,30],[56,0],[76,6],[77,16]],[[4250,7914],[15,-14]],[[4265,7900],[39,-32],[27,-26]],[[4573,7554],[-10,1]],[[4563,7555],[-49,5],[-9,21]],[[4673,7517],[-98,9]],[[4575,7526],[-12,29]],[[4575,7526],[-165,14],[-7,-13],[-96,45]],[[4307,7572],[26,9]],[[5616,8010],[54,-23]],[[4345,7682],[-15,-7],[-5,-17]],[[4325,7658],[-20,-3],[-42,5],[-43,11]],[[4220,7671],[-12,17]],[[4751,7700],[-26,-5],[-29,-11],[-44,2],[7,-19]],[[4589,7670],[7,1],[-10,21],[16,1],[17,21]],[[4584,7670],[-2,17],[-29,2],[17,28],[-14,5]],[[4513,7670],[12,23],[4,21]],[[4220,7671],[-17,-3],[-50,-21]],[[4153,7647],[-108,50]],[[4045,7697],[13,11],[27,-5],[8,4],[44,-4],[22,13]],[[4159,7716],[33,-3]],[[5942,7861],[35,2],[60,-2]],[[6037,7861],[-12,-48]],[[6037,7861],[24,-1]],[[6061,7860],[33,-1]],[[6094,7859],[-11,-46]],[[6094,7859],[25,-1]],[[6119,7858],[115,-5]],[[5150,8048],[-38,23]],[[4774,7679],[2,-7]],[[5711,7560],[2,-10],[-38,-2],[-31,6],[2,-26]],[[5646,7528],[-85,-2]],[[5618,7493],[-5,-5]],[[5781,7517],[14,-26]],[[5231,7898],[-27,20]],[[5350,7977],[22,6]],[[5372,7983],[20,-10]],[[5392,7973],[23,-13]],[[5331,8005],[30,-16]],[[5361,7989],[11,-6]],[[5219,7593],[-50,-9]],[[5027,8036],[8,9],[-19,11]],[[5016,8056],[43,28]],[[4932,8011],[115,-95],[26,-20]],[[4841,7990],[31,8],[-71,5],[-28,-7],[43,22],[82,-7],[34,0]],[[4924,8028],[-6,-6],[14,-11]],[[4537,8052],[66,13],[26,9],[21,14],[30,26],[42,1],[19,-2],[137,-36],[25,0],[46,13],[22,-7],[-21,-19],[-41,-28],[15,-8]],[[5392,7973],[43,13]],[[5445,8016],[-37,20]],[[5408,8036],[101,19]],[[5509,8055],[28,-12]],[[5537,8043],[-16,-2],[-76,-25]],[[5165,7784],[-11,12],[-9,36],[-12,13]],[[4924,8028],[29,5],[47,15],[16,8]],[[6045,7977],[-59,-37]],[[5942,7931],[-31,-4]],[[5822,7917],[-24,-9]],[[5717,7959],[21,9],[64,21]],[[5862,8009],[65,-28],[5,-12],[24,-4],[15,9],[-16,5],[24,14]],[[6070,8013],[22,-9]],[[5073,7799],[66,21],[-3,9],[-15,-5],[-12,6],[5,10]],[[6282,8159],[-32,-15]],[[6250,8144],[-45,-13]],[[5902,8138],[-22,5],[1,17],[-40,0],[-52,8],[-1,3]],[[5810,8208],[57,2],[98,-21],[75,-7],[53,33]],[[6196,8197],[86,-38]],[[4871,7745],[43,6]],[[4866,7774],[15,10]],[[4587,7943],[-75,-17]],[[4512,7926],[-12,9],[-141,-27],[-6,5],[-88,-13]],[[4250,7914],[-6,5],[-48,-10],[-9,7],[52,12],[-34,33],[92,-1],[40,3],[33,13],[-6,14],[-34,21],[-1,11],[39,1],[91,-25],[23,-4],[22,5]],[[4551,7899],[24,-18]],[[4575,7881],[-244,-39]],[[4512,7926],[39,-27]],[[5537,8043],[29,-12]],[[6881,8749],[-14,8],[22,6],[-30,19],[-23,-6],[-7,5]],[[6829,8781],[57,14],[16,-1],[77,19]],[[6979,8813],[-20,-12]],[[4604,7932],[-39,-12],[17,-11],[35,4],[-66,-14]],[[4660,7895],[-85,-14]],[[4621,7847],[-46,34]],[[4325,7658],[23,-2],[41,-15]],[[4389,7641],[-128,-46]],[[4261,7595],[-108,52]],[[5395,8000],[4,7],[-27,12],[-43,-13]],[[5173,8087],[88,13]],[[5261,8100],[147,-64]],[[5397,8000],[-36,-11]],[[5509,8055],[-12,4]],[[5497,8059],[70,15],[21,-11]],[[5261,8100],[57,4],[56,1],[14,4]],[[5388,8109],[61,-25],[7,-7],[41,-18]],[[5388,8109],[19,3],[49,-3],[20,2],[95,22]],[[5571,8133],[6,-1],[83,-51]],[[5706,8166],[21,-23],[45,-17]],[[5571,8133],[-38,24]],[[5533,8157],[6,10]],[[5539,8167],[89,-13]],[[5539,8167],[-1,16],[10,14],[19,3],[33,-4]],[[5137,8104],[21,5],[32,-2],[25,4],[18,10],[52,15],[38,-1],[38,-8],[58,3],[16,14],[7,19],[23,0],[37,-12],[31,6]],[[7878,8151],[-15,-5],[-67,-59]],[[4121,7750],[38,-34]],[[4045,7697],[-21,2],[-15,22]],[[4208,7763],[5,-41],[82,14]],[[7891,8149],[-13,2]],[[7669,8231],[21,12]],[[7870,8081],[-68,5]],[[7870,8081],[-14,-66]],[[7841,7936],[-8,-41]],[[7288,8088],[37,20],[-66,18],[-17,-9],[-16,4]],[[7226,8121],[28,15]],[[7214,8116],[12,5]],[[7939,8316],[-8,27]],[[7949,8225],[-16,1],[-14,26]],[[7919,8252],[-1,21]],[[7919,8252],[-31,9],[-8,-3]],[[7656,8352],[36,19]],[[8203,8605],[-1,-8],[-54,-19]],[[8093,8589],[-8,10]],[[8085,8599],[53,8],[13,-3],[35,10],[17,-9]],[[8140,8540],[-10,7]],[[8203,8605],[26,-28],[0,-8]],[[8158,8494],[-53,9],[12,13],[-17,2]],[[8079,8611],[6,-12]],[[7790,8624],[-8,10]],[[7782,8634],[68,-11],[21,2],[14,-7],[54,-7],[24,2],[48,-5],[68,3]],[[7176,8099],[-157,94]],[[7019,8193],[-9,6]],[[7010,8199],[20,7]],[[7164,8253],[73,26],[8,-1]],[[7107,8276],[42,15],[-27,10]],[[7148,8312],[97,-34]],[[7010,8199],[-60,35]],[[7290,8302],[-73,20],[11,6],[-38,11]],[[7202,8345],[111,-30]],[[7266,8288],[-102,34]],[[7355,8337],[-12,4],[24,13],[-33,10],[-26,-14],[5,12],[-50,15]],[[7263,8377],[24,12]],[[7342,8330],[-57,16],[5,3],[-54,14]],[[7236,8363],[23,12]],[[7259,8375],[4,2]],[[7226,8358],[10,5]],[[7549,8606],[49,1]],[[7598,8607],[5,-24]],[[7603,8583],[-43,-30],[-20,-5]],[[7543,8641],[17,7],[8,13]],[[7568,8661],[31,-8],[4,-17],[-5,-29]],[[7603,8583],[42,-15],[30,-15]],[[7259,8375],[-97,33],[14,7],[-17,6]],[[6905,8261],[-28,17]],[[6877,8278],[-93,56]],[[6784,8334],[-88,53],[-44,24],[-61,17]],[[6591,8428],[19,8]],[[6766,8468],[15,4],[73,-31],[28,-16]],[[7526,8686],[-41,-13],[-37,14],[-22,-10]],[[7421,8696],[30,17]],[[7451,8713],[11,-8],[54,-12],[10,-7]],[[7177,8746],[34,14]],[[7211,8760],[62,-24]],[[7526,8686],[25,-11],[17,-14]],[[7396,8752],[13,4]],[[7409,8756],[-2,-9],[33,-18],[11,-16]],[[7060,8736],[29,-11]],[[7089,8725],[-17,-7]],[[7072,8718],[-18,-7],[-22,-18],[30,-11]],[[7196,8822],[-23,-3],[21,-12],[-18,-7],[35,-14]],[[7211,8786],[-18,-7]],[[7193,8779],[-17,-6]],[[7176,8773],[-32,10],[-20,-17]],[[7142,8732],[-35,-13],[-18,6]],[[7098,8806],[45,17],[39,3],[14,-4]],[[7176,8773],[35,-13]],[[7283,8760],[-72,26]],[[7196,8822],[18,1]],[[7193,8779],[102,-38]],[[6702,8506],[24,9]],[[6591,8428],[-1,0]],[[6920,8558],[1,12],[11,10],[12,-2],[20,13]],[[6848,8583],[47,20]],[[6695,8552],[-54,14],[-3,4]],[[6638,8570],[20,14],[-16,12],[7,8],[-23,6]],[[6638,8570],[-6,1]],[[6632,8571],[-5,10]],[[6632,8571],[-16,-33],[-10,-6]],[[6371,8759],[-36,-15],[14,-3],[16,-14],[-27,-5]],[[6225,8753],[61,15],[9,5],[26,-10],[40,2],[10,-6]],[[6490,8874],[-15,-34]],[[6475,8840],[-48,5],[-40,21],[-16,-2],[9,-57],[-72,9],[-20,14],[-7,-10],[21,-17],[29,-7],[17,-9],[59,-9],[21,-10],[-57,-9]],[[5930,8862],[147,31],[69,8],[90,15],[18,-4],[17,-21],[17,-3],[72,9],[27,6],[22,12],[18,3],[32,-7],[-6,-16],[15,-19],[22,-2]],[[6443,8700],[20,-3],[22,5],[-25,2],[-14,14],[5,6]],[[6451,8724],[16,-16],[25,-4]],[[6537,8785],[-12,13],[-24,6],[-43,4],[17,32]],[[6490,8874],[36,18]],[[6526,8892],[59,-26]],[[6451,8724],[64,22]],[[6782,8769],[47,12]],[[6980,8861],[50,-9],[17,-14],[-60,-15],[-13,-8]],[[6974,8815],[-53,11]],[[6840,8866],[32,8]],[[6979,8813],[116,29],[-8,16],[62,7]],[[6974,8815],[5,-2]],[[6680,9011],[24,-3],[98,-32],[19,-12],[-26,-9],[16,-5],[33,-25],[26,-13],[52,-16],[-38,-12],[9,-4]],[[6526,8892],[25,8],[2,9],[-39,21],[-24,39],[39,7],[6,7],[-18,2]],[[6517,8985],[-3,13],[34,15],[42,1]],[[6590,9014],[90,-3]],[[7072,8718],[54,-20]],[[7059,7821],[13,0]],[[7072,7821],[118,-5]],[[7072,7821],[10,2],[167,83]],[[6877,8278],[-43,-10]],[[6726,8317],[58,17]],[[6724,8230],[44,-19]],[[6768,8211],[-30,-10],[-71,-9],[-20,1]],[[6814,8173],[-40,-17]],[[6768,8211],[6,-3]],[[6832,8225],[-34,-4],[68,-24]],[[6866,8197],[-32,-14]],[[6964,8099],[-75,46],[-10,18],[-45,19]],[[6866,8197],[66,30]],[[6932,8227],[18,7]],[[7019,8193],[-61,-15]],[[6662,7954],[-27,10]],[[6635,7964],[-19,16]],[[6538,8051],[-2,0]],[[6536,8051],[65,28]],[[7059,7821],[-27,11]],[[6536,8051],[-45,22],[-180,73],[-29,13]],[[6282,8159],[51,21],[100,49]],[[6932,8227],[-14,5]],[[6424,8286],[-9,-2],[35,-18],[-61,-19]],[[6389,8247],[-91,35]],[[6298,8282],[70,23],[12,0]],[[6380,8305],[44,-19]],[[6404,8241],[-15,6]],[[6424,8286],[73,-11],[38,1]],[[6346,8398],[-13,-5],[39,-15],[-16,-4]],[[6356,8374],[-40,14],[-36,-11]],[[6356,8374],[-21,-6]],[[6380,8305],[43,16]],[[6423,8321],[63,11],[-8,3],[41,17],[17,12],[-83,8],[0,20]],[[5942,7861],[3,17],[53,10]],[[5998,7888],[37,9]],[[6035,7897],[3,1]],[[6038,7898],[-1,-16],[27,-1],[-3,-21]],[[8193,8300],[11,-5]],[[6423,8321],[-38,22]],[[6298,8282],[-31,12]],[[5749,8267],[9,-14],[-36,-8],[-21,-1],[-36,12]],[[5665,8256],[-20,8],[-57,7],[40,26],[98,-14],[8,0],[15,-16]],[[8140,7835],[-26,9]],[[8114,7844],[8,16],[-23,11],[4,7]],[[5632,8192],[30,4],[-4,8],[-60,9],[-8,5],[18,19]],[[5608,8237],[57,19]],[[5749,8267],[79,9],[12,8]],[[5840,8284],[21,7]],[[5840,8284],[-27,29],[32,12]],[[5608,8237],[-19,4],[-70,0],[-60,9],[-66,6],[-46,6],[-43,37],[-2,18]],[[5615,8363],[41,1],[13,-6],[40,7],[3,-13],[-17,-5],[18,-7],[-1,-9],[21,3],[52,21]],[[6635,7964],[-14,-3]],[[6621,7961],[-21,12],[-42,-22],[-53,-18],[-63,-24]],[[6334,7876],[-93,4]],[[6241,7880],[5,18]],[[6246,7898],[4,7]],[[6621,7961],[-5,-18],[-28,-45],[-27,-27],[-9,-29],[-7,-1]],[[6234,7853],[7,27]],[[6766,7883],[-21,-14],[35,-13],[-40,-17],[-3,-5]],[[6653,7838],[61,55]],[[6119,7858],[1,2]],[[6154,7873],[44,-2],[7,28],[41,-1]],[[8253,8230],[39,24]],[[8292,8254],[17,-8]],[[6038,7898],[32,10]],[[5942,7861],[-36,9]],[[5906,7870],[10,2],[-29,12],[4,14]],[[5910,7902],[54,0],[34,-14]],[[5906,7870],[-55,18],[-53,20]],[[5982,7916],[53,-19]],[[6038,7927],[48,-13]],[[6061,7949],[-33,-19]],[[6486,8035],[-32,12],[-58,8],[-19,6]],[[6377,8061],[-30,22]],[[6347,8083],[-24,15],[-45,37],[-28,9]],[[6377,8061],[-31,-9]],[[6256,8073],[27,-7],[53,19],[11,-2]],[[8240,8278],[52,-24]],[[8058,7882],[-7,-17],[6,-12]],[[8114,7844],[-47,7]],[[8330,8296],[-41,3]],[[8394,8323],[-16,-35]],[[8357,7804],[26,6],[31,-18]],[[8414,7792],[54,-12],[-36,-6],[-31,-20],[-59,-19],[7,-9],[-9,-10]],[[8321,7818],[22,-14],[14,0]],[[8608,7973],[-32,4]],[[8595,7998],[25,-2],[-12,-23]],[[8608,7973],[-17,-12],[-17,2],[14,-11],[-1,-16],[-30,-5],[-20,-9]],[[8537,7922],[-15,9],[-34,5],[-26,13],[3,21],[-25,-4],[12,10],[-25,5],[25,4]],[[8500,7911],[-25,-11],[13,-3],[-4,-31]],[[8375,7928],[11,2],[76,-10],[38,-9]],[[8435,7822],[78,-7],[-14,-5],[-18,-17],[-34,8],[7,-11],[-40,2]],[[8357,7804],[-7,11],[14,-2],[26,10],[45,-1]],[[8691,8693],[118,-8],[-9,-50]],[[8479,7850],[-13,-12],[-1,-15],[-30,-1]],[[8537,7922],[-24,-13],[-13,2]],[[8687,8120],[13,9],[23,2]],[[8723,8131],[42,-12],[3,-14],[-33,3],[-22,8],[-32,-16],[8,-16],[-7,-8],[20,-5],[-9,-13]],[[8918,8255],[-74,2],[-3,-11],[14,-12],[0,-16],[-15,-2]],[[8791,8412],[71,55]],[[9039,8432],[-55,-47],[-15,-9]],[[8788,8192],[29,3],[9,-9],[-20,-16],[-37,-2],[-13,5],[-28,-24],[-5,-18]],[[9137,8919],[0,1]],[[9137,8920],[3,34]],[[9362,8194],[-31,-6],[-26,2],[-1,12],[29,-2],[-16,17],[19,7],[-19,17]],[[9060,8630],[-42,4]],[[8936,8676],[91,-6],[10,1]],[[9620,8291],[39,4],[3,-22],[20,-13],[18,9],[36,10],[23,-12],[40,-6],[40,-14],[-13,-34],[-93,-6],[21,-15],[33,-7],[-19,-1],[-28,11]],[[9379,8651],[28,-8],[-37,-1],[-28,2]],[[9212,8723],[39,0],[49,-7],[-3,13],[19,0],[47,-9],[12,9]],[[9375,8729],[-7,-8],[17,-9],[-31,0],[-7,-32],[-15,-14],[44,-10],[3,-5]],[[9347,8543],[-43,-3],[-39,14],[-42,1],[7,20],[-13,3]],[[9253,8610],[74,-12]],[[9327,8598],[-19,-19],[2,-17],[23,2],[14,-21]],[[8994,9089],[-76,7],[-8,-12],[13,-2]],[[8923,9082],[-14,-29]],[[8838,9124],[148,-14]],[[8986,9110],[8,-21]],[[9002,9076],[-79,6]],[[8994,9089],[8,-13]],[[9014,9043],[-104,9]],[[9002,9076],[12,-33]],[[9379,8651],[43,4],[9,-11],[38,-1],[-16,-13],[-39,-6],[-22,-9],[-22,-1],[-24,12],[-25,-14],[6,-14]],[[9347,8543],[-4,-8],[47,-13],[3,-4],[-32,-18],[-7,-13]],[[9354,8487],[-5,12],[6,17],[-44,-5],[-17,9],[-86,18]],[[9354,8487],[6,-3]],[[9360,8484],[-22,-17],[-29,6],[-15,-12],[-70,14]],[[9224,8475],[-15,-1],[-48,8]],[[9224,8475],[-7,-9],[20,-3],[-29,-21]],[[9208,8442],[-48,16],[-74,0],[9,13],[-29,3]],[[9382,8409],[-39,-4],[-54,-1],[-20,-6],[-43,15],[-55,6]],[[9171,8419],[0,7],[37,16]],[[9360,8484],[49,-25],[-24,-1],[-41,5],[-16,-12],[60,-2],[-28,-7],[-33,-3],[-13,-20],[40,-9],[28,-1]],[[9171,8419],[-21,11],[-39,1],[-13,14],[-43,8]],[[9382,8409],[-26,-9],[-30,-2],[-26,-21],[-25,7],[-22,-3],[-2,8],[-36,7],[-5,-15],[-27,0],[-17,-5],[-35,1],[-40,-4],[-46,-13],[35,-12],[-39,-5]],[[9146,9044],[-29,2],[-15,-23],[-92,10]],[[9010,9033],[4,10]],[[8986,9110],[8,0]],[[8994,9110],[155,-10]],[[9142,8994],[-14,1]],[[8996,9008],[-5,0]],[[8991,9008],[19,25]],[[9531,9089],[3,-13],[-8,-12],[59,-3],[1,-14]],[[9586,9047],[-31,-14],[-147,12]],[[9402,9082],[44,7],[17,-1],[-1,-9],[21,13],[28,-13],[20,10]],[[9530,8984],[-20,2]],[[9430,8994],[-35,11]],[[9586,9047],[31,-8],[-29,-9],[-20,2],[-18,-16],[-14,13],[-16,-8],[-26,8],[-9,-3],[49,-19],[-9,-13],[5,-10]],[[9296,8814],[-10,-6]],[[9286,8808],[-23,-13]],[[9263,8795],[-135,25],[0,-4]],[[9263,8795],[-28,-18]],[[8735,8806],[-29,1],[-6,-13],[-18,1],[6,15],[-34,3],[-8,-16],[-46,6]],[[8600,8803],[10,23]],[[8600,8803],[0,0]],[[8991,9008],[-41,3]],[[9029,8986],[-13,-14],[-53,7]],[[8963,8979],[28,29]],[[9137,8920],[-193,35],[-4,3]],[[8940,8958],[23,21]],[[8911,8929],[26,28]],[[8937,8957],[3,1]],[[8937,8957],[-50,10]],[[8791,8938],[-129,10]],[[8869,9431],[18,41]],[[8887,9472],[57,-2],[168,10],[48,2]],[[9160,9482],[33,-6],[58,1],[14,-8],[14,-19],[11,-25],[12,-11],[-1,-30],[-7,-13],[-26,-19],[10,-22]],[[9457,8901],[-1,-9],[-19,-3],[-7,-17],[28,-3],[23,-20],[30,-10],[-29,-13],[-21,-4],[-39,1],[-21,-12],[-1,-20]],[[9400,8791],[-51,16],[-35,-10],[-1,11],[-27,0]],[[9362,8919],[23,-8],[39,-3],[33,-7]],[[8991,9244],[-76,2],[2,12],[17,5],[2,11],[-37,-5]],[[8899,9269],[26,30]],[[8925,9299],[1,1]],[[8926,9300],[20,6],[8,-16],[35,1]],[[9400,8791],[13,-4],[28,3],[32,-8],[-4,-6],[-27,1],[-18,-6],[12,-8],[99,-13],[-80,1]],[[9455,8751],[-37,3],[-47,15],[-59,-5],[-42,4],[-15,-6],[-8,12],[-19,-13]],[[9455,8751],[10,-8],[-78,4],[6,-7],[-18,-11]],[[8989,9228],[-85,0],[-13,-4]],[[8926,9300],[-53,3],[-55,6]],[[8818,9309],[13,33]],[[8813,9251],[-2,11],[13,3]],[[8881,9289],[10,10],[34,0]],[[8817,9308],[1,1]],[[9005,9228],[-5,-68],[15,-1],[-16,-21],[-5,-28]],[[8760,9184],[2,5]],[[8766,9196],[2,5]],[[9200,9702],[-1,-13],[-14,-33],[-96,5],[71,-179]],[[8887,9472],[84,194]],[[8971,9666],[20,46]],[[8991,9712],[209,-10]],[[9426,9197],[17,-13],[30,-5],[36,-2],[-39,-17]],[[9470,9160],[-14,-3],[-40,2],[-65,-7]],[[9595,9226],[42,7],[1,-10],[17,-8],[-36,-10],[-13,-11],[-15,2],[-10,18],[-18,7],[13,17],[19,-12]],[[9545,9240],[-11,-14],[-31,10],[14,8],[13,-4],[-10,22],[15,-1],[10,-21]],[[9504,8961],[-45,-12],[-53,15],[-9,8],[-41,0]],[[9641,8967],[-27,-4],[-22,-19]],[[9592,8944],[-16,-1]],[[9576,8943],[-64,16]],[[9530,8984],[59,-7],[52,-10]],[[9648,8901],[-17,-1],[22,15],[-28,2],[-2,18],[-31,9]],[[9641,8967],[35,-5],[4,-10],[-9,-14],[-17,-3],[-2,-10],[54,-6],[1,-8],[-39,-3],[-20,-7]],[[9648,8901],[-19,-4],[-15,6],[-28,-9],[-24,14],[-15,-3],[-18,12]],[[9529,8917],[23,7],[30,2],[-22,11],[16,6]],[[9529,8917],[-72,20],[-4,-14],[14,-15],[-10,-7]],[[8569,8843],[46,-7]],[[8078,8873],[-7,1],[17,18],[-87,5]],[[8001,8897],[-35,1]],[[7966,8898],[-9,31]],[[7982,8944],[-1,-2]],[[9470,9160],[30,-1],[25,-8],[16,2],[16,-8],[-56,-9],[27,-2],[-1,-21],[15,-12],[-11,-12]],[[8991,9712],[49,122]],[[9040,9834],[9,21],[5,27]],[[9054,9882],[25,0],[33,-13],[47,9],[-5,19],[32,2],[28,-4],[70,-2],[29,1],[20,-11],[52,-4],[43,-13],[-1,-5],[-84,-24],[-45,6],[-64,5],[-68,-1],[10,-14],[-7,-26],[0,-22],[48,-10],[23,0],[8,15],[14,4],[54,0],[48,-4],[19,1],[4,-7],[47,-1],[73,-18],[37,-5],[12,-7],[60,-15],[-34,1],[-25,5],[11,-9],[182,-5],[12,1],[74,-8],[4,-5],[78,-23],[35,-2],[-5,11],[51,-12],[-6,-10],[-121,5],[-163,7],[-119,4],[5,12],[-19,6],[-14,-2],[-58,2],[-30,-13],[-154,8],[-21,28],[-82,4],[-8,-17],[-9,-1],[0,-23]],[[7993,8877],[-3,12],[11,8]],[[7965,8879],[1,19]],[[8076,8623],[3,-12]],[[7782,8634],[-12,14],[1,11],[45,34]],[[8232,8689],[17,-3]],[[7857,8715],[-39,5]],[[7836,8758],[39,19],[34,24]],[[7729,8747],[-8,23],[-49,3],[14,21]],[[7719,8805],[23,4]],[[7742,8809],[28,-5],[19,3]],[[8654,9200],[-86,12]],[[8568,9212],[24,12],[32,-5],[34,17],[117,-21]],[[7930,8849],[-28,1],[-3,31],[19,14],[-15,7],[29,0],[1,10],[-22,0],[-66,10],[-5,-7],[-28,5]],[[7812,8920],[19,11],[29,8],[2,11]],[[8227,9039],[-114,20]],[[8113,9059],[-65,11]],[[8048,9070],[5,12]],[[8053,9082],[35,5],[20,12],[21,-2],[38,35]],[[8030,9031],[18,39]],[[8113,9059],[-6,-10],[44,-7],[-12,-10],[42,-6],[-4,-9],[27,-4],[-6,-11],[-49,-3],[-52,14],[-45,2],[10,16],[-32,0]],[[8568,9212],[-27,-6]],[[7553,8764],[-82,2],[-2,-14],[-17,-18],[-1,-21]],[[7507,8782],[38,-3],[8,-15]],[[7646,8887],[20,-7]],[[7653,8858],[-14,-4]],[[7639,8854],[-66,3]],[[7573,8857],[-8,10]],[[7584,8887],[61,-4],[1,4]],[[8000,9007],[6,12],[24,12]],[[8297,8720],[-9,-11],[-32,2],[10,-14],[-17,-11]],[[8265,9357],[35,29],[60,34],[-11,0],[-15,23]],[[8334,9443],[248,-6],[287,-7]],[[7553,8764],[16,-21],[50,-8],[20,0],[27,-11],[74,-14]],[[8873,9670],[98,-4]],[[8334,9443],[-39,40],[-40,1],[-14,-7],[-3,-13],[-39,9],[30,30],[29,5],[36,-24],[114,-2],[5,53]],[[8413,9535],[255,-2],[30,4],[75,-9],[19,23],[-83,8],[-5,-9],[-70,1]],[[8634,9551],[35,75],[-63,9],[11,23],[-45,4],[15,26],[176,-15],[16,24],[38,-3],[-14,-24],[62,-5],[8,5]],[[8916,9853],[107,-19],[17,0]],[[8873,9670],[4,16],[24,22],[-13,15],[3,8],[-70,4],[-96,15],[-253,36],[-62,25],[26,70],[56,-2],[-10,-34],[54,-2],[30,91],[141,-35],[134,-35],[75,-11]],[[8916,9853],[8,5],[-175,49],[-2,34],[-9,2],[0,22],[49,13],[19,21],[6,-1],[78,-42],[8,-23],[171,-13],[-15,-38]],[[8161,9555],[52,-9],[-74,-48],[-51,11],[66,46],[7,0]],[[8413,9535],[-134,1],[72,93],[71,-19],[-5,-46],[175,-2],[42,-11]],[[8135,9629],[-13,-12],[-36,6],[-101,11],[41,36],[132,-17],[-23,-24]],[[8281,9669],[-33,4],[24,28],[33,-4],[-24,-28]],[[7937,9683],[-20,2],[10,30],[33,-4],[-23,-28]],[[7934,9133],[11,5],[38,7],[15,-29],[34,-16],[21,-18]],[[7742,8809],[8,14]],[[7750,8823],[1,9],[-36,9]],[[7715,8841],[3,15]],[[7718,8856],[32,-3],[8,18],[-13,1],[8,47],[41,-1],[18,2]],[[7718,8856],[-15,3]],[[7646,8887],[-11,11],[-28,6]],[[7639,8854],[-10,-22]],[[7629,8832],[-16,2]],[[7613,8834],[-52,7]],[[7561,8841],[12,16]],[[7715,8841],[-62,-10]],[[7653,8831],[-24,1]],[[7653,8831],[79,-3],[18,-5]],[[7639,8816],[-30,3],[4,15]],[[7532,8796],[4,3]],[[7536,8799],[77,-10]],[[7542,8806],[-6,-7]],[[7892,9212],[-54,0],[-37,-6],[-79,-3]],[[7492,9204],[-43,20],[154,61]],[[7603,9285],[143,56],[37,-23],[93,-46],[31,-11],[-15,-49]],[[7892,9212],[-2,-2]],[[7300,9231],[-104,11]],[[7196,9242],[35,40],[29,26],[42,-8],[92,-23],[11,1],[106,42],[92,-35]],[[7934,9133],[15,13],[35,18],[0,9],[25,24]],[[7119,8995],[13,-28]],[[7135,8877],[65,-11],[15,3]],[[7101,8874],[-19,-2],[-52,14],[-46,36],[17,11]],[[7016,8990],[-18,8],[-6,14],[-31,-1],[-18,-9],[-57,17]],[[6634,9058],[25,3],[6,-5]],[[6668,9054],[8,-9],[-10,-19]],[[6617,9018],[-17,-1]],[[6600,9017],[-15,4],[-24,-2]],[[6561,9019],[-5,5]],[[6567,9045],[-7,5]],[[6560,9050],[82,11]],[[6649,9100],[-50,42],[-26,10],[1,9],[49,1]],[[6832,9035],[-14,-14],[-22,-11],[26,-10],[24,2],[40,17]],[[6680,9011],[-7,4],[19,30],[52,7],[6,-14],[14,-5],[22,14]],[[6590,9014],[10,3]],[[5974,3018],[18,-13],[-8,-5],[16,-7],[-31,-3],[-17,7],[22,21]],[[6514,9010],[19,5]],[[6533,9015],[28,4]],[[6517,8985],[-42,-1],[-20,16],[-53,8],[-9,15],[19,10]],[[6412,9033],[24,1]],[[6466,9038],[36,5]],[[6502,9043],[31,-28]],[[6502,9043],[2,0]],[[6504,9043],[56,7]],[[6504,9043],[6,13],[32,4]],[[7146,9245],[50,-3]],[[6612,9093],[-19,21],[-21,-2],[19,-22],[-63,-16]],[[6528,9074],[-36,1],[-28,-37]],[[6412,9033],[21,24],[-2,11],[14,9],[29,3],[47,-2],[50,12],[4,6],[-11,15],[-49,1],[-1,10],[21,6],[29,0],[42,-9],[17,-24]],[[6528,9074],[4,-2]],[[1378,1481],[-32,-7],[21,17],[20,3],[10,-8],[-19,-5]],[[23,1030],[20,-12],[-41,-2],[0,9],[21,5]],[[5460,6773],[5,-8],[-26,-12],[-92,-12],[-7,9],[35,5],[-14,10],[24,-5],[20,4],[-2,9],[53,10],[4,-10]],[[5733,5904],[18,-3],[-3,-12],[16,1],[0,-14],[-20,-8],[-14,3],[-28,-7],[-31,8],[38,21],[22,2],[2,9]],[[5994,3493],[22,-4],[-16,-14],[-16,17],[10,1]],[[6025,3482],[0,0]],[[5937,6373],[30,-5],[-17,-3],[4,-16],[28,-10],[-103,1],[34,14],[17,1],[7,18]],[[7378,9510],[15,-6],[-63,-18],[59,-23],[116,37],[60,-40],[-29,-9],[-38,16],[-16,-6],[-13,7],[-42,-14],[33,-15],[4,-10],[-28,-9],[-82,47],[-12,-3],[-74,30],[90,25],[20,-9]],[[6223,5522],[10,-8],[-1,-15],[-33,2],[9,19],[15,2]],[[6227,5528],[0,0]],[[187,11],[-40,-5],[1,14],[39,-9]],[[6164,8035],[23,8]],[[6187,8043],[39,19]],[[6318,8041],[46,-14],[19,-9]],[[4484,7619],[-47,12]],[[4437,7631],[21,14],[20,-2],[-12,8],[32,18],[14,-1]],[[5912,7007],[-35,-7]],[[6187,8043],[-113,45]],[[7880,6901],[-28,-30]],[[7852,6871],[-15,-8],[-23,4],[-1,8]],[[7852,6871],[26,-3]],[[7878,6868],[14,-2],[5,-32],[-34,-13],[-32,0],[-2,-11]],[[7561,8841],[-11,-12]],[[6717,6306],[5,-23],[74,-19],[-19,-19],[23,-22],[-16,-11],[-42,1],[-26,9],[-16,-8],[26,-8],[29,-5],[8,-14],[-38,-1],[-3,-7],[-40,-4],[16,-12],[-88,-21],[25,-29],[-8,-5],[-19,25],[-24,13],[-38,-22],[-61,-10]],[[7933,6903],[-36,-17],[-19,-18]],[[4437,7631],[-48,10]],[[5328,7940],[38,-31]],[[4307,7572],[-46,23]],[[7825,6495],[11,-22],[18,-16],[-39,-4],[-96,-14],[-21,12]]]}