{"type":"Topology","bbox":[-76.1820242135592,9.378160866453586,-75.32231138173705,10.674826012842033],"transform":{"scale":[0.0000859798811703321,0.00012967948258710342],"translate":[-76.1820242135592,9.378160866453586]},"objects":{"municipios":{"type":"GeometryCollection","geometries":[{"type":"Polygon","arcs":[[0,1,2,3]],"properties":{"codigo":"13001100000000290203","sector":"130011000000002902","pcode":"CO13001","area_m2":29524}},{"type":"Polygon","arcs":[[4,5,6,7,8]],"properties":{"codigo":"13001100000000200403","sector":"130011000000002004","pcode":"CO13001","area_m2":42906}},{"type":"Polygon","arcs":[[9,10,11,12,13,14,15]],"properties":{"codigo":"13001100000000270103","sector":"130011000000002701","pcode":"CO13001","area_m2":46058}},{"type":"Polygon","arcs":[[16,17]],"properties":{"codigo":"13001100000000360702","sector":"130011000000003607","pcode":"CO13001","area_m2":23460}},{"type":"Polygon","arcs":[[18,19,20,21,22,23]],"properties":{"codigo":"13001100000000110202","sector":"130011000000001102","pcode":"CO13001","area_m2":39033}},{"type":"Polygon","arcs":[[24,25,26,27]],"properties":{"codigo":"13001100000000240201","sector":"130011000000002402","pcode":"CO13001","area_m2":27110}},{"type":"Polygon","arcs":[[28,29,30,31]],"properties":{"codigo":"13001100000000230303","sector":"130011000000002303","pcode":"CO13001","area_m2":52125}},{"type":"Polygon","arcs":[[32,33,34,35,36]],"properties":{"codigo":"13001100000000230401","sector":"130011000000002304","pcode":"CO13001","area_m2":56323}},{"type":"Polygon","arcs":[[37,38,39,40,41,42]],"properties":{"codigo":"13001100000000321004","sector":"130011000000003210","pcode":"CO13001","area_m2":104089}},{"type":"Polygon","arcs":[[43,44,45,46]],"properties":{"codigo":"13001100000000180402","sector":"130011000000001804","pcode":"CO13001","area_m2":75723}},{"type":"Polygon","arcs":[[47,48]],"properties":{"codigo":"13001100000000010201","sector":"130011000000000102","pcode":"CO13001","area_m2":217897}},{"type":"Polygon","arcs":[[49,50,51,52,53]],"properties":{"codigo":"13001100000000010302","sector":"130011000000000103","pcode":"CO13001","area_m2":254230}},{"type":"Polygon","arcs":[[54,-50,55,56]],"properties":{"codigo":"13001100000000010303","sector":"130011000000000103","pcode":"CO13001","area_m2":214622}},{"type":"Polygon","arcs":[[57,58,59,60,61]],"properties":{"codigo":"13001100000000321001","sector":"130011000000003210","pcode":"CO13001","area_m2":83828}},{"type":"Polygon","arcs":[[62,-57,63,64,65]],"properties":{"codigo":"13001100000000010304","sector":"130011000000000103","pcode":"CO13001","area_m2":224143}},{"type":"Polygon","arcs":[[-66,66,67]],"properties":{"codigo":"13001100000000010401","sector":"130011000000000104","pcode":"CO13001","area_m2":308102}},{"type":"Polygon","arcs":[[68,69,-67,-65,70,71,72]],"properties":{"codigo":"13001100000000010402","sector":"130011000000000104","pcode":"CO13001","area_m2":68476}},{"type":"Polygon","arcs":[[73,74,75,-72,76,77]],"properties":{"codigo":"13001100000000020101","sector":"130011000000000201","pcode":"CO13001","area_m2":138640}},{"type":"Polygon","arcs":[[-74,78]],"properties":{"codigo":"13001100000000020102","sector":"130011000000000201","pcode":"CO13001","area_m2":76470}},{"type":"Polygon","arcs":[[79,80,81,-75,-79,-78,82,83]],"properties":{"codigo":"13001100000000020103","sector":"130011000000000201","pcode":"CO13001","area_m2":144542}},{"type":"Polygon","arcs":[[84,-80,85,86]],"properties":{"codigo":"13001100000000020104","sector":"130011000000000201","pcode":"CO13001","area_m2":127413}},{"type":"Polygon","arcs":[[87,88,-69,89]],"properties":{"codigo":"13001100000000020201","sector":"130011000000000202","pcode":"CO13001","area_m2":71089}},{"type":"Polygon","arcs":[[90,-90,-73,-76,91,92]],"properties":{"codigo":"13001100000000020203","sector":"130011000000000202","pcode":"CO13001","area_m2":145057}},{"type":"Polygon","arcs":[[-92,-82,93,94]],"properties":{"codigo":"13001100000000020301","sector":"130011000000000203","pcode":"CO13001","area_m2":72715}},{"type":"Polygon","arcs":[[95,-94,-81,-85,96,97]],"properties":{"codigo":"13001100000000020401","sector":"130011000000000204","pcode":"CO13001","area_m2":59257}},{"type":"Polygon","arcs":[[-97,-87,98]],"properties":{"codigo":"13001100000000020402","sector":"130011000000000204","pcode":"CO13001","area_m2":100166}},{"type":"Polygon","arcs":[[99,100,101,102]],"properties":{"codigo":"13001100000000040302","sector":"130011000000000403","pcode":"CO13001","area_m2":35240}},{"type":"Polygon","arcs":[[103,-103,104,105,106,107]],"properties":{"codigo":"13001100000000040303","sector":"130011000000000403","pcode":"CO13001","area_m2":68365}},{"type":"Polygon","arcs":[[108,109,110]],"properties":{"codigo":"13001100000000020801","sector":"130011000000000208","pcode":"CO13001","area_m2":54779}},{"type":"Polygon","arcs":[[111,112,113,114,115,116]],"properties":{"codigo":"13001100000000030101","sector":"130011000000000301","pcode":"CO13001","area_m2":97109}},{"type":"Polygon","arcs":[[117,-117,118,119]],"properties":{"codigo":"13001100000000030102","sector":"130011000000000301","pcode":"CO13001","area_m2":130974}},{"type":"Polygon","arcs":[[120,121,122,123,-107,124,125,126]],"properties":{"codigo":"13001100000000030203","sector":"130011000000000302","pcode":"CO13001","area_m2":146564}},{"type":"Polygon","arcs":[[127,-125,-106,128,129,130,-113,131]],"properties":{"codigo":"13001100000000040401","sector":"130011000000000404","pcode":"CO13001","area_m2":185937}},{"type":"Polygon","arcs":[[-105,-102,132,133,134,135,136,137,-129]],"properties":{"codigo":"13001100000000040402","sector":"130011000000000404","pcode":"CO13001","area_m2":195549}},{"type":"Polygon","arcs":[[138,139,140,-134,141]],"properties":{"codigo":"13001100000000040501","sector":"130011000000000405","pcode":"CO13001","area_m2":102966}},{"type":"Polygon","arcs":[[142,-135,-141]],"properties":{"codigo":"13001100000000040503","sector":"130011000000000405","pcode":"CO13001","area_m2":59923}},{"type":"Polygon","arcs":[[143,144,145,146,-115]],"properties":{"codigo":"13001100000000050201","sector":"130011000000000502","pcode":"CO13001","area_m2":69589}},{"type":"Polygon","arcs":[[-138,147,148,149,-130]],"properties":{"codigo":"13001100000000050503","sector":"130011000000000505","pcode":"CO13001","area_m2":81739}},{"type":"Polygon","arcs":[[-131,-150,150,151,152,-144,-114]],"properties":{"codigo":"13001100000000050301","sector":"130011000000000503","pcode":"CO13001","area_m2":61250}},{"type":"Polygon","arcs":[[-153,153,154,155,-145]],"properties":{"codigo":"13001100000000050401","sector":"130011000000000504","pcode":"CO13001","area_m2":49378}},{"type":"Polygon","arcs":[[-152,156,157,158,159,-154]],"properties":{"codigo":"13001100000000050402","sector":"130011000000000504","pcode":"CO13001","area_m2":80010}},{"type":"Polygon","arcs":[[160,161,162,-158]],"properties":{"codigo":"13001100000000050403","sector":"130011000000000504","pcode":"CO13001","area_m2":24625}},{"type":"Polygon","arcs":[[-163,163,164,165,-159]],"properties":{"codigo":"13001100000000050404","sector":"130011000000000504","pcode":"CO13001","area_m2":56412}},{"type":"Polygon","arcs":[[166,167,168,-148,-137]],"properties":{"codigo":"13001100000000050501","sector":"130011000000000505","pcode":"CO13001","area_m2":371367}},{"type":"Polygon","arcs":[[-149,-169,169,-161,-157,-151]],"properties":{"codigo":"13001100000000050502","sector":"130011000000000505","pcode":"CO13001","area_m2":114929}},{"type":"Polygon","arcs":[[170,171,172,173,174]],"properties":{"codigo":"13001100000000230102","sector":"130011000000002301","pcode":"CO13001","area_m2":95135}},{"type":"Polygon","arcs":[[175,176,177,178]],"properties":{"codigo":"13001100000000060204","sector":"130011000000000602","pcode":"CO13001","area_m2":114787}},{"type":"Polygon","arcs":[[-165,179,-179,180,181,182]],"properties":{"codigo":"13001100000000060205","sector":"130011000000000602","pcode":"CO13001","area_m2":157622}},{"type":"Polygon","arcs":[[183,-155,-160,-166,-183,184]],"properties":{"codigo":"13001100000000060206","sector":"130011000000000602","pcode":"CO13001","area_m2":172695}},{"type":"Polygon","arcs":[[185,186,187,188]],"properties":{"codigo":"13001100000000070402","sector":"130011000000000704","pcode":"CO13001","area_m2":59059}},{"type":"Polygon","arcs":[[189,190,191,192,193]],"properties":{"codigo":"13001100000000080103","sector":"130011000000000801","pcode":"CO13001","area_m2":196857}},{"type":"Polygon","arcs":[[-156,-184,194,-146]],"properties":{"codigo":"13001100000000060301","sector":"130011000000000603","pcode":"CO13001","area_m2":75104}},{"type":"Polygon","arcs":[[195,196,197,198,199,200]],"properties":{"codigo":"13001100000000070202","sector":"130011000000000702","pcode":"CO13001","area_m2":92013}},{"type":"Polygon","arcs":[[201,202,-186,203,204,205,-177]],"properties":{"codigo":"13001100000000070501","sector":"130011000000000705","pcode":"CO13001","area_m2":191154}},{"type":"Polygon","arcs":[[206,207,208,209]],"properties":{"codigo":"13001100000000080205","sector":"130011000000000802","pcode":"CO13001","area_m2":98428}},{"type":"Polygon","arcs":[[210,211,212,213,214,215,216]],"properties":{"codigo":"13001100000000090302","sector":"130011000000000903","pcode":"CO13001","area_m2":140644}},{"type":"Polygon","arcs":[[-35,217,218,219,220]],"properties":{"codigo":"13001100000000090401","sector":"130011000000000904","pcode":"CO13001","area_m2":106998}},{"type":"Polygon","arcs":[[221,-36,-221,222,223]],"properties":{"codigo":"13001100000000090402","sector":"130011000000000904","pcode":"CO13001","area_m2":92281}},{"type":"Polygon","arcs":[[-174,224,225,-222,226]],"properties":{"codigo":"13001100000000090403","sector":"130011000000000904","pcode":"CO13001","area_m2":83121}},{"type":"Polygon","arcs":[[-164,-162,-170,-168,227,228,-202,-176,-180]],"properties":{"codigo":"13001100000000070601","sector":"130011000000000706","pcode":"CO13001","area_m2":231848}},{"type":"Polygon","arcs":[[229,230,231,-223,-220,232,-213,233]],"properties":{"codigo":"13001100000000090301","sector":"130011000000000903","pcode":"CO13001","area_m2":114381}},{"type":"Polygon","arcs":[[234,235,236,237,238]],"properties":{"codigo":"13001100000000100101","sector":"130011000000001001","pcode":"CO13001","area_m2":80717}},{"type":"Polygon","arcs":[[-22,239,240,-235,241,242]],"properties":{"codigo":"13001100000000100201","sector":"130011000000001002","pcode":"CO13001","area_m2":42230}},{"type":"Polygon","arcs":[[243,244,245,-217,246,-236,-241]],"properties":{"codigo":"13001100000000100301","sector":"130011000000001003","pcode":"CO13001","area_m2":83619}},{"type":"Polygon","arcs":[[247,248,-244,-240,-21]],"properties":{"codigo":"13001100000000100302","sector":"130011000000001003","pcode":"CO13001","area_m2":65848}},{"type":"Polygon","arcs":[[249,250,-245,-249,251]],"properties":{"codigo":"13001100000000100303","sector":"130011000000001003","pcode":"CO13001","area_m2":61727}},{"type":"Polygon","arcs":[[252,253,254,255,-172,256]],"properties":{"codigo":"13001100000000230201","sector":"130011000000002302","pcode":"CO13001","area_m2":87848}},{"type":"Polygon","arcs":[[257,258,-24,259,260,-228,-167,-136]],"properties":{"codigo":"13001100000000110101","sector":"130011000000001101","pcode":"CO13001","area_m2":277026}},{"type":"Polygon","arcs":[[261,262,-19,-259,263]],"properties":{"codigo":"13001100000000110102","sector":"130011000000001101","pcode":"CO13001","area_m2":47135}},{"type":"Polygon","arcs":[[264,265,-262,266]],"properties":{"codigo":"13001100000000110103","sector":"130011000000001101","pcode":"CO13001","area_m2":39330}},{"type":"Polygon","arcs":[[267,268,269,270,271,272]],"properties":{"codigo":"13001100000000260205","sector":"130011000000002602","pcode":"CO13001","area_m2":39494}},{"type":"Polygon","arcs":[[273,-252,-248,-20,-263,-266,274,275]],"properties":{"codigo":"13001100000000110203","sector":"130011000000001102","pcode":"CO13001","area_m2":57715}},{"type":"Polygon","arcs":[[-251,276,277,-211,-246]],"properties":{"codigo":"13001100000000120101","sector":"130011000000001201","pcode":"CO13001","area_m2":79569}},{"type":"Polygon","arcs":[[278,279,280,281]],"properties":{"codigo":"13001100000000130201","sector":"130011000000001302","pcode":"CO13001","area_m2":38974}},{"type":"Polygon","arcs":[[282,283,284,285,286]],"properties":{"codigo":"13001100000000140104","sector":"130011000000001401","pcode":"CO13001","area_m2":150561}},{"type":"Polygon","arcs":[[287,288,289,-283,290]],"properties":{"codigo":"13001100000000140105","sector":"130011000000001401","pcode":"CO13001","area_m2":105679}},{"type":"Polygon","arcs":[[291,292,293,294,-5,295]],"properties":{"codigo":"13001100000000200401","sector":"130011000000002004","pcode":"CO13001","area_m2":135587}},{"type":"Polygon","arcs":[[-7,296,297,298]],"properties":{"codigo":"13001100000000200303","sector":"130011000000002003","pcode":"CO13001","area_m2":37184}},{"type":"Polygon","arcs":[[299,300,301,302]],"properties":{"codigo":"13001100000000160202","sector":"130011000000001602","pcode":"CO13001","area_m2":79765}},{"type":"Polygon","arcs":[[303,-302,304,305,306]],"properties":{"codigo":"13001100000000160203","sector":"130011000000001602","pcode":"CO13001","area_m2":66988}},{"type":"Polygon","arcs":[[307,-60,308,309,310,311,312]],"properties":{"codigo":"13001100000000330204","sector":"130011000000003302","pcode":"CO13001","area_m2":55366}},{"type":"Polygon","arcs":[[313,314,315,316,317,318]],"properties":{"codigo":"13001100000000160108","sector":"130011000000001601","pcode":"CO13001","area_m2":395424}},{"type":"Polygon","arcs":[[319,-306,320,321,322]],"properties":{"codigo":"13001100000000160204","sector":"130011000000001602","pcode":"CO13001","area_m2":86052}},{"type":"Polygon","arcs":[[323,-322,324,325,326,327]],"properties":{"codigo":"13001100000000160205","sector":"130011000000001602","pcode":"CO13001","area_m2":85049}},{"type":"Polygon","arcs":[[328,-8,-299,329,330,331,332]],"properties":{"codigo":"13001100000000200304","sector":"130011000000002003","pcode":"CO13001","area_m2":92167}},{"type":"Polygon","arcs":[[333,334,335,-307,-320,336,337]],"properties":{"codigo":"13001100000000160207","sector":"130011000000001602","pcode":"CO13001","area_m2":111172}},{"type":"Polygon","arcs":[[338,-303,-304,-336,339]],"properties":{"codigo":"13001100000000160208","sector":"130011000000001602","pcode":"CO13001","area_m2":105552}},{"type":"Polygon","arcs":[[340,-340,-335,341,342]],"properties":{"codigo":"13001100000000160209","sector":"130011000000001602","pcode":"CO13001","area_m2":85369}},{"type":"Polygon","arcs":[[-342,-334,343,344]],"properties":{"codigo":"13001100000000160210","sector":"130011000000001602","pcode":"CO13001","area_m2":85694}},{"type":"Polygon","arcs":[[345,-319,346,347]],"properties":{"codigo":"13001100000000160301","sector":"130011000000001603","pcode":"CO13001","area_m2":89928}},{"type":"Polygon","arcs":[[348,349,350,351]],"properties":{"codigo":"13001100000000200201","sector":"130011000000002002","pcode":"CO13001","area_m2":44408}},{"type":"Polygon","arcs":[[352,353,354,355,356,357,358]],"properties":{"codigo":"13001100000000170101","sector":"130011000000001701","pcode":"CO13001","area_m2":100944}},{"type":"Polygon","arcs":[[359,360,361,362,-359,363]],"properties":{"codigo":"13001100000000170102","sector":"130011000000001701","pcode":"CO13001","area_m2":79317}},{"type":"Polygon","arcs":[[364,365,366,-362,367]],"properties":{"codigo":"13001100000000170201","sector":"130011000000001702","pcode":"CO13001","area_m2":49619}},{"type":"Polygon","arcs":[[368,369,370,-368,-361,371]],"properties":{"codigo":"13001100000000170202","sector":"130011000000001702","pcode":"CO13001","area_m2":109796}},{"type":"Polygon","arcs":[[372,373,374,-365,-371]],"properties":{"codigo":"13001100000000170203","sector":"130011000000001702","pcode":"CO13001","area_m2":56911}},{"type":"Polygon","arcs":[[-367,375,376,-353,-363]],"properties":{"codigo":"13001100000000170204","sector":"130011000000001702","pcode":"CO13001","area_m2":52585}},{"type":"Polygon","arcs":[[377,378,379,380]],"properties":{"codigo":"13001100000000170301","sector":"130011000000001703","pcode":"CO13001","area_m2":91852}},{"type":"Polygon","arcs":[[-379,381,382,383,384,-44,385,-374,386]],"properties":{"codigo":"13001100000000170302","sector":"130011000000001703","pcode":"CO13001","area_m2":206662}},{"type":"Polygon","arcs":[[-380,-387,-373,-370,387]],"properties":{"codigo":"13001100000000170305","sector":"130011000000001703","pcode":"CO13001","area_m2":61884}},{"type":"Polygon","arcs":[[388,389,390,391,392,393]],"properties":{"codigo":"13001100000000180101","sector":"130011000000001801","pcode":"CO13001","area_m2":67505}},{"type":"Polygon","arcs":[[394,-389,395]],"properties":{"codigo":"13001100000000180102","sector":"130011000000001801","pcode":"CO13001","area_m2":40941}},{"type":"Polygon","arcs":[[396,397,398,-350,399]],"properties":{"codigo":"13001100000000200202","sector":"130011000000002002","pcode":"CO13001","area_m2":102557}},{"type":"Polygon","arcs":[[-366,-375,-386,-47,400,401,-376]],"properties":{"codigo":"13001100000000180403","sector":"130011000000001804","pcode":"CO13001","area_m2":68466}},{"type":"Polygon","arcs":[[402,403,404,405]],"properties":{"codigo":"13001100000000190201","sector":"130011000000001902","pcode":"CO13001","area_m2":26873}},{"type":"Polygon","arcs":[[-290,406,407,-406,408,-284]],"properties":{"codigo":"13001100000000190202","sector":"130011000000001902","pcode":"CO13001","area_m2":27830}},{"type":"Polygon","arcs":[[-352,409,410,411,412]],"properties":{"codigo":"13001100000000200203","sector":"130011000000002002","pcode":"CO13001","area_m2":49721}},{"type":"Polygon","arcs":[[-393,413,-403,-408,414]],"properties":{"codigo":"13001100000000190204","sector":"130011000000001902","pcode":"CO13001","area_m2":25757}},{"type":"Polygon","arcs":[[415,416,-331]],"properties":{"codigo":"13001100000000200305","sector":"130011000000002003","pcode":"CO13001","area_m2":47278}},{"type":"Polygon","arcs":[[417,418,-9,-329,419,420]],"properties":{"codigo":"13001100000000200402","sector":"130011000000002004","pcode":"CO13001","area_m2":97719}},{"type":"Polygon","arcs":[[-392,421,422,423,-404,-414]],"properties":{"codigo":"13001100000000190205","sector":"130011000000001902","pcode":"CO13001","area_m2":24701}},{"type":"Polygon","arcs":[[-410,-351,424,425,426,427,428]],"properties":{"codigo":"13001100000000200101","sector":"130011000000002001","pcode":"CO13001","area_m2":77482}},{"type":"Polygon","arcs":[[429,430,431,432,433,-425,-399]],"properties":{"codigo":"13001100000000200102","sector":"130011000000002001","pcode":"CO13001","area_m2":88629}},{"type":"Polygon","arcs":[[-426,-434,434,435]],"properties":{"codigo":"13001100000000200103","sector":"130011000000002001","pcode":"CO13001","area_m2":61742}},{"type":"Polygon","arcs":[[-436,436,437,-427]],"properties":{"codigo":"13001100000000200104","sector":"130011000000002001","pcode":"CO13001","area_m2":70565}},{"type":"Polygon","arcs":[[438,439,-294,440,441,442,-397,443,444]],"properties":{"codigo":"13001100000000200301","sector":"130011000000002003","pcode":"CO13001","area_m2":186737}},{"type":"Polygon","arcs":[[-330,-298,445,-439,446,447,448,-416]],"properties":{"codigo":"13001100000000200302","sector":"130011000000002003","pcode":"CO13001","area_m2":59210}},{"type":"Polygon","arcs":[[449,450,451,-296,-419]],"properties":{"codigo":"13001100000000200404","sector":"130011000000002004","pcode":"CO13001","area_m2":63455}},{"type":"Polygon","arcs":[[452,453,454,-292,-452,455]],"properties":{"codigo":"13001100000000200405","sector":"130011000000002004","pcode":"CO13001","area_m2":121534}},{"type":"Polygon","arcs":[[456,457,-13,458,-453,459,460]],"properties":{"codigo":"13001100000000200406","sector":"130011000000002004","pcode":"CO13001","area_m2":69377}},{"type":"Polygon","arcs":[[-460,-456,-451,461]],"properties":{"codigo":"13001100000000200407","sector":"130011000000002004","pcode":"CO13001","area_m2":34294}},{"type":"Polygon","arcs":[[-295,-440,-446,-297,-6]],"properties":{"codigo":"13001100000000200408","sector":"130011000000002004","pcode":"CO13001","area_m2":38491}},{"type":"Polygon","arcs":[[462,463,464,-26,465]],"properties":{"codigo":"13001100000000240202","sector":"130011000000002402","pcode":"CO13001","area_m2":41891}},{"type":"Polygon","arcs":[[-461,-462,-450,-418,-423,466,467,468]],"properties":{"codigo":"13001100000000200501","sector":"130011000000002005","pcode":"CO13001","area_m2":102417}},{"type":"Polygon","arcs":[[-458,469,-14]],"properties":{"codigo":"13001100000000200601","sector":"130011000000002006","pcode":"CO13001","area_m2":19784}},{"type":"Polygon","arcs":[[470,471,-384,472,473,474,-15,-470,-457,-469,475]],"properties":{"codigo":"13001100000000200701","sector":"130011000000002007","pcode":"CO13001","area_m2":156067}},{"type":"Polygon","arcs":[[-447,-445,476]],"properties":{"codigo":"13001100000000210505","sector":"130011000000002105","pcode":"CO13001","area_m2":38065}},{"type":"Polygon","arcs":[[-420,-333,477,478,479]],"properties":{"codigo":"13001100000000210402","sector":"130011000000002104","pcode":"CO13001","area_m2":208385}},{"type":"Polygon","arcs":[[480,-412,481,482,483]],"properties":{"codigo":"13001100000000210501","sector":"130011000000002105","pcode":"CO13001","area_m2":110632}},{"type":"Polygon","arcs":[[-478,-332,-417,-449,484,-481,485,486]],"properties":{"codigo":"13001100000000210503","sector":"130011000000002105","pcode":"CO13001","area_m2":102144}},{"type":"Polygon","arcs":[[-448,-477,-444,-400,-349,-413,-485]],"properties":{"codigo":"13001100000000210504","sector":"130011000000002105","pcode":"CO13001","area_m2":126412}},{"type":"Polygon","arcs":[[487,488,489,490,491,492,493]],"properties":{"codigo":"13001100000000220101","sector":"130011000000002201","pcode":"CO13001","area_m2":103471}},{"type":"Polygon","arcs":[[494,495,-492,-280,496,497]],"properties":{"codigo":"13001100000000220201","sector":"130011000000002202","pcode":"CO13001","area_m2":74314}},{"type":"Polygon","arcs":[[498,-30,499,500,-225,-173,-256]],"properties":{"codigo":"13001100000000230302","sector":"130011000000002303","pcode":"CO13001","area_m2":65612}},{"type":"Polygon","arcs":[[501,502,503,-253,504,-494]],"properties":{"codigo":"13001100000000220301","sector":"130011000000002203","pcode":"CO13001","area_m2":126314}},{"type":"Polygon","arcs":[[505,506,-32,507,-254,-504]],"properties":{"codigo":"13001100000000220401","sector":"130011000000002204","pcode":"CO13001","area_m2":50412}},{"type":"Polygon","arcs":[[-503,508,509,510,511,-506]],"properties":{"codigo":"13001100000000220402","sector":"130011000000002204","pcode":"CO13001","area_m2":69157}},{"type":"Polygon","arcs":[[512,-437,-435,-433,513,514,515,516]],"properties":{"codigo":"13001100000000240102","sector":"130011000000002401","pcode":"CO13001","area_m2":121531}},{"type":"Polygon","arcs":[[-482,-411,-429,517,518,-511,519]],"properties":{"codigo":"13001100000000220502","sector":"130011000000002205","pcode":"CO13001","area_m2":129387}},{"type":"Polygon","arcs":[[520,521,-175,-227,-224,-232]],"properties":{"codigo":"13001100000000230101","sector":"130011000000002301","pcode":"CO13001","area_m2":112435}},{"type":"Polygon","arcs":[[-61,-308,522,523]],"properties":{"codigo":"13001100000000330205","sector":"130011000000003302","pcode":"CO13001","area_m2":29861}},{"type":"Polygon","arcs":[[524,-488,-505,-257,-171,-522,525]],"properties":{"codigo":"13001100000000230202","sector":"130011000000002302","pcode":"CO13001","area_m2":122135}},{"type":"Polygon","arcs":[[-508,-31,-499,-255]],"properties":{"codigo":"13001100000000230301","sector":"130011000000002303","pcode":"CO13001","area_m2":38619}},{"type":"Polygon","arcs":[[526,-28,527,-37,-226,-501]],"properties":{"codigo":"13001100000000230402","sector":"130011000000002304","pcode":"CO13001","area_m2":90987}},{"type":"Polygon","arcs":[[-27,-465,528,-516,529,530,531,532,533,534,-33,-528]],"properties":{"codigo":"13001100000000240101","sector":"130011000000002401","pcode":"CO13001","area_m2":177829}},{"type":"Polygon","arcs":[[-529,-464,535,536]],"properties":{"codigo":"13001100000000240203","sector":"130011000000002402","pcode":"CO13001","area_m2":54328}},{"type":"Polygon","arcs":[[537,-536,-463,538,539]],"properties":{"codigo":"13001100000000240204","sector":"130011000000002402","pcode":"CO13001","area_m2":38069}},{"type":"Polygon","arcs":[[540,-517,-537,-538,541,542]],"properties":{"codigo":"13001100000000240301","sector":"130011000000002403","pcode":"CO13001","area_m2":81943}},{"type":"Polygon","arcs":[[-428,-438,-513,-541,543,-518]],"properties":{"codigo":"13001100000000240302","sector":"130011000000002403","pcode":"CO13001","area_m2":128867}},{"type":"Polygon","arcs":[[544,545,546,547,548]],"properties":{"codigo":"13001100000000250101","sector":"130011000000002501","pcode":"CO13001","area_m2":296501}},{"type":"Polygon","arcs":[[549,550,551,-545,552,553,554]],"properties":{"codigo":"13001100000000250102","sector":"130011000000002501","pcode":"CO13001","area_m2":205408}},{"type":"Polygon","arcs":[[555,556,-548]],"properties":{"codigo":"13001100000000250202","sector":"130011000000002502","pcode":"CO13001","area_m2":744321}},{"type":"Polygon","arcs":[[557,558,559,560]],"properties":{"codigo":"13001100000000350202","sector":"130011000000003502","pcode":"CO13001","area_m2":39097}},{"type":"Polygon","arcs":[[561,562,563]],"properties":{"codigo":"13001100000000250301","sector":"130011000000002503","pcode":"CO13001","area_m2":73210}},{"type":"Polygon","arcs":[[564,565,-562,566]],"properties":{"codigo":"13001100000000250401","sector":"130011000000002504","pcode":"CO13001","area_m2":76724}},{"type":"Polygon","arcs":[[567,568,569,570,-431,571]],"properties":{"codigo":"13001100000000260102","sector":"130011000000002601","pcode":"CO13001","area_m2":156694}},{"type":"Polygon","arcs":[[572,573,574,575,-565,576]],"properties":{"codigo":"13001100000000250501","sector":"130011000000002505","pcode":"CO13001","area_m2":268259}},{"type":"Polygon","arcs":[[577,578,-577,-567,-564,579,-556,-547,580]],"properties":{"codigo":"13001100000000250502","sector":"130011000000002505","pcode":"CO13001","area_m2":221344}},{"type":"Polygon","arcs":[[-533,581,-581,-546,582]],"properties":{"codigo":"13001100000000250503","sector":"130011000000002505","pcode":"CO13001","area_m2":192715}},{"type":"Polygon","arcs":[[-534,-583,-552,583]],"properties":{"codigo":"13001100000000250504","sector":"130011000000002505","pcode":"CO13001","area_m2":127287}},{"type":"Polygon","arcs":[[-218,-34,-535,-584,-551,584]],"properties":{"codigo":"13001100000000250505","sector":"130011000000002505","pcode":"CO13001","area_m2":149946}},{"type":"Polygon","arcs":[[-550,585,-233,-219,-585]],"properties":{"codigo":"13001100000000250506","sector":"130011000000002505","pcode":"CO13001","area_m2":76025}},{"type":"Polygon","arcs":[[-532,586,587,-578,-582]],"properties":{"codigo":"13001100000000250601","sector":"130011000000002506","pcode":"CO13001","area_m2":60013}},{"type":"Polygon","arcs":[[588,-573,-579,-588]],"properties":{"codigo":"13001100000000250701","sector":"130011000000002507","pcode":"CO13001","area_m2":59630}},{"type":"Polygon","arcs":[[-531,589,-574,-589,-587]],"properties":{"codigo":"13001100000000250702","sector":"130011000000002507","pcode":"CO13001","area_m2":57866}},{"type":"Polygon","arcs":[[590,591,-514,-432,-571]],"properties":{"codigo":"13001100000000260101","sector":"130011000000002601","pcode":"CO13001","area_m2":116683}},{"type":"Polygon","arcs":[[592,593,594,595]],"properties":{"codigo":"13001100000000260203","sector":"130011000000002602","pcode":"CO13001","area_m2":100726}},{"type":"Polygon","arcs":[[596,597,598,599,600,601,-594]],"properties":{"codigo":"13001100000000260204","sector":"130011000000002602","pcode":"CO13001","area_m2":71461}},{"type":"Polygon","arcs":[[602,603,-272,604,-597,-593,605]],"properties":{"codigo":"13001100000000260207","sector":"130011000000002602","pcode":"CO13001","area_m2":57759}},{"type":"Polygon","arcs":[[606,607,608,-268,609]],"properties":{"codigo":"13001100000000260208","sector":"130011000000002602","pcode":"CO13001","area_m2":34144}},{"type":"Polygon","arcs":[[610,-607,611]],"properties":{"codigo":"13001100000000260209","sector":"130011000000002602","pcode":"CO13001","area_m2":6004}},{"type":"Polygon","arcs":[[612,613,614,-269,-609]],"properties":{"codigo":"13001100000000260212","sector":"130011000000002602","pcode":"CO13001","area_m2":39623}},{"type":"Polygon","arcs":[[615,616,617,618,619,620]],"properties":{"codigo":"13001100000000260301","sector":"130011000000002603","pcode":"CO13001","area_m2":317508}},{"type":"Polygon","arcs":[[621,622,623,624,-616,625]],"properties":{"codigo":"13001100000000260303","sector":"130011000000002603","pcode":"CO13001","area_m2":133061}},{"type":"Polygon","arcs":[[-625,626,627,628,-617]],"properties":{"codigo":"13001100000000260308","sector":"130011000000002603","pcode":"CO13001","area_m2":72326}},{"type":"Polygon","arcs":[[629,630,-628,631]],"properties":{"codigo":"13001100000000260309","sector":"130011000000002603","pcode":"CO13001","area_m2":48119}},{"type":"Polygon","arcs":[[632,633,634,635,636,637]],"properties":{"codigo":"13001100000000260401","sector":"130011000000002604","pcode":"CO13001","area_m2":80029}},{"type":"Polygon","arcs":[[638,639,640,641]],"properties":{"codigo":"13001100000000280101","sector":"130011000000002801","pcode":"CO13001","area_m2":64617}},{"type":"Polygon","arcs":[[642,643,644,645,646,-641]],"properties":{"codigo":"13001100000000280102","sector":"130011000000002801","pcode":"CO13001","area_m2":42877}},{"type":"Polygon","arcs":[[647,648,-612,-610,649,650,-645]],"properties":{"codigo":"13001100000000280103","sector":"130011000000002801","pcode":"CO13001","area_m2":133550}},{"type":"Polygon","arcs":[[651,652,653,654,655,-648,-644]],"properties":{"codigo":"13001100000000280201","sector":"130011000000002802","pcode":"CO13001","area_m2":104108}},{"type":"Polygon","arcs":[[656,657,658,659]],"properties":{"codigo":"13001100000000270102","sector":"130011000000002701","pcode":"CO13001","area_m2":29985}},{"type":"Polygon","arcs":[[660,-639,661,-10,662]],"properties":{"codigo":"13001100000000290101","sector":"130011000000002901","pcode":"CO13001","area_m2":62825}},{"type":"Polygon","arcs":[[663,664,665,-652,-643,-640,-661,666]],"properties":{"codigo":"13001100000000290102","sector":"130011000000002901","pcode":"CO13001","area_m2":124629}},{"type":"Polygon","arcs":[[667,668,669,670,671,672]],"properties":{"codigo":"13001100000000290108","sector":"130011000000002901","pcode":"CO13001","area_m2":56781}},{"type":"Polygon","arcs":[[673,-3,674,-665,675]],"properties":{"codigo":"13001100000000290201","sector":"130011000000002902","pcode":"CO13001","area_m2":28847}},{"type":"Polygon","arcs":[[676,-4,-674,677]],"properties":{"codigo":"13001100000000290202","sector":"130011000000002902","pcode":"CO13001","area_m2":18077}},{"type":"Polygon","arcs":[[678,679]],"properties":{"codigo":"13001100000000260508","sector":"130011000000002605","pcode":"CO13001","area_m2":69788}},{"type":"Polygon","arcs":[[680,681,682,683]],"properties":{"codigo":"13001100000000260601","sector":"130011000000002606","pcode":"CO13001","area_m2":484978}},{"type":"Polygon","arcs":[[684,685,-667,-663,-16,-475,686]],"properties":{"codigo":"13001100000000290104","sector":"130011000000002901","pcode":"CO13001","area_m2":97329}},{"type":"Polygon","arcs":[[687,688,-682,689,690,691,692,693,694]],"properties":{"codigo":"13001100000000260603","sector":"130011000000002606","pcode":"CO13001","area_m2":5356961}},{"type":"Polygon","arcs":[[695,696,-660,697,-454,-459,-12]],"properties":{"codigo":"13001100000000270104","sector":"130011000000002701","pcode":"CO13001","area_m2":47766}},{"type":"Polygon","arcs":[[698,699,700,-657,-697]],"properties":{"codigo":"13001100000000270105","sector":"130011000000002701","pcode":"CO13001","area_m2":41929}},{"type":"Polygon","arcs":[[701,702,-699,703]],"properties":{"codigo":"13001100000000270106","sector":"130011000000002701","pcode":"CO13001","area_m2":52514}},{"type":"Polygon","arcs":[[-642,-647,704,-704,-696,-11,-662]],"properties":{"codigo":"13001100000000270107","sector":"130011000000002701","pcode":"CO13001","area_m2":53117}},{"type":"Polygon","arcs":[[-705,-646,-651,705,706,-702]],"properties":{"codigo":"13001100000000270108","sector":"130011000000002701","pcode":"CO13001","area_m2":60018}},{"type":"Polygon","arcs":[[-650,-273,-604,707,-706]],"properties":{"codigo":"13001100000000270109","sector":"130011000000002701","pcode":"CO13001","area_m2":42367}},{"type":"Polygon","arcs":[[708,709,710,711,712,713]],"properties":{"codigo":"13001100000000300103","sector":"130011000000003001","pcode":"CO13001","area_m2":63638}},{"type":"Polygon","arcs":[[714,715,-709,716,717]],"properties":{"codigo":"13001100000000300104","sector":"130011000000003001","pcode":"CO13001","area_m2":48209}},{"type":"Polygon","arcs":[[-718,718,719,720]],"properties":{"codigo":"13001100000000300105","sector":"130011000000003001","pcode":"CO13001","area_m2":62883}},{"type":"Polygon","arcs":[[721,-720,722,723]],"properties":{"codigo":"13001100000000300106","sector":"130011000000003001","pcode":"CO13001","area_m2":41805}},{"type":"Polygon","arcs":[[-723,-719,-717,-714,724,725,726]],"properties":{"codigo":"13001100000000300109","sector":"130011000000003001","pcode":"CO13001","area_m2":60193}},{"type":"Polygon","arcs":[[727,728,729,-382,730]],"properties":{"codigo":"13001100000000310301","sector":"130011000000003103","pcode":"CO13001","area_m2":145151}},{"type":"Polygon","arcs":[[731,732,-728,733]],"properties":{"codigo":"13001100000000310401","sector":"130011000000003104","pcode":"CO13001","area_m2":187827}},{"type":"Polygon","arcs":[[734,735,736,-43,737,738,-58,739]],"properties":{"codigo":"13001100000000321005","sector":"130011000000003210","pcode":"CO13001","area_m2":117471}},{"type":"Polygon","arcs":[[740,-568,741]],"properties":{"codigo":"13001100000000360505","sector":"130011000000003605","pcode":"CO13001","area_m2":55854}},{"type":"Polygon","arcs":[[742,743,744,745,746,747]],"properties":{"codigo":"13001100000000310601","sector":"130011000000003106","pcode":"CO13001","area_m2":142504}},{"type":"Polygon","arcs":[[-747,748,-732,749]],"properties":{"codigo":"13001100000000310602","sector":"130011000000003106","pcode":"CO13001","area_m2":148446}},{"type":"Polygon","arcs":[[750,751,752,-743,753]],"properties":{"codigo":"13001100000000310701","sector":"130011000000003107","pcode":"CO13001","area_m2":229047}},{"type":"Polygon","arcs":[[-739,754,755,-309,-59]],"properties":{"codigo":"13001100000000321002","sector":"130011000000003210","pcode":"CO13001","area_m2":59934}},{"type":"Polygon","arcs":[[-738,-42,756,757,758,-755]],"properties":{"codigo":"13001100000000321003","sector":"130011000000003210","pcode":"CO13001","area_m2":68127}},{"type":"Polygon","arcs":[[759,760,761,762]],"properties":{"codigo":"13001100000000310810","sector":"130011000000003108","pcode":"CO13001","area_m2":44934}},{"type":"Polygon","arcs":[[763,764]],"properties":{"codigo":"13001100000000310901","sector":"130011000000003109","pcode":"CO13001","area_m2":41462}},{"type":"Polygon","arcs":[[765,766,767,-740,-62,-524,768,-710,-716,769,-765,770,-745]],"properties":{"codigo":"13001100000000310902","sector":"130011000000003109","pcode":"CO13001","area_m2":211679}},{"type":"Polygon","arcs":[[-753,771,772,773,-766,-744]],"properties":{"codigo":"13001100000000320101","sector":"130011000000003201","pcode":"CO13001","area_m2":134287}},{"type":"Polygon","arcs":[[774,775,776,777,778,-772,-752]],"properties":{"codigo":"13001100000000320201","sector":"130011000000003202","pcode":"CO13001","area_m2":178498}},{"type":"Polygon","arcs":[[779,780,781,782,783,-778]],"properties":{"codigo":"13001100000000320301","sector":"130011000000003203","pcode":"CO13001","area_m2":59131}},{"type":"Polygon","arcs":[[784,785,-781,786]],"properties":{"codigo":"13001100000000320302","sector":"130011000000003203","pcode":"CO13001","area_m2":49531}},{"type":"Polygon","arcs":[[787,788,789,-787,-780,-777,790]],"properties":{"codigo":"13001100000000320303","sector":"130011000000003203","pcode":"CO13001","area_m2":88052}},{"type":"Polygon","arcs":[[-779,-784,791,-735,-768,792,-773]],"properties":{"codigo":"13001100000000320401","sector":"130011000000003204","pcode":"CO13001","area_m2":126256}},{"type":"Polygon","arcs":[[-793,-767,-774]],"properties":{"codigo":"13001100000000320402","sector":"130011000000003204","pcode":"CO13001","area_m2":53323}},{"type":"Polygon","arcs":[[-783,793,794,-736,-792]],"properties":{"codigo":"13001100000000321006","sector":"130011000000003210","pcode":"CO13001","area_m2":72747}},{"type":"Polygon","arcs":[[795,796,-38,-737,-795]],"properties":{"codigo":"13001100000000321007","sector":"130011000000003210","pcode":"CO13001","area_m2":80418}},{"type":"Polygon","arcs":[[-559,797,798,799,800,801]],"properties":{"codigo":"13001100000000350203","sector":"130011000000003502","pcode":"CO13001","area_m2":36106}},{"type":"Polygon","arcs":[[802,803,804,805,806,807]],"properties":{"codigo":"13001100000000330101","sector":"130011000000003301","pcode":"CO13001","area_m2":79705}},{"type":"Polygon","arcs":[[808,809,810,811,812,-654]],"properties":{"codigo":"13001100000000330102","sector":"130011000000003301","pcode":"CO13001","area_m2":80336}},{"type":"Polygon","arcs":[[-813,813,814,-655]],"properties":{"codigo":"13001100000000330103","sector":"130011000000003301","pcode":"CO13001","area_m2":97234}},{"type":"Polygon","arcs":[[-807,815,816,-810,817]],"properties":{"codigo":"13001100000000330104","sector":"130011000000003301","pcode":"CO13001","area_m2":70697}},{"type":"Polygon","arcs":[[-806,818,819,820,821,822,823,-816]],"properties":{"codigo":"13001100000000330105","sector":"130011000000003301","pcode":"CO13001","area_m2":107601}},{"type":"Polygon","arcs":[[824,825,826,827,828,-823]],"properties":{"codigo":"13001100000000330106","sector":"130011000000003301","pcode":"CO13001","area_m2":45858}},{"type":"Polygon","arcs":[[-824,-829,829,830,-811,-817]],"properties":{"codigo":"13001100000000330107","sector":"130011000000003301","pcode":"CO13001","area_m2":66471}},{"type":"Polygon","arcs":[[831,832,833,834]],"properties":{"codigo":"13001100000000330405","sector":"130011000000003304","pcode":"CO13001","area_m2":47154}},{"type":"Polygon","arcs":[[835,-819,-805]],"properties":{"codigo":"13001100000000330108","sector":"130011000000003301","pcode":"CO13001","area_m2":60479}},{"type":"Polygon","arcs":[[836,837,838,839,840,-825,-822]],"properties":{"codigo":"13001100000000330109","sector":"130011000000003301","pcode":"CO13001","area_m2":55587}},{"type":"Polygon","arcs":[[-312,841,842,843]],"properties":{"codigo":"13001100000000330203","sector":"130011000000003302","pcode":"CO13001","area_m2":56759}},{"type":"Polygon","arcs":[[-842,-311,844,845,-837,-821,846]],"properties":{"codigo":"13001100000000330301","sector":"130011000000003303","pcode":"CO13001","area_m2":94433}},{"type":"Polygon","arcs":[[-756,-759,847,848,-845,-310]],"properties":{"codigo":"13001100000000330302","sector":"130011000000003303","pcode":"CO13001","area_m2":70556}},{"type":"Polygon","arcs":[[-849,849,850,-838,-846]],"properties":{"codigo":"13001100000000330303","sector":"130011000000003303","pcode":"CO13001","area_m2":60859}},{"type":"Polygon","arcs":[[851,852,853,854,855,-839,-851]],"properties":{"codigo":"13001100000000330304","sector":"130011000000003303","pcode":"CO13001","area_m2":35713}},{"type":"Polygon","arcs":[[-758,856,857,-852,-850,-848]],"properties":{"codigo":"13001100000000330305","sector":"130011000000003303","pcode":"CO13001","area_m2":62921}},{"type":"Polygon","arcs":[[858,859,860,-833,861]],"properties":{"codigo":"13001100000000330404","sector":"130011000000003304","pcode":"CO13001","area_m2":29301}},{"type":"Polygon","arcs":[[862,863,864,865,-327]],"properties":{"codigo":"13001100000000340102","sector":"130011000000003401","pcode":"CO13001","area_m2":46554}},{"type":"Polygon","arcs":[[866,-560,-802,867,868,869,870]],"properties":{"codigo":"13001100000000350204","sector":"130011000000003502","pcode":"CO13001","area_m2":52332}},{"type":"Polygon","arcs":[[871,872,873,874,875]],"properties":{"codigo":"13001100000000340104","sector":"130011000000003401","pcode":"CO13001","area_m2":90538}},{"type":"Polygon","arcs":[[876,877,-876,878,879,880]],"properties":{"codigo":"13001100000000340105","sector":"130011000000003401","pcode":"CO13001","area_m2":116146}},{"type":"Polygon","arcs":[[-869,881,882]],"properties":{"codigo":"13001100000000350302","sector":"130011000000003503","pcode":"CO13001","area_m2":33665}},{"type":"Polygon","arcs":[[883,884,885,886,887,888,889]],"properties":{"codigo":"13001100000000350101","sector":"130011000000003501","pcode":"CO13001","area_m2":149353}},{"type":"Polygon","arcs":[[-890,890,891,892]],"properties":{"codigo":"13001100000000350102","sector":"130011000000003501","pcode":"CO13001","area_m2":24607}},{"type":"Polygon","arcs":[[-884,-893,893]],"properties":{"codigo":"13001100000000350103","sector":"130011000000003501","pcode":"CO13001","area_m2":25456}},{"type":"Polygon","arcs":[[894,-885,-894,-892,895,896]],"properties":{"codigo":"13001100000000350104","sector":"130011000000003501","pcode":"CO13001","area_m2":68182}},{"type":"Polygon","arcs":[[897,898,899]],"properties":{"codigo":"13001100000000350106","sector":"130011000000003501","pcode":"CO13001","area_m2":27810}},{"type":"Polygon","arcs":[[900,901,902,903,-799,904]],"properties":{"codigo":"13001100000000350108","sector":"130011000000003501","pcode":"CO13001","area_m2":169823}},{"type":"Polygon","arcs":[[905,906,907,-561,-867,908]],"properties":{"codigo":"13001100000000350201","sector":"130011000000003502","pcode":"CO13001","area_m2":56093}},{"type":"Polygon","arcs":[[909,910,-909,-871,911,912,913]],"properties":{"codigo":"13001100000000350205","sector":"130011000000003502","pcode":"CO13001","area_m2":64253}},{"type":"Polygon","arcs":[[914,-914,915,916]],"properties":{"codigo":"13001100000000350208","sector":"130011000000003502","pcode":"CO13001","area_m2":47988}},{"type":"Polygon","arcs":[[917,918,-917,919,920,921,922]],"properties":{"codigo":"13001100000000350209","sector":"130011000000003502","pcode":"CO13001","area_m2":103798}},{"type":"Polygon","arcs":[[923,-912,-870,-883,924,925]],"properties":{"codigo":"13001100000000350301","sector":"130011000000003503","pcode":"CO13001","area_m2":49272}},{"type":"Polygon","arcs":[[926,-925,-882,-868,-801,927,928,-854]],"properties":{"codigo":"13001100000000350303","sector":"130011000000003503","pcode":"CO13001","area_m2":39191}},{"type":"Polygon","arcs":[[-929,929,930,-855]],"properties":{"codigo":"13001100000000350304","sector":"130011000000003503","pcode":"CO13001","area_m2":24725}},{"type":"Polygon","arcs":[[-856,-931,931,932,-840]],"properties":{"codigo":"13001100000000350305","sector":"130011000000003503","pcode":"CO13001","area_m2":32181}},{"type":"Polygon","arcs":[[933,-328,-866,934,-873,935]],"properties":{"codigo":"13001100000000360301","sector":"130011000000003603","pcode":"CO13001","area_m2":53705}},{"type":"Polygon","arcs":[[936,-337,-323,-324,-934,937,938]],"properties":{"codigo":"13001100000000360302","sector":"130011000000003603","pcode":"CO13001","area_m2":85430}},{"type":"Polygon","arcs":[[-344,-338,-937,939,940]],"properties":{"codigo":"13001100000000360303","sector":"130011000000003603","pcode":"CO13001","area_m2":74313}},{"type":"Polygon","arcs":[[-940,-939,941,-877,942,943]],"properties":{"codigo":"13001100000000360304","sector":"130011000000003603","pcode":"CO13001","area_m2":151383}},{"type":"Polygon","arcs":[[-938,-936,-872,-878,-942]],"properties":{"codigo":"13001100000000360305","sector":"130011000000003603","pcode":"CO13001","area_m2":108252}},{"type":"Polygon","arcs":[[-271,944,945,946,-598,-605]],"properties":{"codigo":"13001100000000360401","sector":"130011000000003604","pcode":"CO13001","area_m2":57604}},{"type":"Polygon","arcs":[[947,948,949,-622,950,-946]],"properties":{"codigo":"13001100000000360402","sector":"130011000000003604","pcode":"CO13001","area_m2":60528}},{"type":"Polygon","arcs":[[-615,951,952,-948,-945,-270]],"properties":{"codigo":"13001100000000360403","sector":"130011000000003604","pcode":"CO13001","area_m2":49144}},{"type":"Polygon","arcs":[[-656,-815,953,-613,-608,-611,-649]],"properties":{"codigo":"13001100000000360404","sector":"130011000000003604","pcode":"CO13001","area_m2":123716}},{"type":"Polygon","arcs":[[-947,-951,-626,-621,954,-599]],"properties":{"codigo":"13001100000000360405","sector":"130011000000003604","pcode":"CO13001","area_m2":106294}},{"type":"Polygon","arcs":[[955,-835,956,-952,-614,-954]],"properties":{"codigo":"13001100000000360406","sector":"130011000000003604","pcode":"CO13001","area_m2":91528}},{"type":"Polygon","arcs":[[-703,-707,-708,-603,957,958,959,-700]],"properties":{"codigo":"13001100000000360503","sector":"130011000000003605","pcode":"CO13001","area_m2":40114}},{"type":"Polygon","arcs":[[960,-17,961,-921,962,963,-39,-797]],"properties":{"codigo":"13001100000000360701","sector":"130011000000003607","pcode":"CO13001","area_m2":88771}},{"type":"Polygon","arcs":[[-41,964,965,-857,-757]],"properties":{"codigo":"13001100000000360703","sector":"130011000000003607","pcode":"CO13001","area_m2":66635}},{"type":"Polygon","arcs":[[966,967,-926,-927,-853,-858,-966]],"properties":{"codigo":"13001100000000360704","sector":"130011000000003607","pcode":"CO13001","area_m2":67459}},{"type":"Polygon","arcs":[[-964,968,-967,-965,-40]],"properties":{"codigo":"13001100000000360705","sector":"130011000000003607","pcode":"CO13001","area_m2":81951}},{"type":"Polygon","arcs":[[-963,-920,-916,-913,-924,-968,-969]],"properties":{"codigo":"13001100000000360706","sector":"130011000000003607","pcode":"CO13001","area_m2":46452}},{"type":"Polygon","arcs":[[-812,-831,969,-862,-832,-956,-814]],"properties":{"codigo":"13001100000000360801","sector":"130011000000003608","pcode":"CO13001","area_m2":82987}},{"type":"Polygon","arcs":[[-830,-828,970,971,-859,-970]],"properties":{"codigo":"13001100000000360802","sector":"130011000000003608","pcode":"CO13001","area_m2":78228}},{"type":"Polygon","arcs":[[-827,972,973,974,975,-971]],"properties":{"codigo":"13001100000000360803","sector":"130011000000003608","pcode":"CO13001","area_m2":133281}},{"type":"Polygon","arcs":[[-841,-933,976,-973,-826]],"properties":{"codigo":"13001100000000360804","sector":"130011000000003608","pcode":"CO13001","area_m2":52780}},{"type":"Polygon","arcs":[[-975,977,978,979]],"properties":{"codigo":"13001100000000360805","sector":"130011000000003608","pcode":"CO13001","area_m2":86934}},{"type":"Polygon","arcs":[[980,981,982]],"properties":{"codigo":"13001100000000360902","sector":"130011000000003609","pcode":"CO13001","area_m2":44829}},{"type":"Polygon","arcs":[[983,984,985,986,987]],"properties":{"codigo":"13001200405009000104","sector":"130012004050090001","pcode":"CO13001","area_m2":54800}},{"type":"Polygon","arcs":[[988,989,990,991,992]],"properties":{"codigo":"13001100000000370103","sector":"130011000000003701","pcode":"CO13001","area_m2":142621}},{"type":"Polygon","arcs":[[-992,993,994,995,996]],"properties":{"codigo":"13001100000000370104","sector":"130011000000003701","pcode":"CO13001","area_m2":75012}},{"type":"Polygon","arcs":[[997,-996,998,999,1000,1001]],"properties":{"codigo":"13001100000000370107","sector":"130011000000003701","pcode":"CO13001","area_m2":118324}},{"type":"Polygon","arcs":[[1002,-1002,1003,1004]],"properties":{"codigo":"13001100000000370109","sector":"130011000000003701","pcode":"CO13001","area_m2":332785}},{"type":"Polygon","arcs":[[1005,1006,1007,-993,-997,-998,-1003]],"properties":{"codigo":"13001100000000370110","sector":"130011000000003701","pcode":"CO13001","area_m2":411802}},{"type":"Polygon","arcs":[[-986,1008,1009,1010]],"properties":{"codigo":"13001200405009000105","sector":"130012004050090001","pcode":"CO13001","area_m2":85270}},{"type":"Polygon","arcs":[[1011,1012,1013,-1009,-985]],"properties":{"codigo":"13001200405009000106","sector":"130012004050090001","pcode":"CO13001","area_m2":64378}},{"type":"Polygon","arcs":[[1014,1015,1016,1017,1018]],"properties":{"codigo":"13001200410005000102","sector":"130012004100050001","pcode":"CO13001","area_m2":53169}},{"type":"Polygon","arcs":[[1019,1020,-1015,1021,1022]],"properties":{"codigo":"13001200410005000103","sector":"130012004100050001","pcode":"CO13001","area_m2":93096}},{"type":"Polygon","arcs":[[1023,-1016,-1021,1024]],"properties":{"codigo":"13001200410005000104","sector":"130012004100050001","pcode":"CO13001","area_m2":42060}},{"type":"Polygon","arcs":[[1025,-1023,1026]],"properties":{"codigo":"13001200410005000105","sector":"130012004100050001","pcode":"CO13001","area_m2":154078}},{"type":"Polygon","arcs":[[-1025,-1020,-1026,1027]],"properties":{"codigo":"13001200410005000106","sector":"130012004100050001","pcode":"CO13001","area_m2":61314}},{"type":"Polygon","arcs":[[1028,1029]],"properties":{"codigo":"13001200403006000104","sector":"130012004030060001","pcode":"CO13001","area_m2":62029}},{"type":"Polygon","arcs":[[1030,1031,1032,1033,1034]],"properties":{"codigo":"13001200401008990105","sector":"130012004010089901","pcode":"CO13001","area_m2":80431}},{"type":"Polygon","arcs":[[1035,1036,1037,1038,1039]],"properties":{"codigo":"13001200405009000108","sector":"130012004050090001","pcode":"CO13001","area_m2":64457}},{"type":"Polygon","arcs":[[1040,1041,1042,-1010]],"properties":{"codigo":"13001200405009000201","sector":"130012004050090002","pcode":"CO13001","area_m2":61422}},{"type":"Polygon","arcs":[[1043,1044,1045,1046,-1041,-1014]],"properties":{"codigo":"13001200405009000202","sector":"130012004050090002","pcode":"CO13001","area_m2":91648}},{"type":"Polygon","arcs":[[1047,1048,-1042,-1047]],"properties":{"codigo":"13001200405009000203","sector":"130012004050090002","pcode":"CO13001","area_m2":172742}},{"type":"Polygon","arcs":[[1049,1050,-1048,-1046,1051]],"properties":{"codigo":"13001200405009000204","sector":"130012004050090002","pcode":"CO13001","area_m2":122021}},{"type":"Polygon","arcs":[[-1039,1052,-1052,-1045,1053]],"properties":{"codigo":"13001200405009000205","sector":"130012004050090002","pcode":"CO13001","area_m2":53572}},{"type":"Polygon","arcs":[[1054,-1050,-1053,-1038,1055]],"properties":{"codigo":"13001200405009000206","sector":"130012004050090002","pcode":"CO13001","area_m2":107598}},{"type":"Polygon","arcs":[[1056,1057]],"properties":{"codigo":"13001200408013000101","sector":"130012004080130001","pcode":"CO13001","area_m2":37091}},{"type":"Polygon","arcs":[[1058,1059,1060]],"properties":{"codigo":"13001200408013000103","sector":"130012004080130001","pcode":"CO13001","area_m2":50395}},{"type":"Polygon","arcs":[[1061]],"properties":{"codigo":"13001200502018000101","sector":"130012005020180001","pcode":"CO13001","area_m2":117156}},{"type":"Polygon","arcs":[[1062]],"properties":{"codigo":"13001200401017000101","sector":"130012004010170001","pcode":"CO13001","area_m2":13780}},{"type":"Polygon","arcs":[[1063]],"properties":{"codigo":"13001200301029000101","sector":"130012003010290001","pcode":"CO13001","area_m2":155388}},{"type":"Polygon","arcs":[[1064]],"properties":{"codigo":"13001200301034000101","sector":"130012003010340001","pcode":"CO13001","area_m2":1014530}},{"type":"Polygon","arcs":[[-658,-701,-960,1065,1066]],"properties":{"codigo":"13001100000000270101","sector":"130011000000002701","pcode":"CO13001","area_m2":27525}},{"type":"Polygon","arcs":[[1067,1068,1069]],"properties":{"codigo":"13001100000000010101","sector":"130011000000000101","pcode":"CO13001","area_m2":69644}},{"type":"Polygon","arcs":[[1070,-100,-104,1071,1072]],"properties":{"codigo":"13001100000000040305","sector":"130011000000000403","pcode":"CO13001","area_m2":61842}},{"type":"Polygon","arcs":[[1073,1074,1075]],"properties":{"codigo":"13001100000000060101","sector":"130011000000000601","pcode":"CO13001","area_m2":47994}},{"type":"Polygon","arcs":[[1076,1077,1078,1079,-192]],"properties":{"codigo":"13001100000000080102","sector":"130011000000000801","pcode":"CO13001","area_m2":224167}},{"type":"Polygon","arcs":[[1080,1081,1082,1083]],"properties":{"codigo":"13001100000000040203","sector":"130011000000000402","pcode":"CO13001","area_m2":31148}},{"type":"Polygon","arcs":[[-1069,1084,1085,1086]],"properties":{"codigo":"13001100000000010102","sector":"130011000000000101","pcode":"CO13001","area_m2":206451}},{"type":"Polygon","arcs":[[-48,1087,-1086,1088,-52,1089]],"properties":{"codigo":"13001100000000010202","sector":"130011000000000102","pcode":"CO13001","area_m2":232719}},{"type":"Polygon","arcs":[[-53,-1089,-1085,-1068,1090]],"properties":{"codigo":"13001100000000010301","sector":"130011000000000103","pcode":"CO13001","area_m2":169147}},{"type":"Polygon","arcs":[[1091,1092,-142,-133,-101,-1071,1093]],"properties":{"codigo":"13001100000000040301","sector":"130011000000000403","pcode":"CO13001","area_m2":89743}},{"type":"Polygon","arcs":[[1094,1095,-88,-91,1096,1097]],"properties":{"codigo":"13001100000000020202","sector":"130011000000000202","pcode":"CO13001","area_m2":185065}},{"type":"Polygon","arcs":[[1098,1099,-1074,1100,-98,-99,-86,-84,1101,1102]],"properties":{"codigo":"13001100000000020501","sector":"130011000000000205","pcode":"CO13001","area_m2":489379}},{"type":"Polygon","arcs":[[-201,1103,1104,1105]],"properties":{"codigo":"13001100000000060201","sector":"130011000000000602","pcode":"CO13001","area_m2":149324}},{"type":"Polygon","arcs":[[1106,-1105,1107,-1075,-1100,1108]],"properties":{"codigo":"13001100000000060202","sector":"130011000000000602","pcode":"CO13001","area_m2":169694}},{"type":"Polygon","arcs":[[1109,1110,1111,1112,1113]],"properties":{"codigo":"13001100000000020701","sector":"130011000000000207","pcode":"CO13001","area_m2":190887}},{"type":"Polygon","arcs":[[-109,1114,1115,1116,1117,-1114,1118,1119]],"properties":{"codigo":"13001100000000020702","sector":"130011000000000207","pcode":"CO13001","area_m2":247782}},{"type":"Polygon","arcs":[[-1083,1120,1121,-1116,1122]],"properties":{"codigo":"13001100000000020703","sector":"130011000000000207","pcode":"CO13001","area_m2":118927}},{"type":"Polygon","arcs":[[-121,1123,-1121,-1082,1124]],"properties":{"codigo":"13001100000000040102","sector":"130011000000000401","pcode":"CO13001","area_m2":42708}},{"type":"Polygon","arcs":[[1125,-123,1126,1127]],"properties":{"codigo":"13001100000000040201","sector":"130011000000000402","pcode":"CO13001","area_m2":42465}},{"type":"Polygon","arcs":[[-1127,-122,-1125,-1081,1128]],"properties":{"codigo":"13001100000000040202","sector":"130011000000000402","pcode":"CO13001","area_m2":43750}},{"type":"Polygon","arcs":[[-1072,-108,-124,-1126,1129]],"properties":{"codigo":"13001100000000040304","sector":"130011000000000403","pcode":"CO13001","area_m2":82411}},{"type":"Polygon","arcs":[[-206,1130,-1109,-1099,1131,-181,-178]],"properties":{"codigo":"13001100000000060203","sector":"130011000000000602","pcode":"CO13001","area_m2":200787}},{"type":"Polygon","arcs":[[1132,1133,-1094,-1073,-1130,-1128,-1129,-1084,-1123,-1115,-111,1134]],"properties":{"codigo":"13001100000000020704","sector":"130011000000000207","pcode":"CO13001","area_m2":1829060}},{"type":"Polygon","arcs":[[1135,-120,1136,1137,-1112]],"properties":{"codigo":"13001100000000030103","sector":"130011000000000301","pcode":"CO13001","area_m2":46396}},{"type":"Polygon","arcs":[[1138,-132,-112,-118,-1136,-1111]],"properties":{"codigo":"13001100000000030201","sector":"130011000000000302","pcode":"CO13001","area_m2":108117}},{"type":"Polygon","arcs":[[-128,-1139,-1110,-1118,1139,-126]],"properties":{"codigo":"13001100000000030202","sector":"130011000000000302","pcode":"CO13001","area_m2":109868}},{"type":"Polygon","arcs":[[-127,-1140,-1117,-1122,-1124]],"properties":{"codigo":"13001100000000040101","sector":"130011000000000401","pcode":"CO13001","area_m2":52115}},{"type":"Polygon","arcs":[[1140,-139,-1093,1141]],"properties":{"codigo":"13001100000000040502","sector":"130011000000000405","pcode":"CO13001","area_m2":97419}},{"type":"Polygon","arcs":[[-205,1142,1143,-196,-1106,-1107,-1131]],"properties":{"codigo":"13001100000000060207","sector":"130011000000000602","pcode":"CO13001","area_m2":114427}},{"type":"Polygon","arcs":[[-1108,-1104,-200,1144,-1097,-93,-95,-96,-1101,-1076]],"properties":{"codigo":"13001100000000070101","sector":"130011000000000701","pcode":"CO13001","area_m2":431886}},{"type":"Polygon","arcs":[[-238,1145,1146,1147,1148]],"properties":{"codigo":"13001100000000090102","sector":"130011000000000901","pcode":"CO13001","area_m2":78519}},{"type":"Polygon","arcs":[[-1080,1149,1150,-198,1151,-193]],"properties":{"codigo":"13001100000000070301","sector":"130011000000000703","pcode":"CO13001","area_m2":271242}},{"type":"Polygon","arcs":[[-188,1152,-194,-1152,-197,-1144,1153]],"properties":{"codigo":"13001100000000070401","sector":"130011000000000704","pcode":"CO13001","area_m2":71082}},{"type":"Polygon","arcs":[[-1148,1154,1155,-1077,-191,1156]],"properties":{"codigo":"13001100000000080101","sector":"130011000000000801","pcode":"CO13001","area_m2":137526}},{"type":"Polygon","arcs":[[-189,-1154,-1143,-204]],"properties":{"codigo":"13001100000000070403","sector":"130011000000000704","pcode":"CO13001","area_m2":46318}},{"type":"Polygon","arcs":[[1157,-1079,1158]],"properties":{"codigo":"13001100000000080202","sector":"130011000000000802","pcode":"CO13001","area_m2":182943}},{"type":"Polygon","arcs":[[1159,-209,1160,1161,-1159,-1078]],"properties":{"codigo":"13001100000000080203","sector":"130011000000000802","pcode":"CO13001","area_m2":331794}},{"type":"Polygon","arcs":[[-237,-247,-216,1162,1163,-1146]],"properties":{"codigo":"13001100000000090101","sector":"130011000000000901","pcode":"CO13001","area_m2":157129}},{"type":"Polygon","arcs":[[-555,1164,1165,-214,-586]],"properties":{"codigo":"13001100000000090201","sector":"130011000000000902","pcode":"CO13001","area_m2":145588}},{"type":"Polygon","arcs":[[1166,-1163,-215,-1166]],"properties":{"codigo":"13001100000000090202","sector":"130011000000000902","pcode":"CO13001","area_m2":91582}},{"type":"Polygon","arcs":[[-540,1167,-542]],"properties":{"codigo":"13001100000000240304","sector":"130011000000002403","pcode":"CO13001","area_m2":11359}},{"type":"Polygon","arcs":[[1168,1169,1170,1171,1172]],"properties":{"codigo":"13001100000000160103","sector":"130011000000001601","pcode":"CO13001","area_m2":106845}},{"type":"Polygon","arcs":[[-261,1173,-242,-239,-1149,-1157,-190,-1153,-187,-203,-229]],"properties":{"codigo":"13001100000000100102","sector":"130011000000001001","pcode":"CO13001","area_m2":256445}},{"type":"Polygon","arcs":[[1174,1175,-275,-265,1176,1177]],"properties":{"codigo":"13001100000000110104","sector":"130011000000001101","pcode":"CO13001","area_m2":128429}},{"type":"Polygon","arcs":[[-140,-1141,1178,1179,-1177,-267,-264,-258,-143]],"properties":{"codigo":"13001100000000110105","sector":"130011000000001101","pcode":"CO13001","area_m2":150885}},{"type":"Polygon","arcs":[[1180,-1178,-1180]],"properties":{"codigo":"13001100000000110106","sector":"130011000000001101","pcode":"CO13001","area_m2":92928}},{"type":"Polygon","arcs":[[-23,-243,-1174,-260]],"properties":{"codigo":"13001100000000110201","sector":"130011000000001102","pcode":"CO13001","area_m2":95287}},{"type":"Polygon","arcs":[[1181,-497,-279,1182,1183,1184,1185]],"properties":{"codigo":"13001100000000130302","sector":"130011000000001303","pcode":"CO13001","area_m2":72539}},{"type":"Polygon","arcs":[[1186,-286,1187,1188,1189]],"properties":{"codigo":"13001100000000140103","sector":"130011000000001401","pcode":"CO13001","area_m2":199724}},{"type":"Polygon","arcs":[[1190,1191,-372,1192,1193]],"properties":{"codigo":"13001100000000150102","sector":"130011000000001501","pcode":"CO13001","area_m2":75363}},{"type":"Polygon","arcs":[[1194,-1194,1195,1196]],"properties":{"codigo":"13001100000000150103","sector":"130011000000001501","pcode":"CO13001","area_m2":76209}},{"type":"Polygon","arcs":[[1197,1198,1199,1200,1201]],"properties":{"codigo":"13001100000000160102","sector":"130011000000001601","pcode":"CO13001","area_m2":88048}},{"type":"Polygon","arcs":[[1202,-364,-358,1203,1204,1205]],"properties":{"codigo":"13001100000000150104","sector":"130011000000001501","pcode":"CO13001","area_m2":117193}},{"type":"Polygon","arcs":[[1206,1207,1208,-347,-318]],"properties":{"codigo":"13001100000000160109","sector":"130011000000001601","pcode":"CO13001","area_m2":33143}},{"type":"Polygon","arcs":[[1209,1210,-1173,1211]],"properties":{"codigo":"13001100000000160111","sector":"130011000000001601","pcode":"CO13001","area_m2":103126}},{"type":"Polygon","arcs":[[1212,1213,1214,1215,-381,-388,-369,-1192,1216]],"properties":{"codigo":"13001100000000170303","sector":"130011000000001703","pcode":"CO13001","area_m2":178165}},{"type":"Polygon","arcs":[[1217,-1217,1218,1219,-1200]],"properties":{"codigo":"13001100000000170304","sector":"130011000000001703","pcode":"CO13001","area_m2":67359}},{"type":"Polygon","arcs":[[1220,-467,-422,-391,1221,1222]],"properties":{"codigo":"13001100000000180103","sector":"130011000000001801","pcode":"CO13001","area_m2":129963}},{"type":"Polygon","arcs":[[1223,-1222,-390,-395,1224,1225,1226]],"properties":{"codigo":"13001100000000180104","sector":"130011000000001801","pcode":"CO13001","area_m2":69905}},{"type":"Polygon","arcs":[[1227,1228,1229,-1223,-1224]],"properties":{"codigo":"13001100000000180105","sector":"130011000000001801","pcode":"CO13001","area_m2":111132}},{"type":"Polygon","arcs":[[1230,-476,-468,-1221,-1230]],"properties":{"codigo":"13001100000000180201","sector":"130011000000001802","pcode":"CO13001","area_m2":115705}},{"type":"Polygon","arcs":[[-471,-1231,-1229,1231,1232]],"properties":{"codigo":"13001100000000180301","sector":"130011000000001803","pcode":"CO13001","area_m2":100675}},{"type":"Polygon","arcs":[[-424,-421,-480,1233,1234,1235,-1186,1236,-1188,-285,-409,-405]],"properties":{"codigo":"13001100000000190101","sector":"130011000000001901","pcode":"CO13001","area_m2":297058}},{"type":"Polygon","arcs":[[-415,-407,-289,1237,1238]],"properties":{"codigo":"13001100000000190203","sector":"130011000000001902","pcode":"CO13001","area_m2":49397}},{"type":"Polygon","arcs":[[-1225,-396,-394,-1239,1239,1240,1241]],"properties":{"codigo":"13001100000000190301","sector":"130011000000001903","pcode":"CO13001","area_m2":127925}},{"type":"Polygon","arcs":[[1242,-1227,1243,-354,-377,-402]],"properties":{"codigo":"13001100000000190401","sector":"130011000000001904","pcode":"CO13001","area_m2":120163}},{"type":"Polygon","arcs":[[-1226,-1242,1244,-355,-1244]],"properties":{"codigo":"13001100000000190402","sector":"130011000000001904","pcode":"CO13001","area_m2":108462}},{"type":"Polygon","arcs":[[1245,1246,1247,1248,1249,-495]],"properties":{"codigo":"13001100000000210101","sector":"130011000000002101","pcode":"CO13001","area_m2":161518}},{"type":"Polygon","arcs":[[1250,-1246,-498,-1182,-1236,1251]],"properties":{"codigo":"13001100000000210201","sector":"130011000000002102","pcode":"CO13001","area_m2":60369}},{"type":"Polygon","arcs":[[1252,-1247,-1251,1253]],"properties":{"codigo":"13001100000000210301","sector":"130011000000002103","pcode":"CO13001","area_m2":76939}},{"type":"Polygon","arcs":[[1254,1255,-1254,-1252,-1235]],"properties":{"codigo":"13001100000000210302","sector":"130011000000002103","pcode":"CO13001","area_m2":108271}},{"type":"Polygon","arcs":[[-487,-1255,-1234,-479]],"properties":{"codigo":"13001100000000210401","sector":"130011000000002104","pcode":"CO13001","area_m2":85381}},{"type":"Polygon","arcs":[[-484,1256,-1248,-1253,-1256,-486]],"properties":{"codigo":"13001100000000210502","sector":"130011000000002105","pcode":"CO13001","area_m2":167968}},{"type":"Polygon","arcs":[[1257,-509,-502,-493,-496,-1250]],"properties":{"codigo":"13001100000000220302","sector":"130011000000002203","pcode":"CO13001","area_m2":130664}},{"type":"Polygon","arcs":[[-483,-520,-510,-1258,-1249,-1257]],"properties":{"codigo":"13001100000000220501","sector":"130011000000002205","pcode":"CO13001","area_m2":163638}},{"type":"Polygon","arcs":[[-512,-519,-544,-543,-1168,-539,-466,-25,-527,-500,-29,-507]],"properties":{"codigo":"13001100000000240303","sector":"130011000000002403","pcode":"CO13001","area_m2":244989}},{"type":"Polygon","arcs":[[1258,1259,-633,1260,-619]],"properties":{"codigo":"13001100000000260302","sector":"130011000000002603","pcode":"CO13001","area_m2":111998}},{"type":"Polygon","arcs":[[-602,1261,1262,1263,-591,-570,1264,-595]],"properties":{"codigo":"13001100000000260201","sector":"130011000000002602","pcode":"CO13001","area_m2":107378}},{"type":"Polygon","arcs":[[-1262,-601,1265]],"properties":{"codigo":"13001100000000260202","sector":"130011000000002602","pcode":"CO13001","area_m2":116926}},{"type":"Polygon","arcs":[[1266,1267,-632,-627,-624]],"properties":{"codigo":"13001100000000260305","sector":"130011000000002603","pcode":"CO13001","area_m2":177844}},{"type":"Polygon","arcs":[[-979,1268,1269,1270,1271,1272,1273,-630,-1268,1274]],"properties":{"codigo":"13001100000000260306","sector":"130011000000002603","pcode":"CO13001","area_m2":284710}},{"type":"Polygon","arcs":[[-631,-1274,1275,-1259,-618,-629]],"properties":{"codigo":"13001100000000260307","sector":"130011000000002603","pcode":"CO13001","area_m2":114470}},{"type":"Polygon","arcs":[[-1276,-1273,1276,1277,1278,-634,-1260]],"properties":{"codigo":"13001100000000260310","sector":"130011000000002603","pcode":"CO13001","area_m2":133972}},{"type":"Polygon","arcs":[[-1272,1279,1280,-1277]],"properties":{"codigo":"13001100000000260311","sector":"130011000000002603","pcode":"CO13001","area_m2":169296}},{"type":"Polygon","arcs":[[1281,1282,1283,1284,1285]],"properties":{"codigo":"13001100000000260503","sector":"130011000000002605","pcode":"CO13001","area_m2":122601}},{"type":"Polygon","arcs":[[1286,1287,1288,-1280,-1271]],"properties":{"codigo":"13001100000000260312","sector":"130011000000002603","pcode":"CO13001","area_m2":234224}},{"type":"Polygon","arcs":[[1289,-694,1290,-636,1291]],"properties":{"codigo":"13001100000000260403","sector":"130011000000002604","pcode":"CO13001","area_m2":520362}},{"type":"Polygon","arcs":[[-888,1292,-688,1293,-1283,1294]],"properties":{"codigo":"13001100000000260501","sector":"130011000000002605","pcode":"CO13001","area_m2":335080}},{"type":"Polygon","arcs":[[-1284,-1294,-695,-1290,1295,-679,1296]],"properties":{"codigo":"13001100000000260502","sector":"130011000000002605","pcode":"CO13001","area_m2":316799}},{"type":"Polygon","arcs":[[-1281,-1289,1297,1298,-1278]],"properties":{"codigo":"13001100000000260504","sector":"130011000000002605","pcode":"CO13001","area_m2":103523}},{"type":"Polygon","arcs":[[-902,1299,1300,-1298,-1288,1301]],"properties":{"codigo":"13001100000000260505","sector":"130011000000002605","pcode":"CO13001","area_m2":296541}},{"type":"Polygon","arcs":[[-1286,1302,-1300,-901,1303]],"properties":{"codigo":"13001100000000260506","sector":"130011000000002605","pcode":"CO13001","area_m2":88255}},{"type":"Polygon","arcs":[[-808,-818,-809,-653,-666,-675,-2,1304,1305]],"properties":{"codigo":"13001100000000280202","sector":"130011000000002802","pcode":"CO13001","area_m2":90515}},{"type":"Polygon","arcs":[[-1301,-1303,-1285,-1297,-680,-1296,-1292,-635,-1279,-1299]],"properties":{"codigo":"13001100000000260507","sector":"130011000000002605","pcode":"CO13001","area_m2":892926}},{"type":"Polygon","arcs":[[-887,-683,-689,-1293]],"properties":{"codigo":"13001100000000260602","sector":"130011000000002606","pcode":"CO13001","area_m2":509855}},{"type":"Polygon","arcs":[[1306,1307,1308,1309,-690,-681,1310,1311]],"properties":{"codigo":"13001100000000260604","sector":"130011000000002606","pcode":"CO13001","area_m2":10495640}},{"type":"Polygon","arcs":[[1312,1313,-687,-474,1314]],"properties":{"codigo":"13001100000000310101","sector":"130011000000003101","pcode":"CO13001","area_m2":46387}},{"type":"Polygon","arcs":[[1315,1316,1317,-729]],"properties":{"codigo":"13001100000000310202","sector":"130011000000003102","pcode":"CO13001","area_m2":41656}},{"type":"Polygon","arcs":[[1318,-760,1319,1320]],"properties":{"codigo":"13001100000000310803","sector":"130011000000003108","pcode":"CO13001","area_m2":115946}},{"type":"Polygon","arcs":[[-742,-572,-430,-398,-443,1321]],"properties":{"codigo":"13001100000000360506","sector":"130011000000003605","pcode":"CO13001","area_m2":74709}},{"type":"Polygon","arcs":[[1322,1323,1324,1325,1326,-762]],"properties":{"codigo":"13001100000000310805","sector":"130011000000003108","pcode":"CO13001","area_m2":99175}},{"type":"Polygon","arcs":[[-785,-790,1327]],"properties":{"codigo":"13001100000000320304","sector":"130011000000003203","pcode":"CO13001","area_m2":33790}},{"type":"Polygon","arcs":[[-922,-962,-18,-961,-796,-794,-782,-786,-1328,-789,1328,1329,1330]],"properties":{"codigo":"13001100000000321008","sector":"130011000000003210","pcode":"CO13001","area_m2":398102}},{"type":"Polygon","arcs":[[-843,-847,-820,-836,-804,-712,1331]],"properties":{"codigo":"13001100000000330201","sector":"130011000000003302","pcode":"CO13001","area_m2":45830}},{"type":"Polygon","arcs":[[-313,-844,-1332,-711,-769,-523]],"properties":{"codigo":"13001100000000330202","sector":"130011000000003302","pcode":"CO13001","area_m2":82668}},{"type":"Polygon","arcs":[[1332,-949,-953,-957,-834,-861]],"properties":{"codigo":"13001100000000330402","sector":"130011000000003304","pcode":"CO13001","area_m2":79330}},{"type":"Polygon","arcs":[[-972,-976,-980,-1275,-1267,-623,-950,-1333,-860]],"properties":{"codigo":"13001100000000330403","sector":"130011000000003304","pcode":"CO13001","area_m2":174227}},{"type":"Polygon","arcs":[[-326,1333,1334,-348,-1209,1335,-863]],"properties":{"codigo":"13001100000000340101","sector":"130011000000003401","pcode":"CO13001","area_m2":97578}},{"type":"Polygon","arcs":[[-1208,1336,1337,-864,-1336]],"properties":{"codigo":"13001100000000340108","sector":"130011000000003401","pcode":"CO13001","area_m2":51452}},{"type":"Polygon","arcs":[[-935,-865,-1338,1338,1339,1340,-874]],"properties":{"codigo":"13001100000000340109","sector":"130011000000003401","pcode":"CO13001","area_m2":85563}},{"type":"Polygon","arcs":[[1341,-897,1342,-899]],"properties":{"codigo":"13001100000000350105","sector":"130011000000003501","pcode":"CO13001","area_m2":50370}},{"type":"Polygon","arcs":[[1343,-900,-1343,-896,-891,-889,-1295,-1282,-1304,-905,-798,-558,-908]],"properties":{"codigo":"13001100000000350107","sector":"130011000000003501","pcode":"CO13001","area_m2":449320}},{"type":"Polygon","arcs":[[1344,1345,-910,-915,-919]],"properties":{"codigo":"13001100000000350207","sector":"130011000000003502","pcode":"CO13001","area_m2":76289}},{"type":"Polygon","arcs":[[-923,-1331,1346]],"properties":{"codigo":"13001100000000350210","sector":"130011000000003502","pcode":"CO13001","area_m2":49455}},{"type":"Polygon","arcs":[[-932,-930,-928,-800,-904,1347,-1269,-978,-974,-977]],"properties":{"codigo":"13001100000000350306","sector":"130011000000003503","pcode":"CO13001","area_m2":221166}},{"type":"Polygon","arcs":[[-903,-1302,-1287,-1270,-1348]],"properties":{"codigo":"13001100000000350307","sector":"130011000000003503","pcode":"CO13001","area_m2":183726}},{"type":"Polygon","arcs":[[1348,-287,-1187,1349]],"properties":{"codigo":"13001100000000360201","sector":"130011000000003602","pcode":"CO13001","area_m2":181906}},{"type":"Polygon","arcs":[[-959,1350,1351,-1066]],"properties":{"codigo":"13001100000000360501","sector":"130011000000003605","pcode":"CO13001","area_m2":32300}},{"type":"Polygon","arcs":[[-1067,-1352,1352,-441,-293,-455,-698,-659]],"properties":{"codigo":"13001100000000360502","sector":"130011000000003605","pcode":"CO13001","area_m2":96898}},{"type":"Polygon","arcs":[[-958,-606,-596,-1265,-569,-741,-1322,-442,-1353,-1351]],"properties":{"codigo":"13001100000000360504","sector":"130011000000003605","pcode":"CO13001","area_m2":218194}},{"type":"Polygon","arcs":[[1353,1354,1355,1356]],"properties":{"codigo":"13001100000000360604","sector":"130011000000003606","pcode":"CO13001","area_m2":53159}},{"type":"Polygon","arcs":[[1357,1358,1359,-1355]],"properties":{"codigo":"13001100000000360605","sector":"130011000000003606","pcode":"CO13001","area_m2":75624}},{"type":"Polygon","arcs":[[1360,-906,-911,-1346,1361,-982]],"properties":{"codigo":"13001100000000360901","sector":"130011000000003609","pcode":"CO13001","area_m2":70775}},{"type":"Polygon","arcs":[[1362,1363,1364,1365]],"properties":{"codigo":"13001100000000370108","sector":"130011000000003701","pcode":"CO13001","area_m2":236117}},{"type":"Polygon","arcs":[[1366,-1311,-684,-886,-895,-1342,-898,-1344,-907,-1361,-981]],"properties":{"codigo":"13001100000000360903","sector":"130011000000003609","pcode":"CO13001","area_m2":1357687}},{"type":"Polygon","arcs":[[1367,1368,-1364,1369]],"properties":{"codigo":"13001100000000370101","sector":"130011000000003701","pcode":"CO13001","area_m2":195272}},{"type":"Polygon","arcs":[[-1363,1370,-990,1371,-1370]],"properties":{"codigo":"13001100000000370102","sector":"130011000000003701","pcode":"CO13001","area_m2":134120}},{"type":"Polygon","arcs":[[-991,-1371,-1366,1372,1373,-994]],"properties":{"codigo":"13001100000000370105","sector":"130011000000003701","pcode":"CO13001","area_m2":103555}},{"type":"Polygon","arcs":[[1374,-999,-995,-1374]],"properties":{"codigo":"13001100000000370106","sector":"130011000000003701","pcode":"CO13001","area_m2":130228}},{"type":"Polygon","arcs":[[1375,-1006,-1005,1376]],"properties":{"codigo":"13001100000000370302","sector":"130011000000003703","pcode":"CO13001","area_m2":1655227}},{"type":"Polygon","arcs":[[-1000,-1375,-1373,-1365,-1369,1377,1378,-343,-345,-941,-944,1379,1380,1381,1382]],"properties":{"codigo":"13001100000000370111","sector":"130011000000003701","pcode":"CO13001","area_m2":1441638}},{"type":"Polygon","arcs":[[-1356,-1360,1383,1384,1385]],"properties":{"codigo":"13001100000000370201","sector":"130011000000003702","pcode":"CO13001","area_m2":95777}},{"type":"Polygon","arcs":[[1386,1387,1388,1389,1390,1391,-316]],"properties":{"codigo":"13001100000000370202","sector":"130011000000003702","pcode":"CO13001","area_m2":383257}},{"type":"Polygon","arcs":[[1392,1393]],"properties":{"codigo":"13001200401007000104","sector":"130012004010070001","pcode":"CO13001","area_m2":50013}},{"type":"Polygon","arcs":[[-1385,1394,-1387,-315,1395,1396,-300,-339,-341,-1379,1397]],"properties":{"codigo":"13001100000000370203","sector":"130011000000003702","pcode":"CO13001","area_m2":1506077}},{"type":"Polygon","arcs":[[-1395,-1384,1398,1399,-1388]],"properties":{"codigo":"13001100000000370204","sector":"130011000000003702","pcode":"CO13001","area_m2":200646}},{"type":"Polygon","arcs":[[1400,-1007,-1376]],"properties":{"codigo":"13001100000000370301","sector":"130011000000003703","pcode":"CO13001","area_m2":103815}},{"type":"Polygon","arcs":[[1401,1402,1403]],"properties":{"codigo":"13001200201001000101","sector":"130012002010010001","pcode":"CO13001","area_m2":25037}},{"type":"Polygon","arcs":[[1404,-1404,1405]],"properties":{"codigo":"13001200201001000102","sector":"130012002010010001","pcode":"CO13001","area_m2":104374}},{"type":"Polygon","arcs":[[1406,-1402,-1405]],"properties":{"codigo":"13001200201001000103","sector":"130012002010010001","pcode":"CO13001","area_m2":50826}},{"type":"Polygon","arcs":[[1407,1408]],"properties":{"codigo":"13001200601015000103","sector":"130012006010150001","pcode":"CO13001","area_m2":47885}},{"type":"Polygon","arcs":[[1409,1410,1411]],"properties":{"codigo":"13001200102002000101","sector":"130012001020020001","pcode":"CO13001","area_m2":133654}},{"type":"Polygon","arcs":[[1412,1413,1414,-1410]],"properties":{"codigo":"13001200102002000102","sector":"130012001020020001","pcode":"CO13001","area_m2":70275}},{"type":"Polygon","arcs":[[1415,1416,-1414]],"properties":{"codigo":"13001200102002000103","sector":"130012001020020001","pcode":"CO13001","area_m2":60751}},{"type":"Polygon","arcs":[[1417,1418,1419,1420,1421]],"properties":{"codigo":"13001200105004000102","sector":"130012001050040001","pcode":"CO13001","area_m2":79837}},{"type":"Polygon","arcs":[[-1415,-1417,1422,-1411]],"properties":{"codigo":"13001200102002000104","sector":"130012001020020001","pcode":"CO13001","area_m2":122465}},{"type":"Polygon","arcs":[[1423,1424,1425,1426]],"properties":{"codigo":"13001200603003000101","sector":"130012006030030001","pcode":"CO13001","area_m2":71952}},{"type":"Polygon","arcs":[[1427,1428,1429,-1426]],"properties":{"codigo":"13001200603003000102","sector":"130012006030030001","pcode":"CO13001","area_m2":93381}},{"type":"Polygon","arcs":[[1430,1431,-1429]],"properties":{"codigo":"13001200603003000103","sector":"130012006030030001","pcode":"CO13001","area_m2":60731}},{"type":"Polygon","arcs":[[1432,1433,-1431,-1428,-1425]],"properties":{"codigo":"13001200603003000104","sector":"130012006030030001","pcode":"CO13001","area_m2":53043}},{"type":"MultiPolygon","arcs":[[[-1433,-1424,1434]],[[1435]]],"properties":{"codigo":"13001200603003000105","sector":"130012006030030001","pcode":"CO13001","area_m2":62874}},{"type":"Polygon","arcs":[[1436,1437,1438,-1418]],"properties":{"codigo":"13001200105004000101","sector":"130012001050040001","pcode":"CO13001","area_m2":230305}},{"type":"Polygon","arcs":[[1439,1440,1441,-1437,-1422,1442,1443]],"properties":{"codigo":"13001200105004000103","sector":"130012001050040001","pcode":"CO13001","area_m2":129859}},{"type":"Polygon","arcs":[[1444,-1443,-1421,1445,1446,1447]],"properties":{"codigo":"13001200105004000104","sector":"130012001050040001","pcode":"CO13001","area_m2":131629}},{"type":"Polygon","arcs":[[-1444,-1445,1448,1449]],"properties":{"codigo":"13001200105004000105","sector":"130012001050040001","pcode":"CO13001","area_m2":304039}},{"type":"Polygon","arcs":[[-1394,1450,1451,1452,1453]],"properties":{"codigo":"13001200401007000103","sector":"130012004010070001","pcode":"CO13001","area_m2":39234}},{"type":"Polygon","arcs":[[-1441,1454]],"properties":{"codigo":"13001200105004000106","sector":"130012001050040001","pcode":"CO13001","area_m2":84329}},{"type":"Polygon","arcs":[[-1446,-1420,1455,1456,1457,1458]],"properties":{"codigo":"13001200105004000107","sector":"130012001050040001","pcode":"CO13001","area_m2":163957}},{"type":"Polygon","arcs":[[-1449,-1448,1459,1460]],"properties":{"codigo":"13001200105004000108","sector":"130012001050040001","pcode":"CO13001","area_m2":181522}},{"type":"Polygon","arcs":[[-1460,-1447,-1459,1461]],"properties":{"codigo":"13001200105004000109","sector":"130012001050040001","pcode":"CO13001","area_m2":177480}},{"type":"Polygon","arcs":[[-1439,1462,1463,-1456,-1419]],"properties":{"codigo":"13001200105004000110","sector":"130012001050040001","pcode":"CO13001","area_m2":95895}},{"type":"Polygon","arcs":[[-1457,-1464,1464]],"properties":{"codigo":"13001200105004000111","sector":"130012001050040001","pcode":"CO13001","area_m2":104866}},{"type":"Polygon","arcs":[[1465,1466]],"properties":{"codigo":"13001200401008990202","sector":"130012004010089902","pcode":"CO13001","area_m2":56227}},{"type":"Polygon","arcs":[[-1018,1467]],"properties":{"codigo":"13001200410005000101","sector":"130012004100050001","pcode":"CO13001","area_m2":398425}},{"type":"Polygon","arcs":[[1468,1469,-1029,1470]],"properties":{"codigo":"13001200403006000101","sector":"130012004030060001","pcode":"CO13001","area_m2":52419}},{"type":"Polygon","arcs":[[1471,1472,-1469,1473]],"properties":{"codigo":"13001200403006000102","sector":"130012004030060001","pcode":"CO13001","area_m2":94354}},{"type":"Polygon","arcs":[[-1472,1474]],"properties":{"codigo":"13001200403006000103","sector":"130012004030060001","pcode":"CO13001","area_m2":35394}},{"type":"Polygon","arcs":[[1475,-1452,1476]],"properties":{"codigo":"13001200401007000101","sector":"130012004010070001","pcode":"CO13001","area_m2":71687}},{"type":"Polygon","arcs":[[-1453,-1476,1477]],"properties":{"codigo":"13001200401007000102","sector":"130012004010070001","pcode":"CO13001","area_m2":34837}},{"type":"Polygon","arcs":[[1478,1479,1480,1481,-1133,1482,1483]],"properties":{"codigo":"13001200401008990101","sector":"130012004010089901","pcode":"CO13001","area_m2":864950}},{"type":"Polygon","arcs":[[-1484,1484,1485]],"properties":{"codigo":"13001200401008990102","sector":"130012004010089901","pcode":"CO13001","area_m2":161448}},{"type":"Polygon","arcs":[[1486,1487,1488,1489,1490]],"properties":{"codigo":"13001200401008990109","sector":"130012004010089901","pcode":"CO13001","area_m2":231566}},{"type":"Polygon","arcs":[[1491,1492,1493,-691,-1310]],"properties":{"codigo":"13001200405009000101","sector":"130012004050090001","pcode":"CO13001","area_m2":108159}},{"type":"Polygon","arcs":[[1494,1495]],"properties":{"codigo":"13001200401008990201","sector":"130012004010089902","pcode":"CO13001","area_m2":92785}},{"type":"Polygon","arcs":[[1496,1497,1498,-1490]],"properties":{"codigo":"13001200401008990203","sector":"130012004010089902","pcode":"CO13001","area_m2":55834}},{"type":"MultiPolygon","arcs":[[[1499,-1479,-1486,1500,1501]],[[-1481,1502]]],"properties":{"codigo":"13001200401008990103","sector":"130012004010089901","pcode":"CO13001","area_m2":353828}},{"type":"Polygon","arcs":[[1503,-1502,1504,-1033]],"properties":{"codigo":"13001200401008990104","sector":"130012004010089901","pcode":"CO13001","area_m2":105687}},{"type":"Polygon","arcs":[[-1487,1505,-1031,1506]],"properties":{"codigo":"13001200401008990106","sector":"130012004010089901","pcode":"CO13001","area_m2":69681}},{"type":"Polygon","arcs":[[-1488,-1507,-1035,1507,1508]],"properties":{"codigo":"13001200401008990107","sector":"130012004010089901","pcode":"CO13001","area_m2":71129}},{"type":"Polygon","arcs":[[-1489,-1509,1509,1510,-1497]],"properties":{"codigo":"13001200401008990108","sector":"130012004010089901","pcode":"CO13001","area_m2":82317}},{"type":"Polygon","arcs":[[-1511,1511,-1498]],"properties":{"codigo":"13001200401008990204","sector":"130012004010089902","pcode":"CO13001","area_m2":74951}},{"type":"MultiPolygon","arcs":[[[-1495,1512]],[[1513]]],"properties":{"codigo":"13001200401008990205","sector":"130012004010089902","pcode":"CO13001","area_m2":64718}},{"type":"Polygon","arcs":[[-1466,1514]],"properties":{"codigo":"13001200401008990206","sector":"130012004010089902","pcode":"CO13001","area_m2":54475}},{"type":"Polygon","arcs":[[-1494,1515,-988,1516,-692]],"properties":{"codigo":"13001200405009000102","sector":"130012004050090001","pcode":"CO13001","area_m2":84138}},{"type":"Polygon","arcs":[[1517,-1012,-984,-1516,-1493]],"properties":{"codigo":"13001200405009000103","sector":"130012004050090001","pcode":"CO13001","area_m2":79147}},{"type":"Polygon","arcs":[[-1040,-1054,-1044,-1013,-1518,-1492,-1309,1518]],"properties":{"codigo":"13001200405009000107","sector":"130012004050090001","pcode":"CO13001","area_m2":169457}},{"type":"Polygon","arcs":[[1519]],"properties":{"codigo":"13001200307035000101","sector":"130012003070350001","pcode":"CO13001","area_m2":304403}},{"type":"Polygon","arcs":[[1520,-1056,-1037]],"properties":{"codigo":"13001200405009000207","sector":"130012004050090002","pcode":"CO13001","area_m2":82212}},{"type":"Polygon","arcs":[[1521,1522]],"properties":{"codigo":"13001200601012000104","sector":"130012006010120001","pcode":"CO13001","area_m2":43147}},{"type":"Polygon","arcs":[[1523,1524]],"properties":{"codigo":"13001200203010000101","sector":"130012002030100001","pcode":"CO13001","area_m2":88657}},{"type":"Polygon","arcs":[[-1524,1525]],"properties":{"codigo":"13001200203010000102","sector":"130012002030100001","pcode":"CO13001","area_m2":165267}},{"type":"Polygon","arcs":[[1526,1527,1528]],"properties":{"codigo":"13001200601012000101","sector":"130012006010120001","pcode":"CO13001","area_m2":225116}},{"type":"Polygon","arcs":[[1529,-1529,1530]],"properties":{"codigo":"13001200601012000102","sector":"130012006010120001","pcode":"CO13001","area_m2":81004}},{"type":"Polygon","arcs":[[1531]],"properties":{"codigo":"13001200201036000101","sector":"130012002010360001","pcode":"CO13001","area_m2":39387}},{"type":"Polygon","arcs":[[-1527,-1530,1532,-1522,1533]],"properties":{"codigo":"13001200601012000103","sector":"130012006010120001","pcode":"CO13001","area_m2":186892}},{"type":"Polygon","arcs":[[1534,-1061,1535,1536,-1057]],"properties":{"codigo":"13001200408013000102","sector":"130012004080130001","pcode":"CO13001","area_m2":68282}},{"type":"Polygon","arcs":[[1537,-1536,-1060]],"properties":{"codigo":"13001200408013000104","sector":"130012004080130001","pcode":"CO13001","area_m2":142928}},{"type":"Polygon","arcs":[[1538,1539]],"properties":{"codigo":"13001200403014000101","sector":"130012004030140001","pcode":"CO13001","area_m2":132501}},{"type":"Polygon","arcs":[[-1539,1540]],"properties":{"codigo":"13001200403014000102","sector":"130012004030140001","pcode":"CO13001","area_m2":222833}},{"type":"Polygon","arcs":[[1541,1542]],"properties":{"codigo":"13001200601015000101","sector":"130012006010150001","pcode":"CO13001","area_m2":76592}},{"type":"Polygon","arcs":[[-1408,1543,-1542,1544]],"properties":{"codigo":"13001200601015000102","sector":"130012006010150001","pcode":"CO13001","area_m2":32974}},{"type":"Polygon","arcs":[[1545]],"properties":{"codigo":"13001200502016000101","sector":"130012005020160001","pcode":"CO13001","area_m2":93570}},{"type":"Polygon","arcs":[[1546]],"properties":{"codigo":"13001200302019000101","sector":"130012003020190001","pcode":"CO13001","area_m2":259546}},{"type":"Polygon","arcs":[[1547,1548]],"properties":{"codigo":"13001200204020000101","sector":"130012002040200001","pcode":"CO13001","area_m2":111299}},{"type":"Polygon","arcs":[[1549,-1548]],"properties":{"codigo":"13001200204020000102","sector":"130012002040200001","pcode":"CO13001","area_m2":246463}},{"type":"Polygon","arcs":[[1550]],"properties":{"codigo":"13001200103026000101","sector":"130012001030260001","pcode":"CO13001","area_m2":84152}},{"type":"Polygon","arcs":[[1551,1552]],"properties":{"codigo":"13001200302038000101","sector":"130012003020380001","pcode":"CO13001","area_m2":104568}},{"type":"Polygon","arcs":[[1553]],"properties":{"codigo":"13001200110028000101","sector":"130012001100280001","pcode":"CO13001","area_m2":66399}},{"type":"Polygon","arcs":[[1554,-1552,1555,1556]],"properties":{"codigo":"13001200302030000101","sector":"130012003020300001","pcode":"CO13001","area_m2":184888}},{"type":"Polygon","arcs":[[-1557,1557]],"properties":{"codigo":"13001200302030000102","sector":"130012003020300001","pcode":"CO13001","area_m2":185066}},{"type":"Polygon","arcs":[[1558,1559]],"properties":{"codigo":"13001200404033000101","sector":"130012004040330001","pcode":"CO13001","area_m2":191762}},{"type":"Polygon","arcs":[[-1559,1560,-1307,1561]],"properties":{"codigo":"13001200404033000102","sector":"130012004040330001","pcode":"CO13001","area_m2":468805}},{"type":"Polygon","arcs":[[1562,-1389,1563,1564]],"properties":{"codigo":"13001100000000370206","sector":"130011000000003702","pcode":"CO13001","area_m2":289874}},{"type":"MultiPolygon","arcs":[[[1565]],[[1566]]],"properties":{"codigo":"13001200401027000101","sector":"130012004010270001","pcode":"CO13001","area_m2":125268}},{"type":"Polygon","arcs":[[-1263,-1266,-600,-955,-620,-1261,-638,1567,1568]],"properties":{"codigo":"13001100000000260304","sector":"130011000000002603","pcode":"CO13001","area_m2":947727}},{"type":"Polygon","arcs":[[-1238,-288,1569,1570]],"properties":{"codigo":"13001100000000140106","sector":"130011000000001401","pcode":"CO13001","area_m2":78807}},{"type":"Polygon","arcs":[[1571,-1215,1572]],"properties":{"codigo":"13001100000000310502","sector":"130011000000003105","pcode":"CO13001","area_m2":89513}},{"type":"Polygon","arcs":[[1573,1574,1575]],"properties":{"codigo":"13001100000000150205","sector":"130011000000001502","pcode":"CO13001","area_m2":110374}},{"type":"Polygon","arcs":[[-195,-185,-182,-1132,1576,-1137,-119,-116,-147]],"properties":{"codigo":"13001100000000050101","sector":"130011000000000501","pcode":"CO13001","area_m2":214063}},{"type":"Polygon","arcs":[[1577,-1197,1578,1579]],"properties":{"codigo":"13001100000000150203","sector":"130011000000001502","pcode":"CO13001","area_m2":103805}},{"type":"Polygon","arcs":[[-875,-1341,1580,1581,-879]],"properties":{"codigo":"13001100000000340103","sector":"130011000000003401","pcode":"CO13001","area_m2":128722}},{"type":"Polygon","arcs":[[-1184,1582,1583,1584,1585]],"properties":{"codigo":"13001100000000130301","sector":"130011000000001303","pcode":"CO13001","area_m2":211328}},{"type":"Polygon","arcs":[[1586,1587,-230,1588,1589]],"properties":{"codigo":"13001100000000120103","sector":"130011000000001201","pcode":"CO13001","area_m2":177468}},{"type":"Polygon","arcs":[[-1189,-1237,-1185,-1586,1590]],"properties":{"codigo":"13001100000000140102","sector":"130011000000001401","pcode":"CO13001","area_m2":242311}},{"type":"Polygon","arcs":[[-1569,1591,-575,-590,-530,-515,-592,-1264]],"properties":{"codigo":"13001100000000250801","sector":"130011000000002508","pcode":"CO13001","area_m2":375470}},{"type":"Polygon","arcs":[[-45,-385,-472,-1233,1592]],"properties":{"codigo":"13001100000000180401","sector":"130011000000001804","pcode":"CO13001","area_m2":95842}},{"type":"Polygon","arcs":[[1593,1594,-1327,1595]],"properties":{"codigo":"13001100000000360601","sector":"130011000000003606","pcode":"CO13001","area_m2":73351}},{"type":"Polygon","arcs":[[-356,-1245,-1241,1596,1597]],"properties":{"codigo":"13001100000000140101","sector":"130011000000001401","pcode":"CO13001","area_m2":49110}},{"type":"Polygon","arcs":[[-357,-1598,1598,1599,-1204]],"properties":{"codigo":"13001100000000140109","sector":"130011000000001401","pcode":"CO13001","area_m2":81692}},{"type":"Polygon","arcs":[[-1305,-1,-677,1600,1601,1602]],"properties":{"codigo":"13001100000000300101","sector":"130011000000003001","pcode":"CO13001","area_m2":40739}},{"type":"Polygon","arcs":[[1603,1604,-685,-1314,1605,-672]],"properties":{"codigo":"13001100000000290105","sector":"130011000000002901","pcode":"CO13001","area_m2":97085}},{"type":"Polygon","arcs":[[1606,-1602,1607,-669,1608,-726]],"properties":{"codigo":"13001100000000300108","sector":"130011000000003001","pcode":"CO13001","area_m2":85108}},{"type":"Polygon","arcs":[[-664,-686,-1605,1609,1610]],"properties":{"codigo":"13001100000000290103","sector":"130011000000002901","pcode":"CO13001","area_m2":91988}},{"type":"Polygon","arcs":[[-526,-521,-231,-1588,1611,1612]],"properties":{"codigo":"13001100000000120201","sector":"130011000000001202","pcode":"CO13001","area_m2":138494}},{"type":"Polygon","arcs":[[1613,-1599,-1597,-1240,-1571,1614,1615]],"properties":{"codigo":"13001100000000140107","sector":"130011000000001401","pcode":"CO13001","area_m2":295989}},{"type":"Polygon","arcs":[[1616,1617,-1210,1618]],"properties":{"codigo":"13001100000000160107","sector":"130011000000001601","pcode":"CO13001","area_m2":28847}},{"type":"Polygon","arcs":[[-1610,-1604,-671,1619]],"properties":{"codigo":"13001100000000290106","sector":"130011000000002901","pcode":"CO13001","area_m2":104490}},{"type":"Polygon","arcs":[[1620,1621,-489,-525,-1613,1622,1623]],"properties":{"codigo":"13001100000000120202","sector":"130011000000001202","pcode":"CO13001","area_m2":249129}},{"type":"Polygon","arcs":[[-1581,-1340,1624,1625,-1574,1626,1627]],"properties":{"codigo":"13001100000000160110","sector":"130011000000001601","pcode":"CO13001","area_m2":76515}},{"type":"Polygon","arcs":[[-1171,1628,1629,1630,1631,-1575,-1626,1632]],"properties":{"codigo":"13001100000000150204","sector":"130011000000001502","pcode":"CO13001","area_m2":201028}},{"type":"Polygon","arcs":[[-1205,-1600,-1614,1633]],"properties":{"codigo":"13001100000000140108","sector":"130011000000001401","pcode":"CO13001","area_m2":248022}},{"type":"Polygon","arcs":[[-1396,-314,-346,-1335,1634]],"properties":{"codigo":"13001100000000160302","sector":"130011000000001603","pcode":"CO13001","area_m2":148431}},{"type":"Polygon","arcs":[[-1220,1635,-1630,1636,-1201]],"properties":{"codigo":"13001100000000150202","sector":"130011000000001502","pcode":"CO13001","area_m2":87802}},{"type":"Polygon","arcs":[[-678,-676,-1611,-1620,-670,-1608,-1601]],"properties":{"codigo":"13001100000000290107","sector":"130011000000002901","pcode":"CO13001","area_m2":61354}},{"type":"Polygon","arcs":[[-1162,1637,-1095,1638,-1150,-1158]],"properties":{"codigo":"13001100000000080201","sector":"130011000000000802","pcode":"CO13001","area_m2":311429}},{"type":"Polygon","arcs":[[-1113,-1138,-1577,-1103,1639,-1119]],"properties":{"codigo":"13001100000000020601","sector":"130011000000000206","pcode":"CO13001","area_m2":523251}},{"type":"Polygon","arcs":[[1640,1641,-1621,1642]],"properties":{"codigo":"13001100000000120205","sector":"130011000000001202","pcode":"CO13001","area_m2":107925}},{"type":"Polygon","arcs":[[-1183,-282,1643,1644,-1583]],"properties":{"codigo":"13001100000000130103","sector":"130011000000001301","pcode":"CO13001","area_m2":176946}},{"type":"Polygon","arcs":[[-1623,-1612,-1587,1645]],"properties":{"codigo":"13001100000000120204","sector":"130011000000001202","pcode":"CO13001","area_m2":154791}},{"type":"Polygon","arcs":[[-210,-1160,-1156,1646]],"properties":{"codigo":"13001100000000080204","sector":"130011000000000802","pcode":"CO13001","area_m2":242388}},{"type":"Polygon","arcs":[[1647,-880,-1582,-1628,1648,-1382,1649]],"properties":{"codigo":"13001100000000340110","sector":"130011000000003401","pcode":"CO13001","area_m2":153409}},{"type":"Polygon","arcs":[[-1339,-1337,-1207,-317,-1392,1650,-1619,-1212,-1172,-1633,-1625]],"properties":{"codigo":"13001100000000160106","sector":"130011000000001601","pcode":"CO13001","area_m2":466385}},{"type":"Polygon","arcs":[[-1584,-1645,1651,1652]],"properties":{"codigo":"13001100000000130102","sector":"130011000000001301","pcode":"CO13001","area_m2":111480}},{"type":"Polygon","arcs":[[-301,-1397,-1635,-1334,-325,-321,-305]],"properties":{"codigo":"13001100000000160201","sector":"130011000000001602","pcode":"CO13001","area_m2":124278}},{"type":"Polygon","arcs":[[-1639,-1098,-1145,-199,-1151]],"properties":{"codigo":"13001100000000070201","sector":"130011000000000702","pcode":"CO13001","area_m2":127352}},{"type":"Polygon","arcs":[[-1651,-1391,1653,-1213,-1218,-1199,1654,-1617]],"properties":{"codigo":"13001100000000160105","sector":"130011000000001601","pcode":"CO13001","area_m2":140832}},{"type":"Polygon","arcs":[[1655,-1594,1656,1657,-1399,-1359]],"properties":{"codigo":"13001100000000360606","sector":"130011000000003606","pcode":"CO13001","area_m2":34308}},{"type":"Polygon","arcs":[[-1579,-1196,-1193,-360,-1203,1658]],"properties":{"codigo":"13001100000000150101","sector":"130011000000001501","pcode":"CO13001","area_m2":136971}},{"type":"Polygon","arcs":[[-46,-1593,-1232,-1228,-1243,-401]],"properties":{"codigo":"13001100000000180404","sector":"130011000000001804","pcode":"CO13001","area_m2":116708}},{"type":"Polygon","arcs":[[-725,-713,-803,-1306,-1603,-1607]],"properties":{"codigo":"13001100000000300102","sector":"130011000000003001","pcode":"CO13001","area_m2":66571}},{"type":"Polygon","arcs":[[1659,1660,-1564,-1400,-1658]],"properties":{"codigo":"13001100000000370205","sector":"130011000000003702","pcode":"CO13001","area_m2":162336}},{"type":"Polygon","arcs":[[-943,-881,-1648,1661,-1380]],"properties":{"codigo":"13001100000000340106","sector":"130011000000003401","pcode":"CO13001","area_m2":126712}},{"type":"Polygon","arcs":[[-490,-1622,-1642,1662]],"properties":{"codigo":"13001100000000120203","sector":"130011000000001202","pcode":"CO13001","area_m2":97033}},{"type":"Polygon","arcs":[[-1661,1663,-1325,1664,-754,-748,-750,-734,-731,-378,-1216,-1572,1665,-1565]],"properties":{"codigo":"13001100000000310501","sector":"130011000000003105","pcode":"CO13001","area_m2":812002}},{"type":"Polygon","arcs":[[1666,-673,-1606,-1313,1667,-1317]],"properties":{"codigo":"13001100000000310102","sector":"130011000000003101","pcode":"CO13001","area_m2":28594}},{"type":"Polygon","arcs":[[-1657,-1596,-1326,-1664,-1660]],"properties":{"codigo":"13001100000000360607","sector":"130011000000003606","pcode":"CO13001","area_m2":55647}},{"type":"Polygon","arcs":[[-1202,-1637,-1629,-1170,1668]],"properties":{"codigo":"13001100000000160101","sector":"130011000000001601","pcode":"CO13001","area_m2":87788}},{"type":"Polygon","arcs":[[-764,-770,-715,-721,-722,1669,-1316,-733,-749,-746,-771]],"properties":{"codigo":"13001100000000300201","sector":"130011000000003002","pcode":"CO13001","area_m2":350697}},{"type":"Polygon","arcs":[[-1652,-1644,-281,-491,-1663,-1641,1670]],"properties":{"codigo":"13001100000000130101","sector":"130011000000001301","pcode":"CO13001","area_m2":153726}},{"type":"Polygon","arcs":[[-1354,1671,-1320,1672]],"properties":{"codigo":"13001100000000360603","sector":"130011000000003606","pcode":"CO13001","area_m2":94725}},{"type":"Polygon","arcs":[[-761,-1319,1673,-1329,-788,1674,-1323]],"properties":{"codigo":"13001100000000310802","sector":"130011000000003108","pcode":"CO13001","area_m2":132031}},{"type":"Polygon","arcs":[[-1381,-1662,-1650]],"properties":{"codigo":"13001100000000340107","sector":"130011000000003401","pcode":"CO13001","area_m2":41383}},{"type":"Polygon","arcs":[[1675,1676,-277,-250,-274]],"properties":{"codigo":"13001100000000100304","sector":"130011000000001003","pcode":"CO13001","area_m2":134944}},{"type":"Polygon","arcs":[[1677,-775,-751,-1665,-1324]],"properties":{"codigo":"13001100000000310801","sector":"130011000000003108","pcode":"CO13001","area_m2":157114}},{"type":"Polygon","arcs":[[-791,-776,-1678,-1675]],"properties":{"codigo":"13001100000000310804","sector":"130011000000003108","pcode":"CO13001","area_m2":39894}},{"type":"Polygon","arcs":[[-1219,-1191,-1195,-1578,1678,-1631,-1636]],"properties":{"codigo":"13001100000000150201","sector":"130011000000001502","pcode":"CO13001","area_m2":290831}},{"type":"Polygon","arcs":[[-1165,-554,1679,-207,-1647,-1155,-1147,-1164,-1167]],"properties":{"codigo":"13001100000000080207","sector":"130011000000000802","pcode":"CO13001","area_m2":852485}},{"type":"Polygon","arcs":[[-1211,-1618,-1655,-1198,-1669,-1169]],"properties":{"codigo":"13001100000000160104","sector":"130011000000001601","pcode":"CO13001","area_m2":78724}},{"type":"Polygon","arcs":[[-1589,-234,-212,-278,-1677,1680,1681]],"properties":{"codigo":"13001100000000120102","sector":"130011000000001201","pcode":"CO13001","area_m2":139375}},{"type":"Polygon","arcs":[[-1681,-1676,-276,-1176,1682]],"properties":{"codigo":"13001100000000110301","sector":"130011000000001103","pcode":"CO13001","area_m2":123948}},{"type":"Polygon","arcs":[[-724,-727,-1609,-668,-1667,-1670]],"properties":{"codigo":"13001100000000300107","sector":"130011000000003001","pcode":"CO13001","area_m2":83994}},{"type":"Polygon","arcs":[[-1615,-1570,-291,-1349,1683]],"properties":{"codigo":"13001100000000360202","sector":"130011000000003602","pcode":"CO13001","area_m2":185225}},{"type":"Polygon","arcs":[[-1673,-763,-1595,-1656,-1358]],"properties":{"codigo":"13001100000000360602","sector":"130011000000003606","pcode":"CO13001","area_m2":52661}},{"type":"Polygon","arcs":[[-1666,-1573,-1214,-1654,-1390,-1563]],"properties":{"codigo":"13001100000000310503","sector":"130011000000003105","pcode":"CO13001","area_m2":325419}},{"type":"Polygon","arcs":[[-1668,-1315,-473,-383,-730,-1318]],"properties":{"codigo":"13001100000000310201","sector":"130011000000003102","pcode":"CO13001","area_m2":62542}},{"type":"Polygon","arcs":[[1684]],"properties":{"codigo":"13001200406039000101","sector":"130012004060390001","pcode":"CO13001","area_m2":48453}},{"type":"Polygon","arcs":[[1685]],"properties":{"codigo":"13001200401037000101","sector":"130012004010370001","pcode":"CO13001","area_m2":10619}}]}},"arcs":[[[8124,7745],[-6,-10]],[[8118,7735],[-21,4]],[[8097,7739],[-1,6],[10,1]],[[8106,7746],[8,0],[0,-1],[10,0]],[[7984,7834],[-2,-5],[-8,-5],[-3,0],[-2,-4]],[[7969,7820],[-15,5]],[[7954,7825],[1,2],[1,0],[4,7]],[[7960,7834],[1,4]],[[7961,7838],[23,-4]],[[8068,7810],[-3,-1],[0,-1],[-6,-18]],[[8059,7790],[-13,-2]],[[8046,7788],[-4,17],[2,2]],[[8044,7807],[9,0]],[[8053,7807],[9,2]],[[8062,7809],[6,2]],[[8068,7811],[0,-1]],[[8250,7653],[-13,6],[9,9]],[[8246,7668],[13,-7],[-9,-8]],[[7694,8023],[4,-1]],[[7698,8022],[-1,-11]],[[7697,8011],[-9,1]],[[7688,8012],[-12,1],[-4,0]],[[7672,8013],[1,11]],[[7673,8024],[21,-1]],[[7762,7859],[-3,0],[0,-2],[-4,0]],[[7755,7857],[-21,0]],[[7734,7857],[-1,2],[-7,6]],[[7726,7865],[5,1],[4,-2],[11,0],[7,-2],[9,0],[0,-3]],[[7802,7883],[-21,-4],[-3,-1],[-8,-1]],[[7770,7877],[-2,6],[-2,7]],[[7766,7890],[13,1],[1,-1],[20,2]],[[7800,7892],[2,-4],[1,-4],[-1,-1]],[[7717,7876],[-3,-1]],[[7714,7875],[-5,11]],[[7709,7886],[15,3]],[[7724,7889],[14,4]],[[7738,7893],[4,-6],[5,-9],[-22,-1],[-8,-1]],[[8227,7678],[13,-2]],[[8240,7676],[-4,-4],[-25,-23]],[[8211,7649],[-6,1]],[[8205,7650],[-12,4]],[[8193,7654],[2,3],[5,9],[7,13]],[[8207,7679],[20,-1]],[[8154,7856],[7,-5],[-19,-12]],[[8142,7839],[-23,15]],[[8119,7854],[19,12]],[[8138,7866],[16,-10]],[[7323,7826],[17,18]],[[7340,7844],[51,-20],[4,-3],[2,1],[9,-4],[5,-5],[1,-5],[-1,-3],[-2,-1],[-13,3],[-7,-1],[-1,1],[-12,1],[-7,1],[-10,5],[-3,1],[-13,5],[-5,0],[-8,4],[-4,1],[-3,1]],[[7267,7903],[8,-5],[21,-13],[14,-9]],[[7310,7876],[-9,-6],[-2,-1]],[[7299,7869],[-1,1],[-18,-11],[-10,-5]],[[7270,7854],[-12,10],[-25,21]],[[7233,7885],[18,8],[-1,1],[17,9],[-5,3],[5,-3]],[[7328,7909],[-9,-14],[-1,-3],[-1,-8],[-2,-3],[-5,-5]],[[7267,7903],[10,6],[2,3],[-2,2],[-3,-1],[7,4],[-1,-1],[4,-1],[4,3],[-1,3],[-2,0],[6,4],[-1,-1],[4,-1],[4,2]],[[7298,7925],[19,-10],[11,-6]],[[8216,7718],[-6,-24]],[[8210,7694],[-15,1],[-13,3]],[[8182,7698],[1,1]],[[8183,7699],[8,20]],[[8191,7719],[25,-1]],[[7338,7924],[-10,-15]],[[7298,7925],[0,5],[1,1],[5,0],[5,3],[0,5],[2,1],[3,-1],[5,3],[1,2],[-1,3],[5,1],[2,1],[3,9],[1,11],[3,7],[-5,2],[5,-2],[2,11],[0,6],[-1,2]],[[7334,7995],[4,0],[2,5]],[[7340,8000],[8,-12],[0,-2],[-5,-35],[-1,-4],[-6,-8],[1,-2],[4,-3],[0,-1],[-7,-6],[4,-3]],[[7340,8000],[-8,11],[17,5]],[[7349,8016],[4,-3],[4,-8],[8,-4],[3,-4],[4,-1],[7,-5],[5,-6],[-5,-2],[-1,0],[-5,4],[-9,-5],[4,-2],[5,-5],[8,5],[9,0],[3,-5],[5,-3],[-2,-4],[-1,0],[1,3],[-3,3],[0,-3],[-4,-4],[1,-1],[-5,-8],[3,6],[-6,1],[-3,-5],[1,3],[-3,-2],[-1,1],[-3,1],[-1,-2],[-2,0],[-15,-23],[-1,0],[-3,-4],[-5,-5],[-8,-5]],[[7369,8050],[-3,-2]],[[7366,8048],[-5,3],[-1,0],[-13,-12],[-6,-4],[-3,-4],[-2,1],[-5,-7],[5,-3],[13,-6]],[[7334,7995],[1,2],[-2,4],[-5,9],[-6,9],[-6,0],[6,0],[-4,6]],[[7318,8025],[4,1],[0,2],[5,1],[8,6],[10,5],[12,11],[5,3]],[[7362,8054],[7,-4]],[[7311,8060],[0,-1],[3,-5],[17,-2],[12,0],[11,1],[3,7]],[[7357,8060],[4,0],[5,-1]],[[7366,8059],[-2,-4],[-2,-1]],[[7318,8025],[-7,1],[7,0],[-13,21],[-2,4],[-4,7],[-2,4]],[[7297,8062],[8,0],[6,-2]],[[7311,8060],[-1,5],[15,0],[29,2],[0,-7],[3,0]],[[7358,8097],[-10,-4],[-10,-3],[-5,-4],[-9,-4],[-9,-6],[-4,-3],[-1,-2],[26,1],[12,2],[17,0]],[[7365,8074],[18,3],[2,-5],[6,2],[8,3]],[[7399,8077],[-11,-6],[-6,-2],[-14,-9],[-2,-1]],[[7297,8062],[-2,3],[2,5],[6,5],[5,3],[12,5],[17,10],[10,4],[7,4]],[[7354,8101],[4,-4]],[[7369,8086],[-1,-5],[-3,-7]],[[7358,8097],[11,4],[1,2]],[[7370,8103],[-1,-17]],[[7375,8046],[-6,-4],[19,-14],[6,-5],[6,-4],[6,-3]],[[7406,8016],[1,-2],[-2,-2],[-2,2],[-3,-1],[-12,5],[-5,3],[-7,1],[-3,1],[1,4],[-8,5],[-1,0],[-12,7],[13,9]],[[7369,8050],[6,-4]],[[7422,8054],[-3,-19],[-14,3],[-14,5],[1,6],[-15,-1],[-2,-2]],[[7366,8059],[2,-3],[51,13]],[[7419,8069],[4,-10],[-1,-5]],[[7399,8077],[16,8]],[[7415,8085],[-2,-4],[-1,-2],[7,-10]],[[7416,8086],[-1,-1]],[[7369,8086],[27,1],[12,1]],[[7408,8088],[0,-4],[2,0],[6,2]],[[7370,8103],[3,1],[9,2],[5,0],[12,5],[3,0],[5,-3],[0,-4],[-5,-6],[6,-10]],[[7751,8132],[-2,-6],[-6,-8]],[[7743,8118],[-14,2]],[[7729,8120],[2,3],[0,5]],[[7731,8128],[6,5],[2,4],[12,-5]],[[7751,8138],[0,-6]],[[7731,8128],[-2,5],[-2,1]],[[7727,8134],[1,2],[-6,1],[-4,1],[4,6]],[[7722,8144],[4,-1],[7,12]],[[7733,8155],[16,-4],[3,-1],[-1,-12]],[[7752,8251],[5,30],[3,3],[-3,3]],[[7757,8287],[-1,2],[5,3],[-2,-2],[3,-1],[5,1],[11,6]],[[7778,8296],[0,-10],[-12,-5],[-1,-8],[-2,0],[-4,-22],[-7,0]],[[7681,8178],[-1,-9]],[[7680,8169],[-15,0],[-1,-5],[-7,0],[-1,-9]],[[7656,8155],[-7,3],[-1,3],[-7,4]],[[7641,8165],[1,5],[-20,0]],[[7622,8170],[2,4],[3,6]],[[7627,8180],[54,-2]],[[7682,8197],[-1,-19]],[[7627,8180],[7,19],[1,1]],[[7635,8200],[1,-2],[8,0],[38,-1]],[[7730,8184],[15,0]],[[7745,8184],[-1,-5]],[[7744,8179],[-1,-12]],[[7743,8167],[-10,-12]],[[7722,8144],[-14,5]],[[7708,8149],[2,3],[0,15],[1,1],[1,17]],[[7712,8185],[18,-1]],[[7699,8153],[9,-4]],[[7727,8134],[-8,1],[-5,-1],[-1,-1],[-5,0],[-5,2],[-2,-2],[5,-3],[8,-3],[-4,-6],[-9,4],[-5,1],[-5,2],[-4,4]],[[7687,8132],[-5,7],[-1,4],[1,4],[-7,-1],[-11,0],[-1,-2],[-2,0]],[[7661,8144],[-2,1],[2,7],[-1,2],[-4,1]],[[7680,8169],[0,-9],[7,-1],[0,-2],[12,-4]],[[7729,8120],[-5,-4],[1,-2],[-3,-3],[5,-5]],[[7727,8106],[-15,-3],[-4,-2],[-2,-3]],[[7706,8098],[-2,-6],[-5,-7],[-2,-8]],[[7697,8077],[-7,0],[0,-4],[-7,0],[-3,4],[2,7]],[[7682,8084],[3,5],[9,-2],[2,9],[-8,1],[2,6],[0,5],[3,5],[-6,3],[2,1],[-3,4],[1,5]],[[7687,8126],[0,6]],[[7743,8103],[4,-15],[0,-7],[-2,-7]],[[7745,8074],[-1,0],[-10,2],[-4,1],[-4,0],[-4,0]],[[7722,8077],[2,7],[3,6],[-1,2],[-9,2],[1,1],[-3,2],[-9,1]],[[7727,8106],[15,-1],[1,-2]],[[7722,8077],[-9,1],[0,-2],[-11,1],[-5,0]],[[7641,8165],[0,-18]],[[7641,8147],[-5,1],[-14,3]],[[7622,8151],[-10,3],[5,4],[0,1],[-5,3]],[[7612,8162],[10,8]],[[7687,8126],[-5,2],[-4,-3],[-2,-3],[-6,-1],[-5,1],[-4,-2],[-8,3]],[[7653,8123],[4,5],[0,4],[3,4],[0,6]],[[7660,8142],[1,2]],[[7660,8142],[-5,1],[-3,-4],[-10,-1],[-7,-9],[-1,-5],[-6,-1]],[[7628,8123],[-1,2],[1,5],[2,3]],[[7630,8133],[4,3],[3,4],[5,3],[-1,4]],[[7630,8133],[-4,2],[-6,-2],[-3,6],[-2,-2]],[[7615,8137],[-7,3]],[[7608,8140],[14,11]],[[7628,8123],[2,-3],[3,-7],[-1,-3]],[[7632,8110],[-12,1],[1,-4],[0,-4],[-7,-1]],[[7614,8102],[-3,7],[-4,7],[-3,-2],[-3,-1],[-2,3],[7,4],[-3,2],[3,1],[8,-5],[2,0],[3,-4],[1,4],[-3,3],[-5,3],[-1,0],[-7,4]],[[7604,8128],[9,6],[2,3]],[[7632,8110],[-3,-11],[-4,-8]],[[7625,8091],[-4,1]],[[7621,8092],[2,5],[-6,0],[-3,5]],[[7621,8092],[-6,1],[-6,3]],[[7609,8096],[-10,10],[-5,9],[-4,3]],[[7590,8118],[1,1],[13,9]],[[7682,8084],[-6,-1],[-6,-3],[-3,-3],[-2,-3],[-5,-6],[-1,-3],[-6,-5],[-3,-7],[-5,-2]],[[7645,8051],[-2,5],[-10,10],[-3,2],[-3,5],[1,6],[-3,10]],[[7625,8089],[10,0],[1,5],[6,4],[3,3],[2,5],[1,5],[-1,4],[1,3],[5,5]],[[7625,8089],[0,2]],[[7779,7934],[2,-1],[0,-2],[-1,-6],[-1,-2]],[[7779,7923],[-13,-16]],[[7766,7907],[-5,-5]],[[7761,7902],[-16,12]],[[7745,7914],[7,9],[7,8],[7,8],[13,-5]],[[7600,8089],[-6,-5],[-2,2],[-1,-1]],[[7591,8085],[-6,3],[0,4],[-7,0],[-2,1]],[[7576,8093],[-4,2],[-36,24],[6,4],[-13,8],[8,2]],[[7537,8133],[1,-1],[55,-36],[7,-7]],[[7609,8096],[-3,0],[-3,2],[-2,2],[-6,3],[-4,0],[-2,3],[-1,-3],[9,-6],[5,-6],[11,-7],[-1,-1],[-4,3],[-4,0],[-4,3]],[[7537,8133],[-8,9]],[[7529,8142],[2,2],[3,6],[8,3]],[[7542,8153],[12,-15],[32,-22],[4,2]],[[7578,8146],[-17,-5],[13,-9],[14,9],[6,6],[14,-7]],[[7542,8153],[12,6],[8,2],[12,-10],[4,-5]],[[7593,8046],[10,-2],[3,-2]],[[7606,8042],[-15,-3],[0,-2],[-6,-2]],[[7585,8035],[-10,5],[-12,6],[6,5],[-17,9]],[[7552,8060],[3,4],[25,-14],[10,-5],[3,1]],[[7576,8032],[17,-15]],[[7593,8017],[-9,-11]],[[7584,8006],[-12,3],[-15,6],[-11,5],[-2,2],[-2,4],[0,11],[-2,1],[-18,1]],[[7522,8039],[1,7],[3,6]],[[7526,8052],[10,-2],[9,-1],[7,-2],[11,-5],[13,-10]],[[7578,8146],[25,8],[9,8]],[[7510,8066],[6,-4],[5,-1],[10,0]],[[7531,8061],[8,-2],[2,-1],[-4,-3],[-11,-2],[-3,-1]],[[7523,8052],[-11,1],[-6,2],[-8,3],[-16,10]],[[7482,8068],[-12,5]],[[7470,8073],[10,9]],[[7480,8082],[10,-6],[-1,0],[21,-10]],[[7591,8085],[1,-2],[1,-7],[-3,-5],[6,-5],[5,-10],[9,-3],[5,-6],[0,-3]],[[7615,8044],[-1,-3],[-8,-8],[-3,0],[3,3],[1,4],[-1,2]],[[7593,8046],[-1,3],[-5,4],[-2,1],[-12,7],[-14,7],[3,11],[-5,2],[-4,-5]],[[7553,8076],[0,1],[-4,1],[2,3],[-3,1],[1,1]],[[7549,8083],[1,3],[6,4],[5,-6],[2,0],[0,5],[3,2],[3,-3],[3,1],[4,4]],[[7553,7960],[3,-5],[-5,-3],[-5,6],[-20,-8],[2,-3],[-10,-3],[-17,-5],[-5,-1]],[[7496,7938],[-2,2],[3,1],[0,2],[-3,-1],[-1,2],[-10,-1],[-1,1],[2,6],[-3,6]],[[7481,7956],[3,0]],[[7484,7956],[6,-8],[5,1],[23,7],[31,11],[4,-7]],[[7690,7971],[5,-2],[14,-5],[9,-4]],[[7718,7960],[8,-3]],[[7726,7957],[-19,-9],[-23,-8]],[[7684,7940],[-6,11]],[[7678,7951],[-10,20]],[[7668,7971],[-4,10]],[[7664,7981],[17,-8],[9,-2]],[[7709,7886],[-4,8]],[[7705,7894],[-3,7],[-14,32]],[[7688,7933],[16,1]],[[7704,7934],[6,-14],[7,2],[1,-3],[-6,-2],[5,-12],[7,-16]],[[7726,7932],[-5,-1],[11,-23],[6,-15]],[[7704,7934],[16,2]],[[7720,7936],[6,-4]],[[7761,7902],[3,-4],[-19,-4]],[[7745,7894],[-7,-1]],[[7726,7932],[6,-2],[-3,-4],[16,-12]],[[7645,8051],[-2,-11]],[[7643,8040],[-3,-1],[-3,2],[-1,6],[-2,2],[-4,0],[-8,-2],[-2,-1],[-2,-5],[-1,-5],[-2,0],[1,3],[-1,5]],[[7747,7949],[5,-1]],[[7752,7948],[0,-1]],[[7752,7947],[-6,1],[-2,-4],[-4,-7],[-20,-1]],[[7688,7933],[-4,7]],[[7726,7957],[17,-7],[4,-1]],[[7657,8009],[10,-5],[-3,-3]],[[7664,8001],[-8,-6],[-8,-7]],[[7648,7988],[-15,6],[-3,1]],[[7630,7995],[-6,2]],[[7624,7997],[5,4],[0,3],[-2,0],[6,9],[7,-2],[9,-2],[7,-2],[1,2]],[[7688,8012],[-7,-9],[-7,-7]],[[7674,7996],[-10,5]],[[7657,8009],[-5,3]],[[7652,8012],[3,3],[15,-4],[2,2]],[[7674,7996],[2,-4],[0,-2],[9,-5],[2,1],[6,0]],[[7693,7986],[1,-4]],[[7694,7982],[-9,0],[-3,1],[-1,-3],[5,-2],[3,1],[8,-1],[-7,-7]],[[7664,7981],[-1,1],[-15,6]],[[7697,8011],[6,0]],[[7703,8011],[-2,-9],[-3,-7],[-5,-5],[0,-4]],[[7712,8011],[1,-2],[-4,-1],[3,-16],[2,-14]],[[7714,7978],[1,-1],[-10,2],[-8,2],[-3,1]],[[7703,8011],[0,1],[9,-1]],[[7813,7912],[-9,-10]],[[7804,7902],[-5,-8]],[[7799,7894],[-4,7],[-4,5],[-5,-6],[-7,3]],[[7779,7903],[-13,4]],[[7779,7923],[20,-7],[14,-4]],[[7697,8077],[1,-10]],[[7698,8067],[-7,0],[1,-19],[2,-15],[0,-10]],[[7673,8024],[-3,0],[-1,2],[-5,2],[7,-1],[1,6],[-4,0],[-5,3],[-5,1],[-11,-3],[-7,-3]],[[7640,8031],[3,9]],[[7699,8063],[1,-15],[1,-10],[1,-16]],[[7702,8022],[-4,0]],[[7698,8067],[1,-4]],[[7706,8053],[1,-10],[1,0],[2,-21]],[[7710,8022],[-8,0]],[[7699,8063],[6,0],[1,-10]],[[7991,7734],[-6,-11]],[[7985,7723],[-12,-9]],[[7973,7714],[-4,3]],[[7969,7717],[5,7],[-6,2]],[[7968,7726],[9,12]],[[7977,7738],[14,-4]],[[7717,8009],[-2,0],[0,2],[-3,0]],[[7710,8022],[8,0],[30,-2]],[[7748,8020],[1,-2],[-14,1],[-4,-8],[-3,-7],[-3,0],[1,7],[3,8],[-5,-4],[-2,-3],[-4,0],[-1,-3]],[[7714,7978],[18,1],[9,0]],[[7741,7979],[-15,-12],[-1,0],[-7,-7]],[[7908,7938],[3,-3],[-2,-6]],[[7909,7929],[-3,1],[-33,4]],[[7873,7934],[2,8]],[[7875,7942],[33,-4]],[[8029,7958],[-5,-15],[-3,-11],[6,-1],[-2,-8]],[[8025,7923],[-10,1]],[[8015,7924],[-23,3]],[[7992,7927],[2,8],[-3,1],[2,12],[3,14]],[[7996,7962],[20,-3],[13,-1]],[[8056,7954],[-7,-25]],[[8049,7929],[-17,2],[-3,-8]],[[8029,7923],[-4,0]],[[8029,7958],[19,-2],[8,-2]],[[7997,7828],[2,-8],[5,-18]],[[8004,7802],[-34,-4]],[[7970,7798],[-10,8],[-1,4]],[[7959,7810],[12,1],[-2,9]],[[7984,7834],[6,-1],[2,1],[4,0],[1,-6]],[[7954,7825],[-2,-5],[-6,1],[-2,-5]],[[7944,7816],[-8,0],[8,21]],[[7944,7837],[16,-3]],[[8456,7918],[-25,-8],[-2,-1]],[[8429,7909],[6,4],[0,2],[-3,5],[-4,-1],[-13,10]],[[8415,7929],[7,4],[10,4],[8,2]],[[8440,7939],[16,-21]],[[8438,7942],[2,-3]],[[8415,7929],[-5,5],[-10,5]],[[8400,7939],[13,9],[3,2],[12,4]],[[8428,7954],[10,-12]],[[8177,7700],[6,-1]],[[8182,7698],[-5,-12],[-2,0],[-1,-3]],[[8174,7683],[-14,1]],[[8160,7684],[-6,1]],[[8154,7685],[6,19]],[[8160,7704],[12,-1],[0,-1],[5,-2]],[[8374,7906],[1,-9],[1,-3],[14,2],[8,2],[23,8]],[[8421,7906],[9,-11],[3,-6],[-1,-4],[-1,-3],[13,-6],[-16,-13],[-12,3],[-9,-8]],[[8407,7858],[-19,17],[-5,2],[-8,-3],[-12,-3],[-8,-2],[-13,21]],[[8342,7890],[18,2],[-9,11],[-2,3],[-3,14]],[[8346,7920],[5,1],[-2,12]],[[8349,7933],[3,0],[2,-7],[7,-20],[13,0]],[[8418,7968],[10,-14]],[[8400,7939],[-8,2],[1,7]],[[8393,7948],[2,0],[2,19],[5,0],[15,3]],[[8417,7970],[1,-2]],[[8413,7974],[4,-4]],[[8393,7948],[-10,2]],[[8383,7950],[-13,6]],[[8370,7956],[4,6],[3,13]],[[8377,7975],[21,-2],[15,1]],[[7983,7853],[-1,-4],[-10,2],[-2,-5],[-2,-4],[-5,1],[-2,-5]],[[7944,7837],[-3,1]],[[7941,7838],[7,16],[5,6],[-8,4],[-6,-6],[-3,2]],[[7936,7860],[6,8]],[[7942,7868],[18,-7],[10,-3],[11,-5],[2,0]],[[8456,7975],[1,-2],[-13,-9],[-2,-2],[5,-6],[3,-2],[13,-4]],[[8463,7950],[4,-2]],[[8467,7948],[-15,-5],[-1,3],[-13,-4]],[[8418,7968],[14,3],[-2,3],[11,3]],[[8441,7977],[2,0],[9,3],[4,-5]],[[8484,7928],[-28,-10]],[[8467,7948],[4,-3],[13,-17]],[[8507,7935],[-23,-7]],[[8463,7950],[4,2],[13,6]],[[8480,7958],[14,-9],[4,-3],[9,-11]],[[8456,7975],[13,5]],[[8469,7980],[2,-4],[4,-12],[2,-4],[3,-2]],[[8374,7930],[-1,-6],[1,-18]],[[8349,7933],[-2,8],[-2,8]],[[8345,7949],[7,-3],[10,-5],[5,-5],[1,-3],[2,-3],[4,0]],[[7883,7830],[4,-11]],[[7887,7819],[-25,-2],[-8,-1]],[[7854,7816],[-4,5]],[[7850,7821],[25,9],[8,0]],[[8154,7906],[-18,-10]],[[8136,7896],[-10,7]],[[8126,7903],[-9,12],[-4,2],[-19,4]],[[8094,7921],[15,4]],[[8109,7925],[5,1],[13,0]],[[8127,7926],[2,0]],[[8129,7926],[25,-20]],[[8151,7927],[5,-1],[4,-2],[19,-10]],[[8179,7914],[-15,-8]],[[8164,7906],[-6,-3]],[[8158,7903],[-4,3]],[[8129,7926],[22,1]],[[8185,7893],[-4,-3],[-25,-12]],[[8156,7878],[-6,5]],[[8150,7883],[8,4],[12,6],[-7,6],[-5,4]],[[8164,7906],[5,-4],[3,2],[13,-11]],[[8212,7906],[1,-6],[6,-5],[1,-3]],[[8220,7892],[-20,-4],[-7,-2]],[[8193,7886],[-8,7]],[[8179,7914],[5,-2],[7,-2],[16,-3],[5,-1]],[[8193,7886],[4,-5],[-4,-1]],[[8193,7880],[-9,-3],[-17,-7]],[[8167,7870],[-1,1],[-10,7]],[[8150,7883],[-6,7]],[[8144,7890],[-8,6]],[[8237,7858],[-9,-3],[-10,-1],[-17,-6]],[[8201,7848],[-3,2],[-8,4],[-4,1],[4,2],[22,5],[-8,7]],[[8204,7869],[21,9]],[[8225,7878],[8,-11],[4,-9]],[[8201,7848],[-7,-2],[-11,-3],[-18,-4],[-12,-5]],[[8153,7834],[-4,-1]],[[8149,7833],[-13,-3],[-7,-1]],[[8129,7829],[1,2],[12,8]],[[8154,7856],[12,10],[2,1],[-1,3]],[[8193,7880],[2,-3],[9,-8]],[[8220,7892],[3,-10],[2,-4]],[[8052,7903],[0,-9],[3,0],[2,-2],[7,0],[4,-2]],[[8068,7890],[-4,-2],[-3,2],[-10,-6]],[[8051,7884],[-2,1],[-22,1]],[[8027,7886],[0,5]],[[8027,7891],[3,4],[7,12]],[[8037,7907],[15,-4]],[[8080,7897],[-12,-7]],[[8052,7903],[12,-3],[1,9],[5,0],[6,-7],[4,-5]],[[7888,7816],[1,-4],[1,-6],[5,-17]],[[7895,7789],[-20,-2]],[[7875,7787],[-2,8],[-1,1],[-18,20]],[[7887,7819],[1,-3]],[[8138,7866],[-2,1],[2,1],[9,6],[-5,6],[-6,8]],[[8136,7888],[8,2]],[[8024,7908],[-6,-15]],[[8018,7893],[-1,-3]],[[8017,7890],[-8,1],[0,7],[1,5],[1,7]],[[8011,7910],[13,-2]],[[8029,7923],[-5,-14]],[[8024,7909],[0,-1]],[[8011,7910],[1,4],[1,4],[2,6]],[[7850,7821],[-4,4]],[[7846,7825],[0,7],[15,7]],[[7861,7839],[3,-4],[17,5]],[[7881,7840],[2,-10]],[[8027,7891],[-9,2]],[[8024,7909],[13,-2]],[[7941,7838],[-13,2]],[[7928,7840],[1,4],[0,6],[7,10]],[[8009,7866],[-14,-16]],[[7995,7850],[-4,2],[-5,-11],[1,0],[-3,-7]],[[7983,7853],[-1,2],[5,4],[-2,1],[3,4],[-8,4],[6,1],[18,7]],[[8004,7876],[4,-9],[1,-1]],[[8027,7886],[-3,-1],[-4,-4],[-4,-5],[-3,-10],[-2,-2]],[[8011,7864],[-2,2]],[[8009,7866],[4,15],[4,9]],[[7854,7816],[-15,-6],[5,-5]],[[7844,7805],[-10,1]],[[7834,7806],[-10,12],[-14,-1]],[[7810,7817],[9,11],[7,-1],[10,4],[4,1]],[[7840,7832],[6,-7]],[[7875,7787],[-9,-1]],[[7866,7786],[-1,0]],[[7865,7786],[-23,-3]],[[7842,7783],[1,3]],[[7843,7786],[7,17],[-6,2]],[[7843,7786],[-2,0],[-11,-1],[-10,2]],[[7820,7787],[8,20],[6,-1]],[[7820,7787],[-12,3],[-2,8],[-1,0]],[[7805,7798],[4,5],[2,8],[-4,2],[3,4]],[[7911,7818],[2,-7],[7,1],[1,-3],[24,2]],[[7945,7811],[0,-2],[13,2],[1,-1]],[[7970,7798],[-8,-1]],[[7962,7797],[-10,-1],[-7,0]],[[7945,7796],[-8,-2],[-32,-3],[-10,-2]],[[7888,7816],[3,2]],[[7891,7818],[20,1],[0,-1]],[[7944,7816],[1,-5]],[[7911,7818],[4,-1],[10,1],[1,-3],[3,0],[0,5],[3,0],[0,6]],[[7932,7826],[1,4],[-2,2],[-5,-1],[1,3]],[[7927,7834],[1,6]],[[7995,7850],[12,-4],[6,-2]],[[8013,7844],[3,-13]],[[8016,7831],[-10,-1],[-9,-2]],[[8031,7825],[5,-19]],[[8036,7806],[-8,-2]],[[8028,7804],[-24,-2]],[[8016,7831],[13,2],[2,-8]],[[8056,7829],[5,-2]],[[8061,7827],[-4,-9],[-4,-11]],[[8044,7807],[-8,-1]],[[8031,7825],[13,1],[-2,7]],[[8042,7833],[14,-4]],[[8013,7844],[16,-7],[13,-4]],[[7755,7847],[0,-9]],[[7755,7838],[0,-4]],[[7755,7834],[-3,3],[-11,6],[-4,5],[-3,9]],[[7755,7857],[0,-10]],[[8011,7864],[15,-11]],[[8026,7853],[10,-8],[13,-5],[13,-2]],[[8062,7838],[-4,-5],[2,0],[-4,-4]],[[8061,7827],[7,-2],[-6,-16]],[[8073,7837],[15,0],[13,0]],[[8101,7837],[4,-1],[6,-1],[9,-4],[4,-1],[5,-1]],[[8149,7833],[-6,-2],[-19,-5],[-13,-4]],[[8111,7822],[-20,-5]],[[8091,7817],[-23,-6]],[[8062,7838],[11,-1]],[[7891,7818],[3,2],[-2,4],[18,1],[13,1],[9,0]],[[7942,7868],[1,3]],[[7943,7871],[10,8],[24,22]],[[7977,7901],[12,-5],[7,-5],[4,-4],[2,-4],[2,-7]],[[7905,7856],[-13,-9],[-12,-6],[1,-1]],[[7861,7839],[-4,8],[4,0],[7,4],[4,3],[-6,3]],[[7866,7857],[5,0],[8,14]],[[7879,7871],[13,-5],[3,-3],[10,-7]],[[7927,7834],[-6,1],[3,8],[-9,7],[-24,-7],[-10,-3]],[[7905,7856],[12,7],[5,2],[9,11]],[[7931,7876],[12,-5]],[[7819,7920],[-2,1],[5,17],[-7,1]],[[7815,7939],[4,1],[4,0]],[[7823,7940],[8,-2],[23,-2]],[[7854,7936],[19,-2]],[[7873,7934],[-4,-2],[-8,-4],[-19,-10]],[[7842,7918],[-6,-1]],[[7836,7917],[-8,0],[-9,3]],[[7902,7922],[-3,0],[-49,-3]],[[7850,7919],[-8,-1]],[[7909,7929],[0,-1]],[[7909,7928],[-3,-4],[-4,-2]],[[7779,7903],[-4,-5],[0,-4],[-10,0],[1,-4]],[[7770,7877],[-8,1],[-8,0]],[[7754,7878],[-9,16]],[[7836,7917],[7,-2],[6,-2],[-8,-9],[-7,-10],[-2,-3],[0,-4],[-5,-10]],[[7827,7877],[-10,2]],[[7817,7879],[0,2],[-6,3],[5,7],[6,6],[-10,4],[-1,-2],[-7,3]],[[7813,7912],[6,8]],[[7817,7879],[-2,0],[-1,-3],[-6,0],[-7,-2]],[[7801,7874],[-2,5],[3,4]],[[7800,7892],[-1,2]],[[7827,7877],[-4,-8],[8,0]],[[7831,7869],[2,-1],[-3,-6]],[[7830,7862],[-2,-5],[1,-4],[-6,-1],[-4,-3]],[[7819,7849],[-7,7],[-2,2],[0,5],[1,1],[-3,4],[-7,6]],[[7773,7810],[9,-5],[22,-7],[1,0]],[[7842,7783],[-24,-2],[-8,0],[-13,3]],[[7797,7784],[-16,4],[-16,5]],[[7765,7793],[1,19],[1,3]],[[7767,7815],[6,-5]],[[7840,7832],[-6,5],[-9,6]],[[7825,7843],[-6,6]],[[7830,7862],[12,-2],[1,1],[6,-1],[6,-1],[7,0],[4,-2]],[[7752,7947],[8,-2],[25,-3]],[[7785,7942],[-6,-8]],[[8177,7700],[3,6],[-9,2],[2,7],[4,0],[1,5]],[[8178,7720],[13,-1]],[[7802,7940],[13,-1]],[[7785,7942],[17,-2]],[[7754,7878],[-1,-9],[12,0],[1,-2],[5,0],[0,-6],[8,0],[0,-2],[-17,0]],[[7726,7865],[-3,6],[-6,5]],[[7755,7834],[4,-5],[2,-8],[6,-6]],[[7765,7793],[-9,3],[-5,3],[-3,0]],[[7748,7799],[-3,8],[-6,13]],[[7739,7820],[-3,8]],[[7736,7828],[-10,19]],[[7726,7847],[-9,20]],[[7717,7867],[-3,8]],[[7755,7838],[29,0]],[[7784,7838],[1,-2],[-7,-9],[-11,-12]],[[7785,7843],[0,-5],[-1,0]],[[7755,7847],[30,1]],[[7785,7848],[0,-5]],[[7810,7832],[-6,-3],[-13,-14],[-10,4],[-8,-9]],[[7785,7843],[5,0]],[[7790,7843],[9,-1],[-4,-4],[3,-1],[12,-5]],[[7810,7832],[2,1],[13,10]],[[7652,7854],[11,-1]],[[7663,7853],[-1,-6],[-2,-17]],[[7660,7830],[-1,-12],[-17,1]],[[7642,7819],[-13,7],[-27,12],[-1,0],[-13,6]],[[7588,7844],[4,2],[6,4],[5,-2],[5,-2],[11,-7],[8,-3],[9,0],[5,-4],[-1,-3],[2,-1],[1,-4],[-1,-4],[3,-1],[2,4],[2,0],[1,2],[-5,4],[-1,3],[-3,4],[-2,1],[-12,4],[3,4],[3,2],[5,0],[2,1],[3,0],[1,-2],[2,2],[-11,3],[-10,0],[1,2],[-6,-5],[-33,14],[-5,-2],[-2,3],[39,16],[14,-13],[7,-3],[2,-3],[-3,-5],[-5,-1],[2,-1],[7,1],[7,0],[2,0]],[[7683,7920],[-2,-26]],[[7681,7894],[-1,-10],[-13,-5],[-1,-13]],[[7666,7866],[-2,-9],[-1,-4]],[[7652,7854],[-3,1],[2,5],[2,11],[6,1],[0,6],[-3,0],[-2,5],[-7,3],[-3,2],[-3,4],[2,2],[14,1],[-2,6],[-2,0],[0,11],[0,5],[-4,1],[-2,2],[-7,2],[-2,2]],[[7638,7924],[0,1]],[[7638,7925],[14,-4],[9,-2],[3,0],[13,2],[6,-1]],[[7642,7819],[0,0]],[[7642,7819],[-3,-6],[-2,-1],[-8,1],[-4,-4],[-9,-11],[-1,-4],[0,-15],[-2,-11],[3,-2],[1,-5],[1,-1],[1,-5],[1,0],[3,2],[7,-2],[3,0],[1,-2],[4,-1],[-1,-4],[7,-1],[5,-1],[9,1],[4,2],[0,-1],[-3,-2],[-5,-4],[-3,-7],[-5,0],[-2,2],[-6,2],[-4,3],[-2,2],[-8,7],[-11,2],[-4,3],[-7,1],[-10,4],[-4,2],[-8,0],[2,1],[-1,5],[-2,0],[-2,5],[-4,5],[-3,3],[-9,10],[-3,2],[-2,3],[-4,4],[-4,2],[-10,3],[-2,2],[-4,5],[-6,4],[-7,1],[-14,5],[-4,3],[-2,4],[2,1],[-1,2],[-3,-1],[2,4],[4,2],[3,-1],[6,-4],[2,-4],[5,-3],[6,-4],[5,-1],[12,0],[9,2],[7,1],[5,2],[3,6],[1,2],[3,3],[5,3],[5,2],[8,2]],[[8159,7577],[-14,10]],[[8145,7587],[4,2]],[[8149,7589],[13,7]],[[8162,7596],[13,-10],[-16,-9]],[[7657,7794],[-2,-11],[-4,0],[0,-12]],[[7651,7771],[-4,-1],[-5,2],[0,2],[-8,0],[-2,-4],[-5,1],[-1,1],[4,1],[1,4],[-1,4],[1,2],[1,9],[2,7]],[[7634,7799],[7,0],[-1,-4],[17,-1]],[[7672,7793],[-1,-7],[17,-2],[0,-10]],[[7688,7774],[-5,1],[-9,-2],[-3,2],[-1,-2],[-10,0],[-6,-4],[-3,2]],[[7657,7794],[15,-1]],[[7893,7784],[17,-13],[4,-4]],[[7914,7767],[5,-3],[0,-7]],[[7919,7757],[-17,1],[-39,3],[-6,2]],[[7857,7763],[1,4],[6,-1],[2,7],[0,5],[-1,8]],[[7866,7786],[12,0],[10,-1],[5,-1]],[[7714,7804],[5,-6],[9,-7],[4,0]],[[7732,7791],[16,0]],[[7748,7791],[-1,-12],[-1,-19]],[[7746,7760],[-1,1],[-10,1],[-1,1],[4,11],[-4,1],[-3,-1],[-1,-7],[-1,-2],[-6,1],[-2,3],[-7,2],[-10,4],[-16,-1]],[[7672,7793],[1,12],[34,-1],[7,0]],[[7692,7829],[0,-12],[13,-1]],[[7705,7816],[9,-12]],[[7634,7799],[3,9],[8,4],[2,7],[-5,0]],[[7660,7830],[32,-1]],[[7736,7828],[-14,0],[-30,1]],[[7663,7853],[13,0],[19,-1],[5,-8],[7,2],[19,1]],[[7666,7866],[29,-2],[0,3],[22,0]],[[7681,7894],[10,0],[14,0]],[[7683,7920],[1,7],[0,13]],[[7739,7820],[-9,0]],[[7730,7820],[-17,0],[0,-4],[-8,0]],[[7730,7820],[-1,-25],[3,0],[0,-4]],[[7748,7799],[0,-8]],[[7857,7763],[-3,0],[-1,-1]],[[7853,7762],[-8,3],[-37,13],[-13,4],[2,2]],[[7957,7747],[-6,-9],[-4,-6],[-1,-1]],[[7946,7731],[-17,-4],[-3,1],[1,3],[-3,1],[1,2],[-4,1],[2,2],[-10,3]],[[7913,7740],[6,8]],[[7919,7748],[5,8],[33,-9]],[[7946,7731],[6,-2]],[[7952,7729],[-1,-2],[-3,1],[-4,-6],[-3,1],[-3,-3],[5,-5],[-1,-1]],[[7942,7714],[-25,7],[-14,4]],[[7903,7725],[4,7]],[[7907,7732],[5,7]],[[7912,7739],[1,1]],[[7959,7747],[7,-2]],[[7966,7745],[5,-3],[3,-3],[3,-1]],[[7968,7726],[-5,-7],[-3,1],[4,5],[-12,4]],[[7957,7747],[2,0]],[[8008,7732],[-4,-4],[5,-2],[-2,-1]],[[8007,7725],[-5,-7]],[[8002,7718],[-17,5]],[[7991,7734],[11,0],[6,-2]],[[8014,7728],[-3,-4],[-4,1]],[[8008,7732],[6,-4]],[[8002,7718],[-5,-8]],[[7997,7710],[-4,-6]],[[7993,7704],[-7,3],[-13,7]],[[7935,7702],[-3,-5],[-4,-24]],[[7928,7673],[-2,-6]],[[7926,7667],[-5,0],[-11,-2],[1,-5],[-7,0]],[[7904,7660],[-9,0],[-10,2],[-11,1],[-7,1]],[[7867,7664],[7,13],[8,14],[6,11],[7,12]],[[7895,7714],[40,-12]],[[7953,7696],[8,-3],[14,-15]],[[7975,7678],[5,-7]],[[7980,7671],[-14,0]],[[7966,7671],[-13,1],[-12,1],[-13,0]],[[7935,7702],[18,-6]],[[7966,7671],[-1,-6],[1,-5],[-7,-1],[0,2],[-10,-2],[-7,0],[1,-2]],[[7943,7657],[0,-2]],[[7943,7655],[-10,0],[-4,6],[-3,6]],[[7963,7640],[-17,0]],[[7946,7640],[1,7],[-4,0],[0,5],[0,3]],[[7943,7657],[9,1],[1,-2],[13,1],[1,-8],[-1,-4],[-3,-5]],[[7862,7655],[-6,-11]],[[7856,7644],[-6,-6]],[[7850,7638],[-2,-1]],[[7848,7637],[-2,0],[-15,0]],[[7831,7637],[-2,6],[-2,0],[2,5],[3,-1],[3,2],[-3,1],[3,3],[1,4],[-2,2],[-3,-1],[-7,4],[0,3]],[[7824,7665],[19,-4],[19,-6]],[[8049,7777],[1,-7],[1,-8],[5,-1]],[[8056,7761],[0,-5],[-3,-6]],[[8053,7750],[-17,4],[1,9],[-15,-1],[-2,1]],[[8020,7763],[10,6],[15,10],[4,-2]],[[8053,7750],[-2,-3]],[[8051,7747],[-7,2]],[[8044,7749],[-17,3],[-20,4]],[[8007,7756],[4,5]],[[8011,7761],[6,1],[3,1]],[[8044,7749],[-6,-12],[-4,-8]],[[8034,7729],[-1,0],[-3,-4],[-5,1],[-10,1],[-1,1]],[[7991,7734],[7,10]],[[7998,7744],[9,12]],[[8051,7747],[29,-5]],[[8080,7742],[-3,-6],[-5,-12]],[[8072,7724],[-2,0]],[[8070,7724],[-14,1],[-8,1]],[[8048,7726],[-14,3]],[[8017,7792],[-25,-16]],[[7992,7776],[-2,5]],[[7990,7781],[22,14],[12,7],[4,1]],[[8028,7803],[1,-4],[-12,-7]],[[8065,7781],[-2,-6],[-7,-14]],[[8049,7777],[10,13]],[[8068,7810],[5,-6],[-8,-23]],[[8080,7778],[-1,-2],[2,-8],[0,-11],[14,-3]],[[8095,7754],[-3,-2],[-12,-10]],[[8080,7742],[0,0]],[[8065,7781],[15,-3]],[[8150,7797],[-1,-5],[-2,-3]],[[8147,7789],[-6,-11]],[[8141,7778],[-3,0],[-5,-1]],[[8133,7777],[3,4],[-6,1],[-9,3],[-3,0],[1,3]],[[8119,7788],[7,5],[3,-1],[4,6],[3,4]],[[8136,7802],[14,-5]],[[8105,7753],[1,-7]],[[8097,7739],[-17,3]],[[8095,7754],[10,-1]],[[8127,7750],[-3,-5]],[[8105,7753],[6,0],[16,-3]],[[7956,7557],[-3,-4],[1,0],[-2,-11],[-24,2],[-18,3]],[[7910,7547],[0,4],[6,0],[1,3],[5,0],[5,2],[3,4],[3,1],[3,0],[7,-5],[13,1]],[[8077,7439],[-23,-3],[-7,-1],[-36,0],[-59,0],[-6,-1]],[[7946,7434],[2,1],[35,18],[5,3],[5,6]],[[7993,7462],[-2,-6],[16,0],[5,2],[6,3],[15,8],[14,7],[12,6],[7,3]],[[8066,7485],[0,-1],[13,-16],[13,-17],[0,-4],[-4,-4],[-11,-3],[0,-1]],[[8107,7812],[-5,-7],[-4,-2],[-10,-2],[-5,-3]],[[8083,7798],[-3,-7],[2,-8],[-2,-5]],[[8091,7817],[16,-5]],[[7950,7529],[14,-2],[5,-2],[5,-4],[3,-7]],[[7977,7514],[16,-41],[1,-6],[-1,-5]],[[7946,7434],[-48,-24],[-31,-16],[-4,-3],[-3,-6],[0,-7],[8,-20],[16,-37],[3,-6],[18,-44],[5,-12],[4,-11],[3,-9],[2,-14],[0,-27],[0,-3],[3,-16],[0,-11],[0,-6],[-2,-9],[0,-26],[-2,-6],[-15,-18],[-6,-4],[-4,-2],[-13,-2],[-10,-2],[-14,-4],[-56,-18],[-12,-5],[-12,-5],[-5,-3],[-14,-11],[-14,-10]],[[7743,7037],[-4,2],[-8,-1],[-4,-2]],[[7727,7036],[-18,13]],[[7709,7049],[-21,15],[12,3],[9,3],[9,5],[14,5],[2,2],[-1,3],[5,7],[2,1],[1,5],[-2,4],[-9,-2],[-6,2],[0,5],[2,4],[-2,4],[8,3],[11,2],[31,4],[13,3],[15,-1],[4,-2],[4,-1],[-1,-3],[-3,2],[-5,1],[-4,-1],[0,-2],[-4,2],[-10,-1],[-3,-1],[-4,-4],[0,-5],[-2,-2],[-4,-1],[-5,-1],[-3,2],[-5,5],[-7,-2],[-1,-6],[-3,-3],[1,-3],[0,-5],[3,-2],[5,-4],[2,-3],[1,-5],[-1,-2],[7,1],[1,1],[0,5],[-3,4],[0,3],[3,1],[3,2],[19,0],[0,2],[-3,2],[0,7],[2,2],[6,3],[4,1],[6,-5],[5,-5],[0,-5],[7,0],[3,-1],[8,-1],[2,1],[3,5],[1,2],[3,2],[-1,3],[4,-4],[8,0],[4,-4],[7,-1],[8,4],[5,3],[4,1],[9,4],[4,2],[-1,2],[5,-1],[2,2],[4,0],[-1,1],[8,14],[-4,5],[-5,2],[-1,2],[-2,9],[0,2],[-3,4],[-1,3],[1,6],[4,-1],[1,2],[-4,1],[-2,3],[5,2],[0,5],[1,8],[13,8],[8,5],[0,4],[-9,-6],[-3,1],[-10,-7],[-3,1],[-2,-2],[-8,2],[-12,5],[-3,3],[1,1],[2,4],[-3,1],[-3,7],[0,5],[1,1],[-1,3],[-4,6],[1,2],[-3,4],[-6,4],[-4,1],[-1,1],[-7,1],[0,-2],[-6,0],[0,3],[-3,0],[-4,-2],[-1,-2],[-4,1],[3,8],[1,4],[-3,1],[0,2],[8,1],[2,3],[-1,3],[-5,1],[8,0],[2,3],[0,3],[-7,2],[1,2],[2,6],[-7,5],[-1,4],[1,5],[-3,2],[-1,4],[2,4],[-1,3],[-3,0],[0,20],[3,1],[-1,4],[-4,2],[3,4],[-1,6],[-1,4],[2,3],[-1,3],[4,3],[2,0],[18,5],[1,1],[-2,3],[-7,-1],[-3,-2],[-1,2],[-4,0],[-1,1],[-5,2],[-1,1],[2,9],[0,4],[-3,2],[-2,7],[-7,0],[-2,0],[-1,8],[-5,0],[0,8],[5,0],[0,2],[15,8],[3,2],[2,5],[2,2],[7,1],[5,-1],[6,2],[2,4],[6,0],[4,-1],[9,-1],[16,-1],[4,12],[-5,0],[-42,16],[5,4],[-4,4],[-13,6],[-8,3],[-5,7],[1,3],[3,3],[7,1],[1,-1],[7,-1],[4,2],[1,4],[-3,1],[-3,2],[1,3],[-3,9],[-6,1],[-2,4],[3,5],[-4,3],[0,5],[-4,10]],[[7817,7532],[27,6],[-4,5],[14,3],[23,5]],[[7877,7551],[14,-14],[7,-4],[6,-2],[10,-2],[7,0],[12,1],[8,0],[9,-1]],[[8046,7788],[-20,-2]],[[8026,7786],[-9,6]],[[8028,7803],[0,1]],[[8026,7786],[-26,-17]],[[8000,7769],[-8,5]],[[7992,7774],[0,2]],[[8007,7761],[-10,7]],[[7997,7768],[3,1]],[[8026,7786],[10,-7],[-29,-18]],[[8011,7761],[-4,0]],[[7998,7744],[-27,8]],[[7971,7752],[7,9],[13,-1],[6,-1],[-2,8],[2,1]],[[7966,7745],[5,7]],[[8167,7737],[-2,-4],[5,-2],[3,-2]],[[8173,7729],[-6,-9]],[[8167,7720],[-5,1],[-19,1]],[[8143,7722],[-6,1]],[[8137,7723],[0,1],[6,6],[-2,3],[8,8]],[[8149,7741],[7,-2],[3,0],[8,-2]],[[8192,7753],[-8,-10]],[[8184,7743],[-11,-14]],[[8167,7737],[2,4],[-1,4],[3,8]],[[8171,7753],[8,-2],[8,5],[1,-2],[4,-1]],[[8171,7753],[4,12]],[[8175,7765],[2,7],[18,-4],[11,6],[-1,2],[-5,-3],[-1,3],[2,2]],[[8201,7778],[10,-2],[-19,-23]],[[8189,7780],[12,-2]],[[8175,7765],[-3,1],[-3,2],[2,5]],[[8171,7773],[8,5],[-1,5],[11,-3]],[[8149,7741],[5,5]],[[8154,7746],[4,-1],[0,5],[6,17],[-3,3],[-8,3]],[[8153,7773],[3,3],[15,-3]],[[8206,7838],[-14,-10],[-16,-13],[-6,-4]],[[8170,7811],[-13,5],[-4,5]],[[8153,7821],[-1,5],[2,6],[-1,2]],[[8201,7848],[1,-5],[4,-5]],[[8234,7815],[-18,-20],[-2,-2]],[[8214,7793],[-8,4],[-36,14]],[[8206,7838],[5,-5],[3,-5],[3,-4],[4,-3],[5,-3],[8,-3]],[[8217,7718],[21,-1]],[[8238,7717],[-5,-21]],[[8233,7696],[-5,-14],[-1,-4]],[[8207,7679],[-1,0]],[[8206,7679],[4,15]],[[8216,7718],[1,0]],[[7940,7783],[2,-7],[-6,-3],[-16,-5],[-1,2],[-5,-3]],[[7893,7784],[11,-3],[2,-2],[12,2],[22,2]],[[8296,7798],[-8,-9],[-6,-5],[-15,-15]],[[8267,7769],[-2,1]],[[8265,7770],[-14,7]],[[8251,7777],[-7,3]],[[8244,7780],[20,20],[9,9]],[[8273,7809],[11,-1],[5,-3],[7,-7]],[[8244,7780],[-30,13]],[[8234,7815],[7,-2],[32,-4]],[[8329,7769],[0,-2],[1,-13],[3,-14]],[[8333,7740],[-10,4],[-21,10]],[[8302,7754],[-35,15]],[[8296,7798],[8,-8],[2,-2],[3,-7],[6,-5],[11,-5],[3,-2]],[[8206,7679],[-6,0],[-13,3]],[[8187,7682],[-13,1]],[[8193,7654],[-7,2],[-8,2]],[[8178,7658],[-3,0],[2,5]],[[8177,7663],[10,19]],[[8425,7768],[-29,-22]],[[8396,7746],[-8,6]],[[8388,7752],[29,21]],[[8417,7773],[8,-5]],[[8212,7736],[-3,1],[13,14],[18,19],[3,-1],[3,3]],[[8246,7772],[3,-1],[-17,-19],[-16,-17],[-4,1]],[[8265,7770],[-18,-19]],[[8247,7751],[-10,-11],[-5,-5]],[[8232,7735],[-12,-13],[-3,-4]],[[8178,7720],[-11,0]],[[8184,7743],[18,-7],[8,-3],[2,3]],[[8246,7772],[5,5]],[[8302,7754],[-19,-19]],[[8283,7735],[-16,7]],[[8267,7742],[-20,9]],[[8333,7740],[7,-5]],[[8340,7735],[1,0]],[[8341,7735],[-20,-9],[-16,-8]],[[8305,7718],[-4,-2],[-3,2],[-3,-2],[-5,4],[-5,-3],[-11,9]],[[8274,7726],[9,9]],[[8305,7718],[6,-5]],[[8311,7713],[-11,-5],[-5,1],[-5,4],[-3,-2],[-4,-4]],[[8283,7707],[-20,4]],[[8263,7711],[0,4]],[[8263,7715],[11,11]],[[8327,7709],[2,-2],[-5,-3],[2,-1],[-2,-3]],[[8324,7700],[-2,-1],[-11,2],[-28,6]],[[8311,7713],[2,-2],[8,4],[6,-6]],[[8349,7730],[8,-6]],[[8357,7724],[-1,-1]],[[8356,7723],[-6,-3],[-23,-11]],[[8341,7735],[8,-5]],[[8263,7715],[-6,1],[-19,1]],[[8232,7735],[13,-5],[3,4],[8,-3],[11,11]],[[8263,7711],[-2,-12]],[[8261,7699],[-10,0],[-2,-11],[-1,-7],[-3,0],[1,6],[-2,2],[1,7],[1,5],[-6,0],[-1,-5],[-6,0]],[[8261,7699],[-2,-18],[-1,-2],[-6,-6]],[[8252,7673],[-12,3]],[[8145,7587],[-10,8],[-4,1]],[[8131,7596],[0,1],[-7,6],[-1,2]],[[8123,7605],[4,1]],[[8127,7606],[10,2]],[[8137,7608],[5,-4],[7,-6],[2,-2],[-7,-2],[5,-5]],[[8118,7723],[19,0]],[[8137,7723],[-6,-18],[-4,1]],[[8127,7706],[-11,1],[1,3],[-11,1],[-4,-12],[-1,-1],[0,-9]],[[8101,7689],[-6,0]],[[8095,7689],[1,7],[5,12],[4,15]],[[8105,7723],[13,0]],[[8072,7724],[17,0]],[[8089,7724],[-2,-9],[-5,-12],[0,-1],[-2,-12]],[[8080,7690],[-5,-1]],[[8075,7689],[-14,-1],[3,4],[2,7]],[[8066,7699],[3,12],[1,13]],[[8066,7699],[-8,-1],[0,-1],[-8,2],[-2,-6],[-11,6]],[[8037,7699],[4,10],[5,8],[0,2],[2,7]],[[8095,7689],[-5,1]],[[8090,7690],[-10,0]],[[8089,7724],[16,-1]],[[8101,7689],[20,-2]],[[8121,7687],[11,-1]],[[8132,7686],[-2,-7],[-5,-15]],[[8125,7664],[-4,1],[-8,2]],[[8113,7667],[-7,2]],[[8106,7669],[-10,2],[-9,2],[2,6],[1,11]],[[8113,7667],[-2,-2],[-3,-11],[-3,-2]],[[8105,7652],[-13,3],[-2,-2]],[[8090,7653],[-4,2],[-12,5]],[[8074,7660],[4,5]],[[8078,7665],[4,-1],[1,2],[18,-4],[5,7]],[[8078,7665],[-1,1],[4,6],[-13,5]],[[8068,7677],[7,12]],[[8031,7688],[0,-2]],[[8031,7686],[-3,-9],[0,-3],[-5,-1]],[[8023,7673],[-11,2],[1,1],[-10,2],[0,1],[4,12]],[[8007,7691],[20,-4],[0,1],[4,0]],[[8127,7706],[-3,-8],[-3,-11]],[[8125,7664],[-1,-9],[-2,-5],[5,0]],[[8127,7650],[-2,-3]],[[8125,7647],[-8,-6],[-3,-3]],[[8114,7638],[-7,1]],[[8107,7639],[-5,2],[5,5],[3,5],[-5,1]],[[8154,7685],[-10,0],[-12,1]],[[8132,7686],[6,19]],[[8138,7705],[22,-1]],[[8160,7684],[-9,-13]],[[8151,7671],[-3,0],[-3,-8],[-18,-13]],[[8132,7686],[0,0]],[[8177,7663],[-12,2]],[[8165,7665],[-10,3],[-5,1],[1,2]],[[8165,7665],[-5,-5],[2,0],[-6,-6],[-10,-7],[-6,2],[-6,-5]],[[8134,7644],[-2,2],[-7,1]],[[8134,7644],[14,-8]],[[8148,7636],[-6,-4]],[[8142,7632],[-3,0]],[[8139,7632],[-9,3]],[[8130,7635],[-10,2],[-6,1]],[[8178,7658],[-15,-12]],[[8163,7646],[-15,-10]],[[8043,7678],[-8,0],[-2,-4],[-1,-7]],[[8032,7667],[-11,0]],[[8021,7667],[2,6]],[[8031,7686],[5,-1],[0,3],[5,0],[0,-4],[3,0],[-1,-6]],[[8370,7956],[-10,4],[-5,2],[-7,2],[-3,0]],[[8345,7964],[3,3],[-3,1],[5,6]],[[8350,7974],[7,-1],[-1,-1],[11,-1],[4,-1],[2,6],[4,-1]],[[8377,7975],[0,0]],[[8170,7601],[-8,-5]],[[8137,7608],[3,0]],[[8140,7608],[19,4]],[[8159,7612],[6,1]],[[8165,7613],[2,-5],[-4,-2],[7,-5]],[[8373,8002],[13,-6],[10,-3]],[[8396,7993],[-11,-12],[-4,1],[-1,-2]],[[8380,7980],[-9,2],[-8,3],[-10,5],[-1,3],[-3,2]],[[8349,7995],[4,3],[15,10]],[[8368,8008],[5,-6]],[[8393,8019],[3,-1]],[[8396,8018],[-7,-5],[-2,1],[-14,-12]],[[8368,8008],[-12,13],[-3,3],[-4,-1],[-2,2],[-5,0]],[[8342,8025],[3,5],[9,5]],[[8354,8035],[9,-1],[26,-4],[-5,-8],[9,-3]],[[8140,7608],[-3,6],[-2,6],[9,1]],[[8144,7621],[7,1],[6,0],[2,-10]],[[8093,7530],[10,-6]],[[8103,7524],[6,-4]],[[8109,7520],[-14,-12],[-7,-5],[-13,-11],[-7,-5],[-2,-2]],[[8066,7485],[-3,4]],[[8063,7489],[1,3],[0,25]],[[8064,7517],[1,0],[15,14]],[[8080,7531],[3,-2],[5,3],[5,-2]],[[8080,7531],[19,17]],[[8099,7548],[10,-6],[-3,-3]],[[8106,7539],[-3,2],[-4,-3],[-1,1],[-6,-4],[5,-3],[-4,-2]],[[8106,7539],[10,-5],[-3,-3],[-1,1],[-6,-3],[-6,3],[-2,-1],[8,-5],[-3,-2]],[[8132,7538],[-23,-18]],[[8099,7548],[9,7]],[[8108,7555],[5,-3],[11,-8],[8,-6]],[[8148,7551],[-7,-5]],[[8141,7546],[-7,5],[-11,8],[7,6]],[[8130,7565],[5,-3],[3,4],[3,-2],[-5,-4],[12,-9]],[[8063,7586],[-1,1]],[[8062,7587],[-6,7]],[[8056,7594],[19,3],[35,6],[3,0]],[[8113,7603],[10,2]],[[8131,7596],[-3,-5],[-4,-8],[-6,0],[-9,-2],[-11,-7],[-1,0],[-16,7],[-7,2],[8,1],[2,3],[-14,0],[-3,0],[-4,-1]],[[8178,7595],[12,-9]],[[8190,7586],[-20,-17]],[[8170,7569],[-11,8]],[[8170,7601],[8,-6]],[[8201,7610],[0,-1]],[[8201,7609],[-7,-4],[-5,-4],[-11,-6]],[[8165,7613],[17,2],[6,1]],[[8188,7616],[2,1]],[[8190,7617],[11,-7]],[[8238,7634],[-28,-13],[2,-5],[-4,0],[0,-2],[-7,-4]],[[8190,7617],[15,8],[14,7],[12,6]],[[8231,7638],[4,-3],[3,-1]],[[8308,7669],[-30,-19],[-8,-6],[-18,-11]],[[8252,7633],[-6,-1],[-8,2]],[[8231,7638],[-1,2]],[[8230,7640],[12,6]],[[8242,7646],[3,-1],[13,6],[2,3],[3,0],[11,5],[2,-2],[6,4],[13,7]],[[8295,7668],[3,-2],[7,5],[3,-2]],[[8175,7622],[2,-2],[10,-3],[1,-1]],[[8144,7621],[0,6],[1,4]],[[8145,7631],[7,-2],[10,-2],[9,-3],[1,-2],[3,0]],[[8142,7632],[3,-1]],[[8127,7606],[-3,8],[4,1],[-2,3],[-4,-1],[-2,2]],[[8120,7619],[6,3],[4,3],[4,-1],[5,8]],[[8120,7619],[-5,4]],[[8115,7623],[6,5],[5,4],[2,-1],[2,4]],[[8115,7623],[-4,4],[-12,4],[7,7]],[[8106,7638],[1,1]],[[8399,7992],[7,-9],[7,-9]],[[8377,7975],[3,5]],[[8396,7993],[3,-1]],[[8427,7994],[9,-13],[5,-4]],[[8399,7992],[27,3]],[[8426,7995],[1,-1]],[[8427,7994],[11,1],[16,2]],[[8454,7997],[11,-13],[4,-4]],[[8426,7995],[-4,8],[-10,8],[-12,4],[-4,3]],[[8393,8019],[15,10],[13,8]],[[8421,8037],[19,-23],[14,-17]],[[7969,7717],[-7,-10]],[[7962,7707],[-6,1]],[[7956,7708],[1,2],[-15,4]],[[7962,7707],[-1,-1],[5,-3],[20,-10]],[[7986,7693],[-6,-9],[-3,-5]],[[7977,7679],[-2,-1]],[[7953,7696],[1,8],[2,4]],[[7993,7704],[-6,-9]],[[7987,7695],[-1,-2]],[[8037,7699],[-10,3],[-1,5],[-4,0],[-9,4],[-5,-7],[-3,-5],[-3,0],[2,8],[-7,3]],[[7895,7714],[8,11]],[[8037,7699],[-5,-7],[-1,-4]],[[8007,7691],[-20,4]],[[7959,7747],[6,8],[4,7],[1,0],[1,5]],[[7971,7767],[9,-1]],[[7980,7766],[10,-2],[3,6],[-1,4]],[[8252,7673],[-6,-5]],[[8250,7653],[-8,-7]],[[8230,7640],[-2,1]],[[8228,7641],[-7,4],[-10,4]],[[8205,7650],[-28,-15]],[[8177,7635],[-5,4],[-1,2],[-8,5]],[[8177,7635],[-2,-1],[12,-10]],[[8187,7624],[-5,-3],[-5,3],[-2,-2]],[[8228,7641],[-3,-4],[-11,-5],[-2,2],[10,6],[-2,2],[-8,-3],[-9,-7],[-6,-3],[-10,-5]],[[8068,7677],[-1,-2],[-11,2],[0,4],[-5,0],[0,-4],[-8,1]],[[8074,7660],[-13,4],[-5,1],[-11,1]],[[8045,7666],[-13,1]],[[8090,7653],[3,-6],[-5,1],[-11,2],[-3,0],[1,-3],[-3,-3]],[[8072,7644],[-3,-4],[-9,-5],[-5,-2]],[[8055,7633],[-1,3],[-4,2],[-3,3],[-6,-1],[-2,1],[4,6],[-16,0],[0,3]],[[8027,7650],[4,-1],[5,3],[6,0],[-1,5],[4,-1],[3,7],[-4,0],[1,3]],[[8106,7638],[-6,0],[-4,-3],[-5,3],[-8,2],[-3,0],[2,3],[-10,1]],[[8055,7633],[-13,-4],[-6,-1],[-10,-4]],[[8026,7624],[-7,8],[-5,2],[-6,6]],[[8008,7640],[9,6],[2,3],[2,1],[6,0]],[[8232,7587],[-7,-3],[0,3],[-2,0],[-16,-9],[-3,-2],[-9,7]],[[8195,7583],[5,3],[18,11]],[[8218,7597],[14,-10]],[[7721,7015],[1,-4],[3,-10]],[[7725,7001],[-7,0]],[[7718,7001],[-21,0],[-6,1]],[[7691,7002],[3,6],[-3,0],[0,2],[10,0],[-1,2],[1,2],[2,0],[1,4]],[[7704,7018],[7,-1],[10,-2]],[[8624,7989],[-9,-6],[-6,-4]],[[8609,7979],[-2,2],[-9,3],[-6,4],[-14,9],[-18,16]],[[8560,8013],[-7,4],[-6,2]],[[8547,8019],[7,4],[2,-3],[13,3],[-12,5]],[[8557,8028],[2,1],[17,-7],[-4,-2],[8,-7],[-2,-1],[4,-4],[3,1],[9,-5],[2,-2],[6,0],[2,-2],[2,1],[18,-12]],[[8547,8019],[-15,11],[-7,5]],[[8525,8035],[15,9]],[[8540,8044],[16,9]],[[8556,8053],[3,-13],[-14,0],[-1,0],[9,-13],[4,1]],[[8558,8055],[-2,-2]],[[8540,8044],[-2,1],[2,2],[-26,19],[6,6],[-4,3],[-7,1]],[[8509,8076],[0,4]],[[8509,8080],[5,0],[10,4]],[[8524,8084],[27,-21],[5,0],[2,-3],[-2,-1],[2,-4]],[[8607,8051],[-12,1],[-37,3]],[[8524,8084],[9,3],[3,-2],[10,5],[7,3],[4,1],[21,6]],[[8578,8100],[4,1],[11,-1],[-2,-4],[11,-28],[5,-17]],[[8607,8051],[5,-20],[2,-4],[7,-4],[6,-4]],[[8627,8019],[9,-6],[12,-9]],[[8648,8004],[-7,-3],[-7,-4],[-10,-8]],[[7718,7001],[0,-6],[-8,1],[-2,-9]],[[7708,6987],[-11,2],[-13,-2],[-7,-1]],[[7677,6986],[-11,18],[5,1],[12,-1],[8,-2]],[[7725,7001],[17,-1]],[[7742,7000],[-2,-8],[11,-1],[1,0],[0,-8]],[[7752,6983],[-17,3],[-12,2],[-11,-1],[-4,0]],[[6982,7310],[1,-3],[5,-6],[8,1],[5,-5]],[[7001,7297],[5,-3],[-1,-1],[5,-5]],[[7010,7288],[-4,-3],[-2,-2],[-5,-2],[-5,0],[0,3],[-5,-1],[1,-1]],[[6990,7282],[-4,3],[2,2],[6,3],[-8,6],[2,0],[-5,4],[-4,4],[-1,2]],[[6978,7306],[-1,4],[-4,2],[3,2],[5,0],[1,-4]],[[7025,7314],[4,-3],[-3,-2],[1,-2]],[[7027,7307],[-20,-7],[-6,-3]],[[6982,7310],[9,0],[-4,3],[2,2],[-3,2],[1,2],[7,6]],[[6994,7325],[4,-3],[3,0],[5,-1],[10,-7],[4,-3],[5,3]],[[7036,7300],[-3,-2],[-4,0],[-4,-1],[-5,-3],[-7,-5],[2,-2],[-3,-1],[-2,2]],[[7027,7307],[3,1],[4,-6],[2,-2]],[[7038,7326],[-5,-6],[-8,-6]],[[6994,7325],[-5,2],[-4,5],[-3,7],[8,2],[0,4],[4,0],[5,4],[3,-2],[4,1],[7,-1],[7,-6],[3,0],[4,-4],[1,-4],[2,-3],[5,-3],[3,-1]],[[7038,7326],[3,1],[5,-3],[2,1],[5,-2],[2,1],[4,0],[2,-2],[-2,-2],[-5,-4],[-2,-2],[-7,-4],[-1,-3],[-5,-5],[-1,1],[-2,-3]],[[7354,7406],[8,-2],[16,1]],[[7378,7405],[-5,-5],[-4,-8],[-6,-4],[-8,-2],[-3,0],[0,2],[-4,1],[-2,2],[-6,-1],[4,6],[1,-1],[1,5],[2,5],[0,3],[6,-2]],[[8001,8497],[-4,-7],[3,-1],[7,-3],[-1,-2],[7,-2],[1,1],[5,-3],[2,2],[16,-7]],[[8037,8475],[-7,-4]],[[8030,8471],[-14,6],[-6,-7],[-2,0],[-4,-2],[-2,1],[-8,4],[-1,-1],[-6,2],[7,11],[-7,3]],[[7987,8488],[7,11]],[[7994,8499],[7,-2]],[[7799,6987],[5,-10],[3,0],[2,-5],[-6,-15]],[[7803,6957],[-1,1]],[[7802,6958],[-9,1],[-8,3]],[[7785,6962],[1,6],[3,12]],[[7789,6980],[1,0],[3,8],[6,-1]],[[7708,6987],[-1,-11]],[[7707,6976],[0,-2],[-9,-4],[-11,-2]],[[7687,6968],[-10,18]],[[7752,6983],[2,0]],[[7754,6983],[1,-2]],[[7755,6981],[-5,-13]],[[7750,6968],[-18,3],[-11,1],[-14,4]],[[7750,6968],[-2,-7],[-8,-13]],[[7740,6948],[-9,3],[-6,-7],[-11,5],[-11,-5],[-13,19],[-3,5]],[[7776,6965],[4,-7],[-8,-2],[4,-4],[-5,-2],[-3,0],[-3,-5],[12,-7],[5,-2]],[[7782,6936],[-4,-3],[-14,8],[-12,4],[-12,3]],[[7755,6981],[4,0],[9,-2],[-6,-7],[14,-7]],[[7785,6962],[-9,3]],[[7754,6983],[1,0],[22,0],[12,-3]],[[7820,6922],[-1,-8],[-4,0],[-11,3],[-1,9],[-8,5],[-13,5]],[[7802,6958],[-1,-3],[-1,-2],[-4,-1],[2,-7],[0,-2],[-9,-3],[11,-9],[6,-6],[7,-3],[7,0]],[[7067,7726],[0,2],[-7,-1],[-1,1],[-3,-2],[-6,1],[-7,1],[-2,-1],[5,-4],[-4,-3],[-3,0],[-4,1]],[[7035,7721],[0,2],[-4,-1],[-3,-5],[-3,4],[6,5],[4,3],[12,4],[-1,1],[4,1],[6,1],[1,-3],[9,-2],[3,-2],[-2,-3]],[[7067,7714],[1,-2],[7,-6],[3,-1],[0,-2],[4,-3],[2,0],[3,-2],[3,-3],[5,-2],[1,-2],[-2,-1]],[[7094,7690],[-6,3],[-7,-3],[-4,1],[-6,3],[3,2],[-6,6],[-3,1],[-2,-2],[-10,6],[-2,1]],[[7051,7708],[7,2],[1,1],[7,4],[1,-1]],[[7756,6337],[8,1],[4,-10],[4,-7],[4,-10],[-7,-1],[4,-3],[5,1],[1,-3],[-10,-1],[-2,4],[-12,-2],[-6,1],[-3,12],[-5,10],[0,7],[4,1],[1,4],[10,1],[0,-5]],[[3760,3147],[2,0],[4,-3],[-7,-3],[-3,0],[-2,-1],[-5,3],[0,1],[-3,3],[6,0],[3,2],[5,-2]],[[7963,8777],[0,-2],[8,2],[4,-2],[7,-1],[4,1],[11,-2],[5,-1],[-21,-9],[-10,-3],[-12,-2],[-10,-6],[-5,3],[-1,-1],[2,-10],[-4,0],[-4,0],[-7,4],[4,4],[3,-1],[1,5],[-6,3],[2,2],[-1,1],[9,10],[6,10],[2,2],[14,-4],[-1,-3]],[[8308,8795],[-11,-18],[-9,-12],[-4,1],[-23,10],[-10,2],[-22,2],[-4,0],[-14,-2],[-5,0],[1,6],[4,2],[-1,6],[-3,3],[-1,16],[-2,20],[-1,14],[43,1],[3,0],[34,0],[4,-1],[45,-13],[-12,-18],[-12,-19]],[[7980,7766],[3,5],[-3,13]],[[7980,7784],[7,4],[2,-7],[1,0]],[[7207,7875],[6,-9]],[[7213,7866],[-14,-7],[-8,-2],[2,-4],[5,-5],[6,-6],[-4,-3]],[[7200,7839],[-9,8],[-4,-2],[-1,1],[3,2],[-7,8],[-10,2],[-12,-5],[17,7],[6,1],[-12,11],[1,0],[8,-7],[6,3],[19,5],[2,2]],[[7767,8113],[-19,2],[-6,1],[1,2]],[[7751,8138],[17,0]],[[7768,8138],[-1,-25]],[[7463,8122],[7,4]],[[7470,8126],[5,-3],[19,-13]],[[7494,8110],[-21,-5],[-1,1],[-4,-1],[-3,4],[-2,13]],[[7584,8006],[-4,-3],[-22,-11]],[[7558,7992],[-19,10],[-6,4],[-9,4],[-14,5]],[[7510,8015],[-17,5]],[[7493,8020],[7,4],[0,8],[8,0],[2,-1],[7,-7],[1,0],[4,15]],[[7771,8184],[-23,6],[-3,-5]],[[7745,8185],[0,11],[1,4]],[[7746,8200],[19,-6]],[[7765,8194],[5,-1],[1,-1],[0,-8]],[[7213,7866],[7,3],[4,-1],[9,-7],[-8,-4],[-8,-7],[24,-6],[6,0]],[[7247,7844],[4,-2],[2,0],[12,-5]],[[7265,7837],[-4,-2],[-2,-3],[-8,-4],[-3,-2],[-1,-7],[-1,4],[-7,3],[-6,1],[-10,0],[0,-3],[-1,5],[-6,1],[-10,4],[-3,0],[0,1],[-3,4]],[[7323,7826],[-5,2],[-15,4],[-9,5],[-6,1],[-9,1],[-4,0],[-10,-2]],[[7247,7844],[7,4],[5,0],[11,6]],[[7299,7869],[-1,-3],[0,-4],[3,-2],[39,-16]],[[7207,7875],[4,0],[17,7],[5,3]],[[7776,8093],[0,-2],[-1,-4]],[[7775,8087],[-11,1],[1,8],[-3,2],[2,1],[-1,4],[-7,1],[-13,-1]],[[7767,8113],[0,-2],[7,-15],[2,-3]],[[7436,8033],[-3,-6],[-19,-14]],[[7414,8013],[-8,3]],[[7422,8054],[3,1],[12,-2]],[[7437,8053],[-2,-8],[1,-10],[0,-2]],[[7527,8144],[-5,-2],[-5,-2],[-6,-2],[-11,-1]],[[7500,8137],[-13,-4],[-14,-6],[-3,-1]],[[7463,8122],[-38,-18],[-10,-5],[-2,-4],[2,-2],[6,-5],[-5,-2]],[[7354,8101],[4,4],[14,4],[11,7],[0,2],[-4,3],[-3,-1],[6,3],[-2,-2],[5,-4],[7,5],[1,3],[-2,2],[-3,-1],[11,4],[-4,-2],[2,-4],[13,2],[1,3],[-1,2],[-6,0],[11,4],[-3,-2],[1,-2],[6,-2],[6,2],[1,4],[-1,3],[-3,-1],[10,4],[-4,-2],[2,-2],[8,-1],[4,1],[2,4],[-1,3],[-4,-1],[10,4],[-3,-2],[4,-1],[6,0],[1,4],[-1,2],[-3,-1],[11,4],[-4,-2],[7,-2],[6,2],[3,4],[0,2],[3,-3],[9,1],[18,6]],[[7506,8161],[7,-7],[14,-10]],[[7480,8082],[-1,0],[8,11],[4,6],[4,7]],[[7495,8106],[12,-9],[10,-2]],[[7517,8095],[3,-1],[8,-5],[3,-1],[4,-7],[-1,-2],[-5,-1],[-3,-1],[-5,1],[-4,-1],[2,-1],[-6,-8],[-3,-2]],[[7517,8095],[0,0]],[[7495,8106],[2,2],[-3,2]],[[7500,8137],[16,-13],[12,-13],[5,-5],[-16,-11]],[[7700,8207],[-2,0]],[[7698,8207],[-15,0]],[[7683,8207],[-19,-1],[-9,-1]],[[7655,8205],[0,3],[3,18],[7,1],[17,10],[1,3],[3,0],[7,4],[2,0],[12,7]],[[7707,8251],[-3,-20],[-3,-16],[-1,-8]],[[7752,8251],[-22,2],[-3,-18],[-2,-13]],[[7725,8222],[-2,-14]],[[7723,8208],[-10,0]],[[7713,8208],[-13,-1]],[[7707,8251],[5,2],[11,8],[8,6],[2,0],[4,2],[0,3],[-4,1],[-3,3]],[[7730,8276],[17,5],[4,3],[-4,-1],[5,4],[0,-1],[5,1]],[[7746,8200],[-18,7]],[[7728,8207],[-5,1]],[[7725,8222],[37,-2],[7,-1],[-3,-22],[-1,-3]],[[7730,8184],[1,12],[-4,1],[1,10]],[[7745,8185],[0,-1]],[[7769,8160],[-14,4],[-12,3]],[[7744,8179],[2,-1],[24,-7]],[[7770,8171],[-1,-11]],[[7771,8184],[-1,-13]],[[7769,8160],[0,-14],[-1,-8]],[[7549,8083],[-1,4],[1,0],[-6,5],[-3,-2],[-3,2],[-2,-1],[-6,2],[-12,2]],[[7527,8144],[2,-2]],[[7802,8310],[41,-31]],[[7843,8279],[-3,-2],[2,-3],[4,-10],[-1,-4],[-3,-4],[-2,-1],[-4,-7],[0,-1],[-3,-5],[-2,-5],[1,-4],[5,-6],[1,-5],[2,-2],[-1,-5],[2,-3],[-1,-2],[4,-3],[0,-2],[3,-3],[3,-9],[-4,-6],[-6,-2],[-9,-2],[-7,-1],[-9,0],[-3,-2],[5,-2],[-1,-2],[2,-6],[-2,-5],[0,-2],[-1,-2],[1,-3],[0,-5],[-4,-8],[0,-3],[5,-7],[-2,-8],[1,-4],[-1,-1],[3,-7],[0,-3],[-1,-4],[-8,-4],[-6,-2],[-1,2],[-9,-2],[-3,-2],[-3,0],[-5,-2],[0,-2],[-6,-3]],[[7778,8296],[14,9],[-7,5],[1,0],[7,-4],[5,2],[4,2]],[[7683,8207],[-1,-10]],[[7635,8200],[0,3]],[[7635,8203],[4,0],[16,2]],[[7698,8207],[-1,-19],[-2,-24],[5,-1],[0,-9],[-1,-1]],[[7713,8208],[-1,-23]],[[7760,8063],[3,9],[-18,2]],[[7775,8087],[-3,-3],[-2,1],[0,-5],[-1,-8],[-2,-6],[-5,-4],[-2,1]],[[7553,8076],[3,-1],[-1,-6],[-4,-4],[-2,2],[-4,-2]],[[7545,8065],[-4,-3],[-5,2],[-4,-1],[-1,-2]],[[7470,8073],[-3,-4],[-10,-9],[-8,2],[-9,0],[-3,-9]],[[7630,7995],[-1,-1],[-6,1],[-6,-10],[-7,-13]],[[7610,7972],[-16,2],[-7,1]],[[7587,7975],[13,18],[4,6],[10,-3],[2,5]],[[7616,8001],[8,-4]],[[7493,8020],[-10,4],[-12,1],[-15,5]],[[7456,8030],[3,4],[4,11],[2,5],[3,8],[2,3],[7,5],[5,2]],[[7523,8052],[3,0]],[[7585,8035],[-9,-3]],[[7545,8065],[7,-5]],[[7587,7975],[-8,3]],[[7579,7978],[-8,6],[-13,8]],[[7593,8017],[6,-5],[17,-11]],[[7454,7972],[-17,9],[15,13],[9,8],[1,2],[10,-2],[16,10],[5,8]],[[7510,8015],[-4,-7],[3,-1],[5,-3],[-26,-13],[-1,2],[-14,-8],[-2,0],[-17,-13]],[[7558,7992],[-11,-6],[-10,-4],[-49,-19],[3,-5],[-7,-2]],[[7481,7956],[-2,3],[-3,1],[0,2],[-5,4],[-14,4],[-4,1]],[[7453,7971],[1,1]],[[7668,7971],[-14,-4],[-7,-2],[-10,-6]],[[7637,7959],[-6,5],[-6,4],[-10,3],[-5,1]],[[7638,7925],[4,4],[2,5],[2,7],[0,3]],[[7646,7944],[24,4],[0,2],[8,1]],[[7646,7944],[0,2],[-3,6],[-6,7]],[[7785,7848],[0,6],[8,1],[1,-5],[-4,-4],[0,-3]],[[8299,7931],[-15,2],[-1,-2],[-11,2]],[[8272,7933],[7,18],[1,5],[1,4]],[[8281,7960],[1,6],[19,1]],[[8301,7967],[-1,-16]],[[8300,7951],[0,-8],[-1,-12]],[[7640,8031],[-3,-3],[0,-3],[2,-3],[-3,-5],[8,-3],[8,-2]],[[7750,8037],[1,-4],[2,-3],[0,-2],[-1,-3],[-1,-4]],[[7751,8021],[-3,-1]],[[7706,8053],[13,0],[-5,-5],[5,-1]],[[7719,8047],[-3,-2],[1,-2],[7,0],[22,-4],[0,-2],[4,0]],[[7760,8063],[-1,-2]],[[7759,8061],[-3,-3],[-21,7],[-4,-5],[-9,-12],[-3,-1]],[[7759,8061],[3,-1],[0,-6],[-3,-3],[-5,-4],[-1,-1],[-4,0],[0,-1],[3,-1],[-2,-7]],[[7935,7920],[-10,4],[-5,2],[-11,2]],[[7908,7938],[4,1],[1,6]],[[7913,7945],[28,-3]],[[7941,7942],[-2,-8]],[[7939,7934],[-4,-14]],[[8006,7998],[-3,-12],[-3,-9],[-4,-15]],[[7992,7927],[-25,3]],[[7967,7930],[2,8],[1,1],[2,8],[9,42],[2,6]],[[7983,7995],[4,0],[-1,-2],[4,1],[1,-2],[2,1],[1,4],[3,0],[3,5],[2,0],[1,-3],[-1,-2],[4,1]],[[8219,7913],[3,-4],[1,-8]],[[8223,7901],[-11,5]],[[8179,7914],[6,5],[-2,1]],[[8183,7920],[5,6],[2,2],[5,-2],[2,3],[5,-2],[6,-8],[10,-6],[1,0]],[[8205,7936],[-2,-5],[3,-6],[5,-5],[8,-7]],[[8183,7920],[-5,3],[4,6],[-12,5],[6,7],[-5,2],[3,3]],[[8174,7946],[6,-1],[8,0],[5,-3],[4,-4],[2,3],[3,-2],[3,-3]],[[8270,7927],[-5,-11]],[[8265,7916],[-3,-8],[-5,-17]],[[8257,7891],[-17,5]],[[8240,7896],[11,34]],[[8251,7930],[19,-3]],[[8160,7965],[-3,-13],[-3,-12],[-3,-13]],[[8127,7926],[0,6],[2,0],[2,6]],[[8131,7938],[1,6],[5,11],[6,13]],[[8143,7968],[3,0],[-2,-8],[2,-1],[3,7],[2,3],[5,-2],[0,-2],[4,0]],[[8346,7920],[-4,23],[-2,2],[-5,5],[-1,3],[-2,8],[-8,5],[1,1]],[[8325,7967],[7,-3],[5,-3],[2,-4]],[[8339,7957],[1,-4],[5,-4]],[[8297,7912],[0,3]],[[8297,7915],[2,16]],[[8300,7951],[20,2],[-3,-5],[1,-14],[1,-22],[-22,0]],[[8287,7883],[13,-4],[9,0],[1,-1]],[[8310,7878],[-37,-11]],[[8273,7867],[-17,-3],[-4,-1]],[[8252,7863],[-15,-5]],[[8223,7901],[4,-7],[10,-4],[1,1],[4,-2],[6,-6],[25,-7],[12,4],[2,3]],[[8257,7891],[30,-8]],[[8223,7901],[7,-3]],[[8230,7898],[10,-2]],[[8050,7861],[-10,0],[-14,-8]],[[8051,7884],[10,-7]],[[8061,7877],[-18,-10],[7,-5],[0,-1]],[[8097,7871],[-5,-1],[-1,2],[-17,13],[-13,-8]],[[8080,7897],[5,2]],[[8085,7899],[6,-10]],[[8091,7889],[1,-8],[5,-10]],[[8097,7871],[5,-9]],[[8102,7862],[-28,-1]],[[8074,7861],[-24,0]],[[8074,7861],[-1,-24]],[[8102,7862],[1,-1]],[[8103,7861],[4,-6],[0,-4],[-5,-11],[-1,-3]],[[7977,7901],[-4,2]],[[7973,7903],[-6,4],[-13,5],[-8,3],[-10,4]],[[7936,7919],[-1,1]],[[7939,7934],[28,-4]],[[8049,7929],[2,-1]],[[8051,7928],[-4,-4],[-10,-17]],[[8051,7928],[17,-3]],[[8068,7925],[12,-2]],[[8080,7923],[1,-3],[5,-14],[3,-6],[-4,-1]],[[8136,7888],[-27,-10],[-6,-2],[2,-3],[-8,-2]],[[8091,7889],[2,0],[9,2],[-2,4],[0,6],[19,1],[7,1]],[[8080,7923],[14,-2]],[[7902,7922],[4,-6],[0,-5],[7,0]],[[7913,7911],[-1,-5],[-5,-9],[-6,-9]],[[7901,7888],[-20,8]],[[7881,7896],[-12,9],[-8,3]],[[7861,7908],[-11,11]],[[7933,7909],[-20,2]],[[7936,7919],[-3,-10]],[[7918,7881],[-17,7]],[[7933,7909],[-6,-18],[-3,-8],[-4,1],[-2,-3]],[[7973,7903],[-11,4],[-7,-6],[-11,-11],[-6,-6],[-7,-8]],[[7931,7876],[-13,5]],[[7879,7871],[-9,4],[2,6],[4,5],[0,2],[5,8]],[[7861,7908],[-1,1],[-8,-10],[1,0],[4,-7],[2,-14],[-8,0],[0,-7],[-10,3],[-1,-4],[-8,1],[-1,-2]],[[7904,7660],[1,-4],[-5,0],[0,-3],[0,-11]],[[7900,7642],[-11,1],[0,-4],[-19,1],[1,4],[-15,0]],[[7862,7655],[5,9]],[[7912,7739],[-15,4],[-7,2],[-14,1],[1,6],[-16,1]],[[7861,7753],[-4,5]],[[7857,7758],[-4,4]],[[7919,7757],[-3,-8],[3,-1]],[[7907,7732],[-3,-3],[-3,-2],[-4,-1],[-24,2],[-4,0],[-4,3],[-2,4],[0,12],[-2,6]],[[7980,7671],[-1,-7],[4,-5],[8,-3],[8,-6],[4,-5]],[[8003,7645],[-5,-2],[2,-3],[2,0],[5,-7],[-3,-1],[-7,-2],[-3,3],[-3,-2],[-8,-2],[-13,-1],[-8,-2],[-4,0],[0,5],[5,9]],[[8026,7624],[12,-10]],[[8038,7614],[1,-3]],[[8039,7611],[-17,-2],[-11,0],[-10,-2],[-19,-1],[-1,0],[-1,3],[-5,-1],[0,11],[-23,-2],[-1,-6],[3,0],[-1,-5],[-7,0],[-1,-3],[-3,0]],[[7942,7603],[1,6],[2,7],[-14,1],[-1,-8],[-4,1],[1,14],[9,-1],[5,-2],[8,0],[-7,13]],[[7942,7634],[-2,7]],[[7940,7641],[6,-1]],[[8003,7645],[5,-5]],[[7940,7641],[-40,1]],[[7942,7634],[-32,1],[-13,0],[3,-2],[1,-2],[4,-1],[4,1],[-5,-17],[-1,-5]],[[7903,7609],[-4,0],[-1,4],[-6,3],[-3,0],[-3,4],[-1,4],[-3,5]],[[7882,7629],[-1,4],[-1,2],[-30,3]],[[7942,7603],[-12,-2],[-8,-2]],[[7922,7599],[-8,-1],[-8,-1],[-3,7],[0,5]],[[8063,7560],[0,-2]],[[8063,7558],[-5,-1],[-14,-3],[2,-5],[3,-1],[-6,-6],[-3,2],[-5,-5],[-7,-9],[-5,2],[-10,2],[-12,1]],[[8001,7535],[4,7],[5,7],[10,-4],[11,12],[-4,2],[1,1]],[[8028,7560],[0,0]],[[8028,7560],[11,5],[0,1],[5,0],[14,-4],[5,-2]],[[8039,7611],[2,-4],[3,-4]],[[8044,7603],[-7,-3],[-4,-3],[-5,-1],[-13,1],[-4,-1],[-13,0],[-14,-3],[-21,-3]],[[7963,7590],[0,1],[-11,1],[-4,-1],[-7,0],[-5,0],[-6,2],[-7,4],[-1,2]],[[7873,7554],[4,-3]],[[7817,7532],[-1,-2],[3,-6],[-1,-4],[-5,-2],[-11,4],[-1,0],[-2,6],[-2,1],[-2,5],[3,3],[1,4],[-1,5],[3,3],[4,-1],[1,-3],[2,0],[-2,3],[6,2],[5,1],[-5,12],[4,4],[13,1],[2,7],[-5,1],[-2,-3],[-2,-1],[-6,3],[0,1],[-3,2],[1,1],[0,5],[2,2],[-8,0],[-1,4],[7,0],[-4,1],[-1,4],[1,1],[-3,0],[-3,6],[1,2],[9,5],[2,4],[1,4],[2,0],[-1,11],[6,0],[6,4],[1,5]],[[7848,7637],[-5,-4],[-2,-5],[0,-29],[1,-14],[2,-3],[4,-4],[25,-24]],[[8063,7489],[-4,3],[-6,9],[-7,8],[-3,5],[-8,10],[-2,-1],[-8,-1],[-3,1],[-6,-1],[-1,2],[-7,1],[0,-1],[-3,-3],[-3,-1],[-6,-1],[-5,-1],[-6,-3],[-8,-1]],[[7950,7529],[0,3],[6,-1],[4,9],[11,-1],[22,-3],[8,-1]],[[8063,7558],[0,-1],[1,-12],[0,-28]],[[7873,7554],[5,0],[12,-4],[6,-1],[14,-2]],[[7956,7557],[23,0],[5,-2],[3,0],[13,3],[2,-1],[11,4],[1,-1],[6,3],[8,-3]],[[7963,7590],[2,-1],[-12,-3],[-8,-1],[-3,1]],[[7942,7586],[-4,1],[-9,-1],[-4,1],[0,2],[-6,2],[-1,2],[-6,-1],[-6,1],[-1,3],[-2,-1],[-5,2],[-3,5],[-12,6],[-2,3],[-4,2],[1,0],[-4,2],[0,5],[-4,7],[12,2]],[[8062,7587],[-3,-2],[1,-1],[-5,1],[3,-7],[-7,-1],[0,-2],[-3,0],[-1,2]],[[8047,7577],[0,1],[5,1],[-1,2],[-9,-1],[-6,1],[-14,-1],[-15,-4],[0,2],[-7,0],[-4,-1],[-1,-3],[-4,1],[0,2],[-6,0],[-7,-3],[-10,-4],[-4,-6],[-6,1],[3,8],[-8,1],[-7,-1],[-7,0],[-4,2],[1,2],[-3,0],[1,6],[8,2],[0,1]],[[8044,7603],[12,-9]],[[8028,7560],[3,3],[5,2],[-8,1],[-6,1],[-4,6],[10,3],[3,1],[3,0],[8,0],[5,0]],[[8063,7586],[3,-2],[0,-5],[3,-9],[0,-2],[-3,-4],[-3,-4]],[[8118,7735],[8,-2]],[[8126,7733],[-7,-8],[-1,-2]],[[8135,7377],[0,-12],[0,-30]],[[8135,7335],[0,-13],[0,-19],[0,-18],[0,-11],[0,-26],[-1,-6],[0,-31],[1,-16],[2,-14],[-28,2],[-55,0],[-58,0],[-6,-1],[-2,-2],[-1,-4],[0,-15],[0,-9],[0,-15],[0,-21],[-1,-4],[-10,-25],[-3,-5],[-4,-3],[-41,-26],[-12,-9],[-9,-8],[-21,-22],[-6,3],[-5,-1],[-6,-3],[-9,-2],[-14,2],[-4,2],[-8,1],[-14,0],[-5,-1],[-6,-2],[-8,0]],[[7801,7013],[-6,1],[-8,-1],[-11,-4]],[[7776,7009],[0,4],[-3,6],[-2,3],[-8,5],[-11,5],[-11,4],[2,1]],[[8077,7439],[0,-1],[12,2],[8,-3],[7,1],[4,3]],[[8108,7441],[0,-6],[2,-3],[24,-30],[2,-5],[-1,-8],[0,-12]],[[8134,7814],[-7,-9]],[[8127,7805],[-20,7]],[[8111,7822],[3,-2],[4,0],[16,-6]],[[8170,7811],[-1,-1],[-17,-11],[-1,-1]],[[8151,7798],[-2,4],[-4,8]],[[8145,7810],[1,1],[-6,3],[5,6],[5,-2],[3,3]],[[8420,7732],[-8,5],[-16,9]],[[8425,7768],[21,-13]],[[8446,7755],[-13,-10],[-6,-6],[0,-1],[-7,-6]],[[7945,7796],[0,-2],[-5,0],[3,-10],[-3,-1]],[[8388,7752],[-9,5],[-5,-4],[-5,4]],[[8369,7757],[-1,3],[4,5]],[[8372,7765],[1,-1],[12,9],[13,11]],[[8398,7784],[4,-2]],[[8402,7782],[15,-9]],[[8356,7723],[5,-4],[-1,-1],[-6,-4],[-18,-9],[-12,-5]],[[8357,7724],[3,-2]],[[8360,7722],[9,-7],[-2,-1],[-25,-12]],[[8342,7702],[-6,-3],[-8,-5],[3,-2],[-12,-8],[-7,-6],[-17,-10]],[[8143,7722],[0,-1],[-3,-12],[-2,-4]],[[8021,7667],[-13,2],[-9,0],[-4,2],[-3,5],[-15,3]],[[8383,7950],[-2,-5],[-2,-6],[-5,-10]],[[8374,7929],[0,1]],[[8339,7957],[3,1],[3,3],[-3,1],[3,2]],[[8325,7967],[-2,4],[8,11]],[[8331,7982],[11,-4],[10,-1],[-2,-3]],[[8331,7982],[-4,7]],[[8327,7989],[-1,2]],[[8326,7991],[9,-2],[11,5],[3,1]],[[8141,7546],[-9,-8]],[[8108,7555],[3,4],[7,5],[4,-2],[6,4],[2,-1]],[[8170,7569],[-4,-4],[-18,-14]],[[8252,7633],[-3,-4],[-9,-5],[-6,-5],[-10,-6],[-4,-4],[-9,-7]],[[8211,7602],[-10,7]],[[8342,7702],[3,-2],[2,-6],[-18,-9],[2,-1],[-23,-15]],[[8113,7603],[-6,8],[-1,2],[0,2],[-2,2],[-6,-1],[-7,3],[-5,4],[0,1],[-3,1],[-14,-3],[-9,-7],[-5,-1],[-4,2],[-11,-2],[-2,0]],[[8041,8000],[-4,-16],[-3,-13],[-5,-13]],[[8006,7998],[11,-2],[5,2],[2,0],[0,-9],[1,0],[1,7],[2,4],[4,-1],[4,2],[5,-1]],[[7971,7767],[-7,1],[3,10]],[[7967,7778],[13,6]],[[7967,7778],[3,12],[-1,1],[-6,4],[-1,2]],[[8476,7783],[-1,1],[-5,-3],[-6,3]],[[8464,7784],[6,5],[-5,3],[8,6],[8,6]],[[8481,7804],[16,-5]],[[8497,7799],[1,0],[-7,-5],[1,0],[-6,-5],[-10,-6]],[[8464,7784],[-17,11]],[[8447,7795],[-2,1],[2,2],[-7,3],[14,10],[-1,1]],[[8453,7812],[28,-8]],[[8195,7583],[-4,3],[-1,0]],[[8211,7602],[7,-5]],[[8540,8009],[21,-18]],[[8561,7991],[-9,-4],[-8,-1],[-4,-2],[22,-18],[5,-5],[-7,-4],[-10,-7]],[[8550,7950],[-5,3],[2,2],[-5,7],[-8,11],[-8,6],[-11,8],[-3,5],[-6,13],[-1,4]],[[8505,8009],[5,-1],[2,1],[18,9],[7,-4],[3,-5]],[[8232,7587],[15,-11],[11,-8],[14,-11],[-87,-39],[-23,-10],[-7,-3],[-8,-6],[-3,-3],[-5,-5],[-14,-21],[-5,-9],[-3,-8],[-2,-5],[-7,-7]],[[8587,7970],[11,-19],[-38,-13],[-11,11]],[[8549,7949],[1,1]],[[8561,7991],[15,-13],[10,-8],[1,0]],[[8540,8009],[20,4]],[[8609,7979],[-22,-9]],[[8505,8009],[-4,13],[14,8]],[[8515,8030],[10,5]],[[8515,8030],[-11,9],[-5,3],[1,2],[2,7],[7,25]],[[8677,8015],[-1,2],[-1,5],[-8,-6],[-18,12],[-10,8],[-4,-1],[-3,-3],[-3,-9],[-2,-4]],[[8578,8100],[0,9],[3,17],[3,13],[8,32],[1,3],[84,-5],[-8,-36],[-3,-49],[14,-30],[24,-14],[9,-7],[-8,-3],[-6,-4],[-13,-7],[-9,-4]],[[8549,7949],[-12,-8],[-5,-3]],[[8532,7938],[-15,-1],[-10,-2]],[[8421,8037],[-14,16]],[[8407,8053],[-11,13]],[[8396,8066],[0,0]],[[8396,8066],[3,1],[-5,6],[5,6],[17,5],[11,3],[3,1],[25,-3],[30,-6],[19,1],[5,0]],[[8453,7812],[14,16]],[[8467,7828],[13,-4],[16,-5]],[[8496,7819],[1,-20]],[[8407,7858],[-7,-6],[0,-2]],[[8400,7850],[-5,0],[-10,-15],[-1,-2]],[[8384,7833],[-36,11],[-4,0],[-3,0]],[[8341,7844],[-21,4],[3,19],[1,0],[-9,12]],[[8315,7879],[3,1]],[[8318,7880],[3,2],[21,8]],[[48,13],[-2,-3],[-1,-3],[-4,-1],[-3,-3],[0,-3],[-3,0],[0,5],[-4,1],[0,4],[-4,2],[-1,-1],[-4,3],[-5,-1],[-5,0],[-4,1],[0,6],[1,2]],[[9,22],[9,-1],[19,-4],[4,-1],[7,-3]],[[8467,7828],[-13,5],[-15,4],[-27,9],[-6,2],[-5,1],[-1,1]],[[8421,7906],[2,1]],[[8423,7907],[6,2]],[[8532,7938],[-10,-6],[5,-5],[29,-27],[3,-4],[1,-6],[0,-4],[-13,-31],[-5,-13],[-7,2],[-17,1],[-22,-1],[1,-10],[1,-14],[-2,-1]],[[8453,7812],[-8,3]],[[8445,7815],[-16,4],[-45,14]],[[8677,8015],[-29,-11]],[[8533,9492],[-5,-1],[-7,0]],[[8521,9491],[-7,6],[5,4],[3,2],[5,2],[5,0],[1,-1]],[[8533,9504],[-4,-1],[3,-3],[7,0],[1,-1],[-8,-1],[-2,-2],[3,-4]],[[8564,9486],[-1,1],[-4,-2],[-2,1],[-9,3],[-6,1],[-6,2],[-3,0]],[[8533,9504],[3,1],[4,-1],[4,-2],[2,2],[2,4],[5,2],[0,2],[6,-1],[3,2],[3,-1],[2,-3],[-3,-1],[-1,-4],[4,-3],[4,1],[3,-4],[0,-3],[-2,-2],[8,-3],[2,-3],[-6,-1],[-3,0],[-9,0]],[[8564,9486],[4,-10],[-3,0],[-8,4],[-6,1],[-5,-3],[-14,7],[0,-5],[-8,0],[-1,4],[3,0],[2,3],[-7,4]],[[7274,6801],[-1,3],[6,1],[0,-1],[8,2],[-1,2],[3,1],[9,1],[0,-1]],[[7298,6809],[-1,-5],[-5,-10],[3,0],[0,-4],[-4,0],[1,-2],[-6,-1],[-1,3],[-6,-1],[-5,12]],[[9721,9847],[3,4],[-7,1],[-12,3],[-1,-1],[-13,5]],[[9691,9859],[8,11],[5,1],[7,-3],[5,1],[11,9],[3,2],[7,2]],[[9737,9882],[3,-5],[-4,-4],[-4,-3],[6,-2],[3,0],[-2,-2],[1,-1],[-5,-8],[-2,1],[-2,-1],[8,-3],[-3,-4],[13,-2],[-5,-5],[-8,2],[-7,1],[-8,1]],[[9721,9847],[-4,-4],[-1,0],[-1,-5],[-1,-1],[-3,2],[0,3],[-3,-1]],[[9708,9841],[-4,2],[-4,0],[-4,-5],[-5,3],[-3,1],[-3,-4],[-7,4]],[[9678,9842],[11,14],[2,3]],[[9708,9841],[2,-9],[-3,-2],[-4,0],[-1,-1],[-5,1],[-1,-2],[-2,1],[-3,-5],[2,-1],[0,-3],[-6,2],[1,4],[-3,0],[2,3],[-2,4],[-3,2],[-5,-2],[0,-1],[-5,-5],[-4,3],[4,3],[-1,1],[4,2],[-2,1],[1,2],[-3,2],[-1,2]],[[9670,9843],[3,-2],[2,2],[3,-1]],[[9112,8904],[-7,3],[-5,-5],[-5,2],[-7,2],[-1,2]],[[9087,8908],[7,7],[-10,6],[9,4],[5,3]],[[9098,8928],[5,3],[3,-4]],[[9106,8927],[5,-5],[12,-5]],[[9123,8917],[-11,-13]],[[9670,9843],[3,3],[4,3],[2,3],[-5,-4],[-6,3],[-3,2],[7,7],[-3,2],[-7,4],[6,3],[3,-3],[3,2],[3,-4],[8,6],[-1,6],[16,2],[34,6],[6,1],[1,-1],[-4,-2]],[[5828,5913],[-4,-2],[-10,-4],[-4,-7],[-3,-6],[-18,0]],[[5789,5894],[0,0]],[[5789,5894],[-1,3],[4,1],[-1,5],[2,5],[7,1],[1,13]],[[5801,5922],[1,4],[5,0],[3,-2],[1,-6],[1,0],[0,-5],[5,1],[10,3],[3,-4],[-2,0]],[[5789,5894],[-16,0],[-5,-1]],[[5768,5893],[-13,-2],[-15,-1],[-8,0],[-4,4],[-2,4],[-4,1],[-8,-1]],[[5714,5898],[4,3],[6,-1],[5,1],[6,-9],[8,0],[7,1],[0,4],[-3,3],[4,1],[0,2],[7,2],[3,-2],[8,1],[0,-4],[12,1],[0,4],[-3,4],[14,1],[-3,7],[9,0],[2,5],[1,0]],[[5768,5893],[0,-7],[-2,0],[2,-10],[0,-2]],[[5768,5874],[-2,-2],[-6,1],[-1,1],[-7,3],[-1,3],[-5,2],[1,2],[-7,1],[-3,1],[-4,1],[-1,2],[-5,1],[-2,6],[-3,1],[-5,-2],[-4,0],[1,3]],[[5789,5894],[0,-7],[1,-10]],[[5790,5877],[-4,0],[-10,-2],[-4,-1],[-4,0]],[[5828,5913],[2,-2],[-9,-4],[1,-1],[-4,-2],[-2,2],[0,-3],[-2,-5],[4,-1],[3,-4],[-14,0],[4,-4],[9,-1],[-1,-2],[-2,0],[-2,-5],[-2,0],[-1,3],[-7,0],[-6,-6],[-9,-1]],[[5844,5914],[2,-2],[-2,0],[-1,2],[-7,-1],[-1,1],[6,1],[3,-1]],[[9112,8904],[4,-2],[-4,-3],[3,-3],[7,4],[5,-3],[-7,-12]],[[9120,8885],[-14,-23],[-4,2],[1,1],[-3,1],[-2,2],[-4,9],[-8,-7],[-5,5],[-2,0],[-5,4],[-2,-2],[-4,1],[-4,3],[-3,-1],[4,4],[2,0],[-5,3],[2,2]],[[9064,8889],[4,4],[5,4],[1,6],[5,5],[5,1],[3,-1]],[[9156,8925],[-4,-3]],[[9152,8922],[-9,-5],[8,-8],[5,-4],[-12,-3],[-10,-4],[5,-4],[-6,-5]],[[9133,8889],[-7,-6],[-6,2]],[[9123,8917],[6,6],[6,2],[12,5]],[[9147,8930],[3,-4],[6,-1]],[[9159,8938],[2,-4],[-14,-4]],[[9106,8927],[8,8],[1,1],[5,5],[12,9],[8,4]],[[9140,8954],[2,0]],[[9142,8954],[2,-3],[-5,0],[2,-4],[9,2],[9,-11]],[[9159,8938],[9,2],[6,-1],[15,0],[8,1],[23,7],[-3,5]],[[9217,8952],[9,13],[13,3],[13,3],[11,1],[-2,-4],[-3,-10],[0,-1],[-12,-4],[-16,-3],[-7,-2],[20,-23],[-11,-4],[-3,3],[-2,-1],[-5,6],[-6,-2],[2,-3],[-2,-2],[-8,1],[-6,-7],[-6,1],[-12,3],[-28,5]],[[9,22],[-2,0],[1,3]],[[8,25],[5,0],[10,-1]],[[23,24],[8,-2],[4,-1],[2,2],[7,1],[5,4]],[[49,28],[2,-2],[-2,-2],[3,-3],[4,3],[2,-2],[-2,-2],[2,-1],[2,2],[4,-2],[-3,-2],[-5,-1],[-2,1],[-6,-4]],[[9152,8922],[4,-3],[-4,-4],[8,-11],[6,-6],[12,-13],[8,-7],[6,-4],[0,-5],[0,-7],[-1,-3],[3,-5],[0,-7],[0,-7],[8,-11],[3,-3],[-1,-1],[-8,9],[-3,5],[-1,6],[1,7],[-4,6],[1,4],[0,4],[-1,3],[-10,11],[-6,7],[-7,8],[-2,-2],[-26,-4],[-5,0]],[[9098,8928],[-9,7],[-3,3]],[[9086,8938],[8,-1],[-7,8],[-3,5],[-6,4]],[[9078,8954],[1,1],[6,-4],[2,-3],[5,2],[4,3],[10,4],[2,0],[0,2],[10,3],[7,3],[-2,5],[12,0],[0,1],[6,1]],[[9141,8972],[0,-4],[3,-8],[-3,-1],[-4,1],[-3,-4],[4,0],[2,-2]],[[9142,8954],[16,4],[17,5],[3,0],[2,4],[8,8]],[[9188,8975],[3,-3],[-5,-4],[9,-7],[3,-9],[15,4],[4,-4]],[[9141,8972],[-3,2],[5,3],[-1,1],[5,3],[4,-3],[11,6],[8,6],[6,-2],[7,8],[7,-2],[3,-2],[2,2],[6,-1],[-4,-6],[-2,-5],[-7,-7]],[[9064,8889],[-4,2],[2,2],[-1,3],[2,11],[2,10],[11,-2],[2,10],[-3,13]],[[9075,8938],[11,0]],[[9075,8938],[-32,0],[-8,0],[-8,2],[4,4],[2,0],[4,-3],[7,0],[2,1],[-3,2],[0,3],[2,1],[5,-1],[2,2],[-3,1],[1,4],[3,0],[-4,4],[8,2],[7,-5],[1,-1],[4,3],[5,-1],[1,-2],[3,0]],[[7975,8619],[-2,1],[2,2],[-12,7],[-5,4],[-3,-2],[-4,3]],[[7951,8634],[6,0],[12,4],[5,3],[3,2],[12,13],[0,5],[-1,6],[0,3],[-3,1],[0,2],[5,-2],[-1,-5],[2,-3],[1,-4],[-1,-5],[-3,-2],[-2,-4],[-6,-4],[-1,-1],[5,-1],[-1,-1],[-4,1],[-5,-4],[3,-2],[-2,-1],[-1,-2],[4,-1],[4,3],[2,-2],[3,1],[4,-2],[-5,0],[-3,-3],[2,-2],[0,-2],[-5,-6],[0,-2],[-5,2]],[[6990,7282],[-1,-1],[-4,0],[-2,-3],[-3,-1],[-6,-6],[-4,-2],[2,-1],[7,-4],[11,0],[6,3],[-1,-6],[-2,0],[-6,-1],[4,0],[3,1],[0,-3],[-1,-3],[-4,0],[-4,1],[2,-3],[-3,-3],[-7,-3],[3,3],[-2,4],[-3,3],[0,2],[-3,2],[-4,0],[-4,2],[-6,3],[-3,0],[-9,3],[-7,0],[-4,3],[-4,1],[-3,-2],[-5,-1],[-3,1],[-1,5],[-3,2],[-22,4],[-6,1],[-7,-1],[-4,3],[-8,4],[2,5],[3,0],[3,4],[0,10],[7,1],[7,1],[2,-3],[-2,0],[1,-5],[-3,-2],[0,-5],[7,-1],[3,0],[5,6],[2,2],[3,-1],[3,5],[20,-7],[3,-2],[5,-5],[3,3],[4,-6],[13,-2],[7,1],[2,2],[-5,3],[3,3],[4,-2],[3,2],[4,-2],[2,1],[-2,2],[-5,6],[5,3]],[[7385,7439],[4,-3],[2,0],[5,-3]],[[7396,7433],[-3,-1],[-3,0],[-6,-4],[2,0],[-1,-3],[-2,1],[-2,-3],[0,-3],[4,-3],[-4,-5],[-2,-5],[-1,-2]],[[7354,7406],[10,6],[5,1],[2,-1],[2,2],[2,10],[0,4],[5,4],[6,4],[-4,4],[3,-1]],[[7424,7444],[-14,-6],[-3,0],[-6,-3],[-1,-2]],[[7400,7433],[-4,0]],[[7385,7439],[2,1],[3,-1],[2,1],[1,4],[2,0],[-1,2],[7,4],[-1,1],[4,2],[-2,3],[4,0],[4,-1],[4,2],[3,-2],[11,5],[-3,1],[2,1],[5,-2],[10,7],[2,-1],[5,-2],[2,-3],[-4,-1],[-4,0],[-10,-6],[-5,-4],[-4,-2],[-2,-2],[2,-2]],[[7424,7444],[2,-1],[2,1],[5,-3],[-1,-4],[4,-1],[-5,-5],[-8,2],[-10,0],[-5,0],[-1,-1],[-7,1]],[[37,37],[-3,-2],[-2,1],[-3,-2],[2,-3],[-1,-4],[-4,1],[-3,-4]],[[8,25],[2,4],[-10,2],[0,2],[11,-2],[-1,5],[-3,1],[4,1],[-3,5],[13,4],[2,1],[3,0],[3,4],[6,-3],[-2,-6],[4,-6]],[[37,37],[3,-1],[2,-2],[2,0],[0,4],[4,1],[-1,-6],[2,-5]],[[7958,8411],[-10,-8]],[[7948,8403],[-9,-8],[-35,-25],[-16,-11],[1,-1]],[[7889,8358],[-29,-21],[-12,-5],[20,-4],[-5,-10],[22,-7]],[[7885,8311],[-4,-4],[1,-5],[3,-2],[0,-2],[-2,-2],[-2,-8],[-7,-6],[-4,-2],[-3,-2],[-9,2],[-6,2],[0,-1],[5,-2],[-4,0],[-5,2],[-5,-2]],[[7802,8310],[7,4],[-10,7],[9,6],[6,5],[11,6],[12,8],[9,7],[11,7],[10,8],[7,6],[12,10],[9,6],[2,4],[14,10],[8,9],[7,7],[7,6]],[[7933,8426],[9,-5],[6,6],[3,-2],[-8,-6],[8,-4],[7,-4]],[[7933,8426],[7,7],[9,9],[6,6]],[[7955,8448],[7,-3],[9,10],[4,-2],[-3,-3],[8,-4],[4,3],[3,-1],[-4,-3],[4,-3],[3,2],[3,-2],[-7,-6],[-28,-25]],[[8049,8483],[-9,2],[-5,2],[6,3],[-3,2]],[[8038,8492],[7,4],[-3,4],[2,1],[-1,4],[-3,-2],[-3,1]],[[8037,8504],[6,11],[-3,1]],[[8040,8516],[2,8],[4,7],[4,0],[5,14],[0,2]],[[8055,8547],[4,-2],[0,-2],[17,-8],[4,1],[7,-3],[4,-3],[-15,-17],[-19,-22],[-4,-5],[-4,-3]],[[7776,7009],[-7,-3],[-9,-5],[-6,1]],[[7754,7002],[1,9],[3,5],[3,2],[-11,5],[-2,-2]],[[7748,7021],[-14,3],[-9,3],[0,1],[-4,3],[6,5]],[[8023,8597],[2,-6],[8,-12],[9,-13],[0,-2]],[[8042,8564],[-12,2],[-11,18],[-3,4],[-7,7],[2,1],[-3,1],[-11,8],[0,1],[-13,9],[5,4],[3,-1],[2,1],[1,-4],[6,-4],[2,0],[3,-2],[2,1],[4,0],[-6,-4],[4,-2],[3,-1],[0,2],[4,1],[0,-2],[3,-1],[7,2],[-1,-2],[-6,-3],[3,-3]],[[8040,8516],[-3,1],[5,11],[-2,1],[-4,-7],[-4,1],[-4,0],[2,2]],[[8030,8525],[2,6],[2,4],[2,6],[6,10]],[[8042,8551],[13,-4]],[[8011,8449],[-6,-6],[-4,-1],[-2,-2],[-4,-6],[-3,-3],[-2,-3],[0,-5],[-2,-3],[-4,-1],[-2,-7],[-17,-8],[-1,1],[-6,-2],[-5,0],[0,-1],[-5,1]],[[7955,8448],[3,3],[12,15]],[[7970,8466],[8,-3],[4,4],[4,-1],[0,-1],[7,-3],[-1,-1],[4,-2],[7,-4],[2,-2],[-1,-1],[5,-2],[2,-1]],[[7889,8358],[1,-4],[4,-1],[4,1],[5,-1],[5,1],[3,0],[2,-3],[-2,-3],[-5,-4],[-9,-3],[-6,-2],[0,-4],[4,-8],[-5,-9],[-5,-7]],[[8030,8471],[-19,-13],[3,-6],[-3,-3]],[[7970,8466],[9,12],[8,10]],[[8049,8483],[-12,-8]],[[8001,8497],[9,-3],[2,2],[9,-5],[4,4],[10,-4],[3,1]],[[7994,8499],[6,9]],[[8000,8508],[14,-3],[11,-3],[5,6],[4,-2],[-1,-1],[4,-1]],[[8000,8508],[5,9]],[[8005,8517],[8,-2],[4,7],[4,-1],[1,6],[5,-2],[3,0]],[[8005,8517],[6,8],[10,17],[3,6],[2,6],[16,-3]],[[8023,8597],[5,1],[2,2],[3,-4],[1,-3],[6,-4],[3,-4],[1,-1],[-1,-2],[3,0],[1,-4],[2,0],[1,-4],[2,-2],[-2,-2],[4,1],[-2,-2],[2,-3],[5,0],[2,1],[3,-2],[-4,-1],[-4,1],[-4,-2],[-7,1],[-3,0]],[[8043,8595],[4,-1],[-2,-2],[-4,0],[-1,2],[3,1]],[[7975,8619],[-2,-1],[-10,5],[-1,-1],[-17,7],[0,-2],[-3,2],[-2,-2],[-5,1],[-8,3],[1,1],[-9,2],[1,4],[4,0],[1,6],[6,0],[2,-2],[-3,-1],[-1,-3],[19,-4],[3,0]],[[7748,7021],[-1,-4],[-6,0],[-9,1],[-7,2],[-4,-5]],[[7704,7018],[-2,1],[6,6],[-4,5],[3,5],[-4,1],[2,2],[4,-1],[3,1],[-2,3],[-3,2],[1,1],[-3,3],[4,2]],[[7754,7002],[-4,1],[-8,0],[0,-3]],[[7801,7013],[0,-9],[-9,-3],[6,-14],[1,0]],[[8365,8978],[4,-4],[0,-3],[-1,-3],[-5,-8],[-3,-14],[-32,4],[-9,0],[-15,0],[-16,-1],[1,3],[3,13],[6,15],[14,-2],[3,3],[6,1],[3,0],[5,-3],[6,1],[8,-2],[4,1],[6,3],[7,0],[2,-1],[3,-3]],[[7803,6957],[8,0],[2,-12],[0,-1],[3,0],[0,-4],[4,-4],[-2,-4],[1,-4],[1,-6]],[[7304,6611],[3,7],[11,-1],[1,3],[5,-1]],[[7324,6619],[-2,-4],[-3,-5],[-4,-6],[-9,-8],[-4,1],[-4,-1],[1,2],[0,6],[5,7]],[[7929,9116],[-3,-4],[-4,-7],[-3,-19],[4,-1],[-2,-5],[0,-3]],[[7921,9077],[3,-2],[-5,-5],[-11,1],[6,8],[-6,1],[-3,7],[-6,1],[-1,2],[-2,1],[-3,3],[-5,2],[-5,6],[0,2],[5,0],[1,-2],[3,0],[0,-3],[-4,0],[6,-3],[5,0],[1,2],[4,-2],[4,0],[1,1],[4,4],[3,0],[-3,2],[2,4],[3,0],[3,4],[1,0],[9,10],[1,5],[3,-1],[-1,-4],[-5,-5]],[[7929,9116],[1,-1],[23,-8],[-2,-2],[-6,2],[-5,-6],[5,-1],[4,-2],[5,4],[3,-1],[-3,-8],[-1,-7],[8,-4],[-2,-3],[0,-6],[-2,-1],[5,-1],[3,-1],[-3,-4],[-13,7],[-3,-2],[-7,4],[-6,1],[-12,1]],[[7292,6637],[-5,-7],[-1,1],[-12,3],[-19,2],[-9,1],[-13,0],[0,5]],[[7233,6642],[3,2],[3,0],[2,1],[-1,2],[2,1],[4,-1],[1,1],[-1,2],[-3,3],[2,0],[-3,3],[4,3],[3,-1],[1,2],[6,3],[4,-4],[2,-3],[5,2],[6,-1],[2,-2],[3,-1],[28,14],[3,3],[-5,3],[4,2],[4,-3],[-1,-1],[2,-1],[-3,-2],[0,-5],[5,0],[0,-2],[4,-1]],[[7319,6661],[-7,-12],[-4,1],[0,1],[-4,1],[-3,-4],[-2,-4],[-5,-4],[-2,-3]],[[7327,6629],[-4,1],[1,1],[-13,1],[0,2],[-3,1],[-12,1],[-4,1]],[[7319,6661],[2,0],[-1,-3],[2,0],[-4,-5],[2,-1],[-2,-6],[6,-1],[5,-1],[2,4],[0,3],[-1,2],[3,-1],[0,-12],[-3,-7],[-3,-4]],[[8475,9515],[-7,0],[2,4],[-2,3],[1,3],[-2,4],[2,3],[-3,2],[2,3],[-2,4],[1,1],[5,0],[8,-1],[3,-6],[-4,0],[-1,-5],[1,-13],[-4,-2]],[[7327,6629],[1,0],[-4,-10]],[[7304,6611],[-1,7],[1,4],[-4,0],[0,2],[-12,2],[-5,3],[-5,-5],[3,-1],[-3,-2],[-3,1],[-4,-3],[4,-3],[-1,-1],[-6,2],[-5,3],[-3,-3],[0,-1],[-4,1],[-2,-3],[-3,1],[1,2],[-5,0],[6,7],[4,3],[-2,2],[-5,0],[-4,-1],[-8,1],[-4,-4],[-1,2],[-6,-4],[-2,1],[9,6],[-5,1],[-6,3],[-5,0],[-7,-1],[2,8],[12,-1],[8,2]],[[7067,7726],[-1,0],[0,-8],[-1,-1],[2,-3]],[[7051,7708],[-5,-2],[-4,-2]],[[7042,7704],[-2,1],[1,7],[-9,0],[3,6],[0,3]],[[7094,7690],[1,-1],[-4,-4],[3,-2],[-2,-1],[1,-2],[-8,-1],[-4,5],[-3,-1],[-2,-2],[-3,0],[-9,5],[-8,1],[-7,0],[-6,-5],[-2,0],[-3,-2],[-3,-4],[-4,-3],[1,3],[-6,1],[1,1],[0,6],[6,1],[-5,8],[4,4],[4,2],[6,5]],[[7360,7614],[-5,-13]],[[7355,7601],[-19,4],[-4,-6],[-4,1],[1,1],[-4,1],[2,1],[3,7],[-4,0],[-1,-2],[-3,1],[-1,-2],[-6,1],[1,2],[-6,0],[-8,1],[-1,-5],[-2,0],[-7,3],[0,-1],[-5,0],[-7,-2],[-1,-2],[-3,-2],[-6,3],[2,4],[-6,1],[-2,-1],[-5,1],[1,4],[-3,0],[2,3],[6,-1],[2,1],[5,-1],[7,0],[13,2],[11,2],[3,1],[0,-4],[7,-3],[6,1],[14,2],[3,1],[5,-3],[7,-2],[6,0],[3,1],[3,0]],[[7360,7614],[6,0],[1,-3],[8,-2],[9,0],[6,-1],[6,1],[6,-2],[9,-1],[6,0],[4,-1],[-1,-3],[3,-2],[11,-2],[0,-1],[7,-2],[1,-1],[15,-1],[3,0],[-3,-4],[-4,2],[-3,-4],[-2,1],[-3,-4],[-4,0],[-4,1],[-5,-1],[-2,0],[-2,-1],[-3,0],[1,3],[-3,1],[-1,-3],[-1,0],[1,3],[-13,2],[-4,-3],[0,2],[-6,0],[-2,-1],[0,3],[-4,0],[-4,2],[-4,0],[-1,-7],[-2,0],[-1,-4],[-5,2],[-1,2],[1,2],[-3,4],[-3,2],[-7,1],[-4,0],[-3,1],[-2,3],[1,3]],[[7298,6820],[-8,0],[3,-8],[-5,0],[-8,-1],[-1,7],[-5,0],[2,-8],[-6,-1]],[[7270,6809],[-5,0],[0,2],[5,1],[-1,9],[-1,0],[-1,6],[11,1],[0,3],[26,2],[4,0],[-7,-9],[6,0],[-1,-2],[-6,1],[-2,-3]],[[7274,6801],[-2,-1],[-2,3],[0,6]],[[7298,6820],[0,-8],[6,0],[0,-3],[-6,0]],[[7820,6213],[5,-13],[-11,-2],[-9,-2],[-7,-3],[-5,0],[-6,-2],[-1,4],[-4,-1],[-3,2],[-2,3],[5,5],[-3,1],[2,3],[3,-2],[0,4],[8,1],[16,1],[12,1]],[[8386,8528],[2,-6],[-10,-1],[0,-9],[7,-1],[1,-3],[8,0],[0,-5],[4,0],[-2,-4],[-6,-3],[7,0],[9,0],[2,-2],[-4,-8],[-1,-1],[-6,3],[-8,2],[-5,-7],[-11,3],[-3,-4],[-7,2],[-6,3],[-4,3],[1,-3],[-10,0],[2,7],[-11,0],[0,6],[-2,-1],[0,-3],[-8,0],[0,5],[13,0],[7,-1],[4,1],[1,2],[-5,12],[-6,-2],[-1,2],[-4,-1],[-1,4],[3,0],[2,4],[5,0],[3,-1],[6,-4],[10,-2],[0,4],[-1,8],[6,1],[19,1],[0,-1]],[[8661,8986],[-3,0],[-4,-3],[-12,3],[-26,7],[-4,1],[-11,9]],[[8601,9003],[8,5],[5,-1],[0,-4],[2,0],[9,-1],[4,7],[14,-2],[11,-2],[-1,-5],[-2,-9],[8,0],[2,-5]],[[8661,8986],[0,-3],[-2,0],[0,-3],[-4,1],[-3,-5],[3,-2],[-4,-1],[10,-10],[-2,0],[-11,0],[-4,1],[-4,-2],[-4,2],[3,2],[2,-1],[0,3],[2,3],[-4,3],[6,4],[-2,1],[-3,-2],[-3,-1],[-7,-5],[-3,1],[-8,-5],[-7,0],[-2,2],[1,4],[3,-1],[3,9],[-7,2],[7,7],[-8,0],[-5,-1],[-6,0],[-7,-1],[-8,-1],[-9,0],[-18,2],[-9,2],[24,14],[16,10],[14,-12]],[[9027,9746],[3,0],[4,-2],[8,-1],[5,-2],[-10,-7],[-6,-3],[-10,-4],[-33,-8],[-2,2],[5,1],[13,5],[-2,1],[8,4],[5,4],[-4,12],[10,2],[8,4],[-2,-3],[-1,-3],[1,-2]],[[8204,8535],[9,2],[16,2]],[[8229,8539],[3,-9],[6,-22],[2,-7],[2,-2],[2,-4],[-3,-2],[-7,1],[-6,0],[-4,5],[1,6],[0,2],[-6,17],[-7,-1],[-8,12]],[[9995,9997],[1,-3],[-4,-2],[-4,-4],[3,-5],[3,2],[5,-7],[-10,-2],[2,-1],[-2,-4],[-4,1],[-1,4],[-7,2],[-3,-4],[-6,-2],[-2,1],[5,2],[-4,3],[2,4],[-2,1],[4,4],[2,1],[1,3],[-3,4],[4,1],[3,-2],[9,3],[1,-1],[3,3],[4,-2]],[[8222,8569],[4,-16],[4,-5],[-3,-1],[3,-8],[-1,0]],[[8204,8535],[-3,-1],[-2,4],[3,1],[-2,3],[-5,4],[1,0],[-3,4],[-3,-1],[-2,3],[2,0],[-3,4],[6,3],[-6,7],[4,1],[-1,2],[4,1],[-6,12],[19,4]],[[8207,8586],[3,-10],[-2,-1],[7,-5],[0,-2],[7,1]],[[8207,8586],[7,5],[42,37],[2,0],[4,-9],[2,1],[6,5],[1,0],[4,2],[-3,-4],[-3,-7],[-10,-10],[-10,-9],[-7,-7],[-2,1],[-4,-4],[2,0],[-13,-12],[-3,-4],[0,-2]],[[8222,7376],[-35,0],[-43,1]],[[8144,7377],[1,3],[17,5],[18,10],[12,5],[10,1],[15,-3],[2,6],[6,-1],[0,1],[6,-1],[-6,-17],[-3,-10]],[[8222,7376],[33,0],[-6,-9],[-1,-2],[6,-1],[0,-3],[-7,0],[-6,1],[-2,-3],[-13,3],[-1,-2],[-4,1],[-2,-4],[5,-2],[-2,-4],[7,-2],[0,-5],[-6,0],[0,-5],[-3,2],[-12,-1],[-4,-1],[-7,0],[-39,8],[-18,4],[0,-1],[13,-2],[-2,-4],[-7,1],[-4,1],[0,-11],[-5,0]],[[8135,7377],[9,0]],[[8308,7810],[31,21],[5,3],[1,3],[-4,7]],[[8384,7833],[-8,-13],[-4,-3],[0,-3]],[[8372,7814],[-8,-7],[-17,-10],[-19,-12],[-5,3],[-1,3],[11,8],[-2,4],[-12,-8],[-4,3],[-5,2],[0,6],[-2,4]],[[5109,6172],[0,-5],[8,1],[0,-2],[4,-2],[4,3],[3,0],[0,-2],[4,-1],[1,-2],[3,2],[1,-3],[-8,-4],[0,-4],[-7,-1],[-11,-2],[0,2],[-7,-1],[-8,0],[0,2],[6,0],[-1,2],[-4,2],[-10,2],[1,3],[-2,1],[5,0],[0,4],[4,1],[8,-1],[-1,5],[7,0]],[[5075,6197],[0,-6],[3,0],[0,-2],[5,-1],[4,-2],[-2,0],[-2,-4],[3,-1],[0,-2],[-6,1],[-1,-1],[4,-3],[7,-1],[0,-3],[-7,2],[-4,0],[-2,-4],[-3,0],[1,3],[-6,2],[-3,-6],[-2,0],[1,6],[3,2],[2,0],[3,3],[-6,0],[1,3],[-2,1],[-1,3],[3,3],[2,4],[1,0],[1,3],[3,0]],[[7824,7665],[-4,11],[-2,1],[-1,3],[10,0],[-3,2],[-3,2],[-2,-1],[-36,63],[-1,2]],[[7782,7748],[25,7],[11,3],[6,1],[21,-1],[12,0]],[[8056,7954],[3,9],[7,22],[2,8],[4,-1]],[[8072,7992],[0,-4],[-1,-12],[0,-5],[-2,-8],[-3,-11],[0,-5],[-3,-4],[-2,-9],[1,-4],[-5,-1],[-6,-1]],[[8282,7837],[-9,6],[-13,11],[-8,9]],[[8273,7867],[5,-7],[10,-6],[11,-6],[-5,-4],[-1,-1],[-2,-1],[-6,-4],[-3,-1]],[[8280,8003],[4,-5]],[[8284,7998],[-5,-1],[-12,-1]],[[8267,7996],[-2,2],[4,1],[-5,9],[2,0],[-1,2],[-5,-1],[-1,1],[4,1],[-2,1],[-1,5],[1,0],[-1,4],[-3,5],[-4,5],[-8,-7],[-5,-3],[-2,2],[-12,4],[5,6],[5,7],[5,5],[-4,4],[5,0],[-4,4],[-12,12],[5,2],[6,-8],[8,-8],[-3,-2],[1,-2],[16,-14],[8,-12],[3,-12],[2,-3],[3,-4],[5,1]],[[7527,8144],[1,1],[4,6],[3,2],[12,6],[22,7],[5,4],[14,4],[15,5],[12,4],[3,2],[1,2],[1,9],[2,3],[7,3],[6,1]],[[8216,7975],[-3,-8],[-2,-9],[-2,-8],[-4,-14]],[[8174,7946],[5,11],[6,8],[-1,3]],[[8184,7968],[7,-1],[-1,-2],[1,-2],[6,-1],[2,1],[3,5],[4,0],[4,2],[3,5],[3,0]],[[8326,7991],[-2,12]],[[8324,8003],[0,7],[3,0],[10,9],[5,6]],[[7913,7945],[2,6],[11,-1],[2,7],[-12,1],[3,9],[4,15],[2,10],[-11,1]],[[7914,7993],[0,2]],[[7914,7995],[5,2],[7,0],[8,-1],[13,1],[4,-1],[3,1],[4,-1],[1,3],[2,-1]],[[7961,7998],[-1,-5],[-3,0],[-1,-4],[-6,-16],[-5,-18],[-4,-13]],[[7798,8002],[-15,-29],[-1,-3]],[[7782,7970],[-3,-9],[-1,-5],[-9,-2],[-7,1],[-7,-5],[-3,-2]],[[7747,7949],[3,8],[4,5],[8,14],[14,27],[3,5]],[[7779,8008],[2,0],[5,10],[-1,-5],[-1,-3],[1,-2],[11,-2],[2,2],[0,-6]],[[7961,7998],[5,-2],[7,2],[4,-1],[6,-2]],[[7782,7748],[-2,2],[-18,4],[-2,-2],[-6,2],[-1,2],[-7,3],[0,1]],[[8103,7861],[13,3],[1,-11],[2,1]],[[8434,7797],[8,-6]],[[8442,7791],[-25,-18]],[[8402,7782],[16,12],[-3,2],[6,5],[6,-1],[7,-3]],[[8068,7925],[4,5],[-8,1],[0,4],[2,5],[22,-3]],[[8088,7937],[-5,-9],[16,-3],[0,1],[7,0],[3,-1]],[[8088,7937],[3,6]],[[8091,7943],[12,-1],[28,-4]],[[8127,7750],[8,17]],[[8135,7767],[8,-2],[-4,-6],[0,-6],[-1,-2]],[[8138,7751],[-5,-9],[-7,-9]],[[8119,7788],[-22,-1]],[[8097,7787],[-1,6],[-3,2],[-10,3]],[[8127,7805],[9,-3]],[[8154,7746],[-2,4],[-11,2],[-3,-1]],[[8135,7767],[6,11]],[[8147,7789],[6,-1],[-4,-2],[4,-13]],[[8097,7787],[2,-9],[0,-7],[-2,-10]],[[8097,7761],[-2,-7]],[[7782,7970],[12,-2],[18,-3]],[[7812,7965],[-2,-4],[0,-5],[-1,-5],[-4,-7],[-2,0],[-1,-4]],[[8111,7997],[-2,-5],[-6,-18],[-2,-4],[-1,-4],[-4,-10],[-5,-13]],[[8072,7992],[-1,9]],[[8071,8001],[0,3],[1,0],[1,4],[1,9],[1,1],[-1,13],[1,8],[2,-4],[0,-2],[1,-8],[0,-7],[0,-3],[4,-2],[-2,-2],[7,-1],[5,1],[2,-4],[-2,3],[-3,-1],[-2,-3],[-1,-2],[3,-1],[-5,-2],[-3,1],[0,-3],[7,1],[1,-1],[-10,-1],[2,-2],[8,-1],[11,0],[2,-1],[6,3],[3,0]],[[8298,7902],[-8,0],[-9,3],[-6,0]],[[8275,7905],[5,1],[2,10],[15,-1]],[[8297,7912],[0,-4],[1,-6]],[[8133,7777],[-5,-2],[0,-3],[-7,-13],[-12,2],[-6,0],[-6,0]],[[7847,8005],[1,-2],[10,-2],[-9,-25],[-3,-8]],[[7846,7968],[-5,-14],[-11,2],[-7,-16]],[[7812,7965],[2,5],[11,21],[4,8],[-1,2]],[[7828,8001],[0,3],[5,0],[6,2],[8,-1]],[[8327,7989],[-18,-2],[-1,1],[-7,-1],[-9,8],[-2,-1],[-3,3],[-2,-1]],[[8285,7996],[-1,2]],[[8280,8003],[23,1],[0,-1],[9,0],[0,1],[9,1]],[[8321,8005],[1,-2],[2,0]],[[8281,7960],[-9,1],[-10,1]],[[8262,7962],[-9,2]],[[8253,7964],[-4,0],[-15,4],[-4,1]],[[8230,7969],[2,3],[2,-1],[7,7],[2,1],[-6,4],[3,2],[0,-2],[5,-3],[8,3],[1,2],[7,0],[1,2],[3,0],[-1,-2],[11,2],[1,-6],[2,0],[-1,4],[-5,7],[-1,3],[-4,-1],[0,2]],[[8285,7996],[7,-6],[3,-4],[2,-4],[3,-9],[1,-6]],[[8111,7997],[4,0],[14,1],[9,1],[11,3],[4,1],[2,0],[-3,-4],[-6,-2],[-7,-3],[-3,0],[-7,-1],[-15,-1],[-2,-2],[-2,-5],[4,0],[-1,-7],[2,0],[3,6],[3,4],[5,-3],[0,-6],[3,4],[1,1],[4,-2],[-4,-5],[1,-2],[-2,-4],[4,-1],[4,1],[1,-3],[3,0],[1,2],[1,-2]],[[8374,7929],[12,3],[7,-2],[-1,-7],[3,-1],[19,-8],[4,-3],[5,-4]],[[8230,7898],[2,4],[14,42],[7,20]],[[8262,7962],[-11,-32]],[[7453,7971],[-5,2],[-3,3],[-6,2],[-12,7],[-3,-1],[-11,4],[0,2],[4,1],[-5,3],[1,1],[2,-1],[8,-3],[0,3],[-1,2],[-5,2],[1,10],[2,2],[-6,3]],[[7436,8033],[20,-3]],[[7506,8161],[10,4],[3,0],[13,5],[14,4],[22,9],[5,3],[7,2],[7,6],[-10,7],[2,1],[10,-8],[7,6],[10,6],[-8,6],[1,1],[8,-6],[12,6],[11,6],[-8,6],[1,1],[8,-6],[13,7],[7,5],[-6,6],[7,-5],[24,13],[-7,5],[1,0],[7,-5],[19,11],[4,2],[-6,5],[1,1],[6,-5],[5,4],[13,6],[-7,5],[1,0],[7,-5],[10,6]],[[7877,7999],[0,-4],[-12,-30]],[[7865,7965],[-19,3]],[[7847,8005],[3,1],[8,0],[12,-2],[2,-2],[4,0],[1,-3]],[[7875,7942],[6,21]],[[7881,7963],[12,-2],[2,5],[7,0],[1,2],[5,-1],[3,14],[3,9],[0,3]],[[7798,8002],[2,-1],[3,6],[5,-3],[10,0],[4,-2],[2,2],[2,-3],[2,0]],[[7579,7978],[-2,-3],[2,-7],[-1,-3],[-20,-3],[-5,-2]],[[8378,8045],[-4,-2],[-20,-8]],[[8321,8005],[-1,17],[45,20],[-1,18],[0,16],[23,-1],[2,-1],[7,-8]],[[8396,8066],[-12,-4],[8,-8],[-14,-9]],[[8318,7880],[-10,8],[-6,6],[-4,8]],[[7881,7963],[4,20],[4,13],[12,-1]],[[7901,7995],[3,-1],[2,4],[6,0],[2,-3]],[[8315,7879],[-5,-1]],[[8265,7916],[8,-2],[-2,-7],[4,-2]],[[8447,7795],[-5,-4]],[[8434,7797],[-6,3]],[[8428,7800],[3,3],[14,12]],[[8160,7965],[8,0],[2,2],[5,0],[-1,2],[5,-1],[0,1],[5,-1]],[[8428,7800],[-3,2],[-16,4],[-1,-1]],[[8408,7805],[-2,0],[-29,8],[-5,1]],[[8378,8045],[4,-4],[11,6],[14,6]],[[7865,7965],[-5,-13],[-6,0],[-1,-7],[1,-9]],[[8408,7805],[-14,-10],[-6,-6],[10,-5]],[[8372,7765],[1,2],[-4,2],[-4,5],[-4,2],[-9,2],[-7,2],[-2,-2],[-12,-8],[-2,-1]],[[8282,7837],[4,-3],[4,-3],[9,-9],[5,-8],[3,-2],[1,-2]],[[8151,7798],[-1,-1]],[[8134,7814],[10,-3],[1,-1]],[[8272,7933],[-2,-6]],[[8189,7780],[0,6],[-3,2],[-31,8],[-4,2]],[[7877,7999],[3,1],[9,0],[8,-1],[4,-2],[0,-2]],[[8476,7783],[-4,-3],[-3,-3],[-4,-3],[1,-1],[-8,-7],[-6,-5],[-1,-2],[-5,-4]],[[8425,7768],[9,6],[12,9],[5,3],[9,-5],[4,3]],[[8420,7732],[-11,-8],[-7,5],[-7,7],[-14,11],[-1,-4],[-2,2],[-2,-3],[3,-1],[-1,-4],[-3,-4],[-2,-8],[-7,2],[-6,-5]],[[8349,7730],[2,3],[3,3],[10,9],[5,8],[0,4]],[[7717,8009],[3,-11],[10,0],[17,0],[20,-1]],[[7767,7997],[-4,-7],[-6,-3],[-6,-9],[-10,1]],[[8369,7757],[-5,3],[-5,-3],[5,-3],[-20,-14],[-4,-5]],[[8216,7975],[2,0],[12,-6]],[[7638,7924],[-2,0],[-4,-3],[-15,0],[-3,-1],[-1,-4],[-5,-1],[-34,3],[-5,0],[-12,-12],[-4,1],[11,11],[-14,1],[-12,-12],[-3,2],[10,11],[-28,2],[-46,3],[1,4],[8,0],[1,4],[15,5]],[[7767,7997],[2,6],[1,5]],[[7770,8008],[1,0],[3,7],[2,1],[-1,-5],[1,-1],[3,3],[4,6],[-5,-10],[1,-1]],[[7751,8021],[12,0],[-8,-2],[3,-1],[10,-6],[1,2],[2,-1],[-1,-5]],[[8041,8000],[3,-1],[2,1],[6,0],[-3,3],[7,3],[0,-2],[-3,0],[5,-2],[3,2],[-4,1],[1,3],[4,2],[-2,2],[10,-6],[0,-6],[1,1]],[[8263,7437],[1,7],[1,1],[5,10],[5,5],[12,8],[7,-7],[-7,-3],[-7,-6],[-4,-7],[-6,-10],[-7,2]],[[3573,3100],[5,1],[0,-1],[11,0],[0,-2],[-8,0],[-5,-2],[-8,0],[-2,2],[0,4],[4,0],[3,-2]]]}
