{"type":"Topology","bbox":[-74.24179670459,11.034201952263459,-73.5710494457652,11.290182574386598],"transform":{"scale":[0.00006708143402588297,0.00002560062227454143],"translate":[-74.24179670459,11.034201952263459]},"objects":{"municipios":{"type":"GeometryCollection","geometries":[{"type":"Polygon","arcs":[[0,1]],"properties":{"codigo":"47001100000000008104","sector":"470011000000000081","pcode":"CO47001","area_m2":17524}},{"type":"Polygon","arcs":[[2]],"properties":{"codigo":"47001201201040000101","sector":"470012012010400001","pcode":"CO47001","area_m2":14978}},{"type":"Polygon","arcs":[[3,4,5,6,7]],"properties":{"codigo":"47001100000000000603","sector":"470011000000000006","pcode":"CO47001","area_m2":70223}},{"type":"Polygon","arcs":[[8,9,10,11]],"properties":{"codigo":"47001100000000005318","sector":"470011000000000053","pcode":"CO47001","area_m2":126177}},{"type":"Polygon","arcs":[[12,13,14,15,16,17]],"properties":{"codigo":"47001100000000004702","sector":"470011000000000047","pcode":"CO47001","area_m2":47507}},{"type":"Polygon","arcs":[[18,19,20,21]],"properties":{"codigo":"47001100000000007204","sector":"470011000000000072","pcode":"CO47001","area_m2":66601}},{"type":"Polygon","arcs":[[22,23,24]],"properties":{"codigo":"47001100000000006306","sector":"470011000000000063","pcode":"CO47001","area_m2":11778}},{"type":"Polygon","arcs":[[25,26,27]],"properties":{"codigo":"47001100000000005901","sector":"470011000000000059","pcode":"CO47001","area_m2":20814}},{"type":"Polygon","arcs":[[28,29,30,31,32,-5]],"properties":{"codigo":"47001100000000000604","sector":"470011000000000006","pcode":"CO47001","area_m2":76721}},{"type":"Polygon","arcs":[[33,34,-29,-4,35]],"properties":{"codigo":"47001100000000000605","sector":"470011000000000006","pcode":"CO47001","area_m2":53145}},{"type":"Polygon","arcs":[[36,37,38,39,-30,-35]],"properties":{"codigo":"47001100000000000703","sector":"470011000000000007","pcode":"CO47001","area_m2":56609}},{"type":"Polygon","arcs":[[40,41,42,43]],"properties":{"codigo":"47001100000000002501","sector":"470011000000000025","pcode":"CO47001","area_m2":26249}},{"type":"Polygon","arcs":[[44,45,46,-42]],"properties":{"codigo":"47001100000000002601","sector":"470011000000000026","pcode":"CO47001","area_m2":43458}},{"type":"Polygon","arcs":[[47,-18,48,49]],"properties":{"codigo":"47001100000000004801","sector":"470011000000000048","pcode":"CO47001","area_m2":78809}},{"type":"Polygon","arcs":[[50,-49,51,52,53,54]],"properties":{"codigo":"47001100000000000302","sector":"470011000000000003","pcode":"CO47001","area_m2":118323}},{"type":"Polygon","arcs":[[-53,55,56,57,58,59]],"properties":{"codigo":"47001100000000000303","sector":"470011000000000003","pcode":"CO47001","area_m2":158694}},{"type":"Polygon","arcs":[[60,61,62,63,64,-58]],"properties":{"codigo":"47001100000000000304","sector":"470011000000000003","pcode":"CO47001","area_m2":93202}},{"type":"Polygon","arcs":[[65,66,67,68,-61,-57]],"properties":{"codigo":"47001100000000000401","sector":"470011000000000004","pcode":"CO47001","area_m2":119936}},{"type":"Polygon","arcs":[[69,70,71,72,-62,-69]],"properties":{"codigo":"47001100000000000402","sector":"470011000000000004","pcode":"CO47001","area_m2":76653}},{"type":"Polygon","arcs":[[73,74,-70,-68]],"properties":{"codigo":"47001100000000000501","sector":"470011000000000005","pcode":"CO47001","area_m2":55164}},{"type":"Polygon","arcs":[[75,76,-37,77,-72,78]],"properties":{"codigo":"47001100000000000606","sector":"470011000000000006","pcode":"CO47001","area_m2":56165}},{"type":"Polygon","arcs":[[-73,-78,-34,79,-63]],"properties":{"codigo":"47001100000000000607","sector":"470011000000000006","pcode":"CO47001","area_m2":53565}},{"type":"Polygon","arcs":[[-36,-8,80,81,-64,-80]],"properties":{"codigo":"47001100000000000608","sector":"470011000000000006","pcode":"CO47001","area_m2":69142}},{"type":"Polygon","arcs":[[82,83,84,-32]],"properties":{"codigo":"47001100000000000701","sector":"470011000000000007","pcode":"CO47001","area_m2":60714}},{"type":"Polygon","arcs":[[-40,85,86,-83,-31]],"properties":{"codigo":"47001100000000000702","sector":"470011000000000007","pcode":"CO47001","area_m2":59642}},{"type":"Polygon","arcs":[[87,88,89,90]],"properties":{"codigo":"47001100000000004001","sector":"470011000000000040","pcode":"CO47001","area_m2":38880}},{"type":"Polygon","arcs":[[-54,-60,91,92]],"properties":{"codigo":"47001100000000000301","sector":"470011000000000003","pcode":"CO47001","area_m2":116464}},{"type":"Polygon","arcs":[[93,94,-86,-39,95]],"properties":{"codigo":"47001100000000000704","sector":"470011000000000007","pcode":"CO47001","area_m2":111710}},{"type":"Polygon","arcs":[[96,97,98,99,100,-95]],"properties":{"codigo":"47001100000000000705","sector":"470011000000000007","pcode":"CO47001","area_m2":93442}},{"type":"Polygon","arcs":[[-87,-101,101,102,103,-84]],"properties":{"codigo":"47001100000000000706","sector":"470011000000000007","pcode":"CO47001","area_m2":118909}},{"type":"Polygon","arcs":[[-100,104,105,106,107,108,-102]],"properties":{"codigo":"47001100000000000707","sector":"470011000000000007","pcode":"CO47001","area_m2":131058}},{"type":"Polygon","arcs":[[109,110,111,-107]],"properties":{"codigo":"47001100000000000708","sector":"470011000000000007","pcode":"CO47001","area_m2":88649}},{"type":"Polygon","arcs":[[112,113,114,115,-105,-99]],"properties":{"codigo":"47001100000000001201","sector":"470011000000000012","pcode":"CO47001","area_m2":61865}},{"type":"Polygon","arcs":[[116,117,118,-97,-94]],"properties":{"codigo":"47001100000000001301","sector":"470011000000000013","pcode":"CO47001","area_m2":44024}},{"type":"Polygon","arcs":[[119,120,121,122,-113,-98,-119]],"properties":{"codigo":"47001100000000001401","sector":"470011000000000014","pcode":"CO47001","area_m2":105293}},{"type":"Polygon","arcs":[[123,124,125,-122,126]],"properties":{"codigo":"47001100000000001402","sector":"470011000000000014","pcode":"CO47001","area_m2":80305}},{"type":"Polygon","arcs":[[127,128,129,130,131,-124,132]],"properties":{"codigo":"47001100000000001403","sector":"470011000000000014","pcode":"CO47001","area_m2":264055}},{"type":"Polygon","arcs":[[133,134,135,-115]],"properties":{"codigo":"47001100000000001501","sector":"470011000000000015","pcode":"CO47001","area_m2":57503}},{"type":"Polygon","arcs":[[-126,136,-134,-114,-123]],"properties":{"codigo":"47001100000000001502","sector":"470011000000000015","pcode":"CO47001","area_m2":117143}},{"type":"Polygon","arcs":[[137,138,139,140]],"properties":{"codigo":"47001100000000005403","sector":"470011000000000054","pcode":"CO47001","area_m2":83482}},{"type":"Polygon","arcs":[[141,142,143]],"properties":{"codigo":"47001100000000002301","sector":"470011000000000023","pcode":"CO47001","area_m2":100611}},{"type":"Polygon","arcs":[[144,145,146,147]],"properties":{"codigo":"47001100000000001603","sector":"470011000000000016","pcode":"CO47001","area_m2":345856}},{"type":"Polygon","arcs":[[148,149,150,151,152,153]],"properties":{"codigo":"47001100000000001901","sector":"470011000000000019","pcode":"CO47001","area_m2":73972}},{"type":"Polygon","arcs":[[-46,154,155,-120,-118,-144,156,157]],"properties":{"codigo":"47001100000000002302","sector":"470011000000000023","pcode":"CO47001","area_m2":177456}},{"type":"Polygon","arcs":[[158,159,-152]],"properties":{"codigo":"47001100000000001904","sector":"470011000000000019","pcode":"CO47001","area_m2":44885}},{"type":"Polygon","arcs":[[160,161,162]],"properties":{"codigo":"47001100000000002002","sector":"470011000000000020","pcode":"CO47001","area_m2":81579}},{"type":"Polygon","arcs":[[163,164,165,166,-162]],"properties":{"codigo":"47001100000000002003","sector":"470011000000000020","pcode":"CO47001","area_m2":71370}},{"type":"Polygon","arcs":[[167,-43,-47,-158,168,169,170]],"properties":{"codigo":"47001100000000002401","sector":"470011000000000024","pcode":"CO47001","area_m2":116883}},{"type":"Polygon","arcs":[[171,-44,-168,172,173]],"properties":{"codigo":"47001100000000002402","sector":"470011000000000024","pcode":"CO47001","area_m2":136266}},{"type":"Polygon","arcs":[[174,175,176,-71,-75]],"properties":{"codigo":"47001100000000002101","sector":"470011000000000021","pcode":"CO47001","area_m2":60127}},{"type":"Polygon","arcs":[[-169,-157,-143,-76,177]],"properties":{"codigo":"47001100000000002201","sector":"470011000000000022","pcode":"CO47001","area_m2":113841}},{"type":"Polygon","arcs":[[178,-170,-178,-79,-177,179]],"properties":{"codigo":"47001100000000002202","sector":"470011000000000022","pcode":"CO47001","area_m2":111695}},{"type":"Polygon","arcs":[[180,181,182,183]],"properties":{"codigo":"47001100000000002701","sector":"470011000000000027","pcode":"CO47001","area_m2":90596}},{"type":"Polygon","arcs":[[184,-173,-171,-179,185,186,-182]],"properties":{"codigo":"47001100000000002702","sector":"470011000000000027","pcode":"CO47001","area_m2":121398}},{"type":"Polygon","arcs":[[187,188,189,-175,-74,-67,-16]],"properties":{"codigo":"47001100000000002801","sector":"470011000000000028","pcode":"CO47001","area_m2":72281}},{"type":"Polygon","arcs":[[190,191,192,-188,-15,193]],"properties":{"codigo":"47001100000000002802","sector":"470011000000000028","pcode":"CO47001","area_m2":66112}},{"type":"Polygon","arcs":[[194,195,-194,-14,196,197]],"properties":{"codigo":"47001100000000002903","sector":"470011000000000029","pcode":"CO47001","area_m2":60254}},{"type":"Polygon","arcs":[[198,199,-183,-187,-189,-193]],"properties":{"codigo":"47001100000000002904","sector":"470011000000000029","pcode":"CO47001","area_m2":56344}},{"type":"Polygon","arcs":[[200,201,-184,-200,202]],"properties":{"codigo":"47001100000000002905","sector":"470011000000000029","pcode":"CO47001","area_m2":41622}},{"type":"Polygon","arcs":[[203,204,-191,-196]],"properties":{"codigo":"47001100000000002906","sector":"470011000000000029","pcode":"CO47001","area_m2":44494}},{"type":"Polygon","arcs":[[205,206,-203,-199,-192,-205]],"properties":{"codigo":"47001100000000002907","sector":"470011000000000029","pcode":"CO47001","area_m2":46656}},{"type":"Polygon","arcs":[[207,208,-155,-45,-41,-172,209]],"properties":{"codigo":"47001100000000003001","sector":"470011000000000030","pcode":"CO47001","area_m2":157398}},{"type":"Polygon","arcs":[[210,211,212,213,214]],"properties":{"codigo":"47001100000000003102","sector":"470011000000000031","pcode":"CO47001","area_m2":200874}},{"type":"Polygon","arcs":[[215,216,217,-208]],"properties":{"codigo":"47001100000000003007","sector":"470011000000000030","pcode":"CO47001","area_m2":108590}},{"type":"Polygon","arcs":[[-209,-218,218,-127,-121,-156]],"properties":{"codigo":"47001100000000003008","sector":"470011000000000030","pcode":"CO47001","area_m2":88620}},{"type":"Polygon","arcs":[[219,-214,220,221,-174,222]],"properties":{"codigo":"47001100000000003101","sector":"470011000000000031","pcode":"CO47001","area_m2":244465}},{"type":"Polygon","arcs":[[223,224,-223,-185,-181,225]],"properties":{"codigo":"47001100000000003201","sector":"470011000000000032","pcode":"CO47001","area_m2":101815}},{"type":"Polygon","arcs":[[226,-215,-220,-225,227,228]],"properties":{"codigo":"47001100000000003202","sector":"470011000000000032","pcode":"CO47001","area_m2":122481}},{"type":"Polygon","arcs":[[-211,-227,229,230]],"properties":{"codigo":"47001100000000003203","sector":"470011000000000032","pcode":"CO47001","area_m2":53271}},{"type":"Polygon","arcs":[[231,232,-231,233,234]],"properties":{"codigo":"47001100000000003204","sector":"470011000000000032","pcode":"CO47001","area_m2":92844}},{"type":"Polygon","arcs":[[235,-226,-202,236]],"properties":{"codigo":"47001100000000003301","sector":"470011000000000033","pcode":"CO47001","area_m2":47195}},{"type":"Polygon","arcs":[[237,-228,-224,-236,238]],"properties":{"codigo":"47001100000000003302","sector":"470011000000000033","pcode":"CO47001","area_m2":40305}},{"type":"Polygon","arcs":[[239,240,241,-234,-230,-229,-238,242,243,244]],"properties":{"codigo":"47001100000000003303","sector":"470011000000000033","pcode":"CO47001","area_m2":161452}},{"type":"Polygon","arcs":[[-243,-239,-237,-201,-207,245]],"properties":{"codigo":"47001100000000003304","sector":"470011000000000033","pcode":"CO47001","area_m2":62369}},{"type":"Polygon","arcs":[[-244,-246,-206,-204,-195,246,247]],"properties":{"codigo":"47001100000000003305","sector":"470011000000000033","pcode":"CO47001","area_m2":34566}},{"type":"Polygon","arcs":[[248,249,250,251,252,253]],"properties":{"codigo":"47001100000000003701","sector":"470011000000000037","pcode":"CO47001","area_m2":69462}},{"type":"Polygon","arcs":[[254,255,-232,256,257,-251,258]],"properties":{"codigo":"47001100000000003401","sector":"470011000000000034","pcode":"CO47001","area_m2":292076}},{"type":"Polygon","arcs":[[259,260,-212,-233,-256]],"properties":{"codigo":"47001100000000003402","sector":"470011000000000034","pcode":"CO47001","area_m2":92810}},{"type":"Polygon","arcs":[[-90,261,262,-249,263]],"properties":{"codigo":"47001100000000003901","sector":"470011000000000039","pcode":"CO47001","area_m2":110007}},{"type":"Polygon","arcs":[[264,265,-262,-89,266]],"properties":{"codigo":"47001100000000003601","sector":"470011000000000036","pcode":"CO47001","area_m2":107573}},{"type":"Polygon","arcs":[[267,268,-267,-88,269,270]],"properties":{"codigo":"47001100000000004101","sector":"470011000000000041","pcode":"CO47001","area_m2":307067}},{"type":"Polygon","arcs":[[271,272,273,274,275,276,277]],"properties":{"codigo":"47001100000000004201","sector":"470011000000000042","pcode":"CO47001","area_m2":156542}},{"type":"Polygon","arcs":[[278,-274,279,280]],"properties":{"codigo":"47001100000000004202","sector":"470011000000000042","pcode":"CO47001","area_m2":183909}},{"type":"Polygon","arcs":[[281,282,-240,283,284]],"properties":{"codigo":"47001100000000003801","sector":"470011000000000038","pcode":"CO47001","area_m2":310978}},{"type":"Polygon","arcs":[[285,286,-282,287]],"properties":{"codigo":"47001100000000003802","sector":"470011000000000038","pcode":"CO47001","area_m2":66808}},{"type":"Polygon","arcs":[[288,-272,289,-286,290]],"properties":{"codigo":"47001100000000003803","sector":"470011000000000038","pcode":"CO47001","area_m2":147314}},{"type":"Polygon","arcs":[[291,292,293,-275,-279,294,295,296,297,298]],"properties":{"codigo":"47001100000000004203","sector":"470011000000000042","pcode":"CO47001","area_m2":370540}},{"type":"Polygon","arcs":[[299,300,-299,301,302]],"properties":{"codigo":"47001100000000004205","sector":"470011000000000042","pcode":"CO47001","area_m2":119464}},{"type":"Polygon","arcs":[[303,-302,-298,304]],"properties":{"codigo":"47001100000000004206","sector":"470011000000000042","pcode":"CO47001","area_m2":78382}},{"type":"Polygon","arcs":[[305,306,307,308,309]],"properties":{"codigo":"47001100000000005802","sector":"470011000000000058","pcode":"CO47001","area_m2":63189}},{"type":"Polygon","arcs":[[310,311,312,313]],"properties":{"codigo":"47001100000000004302","sector":"470011000000000043","pcode":"CO47001","area_m2":69857}},{"type":"Polygon","arcs":[[314,315,-303,-304,316]],"properties":{"codigo":"47001100000000004207","sector":"470011000000000042","pcode":"CO47001","area_m2":149458}},{"type":"Polygon","arcs":[[317,-280,-273,-289,318]],"properties":{"codigo":"47001100000000004208","sector":"470011000000000042","pcode":"CO47001","area_m2":137719}},{"type":"Polygon","arcs":[[319,-317,320,321]],"properties":{"codigo":"47001100000000004209","sector":"470011000000000042","pcode":"CO47001","area_m2":143911}},{"type":"Polygon","arcs":[[-257,-235,-242,322,323]],"properties":{"codigo":"47001100000000004403","sector":"470011000000000044","pcode":"CO47001","area_m2":175459}},{"type":"Polygon","arcs":[[324,325,326,327,-314,328,329,330]],"properties":{"codigo":"47001100000000004303","sector":"470011000000000043","pcode":"CO47001","area_m2":373614}},{"type":"Polygon","arcs":[[331,332]],"properties":{"codigo":"47001100000000004304","sector":"470011000000000043","pcode":"CO47001","area_m2":48263}},{"type":"Polygon","arcs":[[-330,333,334]],"properties":{"codigo":"47001100000000004306","sector":"470011000000000043","pcode":"CO47001","area_m2":39559}},{"type":"Polygon","arcs":[[-277,335,-252,-258,-324,336]],"properties":{"codigo":"47001100000000004401","sector":"470011000000000044","pcode":"CO47001","area_m2":89653}},{"type":"Polygon","arcs":[[337,-253,-336,-276]],"properties":{"codigo":"47001100000000004402","sector":"470011000000000044","pcode":"CO47001","area_m2":97286}},{"type":"Polygon","arcs":[[-142,-117,-96,-38,-77]],"properties":{"codigo":"47001100000000004501","sector":"470011000000000045","pcode":"CO47001","area_m2":65534}},{"type":"Polygon","arcs":[[-186,-180,-176,-190]],"properties":{"codigo":"47001100000000004601","sector":"470011000000000046","pcode":"CO47001","area_m2":42132}},{"type":"Polygon","arcs":[[-17,-66,-56,-52]],"properties":{"codigo":"47001100000000004701","sector":"470011000000000047","pcode":"CO47001","area_m2":82769}},{"type":"Polygon","arcs":[[338,-312,339,340,341,342,343,344,345]],"properties":{"codigo":"47001100000000005303","sector":"470011000000000053","pcode":"CO47001","area_m2":395517}},{"type":"Polygon","arcs":[[346,347,348,349,350]],"properties":{"codigo":"47001100000000005707","sector":"470011000000000057","pcode":"CO47001","area_m2":57311}},{"type":"Polygon","arcs":[[351,352,353,354]],"properties":{"codigo":"47001100000000004905","sector":"470011000000000049","pcode":"CO47001","area_m2":103837}},{"type":"Polygon","arcs":[[355,356,-352,357]],"properties":{"codigo":"47001100000000004906","sector":"470011000000000049","pcode":"CO47001","area_m2":94312}},{"type":"Polygon","arcs":[[358,359,360,361,362]],"properties":{"codigo":"47001100000000005102","sector":"470011000000000051","pcode":"CO47001","area_m2":48551}},{"type":"Polygon","arcs":[[363,364,365,-138,366]],"properties":{"codigo":"47001100000000005402","sector":"470011000000000054","pcode":"CO47001","area_m2":107503}},{"type":"Polygon","arcs":[[367,-360,368,369,370,371]],"properties":{"codigo":"47001100000000005101","sector":"470011000000000051","pcode":"CO47001","area_m2":107469}},{"type":"Polygon","arcs":[[372,373,374,375,376]],"properties":{"codigo":"47001100000000005309","sector":"470011000000000053","pcode":"CO47001","area_m2":71222}},{"type":"Polygon","arcs":[[377,378,379,380]],"properties":{"codigo":"47001100000000005105","sector":"470011000000000051","pcode":"CO47001","area_m2":51234}},{"type":"Polygon","arcs":[[-380,381,-361,-368,382]],"properties":{"codigo":"47001100000000005108","sector":"470011000000000051","pcode":"CO47001","area_m2":55185}},{"type":"Polygon","arcs":[[-381,-383,383,384,385,386,387]],"properties":{"codigo":"47001100000000005109","sector":"470011000000000051","pcode":"CO47001","area_m2":46795}},{"type":"Polygon","arcs":[[-379,388,-362,-382]],"properties":{"codigo":"47001100000000005110","sector":"470011000000000051","pcode":"CO47001","area_m2":20373}},{"type":"Polygon","arcs":[[389,390,391,392]],"properties":{"codigo":"47001100000000005202","sector":"470011000000000052","pcode":"CO47001","area_m2":75468}},{"type":"Polygon","arcs":[[393,394]],"properties":{"codigo":"47001100000000005210","sector":"470011000000000052","pcode":"CO47001","area_m2":9593}},{"type":"Polygon","arcs":[[395,-341]],"properties":{"codigo":"47001100000000005301","sector":"470011000000000053","pcode":"CO47001","area_m2":26574}},{"type":"Polygon","arcs":[[-328,396,397,-342,-396,-340,-311]],"properties":{"codigo":"47001100000000005302","sector":"470011000000000053","pcode":"CO47001","area_m2":145056}},{"type":"Polygon","arcs":[[-10,398,399,400]],"properties":{"codigo":"47001100000000005317","sector":"470011000000000053","pcode":"CO47001","area_m2":146593}},{"type":"Polygon","arcs":[[401,-140,402,403,404]],"properties":{"codigo":"47001100000000005404","sector":"470011000000000054","pcode":"CO47001","area_m2":100397}},{"type":"Polygon","arcs":[[405,406,407,-270,-91,-264,-254,-338,-294]],"properties":{"codigo":"47001100000000005501","sector":"470011000000000055","pcode":"CO47001","area_m2":189859}},{"type":"Polygon","arcs":[[408,-407,409]],"properties":{"codigo":"47001100000000005502","sector":"470011000000000055","pcode":"CO47001","area_m2":67834}},{"type":"Polygon","arcs":[[410,-410,-406,-293]],"properties":{"codigo":"47001100000000005503","sector":"470011000000000055","pcode":"CO47001","area_m2":71494}},{"type":"Polygon","arcs":[[411,-296,412,413,414]],"properties":{"codigo":"47001100000000005601","sector":"470011000000000056","pcode":"CO47001","area_m2":37685}},{"type":"Polygon","arcs":[[-305,-297,-412,415,-321]],"properties":{"codigo":"47001100000000005602","sector":"470011000000000056","pcode":"CO47001","area_m2":73932}},{"type":"Polygon","arcs":[[416,417,418,419]],"properties":{"codigo":"47001100000000007601","sector":"470011000000000076","pcode":"CO47001","area_m2":38711}},{"type":"Polygon","arcs":[[420,421,422,-308,423]],"properties":{"codigo":"47001100000000005803","sector":"470011000000000058","pcode":"CO47001","area_m2":65410}},{"type":"Polygon","arcs":[[424,-413,-295,-281,-318,425]],"properties":{"codigo":"47001100000000005604","sector":"470011000000000056","pcode":"CO47001","area_m2":217313}},{"type":"Polygon","arcs":[[426,427,428]],"properties":{"codigo":"47001100000000005605","sector":"470011000000000056","pcode":"CO47001","area_m2":186269}},{"type":"Polygon","arcs":[[429,-424,-307,430]],"properties":{"codigo":"47001100000000005804","sector":"470011000000000058","pcode":"CO47001","area_m2":98802}},{"type":"Polygon","arcs":[[-423,431,432,433,434,-309]],"properties":{"codigo":"47001100000000005805","sector":"470011000000000058","pcode":"CO47001","area_m2":62064}},{"type":"Polygon","arcs":[[-322,-416,-415,435,-427,436]],"properties":{"codigo":"47001100000000005606","sector":"470011000000000056","pcode":"CO47001","area_m2":386495}},{"type":"Polygon","arcs":[[437,-435,438,439,-374,440]],"properties":{"codigo":"47001100000000005701","sector":"470011000000000057","pcode":"CO47001","area_m2":55168}},{"type":"Polygon","arcs":[[441,-441,-373,442,443]],"properties":{"codigo":"47001100000000005702","sector":"470011000000000057","pcode":"CO47001","area_m2":41836}},{"type":"Polygon","arcs":[[444,445,-444,446,-349]],"properties":{"codigo":"47001100000000005703","sector":"470011000000000057","pcode":"CO47001","area_m2":66847}},{"type":"Polygon","arcs":[[-446,447,-310,-438,-442]],"properties":{"codigo":"47001100000000005704","sector":"470011000000000057","pcode":"CO47001","area_m2":32633}},{"type":"Polygon","arcs":[[-348,448,449,-448,-445]],"properties":{"codigo":"47001100000000005705","sector":"470011000000000057","pcode":"CO47001","area_m2":55825}},{"type":"Polygon","arcs":[[-434,450,-439]],"properties":{"codigo":"47001100000000005706","sector":"470011000000000057","pcode":"CO47001","area_m2":46227}},{"type":"Polygon","arcs":[[451,452,453,-28,454,-351,455,-12,456,457]],"properties":{"codigo":"47001100000000005902","sector":"470011000000000059","pcode":"CO47001","area_m2":254092}},{"type":"Polygon","arcs":[[-27,458,-449,-347,-455]],"properties":{"codigo":"47001100000000005903","sector":"470011000000000059","pcode":"CO47001","area_m2":49935}},{"type":"Polygon","arcs":[[459,-452,460]],"properties":{"codigo":"47001100000000005904","sector":"470011000000000059","pcode":"CO47001","area_m2":109800}},{"type":"Polygon","arcs":[[461,462,463,464]],"properties":{"codigo":"47001100000000006101","sector":"470011000000000061","pcode":"CO47001","area_m2":88239}},{"type":"Polygon","arcs":[[465,-404,466,467]],"properties":{"codigo":"47001100000000006103","sector":"470011000000000061","pcode":"CO47001","area_m2":85266}},{"type":"Polygon","arcs":[[468,469,-465,470,471,472]],"properties":{"codigo":"47001100000000006202","sector":"470011000000000062","pcode":"CO47001","area_m2":308535}},{"type":"Polygon","arcs":[[473,474,475,476,477,478,-473]],"properties":{"codigo":"47001100000000006204","sector":"470011000000000062","pcode":"CO47001","area_m2":203855}},{"type":"Polygon","arcs":[[479,-474,-472,480,481]],"properties":{"codigo":"47001100000000006205","sector":"470011000000000062","pcode":"CO47001","area_m2":43853}},{"type":"Polygon","arcs":[[-480,482,-475]],"properties":{"codigo":"47001100000000006206","sector":"470011000000000062","pcode":"CO47001","area_m2":15485}},{"type":"Polygon","arcs":[[-477,483]],"properties":{"codigo":"47001100000000006207","sector":"470011000000000062","pcode":"CO47001","area_m2":118166}},{"type":"Polygon","arcs":[[484,485,486,487,488]],"properties":{"codigo":"47001100000000006406","sector":"470011000000000064","pcode":"CO47001","area_m2":111441}},{"type":"Polygon","arcs":[[489,490,491,492,493,494]],"properties":{"codigo":"47001100000000006505","sector":"470011000000000065","pcode":"CO47001","area_m2":140112}},{"type":"Polygon","arcs":[[495,496]],"properties":{"codigo":"47001100000000006810","sector":"470011000000000068","pcode":"CO47001","area_m2":79567}},{"type":"Polygon","arcs":[[497,498,499,500,501,502]],"properties":{"codigo":"47001100000000006502","sector":"470011000000000065","pcode":"CO47001","area_m2":77757}},{"type":"Polygon","arcs":[[503,504,505,506,507]],"properties":{"codigo":"47001100000000006604","sector":"470011000000000066","pcode":"CO47001","area_m2":88863}},{"type":"Polygon","arcs":[[-506,508,-501,509,-485,510]],"properties":{"codigo":"47001100000000006602","sector":"470011000000000066","pcode":"CO47001","area_m2":99343}},{"type":"Polygon","arcs":[[-493,511,-502,-509,-505,512]],"properties":{"codigo":"47001100000000006603","sector":"470011000000000066","pcode":"CO47001","area_m2":93032}},{"type":"Polygon","arcs":[[513,-508,514,515,516]],"properties":{"codigo":"47001100000000006605","sector":"470011000000000066","pcode":"CO47001","area_m2":170942}},{"type":"Polygon","arcs":[[517,518,519,520,521,522]],"properties":{"codigo":"47001100000000006803","sector":"470011000000000068","pcode":"CO47001","area_m2":285204}},{"type":"Polygon","arcs":[[523,524,525,526,-520]],"properties":{"codigo":"47001100000000006804","sector":"470011000000000068","pcode":"CO47001","area_m2":231163}},{"type":"Polygon","arcs":[[527,528,-526]],"properties":{"codigo":"47001100000000006805","sector":"470011000000000068","pcode":"CO47001","area_m2":142602}},{"type":"Polygon","arcs":[[-521,-527,-529,529,530,531,532]],"properties":{"codigo":"47001100000000006806","sector":"470011000000000068","pcode":"CO47001","area_m2":324691}},{"type":"Polygon","arcs":[[-497,533,534,535,-523,536]],"properties":{"codigo":"47001100000000006802","sector":"470011000000000068","pcode":"CO47001","area_m2":451378}},{"type":"Polygon","arcs":[[537,538,539,-530,-528]],"properties":{"codigo":"47001100000000006807","sector":"470011000000000068","pcode":"CO47001","area_m2":181627}},{"type":"Polygon","arcs":[[540,541,542,543,544,545,546]],"properties":{"codigo":"47001100000000006902","sector":"470011000000000069","pcode":"CO47001","area_m2":424464}},{"type":"Polygon","arcs":[[547,548,549,550,551]],"properties":{"codigo":"47001100000000007201","sector":"470011000000000072","pcode":"CO47001","area_m2":161045}},{"type":"Polygon","arcs":[[552,553,-550,554]],"properties":{"codigo":"47001100000000007202","sector":"470011000000000072","pcode":"CO47001","area_m2":208669}},{"type":"Polygon","arcs":[[555,-552,556,557,558,-545]],"properties":{"codigo":"47001100000000007101","sector":"470011000000000071","pcode":"CO47001","area_m2":224307}},{"type":"Polygon","arcs":[[559,-555,-549,560,561,562,563]],"properties":{"codigo":"47001100000000007206","sector":"470011000000000072","pcode":"CO47001","area_m2":447024}},{"type":"Polygon","arcs":[[564,565,566,567,568]],"properties":{"codigo":"47001100000000007505","sector":"470011000000000075","pcode":"CO47001","area_m2":51102}},{"type":"Polygon","arcs":[[-567,569,570,571,572,573,574,575]],"properties":{"codigo":"47001100000000007501","sector":"470011000000000075","pcode":"CO47001","area_m2":81632}},{"type":"Polygon","arcs":[[576,-569,577,578]],"properties":{"codigo":"47001100000000007502","sector":"470011000000000075","pcode":"CO47001","area_m2":48533}},{"type":"Polygon","arcs":[[-568,-576,579]],"properties":{"codigo":"47001100000000007504","sector":"470011000000000075","pcode":"CO47001","area_m2":48762}},{"type":"Polygon","arcs":[[580,581]],"properties":{"codigo":"47001100000000007605","sector":"470011000000000076","pcode":"CO47001","area_m2":44596}},{"type":"Polygon","arcs":[[582,583,-581,584,-343,-398,585]],"properties":{"codigo":"47001100000000007606","sector":"470011000000000076","pcode":"CO47001","area_m2":375999}},{"type":"Polygon","arcs":[[-418,586]],"properties":{"codigo":"47001100000000007608","sector":"470011000000000076","pcode":"CO47001","area_m2":35134}},{"type":"Polygon","arcs":[[587,588,589,590]],"properties":{"codigo":"47001100000000007702","sector":"470011000000000077","pcode":"CO47001","area_m2":54292}},{"type":"Polygon","arcs":[[591,-590,592,593]],"properties":{"codigo":"47001100000000007703","sector":"470011000000000077","pcode":"CO47001","area_m2":77348}},{"type":"Polygon","arcs":[[-594,594,595]],"properties":{"codigo":"47001100000000007704","sector":"470011000000000077","pcode":"CO47001","area_m2":85679}},{"type":"Polygon","arcs":[[596,597,598]],"properties":{"codigo":"47001100000000007705","sector":"470011000000000077","pcode":"CO47001","area_m2":114171}},{"type":"Polygon","arcs":[[599,600,-538,-525,601]],"properties":{"codigo":"47001100000000008001","sector":"470011000000000080","pcode":"CO47001","area_m2":434919}},{"type":"Polygon","arcs":[[602,603]],"properties":{"codigo":"47001100000000008103","sector":"470011000000000081","pcode":"CO47001","area_m2":15793}},{"type":"Polygon","arcs":[[604,605]],"properties":{"codigo":"47001201601027000102","sector":"470012016010270001","pcode":"CO47001","area_m2":117880}},{"type":"Polygon","arcs":[[-386,606,607,608]],"properties":{"codigo":"47001100000000008314","sector":"470011000000000083","pcode":"CO47001","area_m2":19912}},{"type":"Polygon","arcs":[[609,610,611,612]],"properties":{"codigo":"47001100000000008304","sector":"470011000000000083","pcode":"CO47001","area_m2":34364}},{"type":"Polygon","arcs":[[613,-610,614,-572,615]],"properties":{"codigo":"47001100000000008306","sector":"470011000000000083","pcode":"CO47001","area_m2":81330}},{"type":"Polygon","arcs":[[616,-608,617,-616,-571]],"properties":{"codigo":"47001100000000008307","sector":"470011000000000083","pcode":"CO47001","area_m2":34374}},{"type":"Polygon","arcs":[[-605,618]],"properties":{"codigo":"47001201601027000101","sector":"470012016010270001","pcode":"CO47001","area_m2":85185}},{"type":"Polygon","arcs":[[619]],"properties":{"codigo":"47001200220002000101","sector":"470012002200020001","pcode":"CO47001","area_m2":116719}},{"type":"MultiPolygon","arcs":[[[620,621,622,623]],[[624]],[[625]],[[626]]],"properties":{"codigo":"47001200604012000101","sector":"470012006040120001","pcode":"CO47001","area_m2":37169}},{"type":"Polygon","arcs":[[627]],"properties":{"codigo":"47001200201023000101","sector":"470012002010230001","pcode":"CO47001","area_m2":63077}},{"type":"Polygon","arcs":[[628]],"properties":{"codigo":"47001201501029000101","sector":"470012015010290001","pcode":"CO47001","area_m2":29562}},{"type":"Polygon","arcs":[[629]],"properties":{"codigo":"47001200201032000101","sector":"470012002010320001","pcode":"CO47001","area_m2":117649}},{"type":"Polygon","arcs":[[630]],"properties":{"codigo":"47001200201034000101","sector":"470012002010340001","pcode":"CO47001","area_m2":69230}},{"type":"MultiPolygon","arcs":[[[631]],[[632]]],"properties":{"codigo":"47001201303036000101","sector":"470012013030360001","pcode":"CO47001","area_m2":38908}},{"type":"Polygon","arcs":[[633]],"properties":{"codigo":"47001200202037000101","sector":"470012002020370001","pcode":"CO47001","area_m2":14360}},{"type":"MultiPolygon","arcs":[[[-621,634]],[[635]]],"properties":{"codigo":"47001200604038000101","sector":"470012006040380001","pcode":"CO47001","area_m2":32511}},{"type":"Polygon","arcs":[[636]],"properties":{"codigo":"47001201201044000101","sector":"470012012010440001","pcode":"CO47001","area_m2":56544}},{"type":"Polygon","arcs":[[637,638,639,-376]],"properties":{"codigo":"47001100000000005315","sector":"470011000000000053","pcode":"CO47001","area_m2":27522}},{"type":"Polygon","arcs":[[640]],"properties":{"codigo":"47001201206041000101","sector":"470012012060410001","pcode":"CO47001","area_m2":46140}},{"type":"Polygon","arcs":[[641,-553,-560,642,-21]],"properties":{"codigo":"47001100000000007203","sector":"470011000000000072","pcode":"CO47001","area_m2":84076}},{"type":"Polygon","arcs":[[643,644,645,-6,-33,-85,-104,646,647]],"properties":{"codigo":"47001100000000000601","sector":"470011000000000006","pcode":"CO47001","area_m2":561537}},{"type":"Polygon","arcs":[[-7,-646,648,649,-81]],"properties":{"codigo":"47001100000000000602","sector":"470011000000000006","pcode":"CO47001","area_m2":84443}},{"type":"Polygon","arcs":[[650]],"properties":{"codigo":"47001201302042000101","sector":"470012013020420001","pcode":"CO47001","area_m2":16457}},{"type":"Polygon","arcs":[[651,652,653,654]],"properties":{"codigo":"47001100000000006403","sector":"470011000000000064","pcode":"CO47001","area_m2":114964}},{"type":"Polygon","arcs":[[655,656,657,-644]],"properties":{"codigo":"47001100000000000101","sector":"470011000000000001","pcode":"CO47001","area_m2":147544}},{"type":"Polygon","arcs":[[658,-649,-645,-658,659,-92,-59]],"properties":{"codigo":"47001100000000000201","sector":"470011000000000002","pcode":"CO47001","area_m2":166257}},{"type":"Polygon","arcs":[[-82,-650,-659,-65]],"properties":{"codigo":"47001100000000000202","sector":"470011000000000002","pcode":"CO47001","area_m2":78817}},{"type":"Polygon","arcs":[[-647,-103,-109,660,661]],"properties":{"codigo":"47001100000000000801","sector":"470011000000000008","pcode":"CO47001","area_m2":47495}},{"type":"Polygon","arcs":[[662,663,664,-111]],"properties":{"codigo":"47001100000000001001","sector":"470011000000000010","pcode":"CO47001","area_m2":30650}},{"type":"Polygon","arcs":[[-116,-136,665,666,-663,-110,-106]],"properties":{"codigo":"47001100000000001101","sector":"470011000000000011","pcode":"CO47001","area_m2":117823}},{"type":"Polygon","arcs":[[667,668,-664]],"properties":{"codigo":"47001100000000001601","sector":"470011000000000016","pcode":"CO47001","area_m2":101884}},{"type":"Polygon","arcs":[[669,-147,670,671,672,-668,-667]],"properties":{"codigo":"47001100000000001602","sector":"470011000000000016","pcode":"CO47001","area_m2":551993}},{"type":"Polygon","arcs":[[-261,673,674,675,-221,-213]],"properties":{"codigo":"47001100000000003003","sector":"470011000000000030","pcode":"CO47001","area_m2":288788}},{"type":"Polygon","arcs":[[-399,-9,-456,-350,-447,-443,-377,-640,676,677,678]],"properties":{"codigo":"47001100000000005310","sector":"470011000000000053","pcode":"CO47001","area_m2":605777}},{"type":"Polygon","arcs":[[679,-131,680,681,-149,682]],"properties":{"codigo":"47001100000000001702","sector":"470011000000000017","pcode":"CO47001","area_m2":189203}},{"type":"Polygon","arcs":[[-247,-198,683,684]],"properties":{"codigo":"47001100000000002902","sector":"470011000000000029","pcode":"CO47001","area_m2":57729}},{"type":"Polygon","arcs":[[685,686,-384,-372,687,-150,-682]],"properties":{"codigo":"47001100000000001902","sector":"470011000000000019","pcode":"CO47001","area_m2":99157}},{"type":"Polygon","arcs":[[-160,688,689,-163,-167,690,691,-153]],"properties":{"codigo":"47001100000000002001","sector":"470011000000000020","pcode":"CO47001","area_m2":136738}},{"type":"Polygon","arcs":[[692,-165,693]],"properties":{"codigo":"47001100000000002004","sector":"470011000000000020","pcode":"CO47001","area_m2":192793}},{"type":"Polygon","arcs":[[-197,-13,-48,694,-684]],"properties":{"codigo":"47001100000000002901","sector":"470011000000000029","pcode":"CO47001","area_m2":59638}},{"type":"Polygon","arcs":[[-676,695,696,697,-216,-210,-222]],"properties":{"codigo":"47001100000000003002","sector":"470011000000000030","pcode":"CO47001","area_m2":165701}},{"type":"Polygon","arcs":[[698,699,700,-674,-260,-255]],"properties":{"codigo":"47001100000000003004","sector":"470011000000000030","pcode":"CO47001","area_m2":154141}},{"type":"Polygon","arcs":[[-678,701,702,-700,703]],"properties":{"codigo":"47001100000000003005","sector":"470011000000000030","pcode":"CO47001","area_m2":59192}},{"type":"Polygon","arcs":[[704,705,-696,-675,-701,-703]],"properties":{"codigo":"47001100000000003006","sector":"470011000000000030","pcode":"CO47001","area_m2":71704}},{"type":"Polygon","arcs":[[-269,706,707,-265]],"properties":{"codigo":"47001100000000003602","sector":"470011000000000036","pcode":"CO47001","area_m2":104948}},{"type":"Polygon","arcs":[[-394,708,709,710,711]],"properties":{"codigo":"47001100000000005205","sector":"470011000000000052","pcode":"CO47001","area_m2":203123}},{"type":"Polygon","arcs":[[712,-400,-679,713]],"properties":{"codigo":"47001100000000005316","sector":"470011000000000053","pcode":"CO47001","area_m2":108940}},{"type":"Polygon","arcs":[[-266,-708,714,-714,-704,-699,-259,-250,-263]],"properties":{"codigo":"47001100000000003501","sector":"470011000000000035","pcode":"CO47001","area_m2":398892}},{"type":"Polygon","arcs":[[-278,-337,-323,-241,-283,-287,-290]],"properties":{"codigo":"47001100000000004204","sector":"470011000000000042","pcode":"CO47001","area_m2":65108}},{"type":"Polygon","arcs":[[-332,715,-346,716,-268,717,718]],"properties":{"codigo":"47001100000000004305","sector":"470011000000000043","pcode":"CO47001","area_m2":138862}},{"type":"Polygon","arcs":[[719,-55,-93,-660,-657,720]],"properties":{"codigo":"47001100000000004901","sector":"470011000000000049","pcode":"CO47001","area_m2":212378}},{"type":"Polygon","arcs":[[721,722,-50,-51,-720,723]],"properties":{"codigo":"47001100000000004902","sector":"470011000000000049","pcode":"CO47001","area_m2":227657}},{"type":"Polygon","arcs":[[724,-353,-357,725,-248,-685,-695,-723]],"properties":{"codigo":"47001100000000004903","sector":"470011000000000049","pcode":"CO47001","area_m2":185526}},{"type":"Polygon","arcs":[[-354,-725,-722,726]],"properties":{"codigo":"47001100000000004904","sector":"470011000000000049","pcode":"CO47001","area_m2":165278}},{"type":"Polygon","arcs":[[-284,-245,-726,-356,727]],"properties":{"codigo":"47001100000000004907","sector":"470011000000000049","pcode":"CO47001","area_m2":89173}},{"type":"Polygon","arcs":[[-702,-677,-639,728,-579,729,-705]],"properties":{"codigo":"47001100000000005311","sector":"470011000000000053","pcode":"CO47001","area_m2":80389}},{"type":"Polygon","arcs":[[730,731,-369,-359]],"properties":{"codigo":"47001100000000005103","sector":"470011000000000051","pcode":"CO47001","area_m2":110028}},{"type":"Polygon","arcs":[[732,733,734,735,736,737,738]],"properties":{"codigo":"47001100000000005201","sector":"470011000000000052","pcode":"CO47001","area_m2":243277}},{"type":"Polygon","arcs":[[739,740,741,742,743,-737,744,-392]],"properties":{"codigo":"47001100000000005207","sector":"470011000000000052","pcode":"CO47001","area_m2":239497}},{"type":"Polygon","arcs":[[745,-735,746]],"properties":{"codigo":"47001100000000005209","sector":"470011000000000052","pcode":"CO47001","area_m2":8833}},{"type":"Polygon","arcs":[[747,-711,748,-740,-391]],"properties":{"codigo":"47001100000000005203","sector":"470011000000000052","pcode":"CO47001","area_m2":72386}},{"type":"Polygon","arcs":[[749]],"properties":{"codigo":"47001201206043000101","sector":"470012012060430001","pcode":"CO47001","area_m2":17817}},{"type":"Polygon","arcs":[[-393,-745,-736,-746,750]],"properties":{"codigo":"47001100000000005204","sector":"470011000000000052","pcode":"CO47001","area_m2":89555}},{"type":"Polygon","arcs":[[751,-741,-749,-710]],"properties":{"codigo":"47001100000000005206","sector":"470011000000000052","pcode":"CO47001","area_m2":863118}},{"type":"Polygon","arcs":[[-717,-345,752,-457,-11,-401,-713,-715,-707]],"properties":{"codigo":"47001100000000005319","sector":"470011000000000053","pcode":"CO47001","area_m2":582832}},{"type":"Polygon","arcs":[[753,754,-405,-466,755,-469,-479]],"properties":{"codigo":"47001100000000005406","sector":"470011000000000054","pcode":"CO47001","area_m2":119097}},{"type":"Polygon","arcs":[[-422,756,757,758,-432]],"properties":{"codigo":"47001100000000005801","sector":"470011000000000058","pcode":"CO47001","area_m2":97433}},{"type":"Polygon","arcs":[[759,-654,760]],"properties":{"codigo":"47001100000000006402","sector":"470011000000000064","pcode":"CO47001","area_m2":199459}},{"type":"Polygon","arcs":[[-428,-436,-414,-425,761]],"properties":{"codigo":"47001100000000005603","sector":"470011000000000056","pcode":"CO47001","area_m2":270046}},{"type":"Polygon","arcs":[[762,-431,-306,-450,-459,-26,-454,763]],"properties":{"codigo":"47001100000000005806","sector":"470011000000000058","pcode":"CO47001","area_m2":405494}},{"type":"Polygon","arcs":[[764,-761,765,-487,766]],"properties":{"codigo":"47001100000000006404","sector":"470011000000000064","pcode":"CO47001","area_m2":225761}},{"type":"Polygon","arcs":[[767,-490,768,769]],"properties":{"codigo":"47001100000000006507","sector":"470011000000000065","pcode":"CO47001","area_m2":149183}},{"type":"Polygon","arcs":[[-325,770,771,772,773]],"properties":{"codigo":"47001100000000006001","sector":"470011000000000060","pcode":"CO47001","area_m2":240402}},{"type":"Polygon","arcs":[[-462,-470,-756,-468,774,775]],"properties":{"codigo":"47001100000000006102","sector":"470011000000000061","pcode":"CO47001","area_m2":192024}},{"type":"Polygon","arcs":[[-403,-139,-366,776,777,-326,-774,-775,-467]],"properties":{"codigo":"47001100000000006104","sector":"470011000000000061","pcode":"CO47001","area_m2":215323}},{"type":"Polygon","arcs":[[778,779,780,781]],"properties":{"codigo":"47001100000000006304","sector":"470011000000000063","pcode":"CO47001","area_m2":846905}},{"type":"Polygon","arcs":[[782,-481,-471,-464,783,784]],"properties":{"codigo":"47001100000000006201","sector":"470011000000000062","pcode":"CO47001","area_m2":120331}},{"type":"Polygon","arcs":[[-766,-653,785,786,-488]],"properties":{"codigo":"47001100000000006405","sector":"470011000000000064","pcode":"CO47001","area_m2":241381}},{"type":"Polygon","arcs":[[787,-779]],"properties":{"codigo":"47001100000000006305","sector":"470011000000000063","pcode":"CO47001","area_m2":562704}},{"type":"Polygon","arcs":[[-760,788,-498,789,790,791,792,793,-655]],"properties":{"codigo":"47001100000000006401","sector":"470011000000000064","pcode":"CO47001","area_m2":980911}},{"type":"Polygon","arcs":[[794,-758,795,796,797,798]],"properties":{"codigo":"47001100000000006302","sector":"470011000000000063","pcode":"CO47001","area_m2":368114}},{"type":"Polygon","arcs":[[-759,-795,799,800,-440,-451,-433]],"properties":{"codigo":"47001100000000006303","sector":"470011000000000063","pcode":"CO47001","area_m2":109345}},{"type":"Polygon","arcs":[[-500,801,-767,-486,-510]],"properties":{"codigo":"47001100000000006601","sector":"470011000000000066","pcode":"CO47001","area_m2":104798}},{"type":"Polygon","arcs":[[802,803,-793]],"properties":{"codigo":"47001100000000006407","sector":"470011000000000064","pcode":"CO47001","area_m2":732327}},{"type":"Polygon","arcs":[[-789,-765,-802,-499]],"properties":{"codigo":"47001100000000006501","sector":"470011000000000065","pcode":"CO47001","area_m2":80818}},{"type":"Polygon","arcs":[[-24,804,805,-770,806,807]],"properties":{"codigo":"47001100000000006506","sector":"470011000000000065","pcode":"CO47001","area_m2":291659}},{"type":"Polygon","arcs":[[808,-517,809]],"properties":{"codigo":"47001100000000006607","sector":"470011000000000066","pcode":"CO47001","area_m2":198152}},{"type":"Polygon","arcs":[[810,-515,-507,-511,-489,-787,811,812,813]],"properties":{"codigo":"47001100000000006701","sector":"470011000000000067","pcode":"CO47001","area_m2":340277}},{"type":"Polygon","arcs":[[814,-813,815,816]],"properties":{"codigo":"47001100000000006702","sector":"470011000000000067","pcode":"CO47001","area_m2":129274}},{"type":"Polygon","arcs":[[817,-814,-815,818,819]],"properties":{"codigo":"47001100000000006703","sector":"470011000000000067","pcode":"CO47001","area_m2":113059}},{"type":"Polygon","arcs":[[820,-819,-817,821,822]],"properties":{"codigo":"47001100000000006704","sector":"470011000000000067","pcode":"CO47001","area_m2":379856}},{"type":"Polygon","arcs":[[-820,-821,823]],"properties":{"codigo":"47001100000000006705","sector":"470011000000000067","pcode":"CO47001","area_m2":131999}},{"type":"Polygon","arcs":[[824,825,826,827,828,-531,-540]],"properties":{"codigo":"47001100000000006801","sector":"470011000000000068","pcode":"CO47001","area_m2":168582}},{"type":"Polygon","arcs":[[829,-825,-539,-601]],"properties":{"codigo":"47001100000000006808","sector":"470011000000000068","pcode":"CO47001","area_m2":137450}},{"type":"Polygon","arcs":[[-518,-536,830]],"properties":{"codigo":"47001100000000006809","sector":"470011000000000068","pcode":"CO47001","area_m2":228896}},{"type":"Polygon","arcs":[[831,-547,832,-827]],"properties":{"codigo":"47001100000000006901","sector":"470011000000000069","pcode":"CO47001","area_m2":176657}},{"type":"Polygon","arcs":[[-600,833,834,835,-541,-832,-826,-830]],"properties":{"codigo":"47001100000000006903","sector":"470011000000000069","pcode":"CO47001","area_m2":415381}},{"type":"Polygon","arcs":[[-532,-829,836,837,838]],"properties":{"codigo":"47001100000000007001","sector":"470011000000000070","pcode":"CO47001","area_m2":520085}},{"type":"Polygon","arcs":[[839,840,841,842,843]],"properties":{"codigo":"47001200102001000101","sector":"470012001020010001","pcode":"CO47001","area_m2":57577}},{"type":"Polygon","arcs":[[-546,-559,844,-837,-828,-833]],"properties":{"codigo":"47001100000000007002","sector":"470011000000000070","pcode":"CO47001","area_m2":322433}},{"type":"Polygon","arcs":[[845,-556,-544]],"properties":{"codigo":"47001100000000007102","sector":"470011000000000071","pcode":"CO47001","area_m2":78751}},{"type":"Polygon","arcs":[[-561,-548,-846,-543,846]],"properties":{"codigo":"47001100000000007103","sector":"470011000000000071","pcode":"CO47001","area_m2":234279}},{"type":"Polygon","arcs":[[847,-562,-847,-542,-836]],"properties":{"codigo":"47001100000000007104","sector":"470011000000000071","pcode":"CO47001","area_m2":361118}},{"type":"Polygon","arcs":[[848,-557,-551,-554,-642,-20,849]],"properties":{"codigo":"47001100000000007205","sector":"470011000000000072","pcode":"CO47001","area_m2":491072}},{"type":"Polygon","arcs":[[850,-844,851,852]],"properties":{"codigo":"47001200102001000102","sector":"470012001020010001","pcode":"CO47001","area_m2":61245}},{"type":"Polygon","arcs":[[-623,853,854,855,-791,856,857]],"properties":{"codigo":"47001100000000007401","sector":"470011000000000074","pcode":"CO47001","area_m2":1008104}},{"type":"Polygon","arcs":[[858,-534,-496,-537,-522,-533,-839,859,860,-855]],"properties":{"codigo":"47001100000000007402","sector":"470011000000000074","pcode":"CO47001","area_m2":3229879}},{"type":"Polygon","arcs":[[861,-850,-19]],"properties":{"codigo":"47001100000000007301","sector":"470011000000000073","pcode":"CO47001","area_m2":2109033}},{"type":"Polygon","arcs":[[-856,-861,862,-803,-792]],"properties":{"codigo":"47001100000000007403","sector":"470011000000000074","pcode":"CO47001","area_m2":442799}},{"type":"Polygon","arcs":[[-706,-730,-578,-580,-575,863,-697]],"properties":{"codigo":"47001100000000007503","sector":"470011000000000075","pcode":"CO47001","area_m2":118340}},{"type":"Polygon","arcs":[[-582,-584,864,-419,-587,-417,865,866,-461,-458,-753,-344,-585]],"properties":{"codigo":"47001100000000007602","sector":"470011000000000076","pcode":"CO47001","area_m2":525387}},{"type":"Polygon","arcs":[[867,868,-866,-420,-865,-583]],"properties":{"codigo":"47001100000000007603","sector":"470011000000000076","pcode":"CO47001","area_m2":183167}},{"type":"Polygon","arcs":[[-869,869,870,-764,-453,-460,-867]],"properties":{"codigo":"47001100000000007604","sector":"470011000000000076","pcode":"CO47001","area_m2":335743}},{"type":"Polygon","arcs":[[871,872]],"properties":{"codigo":"47001201301006000102","sector":"470012013010060001","pcode":"CO47001","area_m2":199833}},{"type":"Polygon","arcs":[[-327,-778,873,-743,874,875,-870,-868,-586,-397]],"properties":{"codigo":"47001100000000007607","sector":"470011000000000076","pcode":"CO47001","area_m2":1306572}},{"type":"Polygon","arcs":[[876,-129,877]],"properties":{"codigo":"47001100000000008312","sector":"470011000000000083","pcode":"CO47001","area_m2":80585}},{"type":"Polygon","arcs":[[878,-335,879,880,-300,-316,881]],"properties":{"codigo":"47001100000000007802","sector":"470011000000000078","pcode":"CO47001","area_m2":428116}},{"type":"Polygon","arcs":[[882,883,884,-563,-848,-835]],"properties":{"codigo":"47001100000000008101","sector":"470011000000000081","pcode":"CO47001","area_m2":546671}},{"type":"Polygon","arcs":[[-603,885,-1,886,-884,887]],"properties":{"codigo":"47001100000000008102","sector":"470011000000000081","pcode":"CO47001","area_m2":162975}},{"type":"Polygon","arcs":[[888,-800,-799,889,-387,-609,-617,-570,890]],"properties":{"codigo":"47001100000000008308","sector":"470011000000000083","pcode":"CO47001","area_m2":141598}},{"type":"Polygon","arcs":[[-597,891,-591,-592,-596,892,893,894,895,896]],"properties":{"codigo":"47001100000000008201","sector":"470011000000000082","pcode":"CO47001","area_m2":749091}},{"type":"Polygon","arcs":[[897,-573,-615,-613,898,-878,-128]],"properties":{"codigo":"47001100000000008313","sector":"470011000000000083","pcode":"CO47001","area_m2":96909}},{"type":"Polygon","arcs":[[-595,-593,-589,899,-772,900,901,-893]],"properties":{"codigo":"47001100000000008202","sector":"470011000000000082","pcode":"CO47001","area_m2":363270}},{"type":"Polygon","arcs":[[902,-896]],"properties":{"codigo":"47001100000000008203","sector":"470011000000000082","pcode":"CO47001","area_m2":40168}},{"type":"Polygon","arcs":[[-618,-607,-385,-687,903,-611,-614]],"properties":{"codigo":"47001100000000008305","sector":"470011000000000083","pcode":"CO47001","area_m2":38481}},{"type":"Polygon","arcs":[[-904,-686,-681,-130,-877,-899,-612]],"properties":{"codigo":"47001100000000008315","sector":"470011000000000083","pcode":"CO47001","area_m2":58724}},{"type":"Polygon","arcs":[[904,-851,905,906]],"properties":{"codigo":"47001200102001000103","sector":"470012001020010001","pcode":"CO47001","area_m2":333507}},{"type":"Polygon","arcs":[[907,908,-840,-905]],"properties":{"codigo":"47001200102001000104","sector":"470012001020010001","pcode":"CO47001","area_m2":673309}},{"type":"Polygon","arcs":[[909]],"properties":{"codigo":"47001200502025000101","sector":"470012005020250001","pcode":"CO47001","area_m2":101951}},{"type":"Polygon","arcs":[[910,-841,-909,911,-785,912,913]],"properties":{"codigo":"47001200102001000105","sector":"470012001020010001","pcode":"CO47001","area_m2":643089}},{"type":"Polygon","arcs":[[-906,-853,914]],"properties":{"codigo":"47001200102001000106","sector":"470012001020010001","pcode":"CO47001","area_m2":154588}},{"type":"MultiPolygon","arcs":[[[-842,-911,915]],[[916]]],"properties":{"codigo":"47001200102001000107","sector":"470012001020010001","pcode":"CO47001","area_m2":196006}},{"type":"Polygon","arcs":[[917]],"properties":{"codigo":"47001201502026000101","sector":"470012015020260001","pcode":"CO47001","area_m2":25133}},{"type":"MultiPolygon","arcs":[[[918]],[[919]]],"properties":{"codigo":"47001201507003000101","sector":"470012015070030001","pcode":"CO47001","area_m2":82950}},{"type":"MultiPolygon","arcs":[[[-872,920]],[[921]]],"properties":{"codigo":"47001201301006000101","sector":"470012013010060001","pcode":"CO47001","area_m2":259391}},{"type":"Polygon","arcs":[[922,923,924,925]],"properties":{"codigo":"47001200103010000103","sector":"470012001030100001","pcode":"CO47001","area_m2":142534}},{"type":"Polygon","arcs":[[926]],"properties":{"codigo":"47001200704009000101","sector":"470012007040090001","pcode":"CO47001","area_m2":341007}},{"type":"MultiPolygon","arcs":[[[927,928,929]],[[930]]],"properties":{"codigo":"47001200103010000101","sector":"470012001030100001","pcode":"CO47001","area_m2":123403}},{"type":"Polygon","arcs":[[-925,-930,931]],"properties":{"codigo":"47001200103010000102","sector":"470012001030100001","pcode":"CO47001","area_m2":302028}},{"type":"Polygon","arcs":[[932,-928,-924,933]],"properties":{"codigo":"47001200103010000104","sector":"470012001030100001","pcode":"CO47001","area_m2":40657}},{"type":"Polygon","arcs":[[934,-934,935]],"properties":{"codigo":"47001200103010000105","sector":"470012001030100001","pcode":"CO47001","area_m2":194914}},{"type":"Polygon","arcs":[[-936,-923,936]],"properties":{"codigo":"47001200103010000106","sector":"470012001030100001","pcode":"CO47001","area_m2":256449}},{"type":"Polygon","arcs":[[937]],"properties":{"codigo":"47001201302011000101","sector":"470012013020110001","pcode":"CO47001","area_m2":82658}},{"type":"Polygon","arcs":[[938]],"properties":{"codigo":"47001200603013000101","sector":"470012006030130001","pcode":"CO47001","area_m2":152563}},{"type":"Polygon","arcs":[[939]],"properties":{"codigo":"47001201302022000101","sector":"470012013020220001","pcode":"CO47001","area_m2":136552}},{"type":"Polygon","arcs":[[940]],"properties":{"codigo":"47001201502028000101","sector":"470012015020280001","pcode":"CO47001","area_m2":82836}},{"type":"Polygon","arcs":[[941]],"properties":{"codigo":"47001201301035000101","sector":"470012013010350001","pcode":"CO47001","area_m2":30861}},{"type":"Polygon","arcs":[[942]],"properties":{"codigo":"47001201503039000101","sector":"470012015030390001","pcode":"CO47001","area_m2":38861}},{"type":"Polygon","arcs":[[943]],"properties":{"codigo":"47001200201045000101","sector":"470012002010450001","pcode":"CO47001","area_m2":56948}},{"type":"Polygon","arcs":[[944,-733,945,946,-367,-141,-402,-755]],"properties":{"codigo":"47001100000000005407","sector":"470011000000000054","pcode":"CO47001","area_m2":106286}},{"type":"Polygon","arcs":[[947,-874,-777,-365]],"properties":{"codigo":"47001100000000005401","sector":"470011000000000054","pcode":"CO47001","area_m2":99909}},{"type":"Polygon","arcs":[[-902,948,949,-894]],"properties":{"codigo":"47001100000000007803","sector":"470011000000000078","pcode":"CO47001","area_m2":139289}},{"type":"Polygon","arcs":[[950,-738,-744,-948,-364,-947]],"properties":{"codigo":"47001100000000005405","sector":"470011000000000054","pcode":"CO47001","area_m2":149143}},{"type":"Polygon","arcs":[[-691,-166,-693,951,-671,-146,952]],"properties":{"codigo":"47001100000000002005","sector":"470011000000000020","pcode":"CO47001","area_m2":177742}},{"type":"Polygon","arcs":[[953,-565,-577,-729,-638,954]],"properties":{"codigo":"47001100000000005313","sector":"470011000000000053","pcode":"CO47001","area_m2":58659}},{"type":"Polygon","arcs":[[-672,-952,-694,-164,-161,-690,955,-370,-732,956,-797,957,-807,-769,-495,958,-810,-516,-811,-818,-824,-823,959,960]],"properties":{"codigo":"47001100000000007903","sector":"470011000000000079","pcode":"CO47001","area_m2":10407622}},{"type":"Polygon","arcs":[[-798,-957,-731,-363,-389,-378,-388,-890]],"properties":{"codigo":"47001100000000005104","sector":"470011000000000051","pcode":"CO47001","area_m2":189912}},{"type":"Polygon","arcs":[[-492,961,-790,-503,-512]],"properties":{"codigo":"47001100000000006503","sector":"470011000000000065","pcode":"CO47001","area_m2":82024}},{"type":"Polygon","arcs":[[-669,-673,-961,962,963]],"properties":{"codigo":"47001100000000005001","sector":"470011000000000050","pcode":"CO47001","area_m2":407920}},{"type":"Polygon","arcs":[[964,-857,-962,-491,-768,-806]],"properties":{"codigo":"47001100000000006504","sector":"470011000000000065","pcode":"CO47001","area_m2":294627}},{"type":"Polygon","arcs":[[-949,-901,-771,-331,-879,965]],"properties":{"codigo":"47001100000000007801","sector":"470011000000000078","pcode":"CO47001","area_m2":372609}},{"type":"Polygon","arcs":[[-956,-689,-159,-151,-688,-371]],"properties":{"codigo":"47001100000000001903","sector":"470011000000000019","pcode":"CO47001","area_m2":87598}},{"type":"Polygon","arcs":[[-757,-421,-430,-763,-871,-876,966,-781,967,-25,-808,-958,-796]],"properties":{"codigo":"47001100000000006301","sector":"470011000000000063","pcode":"CO47001","area_m2":1429354}},{"type":"Polygon","arcs":[[-133,-219,-217,-698,968]],"properties":{"codigo":"47001100000000003009","sector":"470011000000000030","pcode":"CO47001","area_m2":159820}},{"type":"Polygon","arcs":[[-334,-329,-313,-339,-716,-333,-719,969,-880]],"properties":{"codigo":"47001100000000004301","sector":"470011000000000043","pcode":"CO47001","area_m2":237981}},{"type":"Polygon","arcs":[[-125,-132,-680,970,-148,-670,-666,-135,-137]],"properties":{"codigo":"47001100000000001503","sector":"470011000000000015","pcode":"CO47001","area_m2":156767}},{"type":"Polygon","arcs":[[-574,-898,-969,-864]],"properties":{"codigo":"47001100000000007506","sector":"470011000000000075","pcode":"CO47001","area_m2":73956}},{"type":"Polygon","arcs":[[971,-891,-566,-954]],"properties":{"codigo":"47001100000000005320","sector":"470011000000000053","pcode":"CO47001","area_m2":54952}},{"type":"Polygon","arcs":[[-683,-154,-692,-953,-145,-971]],"properties":{"codigo":"47001100000000001701","sector":"470011000000000017","pcode":"CO47001","area_m2":195475}},{"type":"Polygon","arcs":[[-955,-375,-801,-889,-972]],"properties":{"codigo":"47001100000000005307","sector":"470011000000000053","pcode":"CO47001","area_m2":119763}},{"type":"Polygon","arcs":[[-739,-951,-946]],"properties":{"codigo":"47001100000000005208","sector":"470011000000000052","pcode":"CO47001","area_m2":41702}},{"type":"Polygon","arcs":[[-970,-718,-271,-408,-409,-411,-292,-301,-881]],"properties":{"codigo":"47001100000000005504","sector":"470011000000000055","pcode":"CO47001","area_m2":293809}},{"type":"Polygon","arcs":[[-959,-494,-513,-504,-514,-809]],"properties":{"codigo":"47001100000000006606","sector":"470011000000000066","pcode":"CO47001","area_m2":122158}},{"type":"Polygon","arcs":[[-112,-665,-964,972,-661,-108]],"properties":{"codigo":"47001100000000000901","sector":"470011000000000009","pcode":"CO47001","area_m2":117989}},{"type":"Polygon","arcs":[[-463,-776,-773,-900,-588,-892,-599,973,-913,-784]],"properties":{"codigo":"47001100000000007701","sector":"470011000000000077","pcode":"CO47001","area_m2":145998}},{"type":"Polygon","arcs":[[974]],"properties":{"codigo":"47001201905046000101","sector":"470012019050460001","pcode":"CO47001","area_m2":40243}}]}},"arcs":[[[459,3463],[4,22]],[[463,3485],[34,15],[0,-22],[-2,-4],[-20,-6],[-16,-5]],[[5384,9784],[9,-13],[1,7],[19,-28],[-1,-7],[-3,3],[-2,-8],[-16,20],[-1,-12],[-3,-8],[-6,11],[4,19],[-4,6],[3,10]],[[469,8220],[-2,-23]],[[467,8197],[-8,3],[-47,26],[-3,3]],[[409,8229],[2,16],[3,36]],[[414,8281],[11,-6],[18,-6],[13,-7],[15,-4]],[[471,8258],[-2,-38]],[[890,7268],[-13,147]],[[877,7415],[39,22]],[[916,7437],[8,-76],[6,-68]],[[930,7293],[-40,-25]],[[641,8442],[6,-1]],[[647,8441],[0,-35]],[[647,8406],[-15,-6],[0,-38]],[[632,8362],[-19,2]],[[613,8364],[-2,23],[1,26],[0,36]],[[612,8449],[29,-7]],[[259,3259],[-45,-3],[-36,0]],[[178,3256],[-1,39]],[[177,3295],[33,1],[47,2]],[[257,3298],[2,-39]],[[604,6225],[-4,-19],[-2,-16],[-2,-3],[-4,43],[-10,-20],[0,-2],[-20,-28]],[[562,6180],[0,5]],[[562,6185],[18,26],[7,13],[9,26],[3,-6],[2,-11],[3,-8]],[[906,7005],[-11,10]],[[895,7015],[-1,93]],[[894,7108],[5,0],[0,7],[5,1],[1,-67],[1,-44]],[[467,8197],[-1,-20],[0,-14]],[[466,8163],[-2,-21]],[[464,8142],[-33,10]],[[431,8152],[-11,7],[-19,16]],[[401,8175],[8,54]],[[515,8197],[4,-46]],[[519,8151],[-14,4],[-39,8]],[[469,8220],[18,-8],[11,-7],[17,-8]],[[519,8151],[3,-30]],[[522,8121],[1,-22]],[[523,8099],[-26,8],[-34,14]],[[463,8121],[1,21]],[[681,7912],[-27,17]],[[654,7929],[3,52]],[[657,7981],[8,-3]],[[665,7978],[9,-3],[-1,-28],[8,-9],[0,-26]],[[654,7929],[-11,6],[-6,-50],[-16,11]],[[621,7896],[2,23],[4,-2],[4,74],[15,-6]],[[646,7985],[11,-4]],[[641,8572],[0,-54],[0,-76]],[[612,8449],[1,116],[0,17]],[[613,8582],[12,-2],[10,-4],[6,-4]],[[597,8584],[16,-2]],[[612,8449],[-26,8],[-19,7]],[[567,8464],[0,31]],[[567,8495],[3,90]],[[570,8585],[27,-1]],[[567,8464],[-1,-47],[-1,-13],[-3,-27]],[[562,8377],[-29,8]],[[533,8385],[-38,13]],[[495,8398],[3,51],[3,56]],[[501,8505],[20,-5],[3,1],[22,-4],[21,-2]],[[533,8385],[-1,-25],[-2,-64]],[[530,8296],[-1,-29]],[[529,8267],[-14,6],[-11,9],[-4,6],[-3,-1]],[[497,8287],[-9,13]],[[488,8300],[2,19],[3,38],[2,41]],[[562,8377],[23,-5],[7,-4],[15,-1],[6,-3]],[[613,8364],[1,-4],[0,-37],[-5,-1],[0,-9]],[[609,8313],[-7,0],[-29,5],[-2,-31],[-16,3]],[[555,8290],[-25,6]],[[555,8290],[-1,-31],[15,-2]],[[569,8257],[0,-23],[-2,-50]],[[567,8184],[-16,0]],[[551,8184],[-8,1],[-4,7],[-13,18],[3,57]],[[609,8313],[0,-28],[-2,-29]],[[607,8256],[-17,1],[-21,0]],[[563,8142],[-4,-60]],[[559,8082],[-23,30],[-8,6],[-6,3]],[[519,8151],[6,2],[17,11],[8,3],[1,17]],[[567,8184],[-4,-42]],[[515,8197],[-3,34],[-2,14],[-4,17],[-3,11],[-6,14]],[[471,8258],[1,59]],[[472,8317],[16,-17]],[[431,8152],[0,-24],[-5,-57]],[[426,8071],[-33,20],[-3,3]],[[390,8094],[11,81]],[[463,8121],[-4,-70]],[[459,8051],[-33,20]],[[1007,7885],[-7,-10],[-11,-20],[-30,-56]],[[959,7799],[-5,24]],[[954,7823],[10,20],[22,48],[7,21]],[[993,7912],[9,-3],[5,-24]],[[501,8505],[4,67]],[[505,8572],[15,12],[13,4],[22,-1],[15,-2]],[[531,8005],[-21,13]],[[510,8018],[-51,33]],[[523,8099],[8,-94]],[[510,8018],[9,-59]],[[519,7959],[5,-38]],[[524,7921],[-21,-9],[-1,20],[-7,37],[-10,-10],[0,22],[-22,-12]],[[463,7969],[-1,11]],[[462,7980],[-3,32],[-1,25],[1,14]],[[462,7980],[-24,4],[-9,5],[-23,16],[-6,3],[-17,-1]],[[383,8007],[3,38]],[[386,8045],[4,40],[0,9]],[[463,7969],[2,-31]],[[465,7938],[-5,-3],[-26,5],[-2,-33]],[[432,7907],[-38,23],[-3,-35],[-19,11]],[[372,7906],[6,59]],[[378,7965],[5,42]],[[432,7907],[-6,-79]],[[426,7828],[-12,1],[-4,3],[-13,12],[-7,3],[-22,5]],[[368,7852],[4,54]],[[524,7921],[3,-19]],[[527,7902],[-2,-1],[-37,-17]],[[488,7884],[-8,19],[-5,19],[-8,-4]],[[467,7918],[-2,20]],[[531,8005],[22,-14]],[[553,7991],[-4,-63]],[[549,7928],[-12,14],[-18,17]],[[549,7928],[19,-61]],[[568,7867],[16,-53]],[[584,7814],[-7,-15],[-4,9],[-32,-17]],[[541,7791],[-14,111]],[[606,7745],[-52,-26],[-3,-1]],[[551,7718],[-7,52]],[[544,7770],[-3,21]],[[584,7814],[22,-69]],[[659,7573],[-5,-13],[-2,-9],[-9,-21],[-3,-5],[-4,0],[-7,6],[-4,21],[-5,15],[-3,7],[-7,7]],[[610,7581],[-11,15],[-1,3],[-6,3],[-3,9],[1,7],[11,7],[3,3],[1,9],[-2,13],[-12,17],[-4,0],[-4,-28],[-2,-9],[-4,-7],[-2,-12],[5,-31],[0,-10],[-2,-11],[-7,-14]],[[571,7545],[-6,-5]],[[565,7540],[-4,5],[-5,22],[-1,11]],[[555,7578],[4,11],[0,20],[-2,16],[-5,16],[-1,18],[0,59]],[[606,7745],[3,-11],[15,-45],[8,-27],[27,-89]],[[488,7884],[4,-17],[5,-27],[1,-10],[1,-61],[1,-12]],[[500,7757],[-7,16],[-12,15],[-9,8]],[[472,7796],[1,23],[2,30],[-8,69]],[[544,7770],[-14,-12],[-23,-11],[-4,0],[-3,10]],[[1329,7327],[-8,54],[-4,34],[0,2],[-9,58]],[[1308,7475],[19,18]],[[1327,7493],[4,-19],[6,-13],[7,-23],[12,-39],[3,-13]],[[1359,7386],[-12,-17],[-8,-12],[-5,-21],[-5,-9]],[[553,7991],[6,91]],[[559,8082],[19,-30],[4,-4],[8,-1],[28,-18]],[[618,8029],[-2,-26],[-3,-50],[-42,26],[-18,12]],[[521,7651],[-5,-10],[-16,-25],[1,-13],[-5,-3],[-5,-18],[-3,4],[-6,-5],[1,-16],[-1,-13],[-8,-11],[0,-15],[-1,-13],[0,-21],[-6,-30],[-4,-9],[0,-17],[-2,-4],[-1,-37],[-4,-10],[-3,-17],[-5,-11],[-1,-4]],[[447,7353],[-3,-20],[-6,-8],[0,-15],[-6,-21],[-1,-12],[0,-13],[-2,-19],[-2,-7],[-1,-11],[-4,-13],[0,-13],[-4,6],[-2,7],[-7,50]],[[409,7264],[1,35],[1,11],[4,28],[3,11],[7,25],[5,26],[4,26],[3,46],[3,25],[9,64],[4,21],[1,16],[8,80],[8,80]],[[470,7758],[9,-15],[10,-26],[11,-20],[11,-17],[4,-9],[6,-20]],[[521,7482],[5,-9],[-9,-40],[21,-28],[4,21],[13,-17]],[[555,7409],[-4,-20]],[[551,7389],[-4,-19]],[[547,7370],[-13,16],[-29,40],[-4,-19],[-8,9]],[[493,7416],[-10,13],[-6,9],[-7,3]],[[470,7441],[3,17],[8,-1],[-1,6],[5,1],[5,-6],[2,9],[-1,11],[3,9],[0,7],[3,-1],[7,-7],[1,-9],[4,-6],[3,4],[6,0],[3,7]],[[621,7896],[-13,7],[-4,-48]],[[604,7855],[-1,-10],[-35,22]],[[618,8029],[11,-7]],[[629,8022],[20,-12],[-3,-25]],[[547,7370],[-6,-29]],[[541,7341],[-8,-1],[-35,48],[-8,10],[3,18]],[[562,7225],[-5,4],[-1,-7],[-7,-7]],[[549,7215],[-10,21],[-36,46],[-29,42]],[[474,7324],[8,37],[16,-22],[22,-27],[28,-38],[4,-9],[3,-11],[3,-8],[4,-15],[0,-6]],[[549,7215],[-1,3],[-5,-1],[-3,-5],[1,-5],[-2,-19],[-7,14],[-4,-6]],[[528,7196],[-4,11],[-11,16],[-21,28],[-15,22]],[[477,7273],[-11,14],[4,20]],[[470,7307],[4,17]],[[681,8096],[-4,-39],[-5,4],[-3,-10],[-2,-13],[-2,-36],[0,-24]],[[629,8022],[7,77],[-18,18],[-7,9]],[[611,8126],[28,-10],[16,44]],[[655,8160],[21,-54],[5,-10]],[[700,7900],[-19,12]],[[681,8096],[8,-5],[22,-2]],[[711,8089],[-2,-87],[-2,-55],[-7,-47]],[[607,8256],[7,-4]],[[614,8252],[0,-38],[-12,1],[-1,-29]],[[601,8186],[-34,-2]],[[563,8142],[2,-3],[33,-33],[3,15],[8,7],[2,-2]],[[641,8186],[7,-7],[7,-19]],[[601,8186],[35,1],[5,-1]],[[718,8250],[-3,-38],[-2,-57]],[[713,8155],[-22,2],[-2,2],[-10,29],[-12,30],[-1,46]],[[666,8264],[15,3]],[[681,8267],[8,-1],[17,-10],[12,-6]],[[713,8155],[-2,-66]],[[641,8186],[0,63]],[[641,8249],[14,13],[11,2]],[[632,8362],[9,0],[0,-36]],[[641,8326],[0,-77]],[[641,8249],[-19,-2],[-8,5]],[[676,8399],[0,-36]],[[676,8363],[0,-41]],[[676,8322],[-35,4]],[[647,8406],[9,3],[10,-2],[10,-8]],[[722,8438],[0,-14]],[[722,8424],[-14,0],[-9,-2],[-17,-19],[-6,-4]],[[647,8441],[0,12],[21,0]],[[668,8453],[22,0],[1,16],[16,-23],[0,-6],[15,-2]],[[676,8322],[14,-3]],[[690,8319],[0,-17],[-7,1],[-2,-36]],[[719,8316],[0,-11]],[[719,8305],[-1,-55]],[[690,8319],[29,-3]],[[722,8424],[-1,-45]],[[721,8379],[-21,3],[0,-25],[-17,2],[-7,4]],[[721,8379],[0,-3]],[[721,8376],[-2,-60]],[[697,7780],[-18,4],[1,50],[-15,3],[0,-9],[-31,18],[-1,-9]],[[633,7837],[-29,18]],[[700,7900],[0,-5],[-2,-63],[-1,-52]],[[789,8081],[27,-2]],[[816,8079],[0,-80],[-1,-49],[0,-44],[0,-21]],[[815,7885],[-25,-6],[-24,-2]],[[766,7877],[1,61],[0,59],[1,86]],[[768,8083],[21,-2]],[[697,7780],[-1,-50]],[[696,7730],[-17,6],[-43,18],[-6,1]],[[630,7755],[1,29],[0,29],[2,24]],[[630,7755],[-6,-2],[-18,-8]],[[744,8084],[24,-1]],[[766,7877],[-26,8]],[[740,7885],[-40,15]],[[711,8089],[33,-5]],[[749,8212],[3,1]],[[752,8213],[-4,-47],[-2,-25],[-2,-17],[0,-40]],[[718,8250],[14,-17],[4,-7],[13,-14]],[[806,8186],[-14,2],[-2,-45],[-1,-62]],[[752,8213],[10,1],[15,0]],[[777,8214],[8,0],[7,-5],[7,-10],[7,-13]],[[806,8186],[13,-3]],[[819,8183],[-2,-20],[-11,2],[-1,-22],[12,-2],[-1,-29],[0,-33]],[[852,8076],[-19,1]],[[833,8077],[-17,2]],[[819,8183],[24,-4],[12,-1],[6,2],[7,6]],[[868,8186],[0,-12],[-2,-14],[-6,-17],[-7,-18],[-1,-19],[0,-30]],[[751,8300],[-2,-62],[0,-26]],[[719,8305],[32,-5]],[[767,8298],[9,-64],[1,-20]],[[751,8300],[16,-2]],[[765,8391],[15,-44],[25,-76],[11,-25],[7,-13],[13,-19],[10,-10],[6,-3]],[[852,8201],[9,-4],[14,-2]],[[875,8195],[-7,-9]],[[767,8298],[-3,15],[-12,64]],[[752,8377],[-7,32],[0,18]],[[745,8427],[9,-13],[11,-23]],[[721,8376],[8,0],[0,4],[23,-3]],[[722,8438],[0,23]],[[722,8461],[11,-17],[12,-17]],[[971,7980],[-5,-7],[-38,-42]],[[928,7931],[-10,42]],[[918,7973],[-7,33]],[[911,8006],[16,12],[18,1]],[[945,8019],[10,3]],[[955,8022],[11,-16],[5,-26]],[[838,7823],[-4,10],[-2,-5],[-9,6],[-1,5]],[[822,7839],[6,3],[2,19],[-2,15],[2,1],[6,-22],[1,6],[0,21],[-7,46],[0,33],[0,9],[6,0],[1,45],[-1,23],[-3,39]],[[852,8076],[30,-3],[8,-4],[8,-13],[5,-19]],[[903,8037],[8,-31]],[[918,7973],[-20,-33],[-10,-19],[-10,-16],[-7,-12],[-1,-5],[-5,-8],[-4,-11],[0,-21],[-3,-1],[-5,-9],[-8,-13],[-6,2],[-1,-4]],[[822,7839],[-5,-26]],[[817,7813],[-3,7],[1,47],[0,18]],[[954,7823],[-10,40]],[[944,7863],[-16,68]],[[971,7980],[4,-14],[14,-46],[4,-8]],[[973,7741],[-12,-17],[-7,31],[-26,-36]],[[928,7719],[-3,16],[-2,19],[-14,-11],[-20,-10],[-7,-7],[8,16],[12,36],[20,22],[4,10],[5,18],[13,35]],[[959,7799],[14,-58]],[[1057,7757],[-6,5],[-2,6],[-6,-6],[-1,-21],[-5,-50],[-2,-6],[-8,-10],[-8,1],[-6,-1],[-9,-7],[-3,-7],[-6,-29]],[[995,7632],[-22,109]],[[1007,7885],[5,2],[11,16]],[[1023,7903],[10,-20],[5,-18],[4,-24],[20,-47],[3,-11],[-3,-2],[-4,2],[-2,-19],[1,-7]],[[948,8297],[7,2]],[[955,8299],[8,-2],[0,32],[1,38],[12,12]],[[976,8379],[3,-32],[-1,-51],[7,-40],[-2,-14],[22,-21]],[[1005,8221],[-10,-69],[-2,-10]],[[993,8142],[-28,29]],[[965,8171],[-10,9],[-8,6],[-9,2]],[[938,8188],[2,7],[-2,4],[-31,3],[0,3],[21,0],[12,-1],[7,51],[1,42]],[[1035,8418],[3,-29],[-2,-24],[1,-29],[-13,-4],[2,-46],[-15,-3],[1,-5],[-1,-15],[-6,-42]],[[976,8379],[11,17],[14,30],[9,26]],[[1010,8452],[21,-30],[4,-4]],[[888,8307],[1,-8],[6,-8],[3,-9],[7,-10],[4,-24],[3,-30]],[[912,8218],[-7,-6],[-13,-4],[-21,2],[-17,5],[-2,-14]],[[765,8391],[4,8],[2,7],[0,21],[4,3],[1,9],[-2,14],[2,13],[12,-12],[-2,-10]],[[786,8444],[-3,-1],[0,-7],[2,-8],[3,-2],[5,11],[3,-6],[2,6],[2,-3],[1,-12],[2,-10],[3,3],[1,9],[1,-1],[0,-19],[-4,1],[1,-8],[-2,-8],[-4,9],[-3,-10],[4,-8],[1,-6],[6,-1],[-1,-9],[-2,-6],[0,-9],[1,-4],[4,7],[3,-8],[4,13],[2,-9],[5,-4],[-1,-7],[6,-7],[4,-12],[5,-3],[5,14],[-2,10],[-3,1],[-3,23],[5,6],[-3,9],[-3,15],[2,2],[0,12],[1,3],[1,-15],[6,-2],[-2,-3],[4,-13],[6,-2],[-2,7],[6,4],[1,19],[-3,13],[-2,3],[6,2],[2,15],[4,5],[5,-16],[-1,-14],[0,-8],[3,2],[-5,-15],[0,-8],[6,-16],[-2,-12],[5,-5],[-2,-7],[-3,2],[-1,-15],[-5,5],[-1,-5],[-9,-17],[-1,-7],[5,-3],[-1,-8],[-3,1],[-2,-6],[1,-10],[5,-22],[2,8],[2,-7],[5,-7],[4,3],[4,-11],[6,3],[-1,11],[-5,19],[3,4],[1,-5],[3,4],[0,15],[2,7],[3,-11],[7,-16],[-5,-4],[4,-12],[2,5],[-1,4],[4,11],[-3,6],[-6,7],[-2,9],[2,5]],[[905,8485],[4,-19],[7,-51],[-5,-38],[1,-11],[4,-7],[3,-12],[0,-19],[-9,-13],[16,-80]],[[926,8235],[-14,-17]],[[888,8307],[2,11],[5,8],[3,2],[1,21],[-6,24],[-3,6],[1,23],[0,33],[3,1],[1,-10],[-2,-6],[3,-1],[3,-11],[-3,-5],[1,-16],[-1,-12],[3,-11],[4,-9],[4,14],[2,13],[-2,3],[4,18],[1,18],[-2,16],[-3,23],[-3,13],[-2,-1],[0,11],[3,2]],[[940,8383],[7,-7],[8,-4],[2,-17],[0,-11],[-2,-20],[0,-25]],[[948,8297],[0,20],[-8,-1],[0,-18],[-6,0],[1,-5],[-4,-7],[6,-27],[-11,-24]],[[905,8485],[-1,21],[2,1],[5,17],[2,0],[4,-9],[4,-7],[6,4],[0,-8],[3,-16],[5,-1],[1,5],[2,-3],[2,12],[0,-12],[-3,-28],[0,-8],[-3,-13],[0,-15],[-2,-8],[-8,-8],[1,-7],[5,-2],[4,-9],[6,-8]],[[1083,8042],[-1,3]],[[1082,8045],[-8,15],[-18,18],[-37,37]],[[1019,8115],[-26,27]],[[1035,8418],[14,-22],[5,-6],[4,-35]],[[1058,8355],[-2,-2],[6,-37]],[[1062,8316],[5,-15]],[[1067,8301],[3,-9],[2,-20],[3,-22],[2,-5],[4,-21],[1,-22],[5,-39],[0,-11]],[[1087,8152],[-3,-26],[-14,-7],[-2,-35],[7,-8],[11,-16],[7,-14],[-10,-4]],[[1102,8017],[0,-13]],[[1102,8004],[-19,38]],[[1087,8152],[14,30],[5,12],[4,-12],[4,21],[1,14],[2,-1]],[[1117,8216],[17,-10],[-2,-28],[-2,-6],[-6,-42],[-12,-31],[-11,-39],[-5,-12],[1,-9],[5,-22]],[[1115,8272],[-1,-9],[2,-23],[1,0],[0,-24]],[[1067,8301],[10,5],[2,-6],[2,-21],[9,7],[1,-13],[4,-3],[14,4],[6,-2]],[[849,7081],[0,-31]],[[849,7050],[-5,0],[0,-23],[-5,-8]],[[839,7019],[-11,-16],[-13,-45],[-2,-9]],[[813,6949],[-3,111]],[[810,7060],[10,18],[8,9],[10,6],[6,-2],[5,-10]],[[1129,7501],[-23,35]],[[1106,7536],[-33,47],[-3,4]],[[1070,7587],[24,10],[36,17]],[[1130,7614],[1,-18],[-1,-30],[0,-47],[-1,-18]],[[1185,8243],[1,-7],[-4,3],[-2,-8],[-2,8],[-5,5],[-5,-4],[-3,-18],[2,-3],[-2,-6],[-6,6],[-6,-15],[-5,4],[-5,-4],[-2,-7],[1,-11],[3,-5],[8,-5],[6,0],[-8,-7],[3,-20],[5,-9],[-3,0],[-1,-6],[-5,1],[-5,6],[-4,-1],[4,-22],[0,-8],[-2,-14],[-7,0],[-4,6],[-3,-4],[-3,-16],[3,-1],[-1,-9],[-3,-2],[-2,-11],[-10,-8],[0,-6],[-4,-9],[0,-10],[-2,-10],[-4,1]],[[1103,8017],[-1,0]],[[1115,8272],[11,-6],[11,-7],[0,-3],[9,-6],[4,30],[8,15],[8,-8],[9,-18],[6,-20],[4,-6]],[[1003,8519],[-3,-2],[1,-26],[2,-14],[7,-25]],[[940,8383],[7,3],[0,10],[-2,11],[5,18],[2,3],[6,-18],[3,4],[-3,32],[4,6],[6,-19],[3,5],[-4,15],[5,5],[3,-9],[3,5],[0,10],[-2,10],[4,-4],[3,7],[2,-11],[8,-2],[-2,7],[2,7],[-5,15],[0,6],[-4,5],[-4,-4],[-3,7],[-3,0],[2,7],[-2,7],[2,3],[-5,16],[4,6],[-2,8],[3,9],[7,-25],[13,20],[-1,9],[-11,38],[1,3],[4,-10],[1,3],[6,-16],[5,3],[0,-6],[6,3],[1,-11],[-4,-14],[2,-9],[-2,-10],[2,-4],[3,-16],[-6,-2]],[[1209,8320],[-2,-4],[-5,8],[0,-22],[5,-19],[-2,-8],[-5,8],[-2,-6],[-1,-10],[-3,0],[0,-9],[-4,-1],[-1,-10],[-4,-4]],[[1115,8272],[1,13],[0,14],[2,21],[0,29]],[[1118,8349],[10,-7],[9,16],[6,-9],[15,-2],[6,-8],[3,0],[5,9],[6,14],[14,-24],[11,2],[1,3],[4,-8],[2,-11],[-1,-4]],[[875,8195],[10,-2],[52,-5]],[[937,8188],[-15,-86],[-4,-20],[-3,-1],[-5,-24],[-7,-20]],[[1237,7642],[-4,-4],[-5,-11],[-6,-29],[-1,-19],[-2,-17],[1,-21],[8,-31],[5,-25]],[[1233,7485],[-6,-9],[-4,-21],[-11,-14],[-15,-31]],[[1197,7410],[-11,9],[-22,11]],[[1164,7430],[-1,15],[-3,7],[-8,4],[-23,45]],[[1130,7614],[19,8]],[[1149,7622],[19,3],[1,-11],[-4,-1],[0,-29],[19,36],[-2,14],[-6,18],[-12,31]],[[1164,7683],[9,1],[4,-5],[5,-19],[4,-11],[8,-15],[7,-6],[8,3],[6,8],[5,8],[4,17],[2,4],[3,-2],[6,-8],[2,-16]],[[1066,7594],[-12,10],[-4,1],[-14,1],[3,51],[16,-8],[1,12],[8,1]],[[1064,7662],[14,4],[2,-55],[-14,-17]],[[1149,7622],[-1,40],[-1,13]],[[1147,7675],[9,9],[8,-1]],[[965,8171],[-3,-5],[-20,-3],[3,-144]],[[937,8188],[1,0]],[[993,8142],[-3,-11],[-29,-94],[-6,-15]],[[1068,7588],[2,-1]],[[1106,7536],[-4,-18],[-8,8]],[[1094,7526],[0,4],[-7,6],[-10,-43],[-2,-6],[-5,-32]],[[1070,7455],[-5,-32],[4,-45]],[[1069,7378],[-13,-8]],[[1056,7370],[-20,-14],[-41,-22],[0,-10],[-2,-7],[-3,-6],[-6,5],[-2,11]],[[982,7327],[1,8],[4,10],[-1,10],[6,47],[7,56],[2,19],[1,21],[0,50],[-1,50]],[[1001,7598],[24,-5],[37,-6],[6,1]],[[879,7194],[1,-56]],[[880,7138],[-21,1]],[[859,7139],[0,60],[-9,0],[0,45]],[[850,7244],[28,16]],[[878,7260],[1,-66]],[[796,8601],[-1,-4],[-6,-5],[-26,-28],[-18,-17],[-12,-13]],[[733,8534],[-3,23],[-4,21],[-1,8]],[[725,8586],[9,9],[16,12],[5,7],[12,27],[7,33],[9,-13]],[[783,8661],[7,9],[-3,-11],[-2,-19],[8,13],[3,2],[2,-11],[3,6],[1,-6],[4,18],[3,-3],[1,6],[4,0],[-1,-9],[2,-6],[-5,-4],[0,6],[-4,-7],[1,-13],[3,-4],[-1,-13],[-6,1],[-4,-2],[-1,-9],[-2,-4]],[[804,8542],[-5,-2],[1,-11],[-7,-11],[-4,-4],[-1,12],[-32,-22],[-18,-17]],[[738,8487],[-5,47]],[[796,8601],[3,-7],[2,8],[3,-2],[2,-12],[5,0],[3,-10],[7,2],[-1,-10],[-3,-1],[-2,-11],[-3,1],[-4,-5],[-3,2],[-1,-14]],[[633,7158],[0,-7],[-13,8],[-2,-9],[-10,6],[-1,-1]],[[607,7155],[0,17],[0,20],[2,11],[4,12],[1,11],[2,12],[7,4],[1,10],[14,-15]],[[638,7237],[0,-2]],[[638,7235],[-2,-52]],[[636,7183],[-3,-25]],[[1296,7295],[-2,19],[-6,54]],[[1288,7368],[-8,79]],[[1280,7447],[28,28]],[[1329,7327],[-15,-16],[-18,-16]],[[645,7316],[-5,-32],[-2,-47]],[[607,7155],[-8,-10],[0,-5],[-13,5],[-4,0]],[[582,7145],[-1,5],[5,-1],[6,9],[1,-2],[5,5],[3,7],[0,19],[-2,3],[-2,12],[1,10],[4,2],[4,12],[-5,3],[-7,-2],[-2,2],[1,9],[-2,17],[0,11]],[[591,7266],[4,7],[2,0],[5,10],[3,18],[6,19]],[[611,7320],[4,18],[2,-2],[5,16],[3,19],[2,-6],[10,-28],[8,-21]],[[815,7228],[-8,-4]],[[807,7224],[-16,-8]],[[791,7216],[0,9],[-4,0],[-12,10],[4,4],[-2,15],[20,14],[3,1],[0,13],[-7,51],[-9,72]],[[784,7405],[16,8]],[[800,7413],[4,-53],[3,-32],[8,-94],[0,-6]],[[695,7257],[-3,-21],[8,-10],[-2,-10],[2,-11],[-1,-8],[-4,-15],[-6,-6],[-8,9],[-1,-9],[-19,22],[-1,0]],[[660,7198],[2,10]],[[662,7208],[14,58],[2,10]],[[678,7276],[17,-19]],[[662,7208],[-7,8],[-13,9],[-4,10]],[[645,7316],[4,-6],[29,-34]],[[645,7316],[6,32]],[[651,7348],[1,11],[13,-1],[0,-13],[3,-9],[6,-7]],[[674,7329],[7,-9],[5,-11]],[[686,7309],[-2,-8],[10,-11],[4,-13]],[[698,7277],[-3,-20]],[[660,7198],[-5,-22],[-4,-5],[-15,12]],[[1244,6974],[-5,-34],[-1,1],[-4,-27],[-12,13],[-1,-7]],[[1221,6920],[-1,-2],[-27,27],[-9,7]],[[1184,6952],[12,65]],[[1196,7017],[7,-7],[19,-16],[10,-10],[12,-10]],[[1235,6734],[-5,-3],[-1,13],[1,23],[-3,0],[1,22],[7,-1],[0,14]],[[1235,6802],[14,-5],[-2,-11],[-11,2],[-3,-1],[0,-17],[2,-14],[0,-22]],[[1094,7526],[0,-8],[2,-58],[-26,-5]],[[1164,7430],[-4,-13],[-5,-3],[-5,7],[-2,16],[-14,-3]],[[1134,7434],[-8,-4],[-11,-10],[-10,-13],[-14,-14],[-22,-15]],[[877,7415],[-8,94],[-8,75]],[[861,7584],[6,8],[18,11],[-1,7],[13,12],[10,6],[2,7],[9,15]],[[918,7650],[-3,-83],[0,-17],[-18,-25],[-11,-11],[-6,-4],[-5,0],[2,-28],[5,2],[1,-3],[7,-4],[5,2],[8,6],[5,0],[1,-3],[6,-31],[1,-14]],[[1386,7421],[-10,-9],[-13,-18],[-4,-8]],[[1327,7493],[27,27]],[[1354,7520],[10,14]],[[1364,7534],[20,-71],[9,-32],[-7,-10]],[[1019,8115],[-1,-23],[-5,-31]],[[1013,8061],[-1,-44],[-5,-17],[11,-68]],[[1018,7932],[5,-29]],[[1057,8009],[-12,-33],[-5,-8],[-16,-21],[-6,-15]],[[1013,8061],[18,-21],[4,2],[2,-17],[3,4],[17,-20]],[[1082,8045],[-5,-4],[-17,-26],[-3,-6]],[[1115,8376],[-12,-12],[-36,-36],[-5,-12]],[[1058,8355],[20,14],[18,20]],[[1096,8389],[6,9],[9,11]],[[1111,8409],[4,-33]],[[1115,8376],[3,-27]],[[1011,7057],[-16,-17]],[[995,7040],[-6,40],[14,15],[-1,8]],[[1002,7103],[6,4],[14,2],[10,9]],[[1032,7118],[5,-41],[-28,-9],[2,-11]],[[816,6814],[0,-12],[-5,-1]],[[811,6801],[-10,-1],[-3,103]],[[798,6903],[15,46]],[[839,7019],[0,-52],[-10,-1],[1,-33],[-17,-3],[1,-57],[2,-59]],[[1078,8524],[6,-30],[-5,-6],[5,-30],[5,7],[6,-43],[-2,-3],[3,-30]],[[1003,8519],[1,-5],[4,1],[3,-20],[3,-16],[1,3],[-2,11],[1,8],[-3,17],[-1,33],[6,2],[1,28],[-1,18],[2,-7],[4,3],[-2,-8],[2,-12],[-1,-13],[1,-31],[3,1],[3,-8],[5,1],[-1,12],[-1,0],[-1,26],[2,10],[5,-11],[2,4],[2,-7],[11,11],[3,-9],[-5,-11],[-7,-23],[2,-3],[-10,-19],[0,-6],[6,-3],[8,-11],[3,0],[0,11],[4,3],[1,-7],[5,9],[8,0],[4,7],[2,12],[2,4]],[[1237,8614],[-12,-15],[-13,-27],[-12,-36],[-10,-36]],[[1190,8500],[-7,11],[-4,13],[-3,20],[-6,21],[-7,12],[-2,-3],[-7,-25],[-4,-19],[-5,-12],[0,-6],[-3,-1],[-2,40],[-4,18]],[[1136,8569],[1,2],[5,-9],[4,-4],[3,2],[4,9],[1,7],[4,12],[-7,21],[-5,5],[2,11],[0,6],[-4,11],[0,32],[0,8],[-6,17],[-4,5],[3,22],[4,0],[1,-13],[2,-15],[4,5],[4,-21],[3,6],[7,-19],[5,-4],[-1,-8],[4,-10],[9,0],[-6,13],[4,9],[4,-3],[-1,-9],[7,-19],[3,-2],[5,3],[4,7],[3,-2],[5,10],[3,3],[4,-3],[-4,-18],[2,-3],[2,-7],[7,-2],[3,1],[10,19],[4,2],[2,-4],[2,-20],[-5,-8]],[[843,6817],[-27,-3]],[[849,7050],[0,-27],[2,-8],[2,-78],[-13,-2],[3,-118]],[[798,6903],[1,29],[-1,32],[-26,-3]],[[772,6961],[-1,7],[1,16],[3,35]],[[775,7019],[11,-4],[7,4],[5,6]],[[798,7025],[4,6],[3,6],[5,23]],[[1111,8409],[6,9],[7,7],[13,4],[6,6],[6,2],[7,-11],[5,-1],[6,3],[7,14],[16,58]],[[1237,8614],[3,0],[8,11],[10,-6],[1,-3],[-3,-19],[-4,-27],[0,-22],[-2,-29],[1,-15],[5,-13],[4,0],[8,9],[-6,-20],[-5,-6],[-3,0],[-6,-25],[-3,3],[-9,-19],[-4,1],[-3,12],[-3,2],[-4,-10],[-1,-23],[1,-15],[-3,-14],[-4,-6],[-2,-8],[-3,-5],[2,-29],[4,-11],[1,-13],[-2,-1],[-6,7]],[[809,7124],[1,-64]],[[798,7025],[-3,82]],[[795,7107],[-3,98],[-1,11]],[[807,7224],[2,-100]],[[829,7124],[-8,1],[-12,-1]],[[815,7228],[8,4]],[[823,7232],[3,-24],[2,-15],[1,-69]],[[859,7139],[-9,0],[0,-21]],[[850,7118],[-8,1],[-7,4],[-6,1]],[[823,7232],[27,12]],[[850,7118],[-1,-37]],[[880,7138],[0,-37],[1,-76]],[[881,7025],[-9,15],[-20,35],[-3,6]],[[775,7019],[-6,2],[3,37],[-2,43],[25,6]],[[937,7082],[1,-10],[-23,-11],[1,-23],[1,-53]],[[917,6985],[-11,0]],[[906,6985],[0,20]],[[894,7108],[-2,87],[-13,-1]],[[878,7260],[12,8]],[[930,7293],[5,3]],[[935,7296],[6,-55],[11,-94],[4,-22],[-21,-10],[2,-33]],[[895,7015],[-7,3],[-7,7]],[[973,6988],[-13,-1],[0,-13],[-28,-3],[0,12],[-15,-2],[0,4]],[[937,7082],[23,10],[3,-26],[5,-24],[4,5],[1,-59]],[[1421,7622],[-4,23],[-10,-13],[-9,61],[-4,22],[0,14]],[[1394,7729],[8,4],[7,16],[6,8],[11,8],[5,-5]],[[1431,7760],[-1,-7],[1,-24],[3,-18],[0,-10],[2,-11],[5,-10],[0,-11],[2,-12]],[[1443,7657],[-22,-35]],[[1375,7551],[-11,-17]],[[1354,7520],[-2,14],[-5,-1],[-7,5],[-11,31],[-7,24],[1,3],[-1,17],[2,35],[2,7],[8,19]],[[1334,7674],[12,-37],[18,-56],[8,-20],[3,-10]],[[1434,7440],[-16,9],[-4,4],[-7,15],[-12,44],[-13,50]],[[1382,7562],[39,60]],[[1443,7657],[12,21],[16,44],[4,8]],[[1475,7730],[8,-21],[5,-30],[2,-30]],[[1490,7649],[2,-31],[6,-16],[-2,-5],[-8,-10],[-5,-21],[-6,-11],[-5,-7],[-5,-23],[-8,5],[-7,-3],[-3,2],[-7,15],[-3,-13],[-1,-18],[0,-32],[-2,-43],[-2,2]],[[1490,7649],[14,7],[12,-1],[0,1],[13,-8],[-4,-28]],[[1525,7620],[-11,9],[-3,8],[-3,-1],[-6,-20],[4,-10],[8,-13],[4,-7]],[[1518,7586],[2,-6],[4,2],[1,-6],[-2,-6],[-6,-7],[1,-5]],[[1518,7558],[-9,-25],[-4,-7],[-1,-6]],[[1504,7520],[-3,5],[-8,-22],[-3,-11],[-4,1],[1,-31],[-2,-13],[-1,-14],[-15,-19],[-3,9],[-3,2],[-2,8],[-6,-9],[-1,-11],[1,-16],[-7,-4],[-4,-12],[-2,6]],[[1442,7389],[-6,17],[-2,16],[-3,7],[3,11]],[[1528,7618],[-3,2]],[[1475,7730],[8,22],[5,7],[7,7]],[[1495,7766],[3,-14],[1,-12],[0,-14],[-4,-6],[3,-8],[2,-34],[4,-8],[6,-2],[23,-15],[-3,-16],[-2,-19]],[[1528,7618],[-5,-33],[-5,5],[0,-4]],[[1518,7558],[11,-41],[13,-25],[2,-7],[2,-25],[1,-6],[12,-19],[1,-13],[0,-11],[-1,-21],[-5,-4],[-5,7],[-2,-7],[-3,0],[-3,9],[3,11],[-3,6],[-6,-3],[-4,-11],[-3,-17],[-1,-16],[-3,-22],[-4,1],[-1,8],[-4,30],[1,6],[-4,16],[0,12],[0,15],[1,13],[0,8],[1,13],[-1,10],[-2,10],[-7,16],[0,19]],[[266,6314],[-13,-4]],[[253,6310],[-16,-4]],[[237,6306],[-1,26],[-23,4]],[[213,6336],[0,43],[1,82],[2,4]],[[216,6465],[17,-16],[1,-34],[22,-1],[6,-52],[4,-48]],[[423,6181],[-2,-4],[0,-17],[-3,-9],[-3,-31],[-2,-1],[-12,5],[-3,-5],[-4,-18],[-4,-5],[0,-14],[-3,-10],[0,-9]],[[387,6063],[-9,1],[-17,0],[-26,-5]],[[335,6059],[-1,22]],[[334,6081],[-2,60]],[[332,6141],[14,3],[19,5],[1,2],[23,14],[7,3],[9,0],[-1,23],[6,8]],[[410,6199],[4,-4],[0,-10],[8,-1],[1,-3]],[[396,4743],[1,14],[4,25],[2,19],[6,45],[22,33]],[[431,4879],[2,-2],[-2,-10],[2,-15],[2,-44],[1,-67],[-10,-2],[-6,7],[-4,2],[-8,-7],[-12,2]],[[302,5952],[-2,-3],[-10,1],[-6,4],[-8,9],[-4,2],[-12,1]],[[260,5966],[4,6],[12,31],[0,13],[-4,39],[-2,52]],[[270,6107],[10,3]],[[280,6110],[13,3]],[[293,6113],[1,-33],[1,-13]],[[295,6067],[-2,-12],[3,0],[0,-11],[2,-38],[-6,-1],[3,-26],[7,-27]],[[328,6233],[2,-43]],[[330,6190],[-40,-12]],[[290,6178],[-2,58],[-2,52]],[[286,6288],[16,3],[23,4]],[[325,6295],[3,-62]],[[290,6178],[3,-65]],[[280,6110],[-1,12],[-10,-5],[-2,42],[-3,67],[-2,29],[-7,-2],[-1,36],[-1,21]],[[266,6314],[2,-27],[18,1]],[[334,6081],[-8,-4],[-9,-9],[-13,3],[-9,-4]],[[330,6190],[2,-49]],[[373,6251],[-12,-5],[1,-20],[-10,-6],[-1,21],[-23,-8]],[[325,6295],[13,3],[3,27],[9,15],[-7,19],[3,3],[1,12]],[[347,6374],[6,1],[0,6],[-4,1],[-1,18],[5,9],[1,5],[-4,4],[0,16],[2,3],[-6,9],[-4,11],[1,5],[-6,11],[1,6],[10,-7],[2,-4],[6,-2],[8,24],[-7,12],[3,16],[5,-5],[2,4],[-1,11]],[[366,6528],[10,-27],[-1,-18],[0,-39],[-1,-14],[-3,-1],[0,-29],[1,-17],[2,-39],[0,-29],[1,-32],[-4,-7],[2,-25]],[[430,4610],[15,-4],[-1,-18],[18,-17],[12,9]],[[474,4580],[-1,-16],[-2,-32],[-3,-25],[-10,-85]],[[458,4422],[-6,13],[-1,10],[-6,12],[-12,3],[-12,4],[-30,8],[-4,3],[-12,15],[-11,20]],[[364,4510],[-1,6]],[[363,4516],[-2,10],[2,42],[2,21],[26,11]],[[391,4600],[9,3],[21,3],[9,4]],[[458,4422],[-9,-72]],[[449,4350],[-10,11],[-6,-26],[0,-8],[-3,-18],[-4,-22],[-4,-15],[-16,6]],[[406,4278],[1,34],[4,-6],[3,40],[1,12],[-14,9],[-7,3],[1,11],[-16,19],[-7,7],[-2,-3],[-8,8],[-11,7]],[[351,4419],[1,13],[12,78]],[[406,4278],[-41,23],[-14,6],[-15,12]],[[336,4319],[10,63],[5,37]],[[336,4319],[-4,-10],[1,-13],[-4,0]],[[329,4296],[-9,4],[0,-35],[-17,-19],[-5,-3],[-3,-12],[-6,-7],[-5,3],[-18,15]],[[266,4242],[5,30],[9,37],[14,59],[7,31],[3,31],[1,20],[-2,30]],[[303,4480],[-6,69],[2,2],[17,-4],[9,0],[0,-2],[7,3],[5,-13],[7,-8],[4,2],[2,-8],[1,6],[8,-4],[4,-7]],[[431,4879],[3,34],[-1,24],[0,37],[6,30],[5,23],[4,10],[5,24],[2,25],[4,25]],[[459,5111],[5,-8],[15,-34],[4,-16],[6,-34],[1,-12],[-8,-89],[-6,-55],[-2,-42],[0,-32]],[[474,4789],[0,-67],[-6,4],[-4,-9],[-5,-4],[-3,2],[-7,-5],[-11,3],[-4,2],[-2,-30],[-1,-24],[-1,-51]],[[391,4600],[-1,27],[-1,38],[0,28],[-1,30],[-1,10],[6,2],[3,8]],[[406,4278],[-2,-31],[7,-5],[-2,-37],[-17,2],[0,-9]],[[392,4198],[-13,-7],[-17,-8],[-14,-2],[-9,0],[1,-17],[-12,1]],[[328,4165],[1,40],[-1,25],[1,66]],[[320,4001],[0,-59],[1,-17],[-1,-45]],[[320,3880],[1,-20],[-2,-29],[0,-26],[1,-47]],[[320,3758],[-8,15],[-5,1],[-9,7],[-6,9],[-4,-30],[-3,-39],[-12,2]],[[273,3723],[-3,0],[-15,5],[-11,1],[-11,4]],[[233,3733],[3,41],[5,102]],[[241,3876],[1,24],[3,50],[3,38]],[[248,3988],[24,-8],[4,54],[9,-7],[11,-9],[13,-18],[11,1]],[[234,3633],[4,-57]],[[238,3576],[1,-26],[4,-58]],[[243,3492],[-42,-1],[-7,-3],[-13,2]],[[181,3490],[2,42],[13,120]],[[196,3652],[29,-15],[9,-4]],[[253,3349],[-32,0],[-44,-2]],[[177,3347],[-1,53],[1,23],[4,67]],[[243,3492],[3,-46],[7,-97]],[[233,3733],[-1,-22],[0,-25],[1,-33],[1,-20]],[[196,3652],[-1,5],[-32,15],[-1,1]],[[162,3673],[4,11],[4,16],[6,34],[-1,6],[10,33],[1,7],[-2,5],[2,4],[5,29],[1,13]],[[192,3831],[16,10],[4,0],[10,-7],[3,11],[11,25],[5,6]],[[254,3342],[-1,7]],[[238,3576],[5,-1],[19,-8],[10,0],[49,10]],[[321,3577],[6,1],[15,-2],[4,-1],[8,-8],[11,0]],[[365,3567],[1,-36],[1,-42],[2,-12],[-1,-25]],[[368,3452],[-18,-10],[-15,5],[-5,-3],[-9,-2],[0,-54],[-1,-2],[-22,-12],[-12,-8],[0,-4],[-32,-20]],[[749,7426],[-8,-16]],[[741,7410],[-19,-39]],[[722,7371],[-20,63],[12,26]],[[714,7460],[9,19]],[[723,7479],[9,-37],[9,16],[8,-32]],[[722,7371],[-6,-8]],[[716,7363],[-5,17],[-9,20]],[[702,7400],[-17,37],[-10,27],[11,22],[-9,29]],[[677,7515],[0,3],[-12,38]],[[665,7556],[6,13],[5,16],[16,-3]],[[692,7582],[0,-16]],[[692,7566],[-2,-16],[-5,-18],[17,-50],[3,8],[9,-30]],[[765,7459],[-16,-33]],[[723,7479],[3,10],[7,24]],[[733,7513],[5,-1],[9,2],[7,9],[9,-56],[2,-8]],[[692,7566],[20,-4],[2,5],[6,-56],[3,-32]],[[1036,7240],[1,-5],[5,-55]],[[1042,7180],[-26,-20],[-3,24],[-10,56],[15,13],[3,-24],[15,11]],[[1081,7092],[-12,-15],[-14,-16],[0,-2],[-8,-11],[-5,31],[3,8],[-2,12],[0,26]],[[1043,7125],[0,39],[-1,16]],[[1036,7240],[-5,21],[23,21],[12,11],[-5,33],[-5,44]],[[1134,7434],[-2,-36],[-6,-52],[-7,-44],[-8,-39],[-7,-28],[-12,-31],[-3,-3],[-5,-24],[-3,-16],[0,-68],[0,-1]],[[995,7040],[5,-30],[-6,-7],[-18,-4],[-1,52],[2,7],[7,14],[0,28],[15,10],[3,-7]],[[1372,7824],[-9,-2],[-1,13],[-4,-2],[-20,-5]],[[1338,7828],[0,22],[3,22],[4,9],[2,29],[3,14]],[[1350,7924],[8,-8],[13,-7]],[[1371,7909],[2,-37],[-2,-26],[1,-22]],[[1392,8020],[-3,-22],[4,-6],[-3,-17],[-11,-68],[-8,2]],[[1350,7924],[6,32]],[[1356,7956],[15,97],[18,-20],[-1,-6],[4,-7]],[[1356,7956],[-5,5]],[[1351,7961],[1,18],[2,40],[3,23],[0,5],[6,36],[2,-3],[3,13],[9,-8],[3,19],[1,2],[3,17],[-3,29],[8,0],[16,-19],[5,-4],[-11,-67],[2,-4],[-2,-17],[-3,4],[-4,-25]],[[1379,7772],[2,10],[5,8],[1,-6],[2,6],[1,-4],[10,14],[6,15],[6,10],[7,24],[4,8],[6,9],[3,18],[3,24],[2,27],[6,32]],[[1443,7967],[4,-24],[6,-29],[8,-33]],[[1461,7881],[-11,-43],[-8,-11],[3,-11],[-2,-13],[-14,-13],[-7,7],[2,-11],[-25,-34],[-5,-3],[-4,7],[-8,-5],[1,10],[-4,11]],[[441,3901],[-14,20],[-6,20],[-6,12],[-16,19],[5,18],[0,9],[-3,9],[-6,41],[0,7],[3,29]],[[398,4085],[2,11],[-3,41],[-2,7],[-3,3],[1,20],[-1,31]],[[449,4350],[-3,-19],[5,9],[3,0],[2,-10],[0,-10],[3,-15],[4,-7],[-4,-24],[-4,-56],[-7,0],[-10,7],[-3,-17],[3,-20],[5,-14],[6,-3],[2,-7],[-2,-9],[2,-20],[-1,-37],[4,-38],[0,-12],[3,-28],[2,-22],[-1,-12],[2,-43],[-1,-12],[2,-9],[0,-23],[1,-7],[-3,-2],[4,-26],[-1,-5],[-7,19],[-7,14],[-7,9]],[[453,3622],[1,30]],[[454,3652],[13,-3],[9,0],[3,2],[2,-30],[-21,0],[-7,1]],[[9955,8147],[0,3],[2,51],[-4,1],[4,35],[-7,10],[3,25]],[[9953,8272],[8,-8],[-1,-16],[15,-6],[0,5],[24,-11],[0,-69],[-2,-1],[0,-15],[-8,-11],[-1,-15],[-7,2],[0,-6],[-4,-6],[-1,-16],[-3,2],[-1,-9],[-17,9],[3,39],[-3,7]],[[674,7329],[0,3]],[[674,7332],[6,0],[1,13],[7,0],[0,12],[14,1]],[[702,7358],[0,-49],[-10,-1],[-6,1]],[[652,7467],[0,-49]],[[652,7418],[-21,2]],[[631,7420],[0,23],[-9,0],[0,12],[2,-1],[0,15]],[[624,7469],[0,15],[28,0],[0,-17]],[[673,7372],[-21,1],[0,45]],[[652,7467],[2,4],[23,44]],[[702,7400],[0,-6],[-29,1],[0,-23]],[[716,7363],[-7,-5],[-7,0]],[[674,7332],[0,26],[-1,14]],[[9955,8147],[-5,-12],[-9,31],[-2,-3],[-3,13],[0,2],[-7,19],[2,7],[-3,7],[-9,-9],[-3,0],[-6,17],[2,8],[10,30],[-1,3],[-3,-8],[-4,13],[13,18],[1,-4],[12,21],[6,-18],[7,-7],[0,-3]],[[3541,9879],[4,-1],[0,-40],[-3,0],[1,-24],[3,0],[2,-19],[2,1],[1,-12],[12,-1],[4,18],[5,39],[3,-3],[1,12],[2,11],[7,-9],[3,-10],[0,-5],[-4,-20],[2,-4],[1,-9],[-2,-14],[3,-16],[11,-16],[-2,-13],[-9,12],[-7,0],[-4,-4],[2,-7],[-1,-11],[1,-25],[-3,-22],[-5,7],[-2,11],[1,38],[0,9],[-9,-4],[-9,-9],[-1,9],[-4,-5],[-4,4],[-2,-7],[-4,9],[4,8],[0,7],[-4,20],[-15,1],[2,20],[-3,6],[0,10],[-2,10],[3,5],[1,15],[-3,6],[4,0],[-1,14],[5,5],[8,2],[2,5],[3,-4]],[[295,5440],[-9,36]],[[286,5476],[-2,7],[-5,6]],[[279,5489],[-7,14],[-3,25],[2,41]],[[271,5569],[5,6],[0,-16],[-1,-29],[2,-2],[2,-14],[5,-9],[0,-6],[3,-3],[3,13],[10,-3],[1,2],[5,-5],[8,-10],[-1,-9],[-3,-13],[-4,5],[0,7],[-3,6],[-9,-4],[-3,-12],[5,0],[2,-4],[0,-22],[-3,-7]],[[321,5596],[-2,-21],[-4,4],[-3,9],[2,8],[3,-4],[3,18],[3,-1],[-2,-13]],[[320,5639],[-6,-4],[-2,8],[3,2],[0,7],[5,3],[0,-16]],[[319,5656],[-2,-2],[-2,20],[3,0],[1,-18]],[[4910,9680],[-1,-5],[11,1],[1,-22],[-20,-2],[0,-10],[-7,-4],[-9,-8],[-6,-3],[-9,-8],[-5,-10],[2,-12],[-7,-20],[-6,-31],[-1,-17],[-7,-2],[-2,-4],[-6,-3],[-2,-7],[-5,14],[9,26],[-9,17],[2,7],[7,-14],[7,21],[9,32],[0,8],[4,18],[9,17],[5,-5],[2,-11],[12,6],[10,2],[0,13],[9,2],[1,15],[2,-1]],[[8294,8038],[5,0],[1,-4],[11,10],[1,-5],[-12,-13],[7,-18],[12,-51],[3,6],[3,-11],[-4,-9],[3,-14],[-6,-6],[-4,20],[-4,-5],[-3,10],[4,5],[-3,18],[-3,-4],[-3,5],[-2,13],[-5,29],[-6,-11],[-4,6],[1,13],[7,6],[-2,15],[2,2],[1,-7]],[[4522,9598],[6,-26],[4,-26],[-11,-8],[-9,-7],[-11,-11],[-5,-8],[-11,-10],[-17,-10],[-3,-6],[-7,-6],[-4,0],[-3,4],[-7,-8],[-10,-13],[-11,-9],[-3,-5],[-6,-3],[-11,0],[-8,5],[-19,14],[2,25],[-8,8],[2,13],[16,-17],[7,-3],[8,-9],[9,-3],[6,5],[4,0],[21,21],[3,5],[12,9],[18,10],[7,0],[11,2],[2,3],[1,-9],[2,1],[-3,23],[3,4],[-2,13],[7,4],[14,15],[-3,16],[5,4],[2,-7]],[[4549,9570],[11,-3],[7,-4],[1,15],[3,3],[2,-10],[4,-1],[21,-15],[7,1],[0,10],[2,5],[4,0],[0,-8],[4,-2],[1,-9],[9,9],[8,2],[4,-8],[4,0],[0,-16],[2,0],[-2,-14],[-3,-3],[-7,2],[-10,-5],[-7,0],[-1,-7],[-9,1],[-11,11],[-13,9],[-10,8],[-7,8],[-15,1],[-1,10],[-6,0],[0,6],[2,14],[4,0],[2,-10]],[[6168,5859],[-4,-14],[-4,-18],[-1,-41],[-1,-12],[2,0],[6,8],[0,-23],[-5,-17],[-3,6],[-4,13],[-6,-7],[-6,3],[2,10],[-2,5],[6,15],[1,9],[0,25],[-2,12],[2,1],[1,18],[2,0],[6,12],[0,6],[5,2],[5,-13]],[[6135,5719],[-2,-3],[-5,20],[5,4],[6,-1],[0,-8],[-4,-12]],[[3158,9572],[0,-8],[6,-13],[3,-16],[-7,-4],[-3,14],[-16,-10],[-2,23],[8,7],[8,1],[1,19],[-1,21],[1,1],[1,-12],[1,-23]],[[295,5440],[1,-6],[10,-9],[-2,-5],[-6,3],[-2,-14],[-3,2],[-10,-43],[-2,7],[-3,0],[-4,18],[-4,0],[1,19],[4,1],[5,19],[2,17],[0,7],[4,20]],[[320,5420],[-2,-1],[-1,-11],[-4,2],[0,10],[3,0],[1,13],[4,0],[-1,-13]],[[5149,9999],[13,-16],[-8,-27],[-5,-16],[4,-5],[-5,-25],[3,-18],[-2,-7],[-5,-9],[-1,-15],[-3,-11],[-7,13],[-11,-53],[-4,5],[-15,-47],[3,-15],[-3,-7],[4,-21],[-4,-7],[-1,2],[-10,40],[8,15],[5,10],[13,46],[6,19],[14,50],[-6,31],[-2,19],[4,4],[1,-2],[5,-24],[13,57],[-5,9],[1,5]],[[784,7405],[-1,11],[-3,43],[3,3],[-1,27],[-1,3]],[[781,7492],[3,4],[9,7]],[[793,7503],[3,-35],[4,-55]],[[5704,9114],[-1,-3],[-6,2],[-8,-6],[-6,-19],[-4,1],[-2,7],[-7,-2],[-11,30],[-1,6],[5,11],[4,11],[6,31],[11,-10],[6,-11],[1,-19],[3,-15],[10,-14]],[[177,3295],[0,52]],[[254,3342],[3,-44]],[[459,8679],[-3,-5],[-11,-9],[-1,3],[5,10],[-1,4],[-5,-9],[-10,-9],[0,-8],[-3,-10],[-1,-17],[2,-7],[3,6],[5,5],[7,1],[7,-8],[7,-5],[-2,-12],[-4,-2],[0,-6],[-4,-12],[0,-8],[-6,12],[-1,14],[-2,4],[-1,-6],[-5,-6],[3,-8],[2,-23],[-2,-8],[4,-3],[0,-9],[4,-4],[0,-21],[4,-6],[-3,-37],[-8,-15],[1,-3],[8,14],[3,0],[6,14],[2,-9]],[[459,8481],[-10,-20],[-6,-7],[-5,0],[-2,-8],[-4,-6],[-10,-53],[-3,-34]],[[419,8353],[-5,-72]],[[386,8045],[-10,4],[-1,3],[-17,19],[-7,5],[-15,16],[0,2]],[[336,8094],[1,-2],[36,-34],[3,2],[1,6],[7,39],[-1,2],[-14,26],[-5,5],[0,6],[-3,3],[2,12],[-2,-7],[2,17],[1,-9],[1,12],[2,-1],[-2,-10],[5,-9],[2,-17],[5,-9],[5,7],[6,10],[3,11],[7,34],[1,4],[4,39],[2,48],[-3,14],[-8,1],[-1,3],[6,-1],[2,9],[4,21],[1,17],[-2,6],[4,6],[-28,33],[19,104],[1,13],[-1,11],[-14,73],[-15,1],[-13,-49],[-2,-12],[-1,-26],[5,16],[3,-7],[-17,-48],[-11,-31],[-3,7],[6,15],[-6,7],[-4,1],[-5,-3],[-3,-17],[-5,-1],[-3,11],[1,11],[-3,10],[2,23],[0,7],[-3,13],[-1,3],[-4,-3],[2,17],[5,11],[2,10],[2,-4],[2,10],[3,6],[4,1],[1,13],[4,10],[1,-8],[5,-2],[2,11],[2,3],[3,19],[5,8],[-1,3],[5,9],[4,-13],[4,9],[3,15],[6,-3],[2,5],[3,-4],[3,3],[5,-10],[6,-2],[2,9],[4,0],[2,-5],[4,5],[3,-1],[4,3],[1,-4],[2,6],[3,-4],[0,8],[5,3],[3,25],[3,13],[3,-3],[6,17],[1,13],[4,-11],[4,-1],[1,-4],[8,-5],[6,1],[1,-8],[2,-3],[1,-9]],[[419,8353],[5,2],[13,-6],[10,-6]],[[447,8343],[11,-9],[14,-17]],[[6596,8349],[-3,-14],[-15,-8],[-31,-20],[0,-9],[-10,-4],[0,11],[5,1],[-1,9],[4,1],[28,18],[-1,6],[5,10],[1,-9],[14,7],[1,10],[4,-3],[-1,-6]],[[115,5994],[4,13],[18,75],[11,54],[8,40],[4,20],[0,15]],[[160,6211],[5,-22],[12,-51],[4,-30]],[[181,6108],[-9,-17],[-13,-19],[-7,-30],[-11,-55]],[[141,5987],[-6,-24],[-20,31]],[[459,8679],[7,-25],[1,2],[3,-14],[4,-3],[5,3],[4,16],[3,5],[0,9],[5,4],[4,-6],[10,7]],[[505,8677],[-6,-17],[-4,-2],[-2,-7],[2,-4],[-4,-2],[-5,-15],[0,-14],[3,-37],[-1,-1],[0,-16],[-5,1],[-1,-22],[1,-6]],[[483,8535],[-24,-54]],[[495,8398],[-26,9],[-7,1],[-13,4],[-1,-39],[0,-3],[-1,-27]],[[483,8535],[13,25],[9,12]],[[378,7965],[-10,7],[-10,17]],[[358,7989],[5,24],[1,11],[1,18],[-1,19],[-2,-5],[-9,9],[-3,-2],[-8,5],[-6,14],[-2,9],[0,24],[8,52],[4,11],[4,7],[5,3],[1,-9],[-5,0],[-3,-3],[-3,-9],[-9,-57],[0,-16]],[[426,7828],[-1,-14]],[[425,7814],[-8,-3],[-7,0],[-10,5],[-4,0],[-10,-9]],[[386,7807],[-1,10],[-11,3],[-6,6],[0,26]],[[472,7796],[-1,-13]],[[471,7783],[-7,5],[-19,22],[-5,4],[-15,0]],[[425,7814],[-7,-82],[-5,-63]],[[413,7669],[-16,8],[-1,-2],[-16,6],[2,37],[1,3],[3,86]],[[471,7783],[-1,-25]],[[409,7264],[-10,-4],[-3,-3],[-4,-10]],[[392,7247],[1,17],[-1,20],[-3,5],[-6,3],[-2,5],[-4,15],[-6,39],[0,21],[3,12],[7,18],[7,8],[4,8],[2,13],[-2,28],[-9,25],[-2,10],[0,34],[-4,18],[0,9],[2,8],[11,26]],[[390,7589],[9,21],[9,24],[4,16],[1,19]],[[817,7813],[-1,-6],[-7,2],[-1,-23],[-9,-27],[-5,-5],[-5,-16],[-12,-54],[2,-6],[3,-27],[-1,-15],[-4,1],[-13,-15]],[[764,7622],[-4,13],[-4,16],[-3,36],[-3,-9]],[[750,7678],[-7,23],[-16,29],[5,-2],[0,28],[-12,-2],[0,32],[28,2],[-1,16],[-4,45],[-3,20],[0,16]],[[793,7503],[1,1],[-1,21],[1,3],[-4,15],[-1,7]],[[789,7550],[3,2],[12,29],[2,17],[0,45],[-3,29],[2,8],[4,-1],[4,-5],[12,-2],[8,12],[9,6]],[[842,7690],[-1,-16],[-7,-47],[23,-22],[2,-3],[2,-18]],[[553,7574],[2,4]],[[565,7540],[2,-11],[5,-16],[5,-8],[1,-8],[5,-9],[3,-15],[7,-22],[8,-5],[4,-9],[12,-15],[2,-9]],[[619,7413],[-14,-15],[-10,32],[-10,-12],[-14,-9],[-4,-17],[-12,17]],[[521,7482],[7,25],[2,20],[-7,17],[21,37],[5,-15],[4,8]],[[668,8453],[0,41],[1,45]],[[669,8539],[29,-39],[16,-27],[8,-12]],[[619,7413],[1,0],[3,-25],[5,-11]],[[628,7377],[7,-13],[8,-11],[8,-5]],[[611,7320],[-5,9],[-6,3],[-25,27],[-24,30]],[[541,7341],[0,-6],[18,-22],[-3,-12],[8,-11],[11,-23]],[[575,7267],[-2,-6],[-6,-3],[0,-12],[1,-4],[-3,-5],[-1,-11],[-2,-1]],[[470,7307],[-11,19],[-7,20]],[[452,7346],[5,-1],[3,11],[-3,13],[9,11],[0,20],[3,0],[4,7],[3,0],[0,10],[-3,14],[-3,10]],[[432,7122],[3,-2],[2,-11],[3,0],[3,20],[9,49],[2,5],[6,-1],[10,53],[7,38]],[[528,7196],[0,-13],[-4,2],[-6,-11],[-2,-2],[1,-6],[0,-14],[-6,0],[-1,-22],[8,-10],[-1,-8],[-6,-8],[-1,-7],[3,-18],[3,-9],[-4,-9],[-3,15],[-3,6],[0,8],[-2,9],[-4,-2],[-4,-8],[-3,-13],[0,-16],[-4,-3],[-8,15],[-1,8],[2,6],[-1,8],[2,6],[-4,7],[1,13],[-2,7],[-4,-6],[-6,3],[2,3],[2,20],[-2,4],[-5,-2],[-2,3],[-3,-7],[-3,0],[-2,-29],[1,-16],[-9,13],[-4,-24],[-2,1],[-7,-6],[-1,6],[-5,11],[4,12],[0,9]],[[641,8572],[14,-14],[14,-19]],[[750,7678],[-4,-8]],[[746,7670],[-6,18],[-4,5],[-5,1],[-9,-4],[-8,-1],[-10,7],[-4,11],[-4,3]],[[696,7710],[0,20]],[[838,7823],[3,-11],[9,-27],[0,-17],[-5,-8],[-1,-22],[2,-19],[-3,-12],[-2,24],[-4,22],[-1,17],[-9,-7],[3,-12],[1,-13],[6,-39]],[[837,7699],[-1,-3],[-6,-3],[-12,1],[-6,1],[-6,-1],[-3,-4],[-3,-10],[-9,-60],[-3,-12],[-7,-8],[-5,0]],[[776,7600],[-3,2],[-9,20]],[[789,7550],[-11,5],[-6,11]],[[772,7566],[2,2],[2,32]],[[837,7699],[5,1],[0,-10]],[[772,7566],[-4,7],[-3,0],[-11,-19],[-8,-17],[-7,-4],[-2,3],[-3,12],[1,8],[3,6],[0,10]],[[738,7572],[0,15],[-1,6],[-8,8],[-6,4],[-1,8],[4,7],[9,4],[3,3],[5,12],[7,14],[-1,9],[-3,8]],[[995,7632],[-5,-8],[-4,-1],[-6,6],[-5,-4],[-8,0],[-7,8],[-4,14],[-12,30],[-4,3]],[[940,7680],[-3,13],[-5,-7],[-7,-5],[-5,27],[8,11]],[[1235,6734],[2,0],[2,-28],[13,6],[1,-6],[-5,-3],[1,-17],[-5,-4],[-10,-5],[-1,-8],[-4,-2],[-1,-7],[-4,-2]],[[1224,6658],[-14,-2],[-3,15],[-2,-3],[-5,78],[-21,3],[-3,53],[0,40],[3,31]],[[1179,6873],[6,3],[16,-15],[3,15],[3,17],[13,-13],[4,24]],[[1224,6904],[4,-10],[1,-16],[1,-28],[-4,-15],[-4,-14],[-6,-9],[1,-13],[5,3],[13,0]],[[920,7669],[-2,-19]],[[842,7690],[1,0],[6,-11],[8,-8],[1,-3],[7,-4],[13,18],[7,0],[7,12],[8,1],[5,-11],[1,-11],[5,-7],[9,3]],[[940,7680],[-10,-9],[-10,-2]],[[1066,7594],[2,-6]],[[1001,7598],[-1,11],[-5,23]],[[1057,7757],[4,4],[5,8],[10,11]],[[1076,7780],[3,-3],[1,-14],[-6,-1],[-4,-22],[-3,-19],[-1,-42],[-2,1],[0,-18]],[[590,8682],[0,-31],[2,-20],[-5,-4],[1,-14],[1,-20],[8,2],[0,-11]],[[505,8677],[7,2],[0,8],[4,0],[5,13],[1,7],[-1,12],[-5,6],[1,7],[7,-9],[3,-6],[5,-2],[1,-12],[3,-6],[5,-2],[2,3],[3,13],[3,1],[6,-15],[0,11],[3,0],[-1,-12],[2,-2],[-5,-18],[0,-11],[3,-10],[4,5],[0,-9],[2,0],[0,-9],[4,0],[2,5],[3,26],[2,13],[6,-8],[-4,-15],[1,-7],[-3,-5],[3,-9],[5,0],[4,-6],[-1,17],[1,0],[2,29],[2,0]],[[702,8722],[-1,-1],[-1,-16],[0,-22],[3,-21],[3,-36]],[[706,8626],[-2,-1],[-4,24],[-9,-6],[-11,-28],[1,-4],[-11,-7],[0,4],[-6,-4],[-18,-11],[-4,1],[-1,-15],[0,-7]],[[590,8682],[1,3],[3,-17],[5,-10],[3,-22],[3,1],[-1,7],[3,7],[1,16],[-2,23],[2,-1],[2,-15],[3,1],[2,-18],[4,6],[2,17],[-3,8],[1,5],[-4,21],[4,-1],[2,8],[4,-20],[3,4],[4,-1],[0,-6],[8,-5],[6,17],[1,33],[2,8],[3,-17],[-2,-4],[4,-3],[0,-14],[6,2],[2,8],[2,-7],[0,-9],[-2,-2],[1,-14],[3,-4],[2,3],[5,18],[4,3],[2,-11],[2,5],[3,-2],[3,10],[7,-5],[4,6],[1,10],[3,-2]],[[706,8626],[1,-15],[4,-43],[14,18]],[[738,8487],[4,-27],[4,-24],[-1,-9]],[[702,8722],[1,-13],[6,-2],[0,-11],[5,-4],[2,-23],[1,-5],[-1,-6],[0,-14],[-2,-9],[7,1],[1,9],[3,17],[-2,6],[2,31],[-3,4],[-2,16],[-3,23],[2,0],[1,-14],[3,-10],[5,-7],[0,8],[3,-1],[1,17],[-2,10],[-3,4],[-5,1],[-1,8],[4,7],[3,-3],[3,25],[5,3],[-2,-25],[0,-5],[5,-6],[2,9],[2,0],[1,-12],[3,-6],[-3,-14],[0,-10],[3,0],[0,-8],[-4,4],[-3,-12],[1,-10],[-3,-11],[5,-7],[4,-14],[2,-1],[0,-9],[3,-1],[3,5],[1,8],[4,14],[-5,19],[6,4],[-2,12],[-3,4],[3,11],[3,-3],[2,7],[-1,8],[-2,-2],[1,13],[2,1],[2,-7],[-1,-6],[2,-8],[5,5],[5,1],[0,-11],[-3,-7],[7,-11],[3,4],[1,-5],[8,8],[1,-5],[-6,-8],[-5,-11],[2,-14],[-3,-7],[1,-10]],[[804,8542],[0,-10],[-2,-11],[1,-5],[-4,0],[-4,-19],[3,0],[-5,-9],[0,-10],[-4,4],[-5,-1],[9,-23],[0,-10],[-7,-4]],[[781,7492],[-16,-33]],[[733,7513],[-3,6],[-4,20],[0,25],[2,15],[5,-6],[5,-1]],[[633,7158],[2,0],[1,-19],[0,-24],[-7,-6],[-4,-1],[4,-32]],[[629,7076],[-4,-3],[-5,13],[-1,0],[-5,-14],[-2,0],[-1,-14],[1,-8],[-1,-2],[-6,3],[0,-15],[-1,-7],[1,-10],[-1,-9],[-6,-7],[-2,-17],[4,-2],[-4,-6],[-2,6],[-3,-9],[-1,-7],[-3,1],[0,7],[-4,9],[4,6],[2,15],[-2,13],[1,18],[-5,4],[-4,-5],[-6,13],[1,12],[4,2],[2,13],[4,-3],[3,21],[-1,12],[3,-2],[1,15],[3,4],[-2,13],[-6,4],[-3,0],[0,5]],[[1314,7218],[4,-2]],[[1318,7216],[2,-9],[-5,-19],[2,-3],[-5,-11],[-2,-1],[3,-9],[-6,-11],[-1,-6],[5,-6],[1,-16],[3,1],[1,-14],[-1,-8],[4,2],[1,-17],[-5,8],[-8,1],[1,-11],[-9,3],[-1,4],[-2,-15],[-3,-6],[-3,4],[-4,-5],[-4,6],[-13,-6],[2,-4],[-4,-13]],[[1267,7055],[-4,10],[-3,-10],[-10,-23]],[[1250,7032],[-17,49],[-8,21]],[[1225,7102],[7,26],[5,50],[4,49],[-1,26]],[[1240,7253],[9,3],[5,-1],[6,-11],[20,-4]],[[1280,7240],[1,-45],[10,-4],[1,-6],[-3,-13],[2,-1],[-5,-20],[7,-12],[7,27],[4,0],[2,13],[5,21],[3,18]],[[1184,6952],[-3,-14],[-22,6]],[[1159,6944],[-14,3],[-3,-13],[-7,-20],[-3,-12],[-4,-7],[-4,-12],[-6,-4]],[[1118,6879],[-3,9],[-4,11]],[[1111,6899],[48,108],[9,23],[9,23],[10,34],[6,24],[7,31],[19,107],[7,43]],[[1226,7292],[11,-29],[3,-10]],[[1225,7102],[-11,-26],[-8,-16],[-4,-11],[-6,-32]],[[1259,7011],[-9,21]],[[1267,7055],[-5,-19],[3,-7],[-6,-18]],[[1221,6920],[4,-5],[-1,-11]],[[1179,6873],[0,23],[-23,5],[3,43]],[[5535,8919],[-4,-8],[-1,-23],[-5,-8],[-3,0],[-8,9],[10,42],[-1,8],[5,16],[11,-10],[-6,-5],[0,-9],[2,-12]],[[1259,7011],[2,-7],[-10,-29],[-6,5],[-1,-6]],[[1224,6658],[1,-14],[-7,-3],[1,-14],[0,-9],[2,-6],[-4,-9],[-2,0],[-2,-10],[1,-8],[4,-28],[-2,-6],[-19,17],[-4,-1],[1,-12],[9,-26],[4,3],[5,-18],[3,0],[5,6],[3,0],[12,-11],[4,-9],[2,-14],[-1,-12],[-3,-9],[-8,1],[-8,7],[-2,7],[-15,-28],[-5,-26],[-4,2],[-5,-13],[-6,5],[-1,-8],[-5,-7],[-27,-46],[-2,-2],[-1,13],[-5,25],[-5,26],[-1,18],[-2,20],[-4,13],[-4,26],[0,17],[-7,51],[-4,24],[-1,14],[-3,32],[-6,27],[-3,32],[1,26],[1,11],[7,14],[4,12],[7,16],[1,15],[-1,19],[0,36],[-3,30],[-2,5]],[[982,7327],[-47,-31]],[[1442,7389],[-2,-3],[-5,10],[-5,-9],[-2,10],[-6,-12],[-6,-5],[-6,5],[-1,-12],[-3,-11],[-4,-1],[-8,5],[-2,9],[-4,-1]],[[1388,7374],[1,9],[0,18],[-3,20]],[[1375,7551],[7,11]],[[811,6801],[0,-6],[-11,-5],[-4,-4],[-5,3],[-6,11],[-4,14],[-6,1],[-3,11],[-2,27],[-2,8],[-2,12],[-3,8]],[[763,6881],[-1,16],[3,11],[1,-4],[10,1],[0,24]],[[776,6929],[-4,22],[0,10]],[[242,5988],[2,-44],[-15,6],[-5,5],[-13,21],[-6,5],[-5,-2],[-18,-24],[-10,15],[-11,-14],[-20,31]],[[181,6108],[4,-5],[10,-4],[17,1],[15,-4],[1,-3],[3,-19],[-1,-16],[-12,-20],[-4,-10],[-3,-18],[1,-17],[6,-17],[3,-4],[5,4],[12,12],[4,0]],[[1078,8524],[4,19],[-3,8],[-7,14],[-2,-5],[-2,6],[2,5],[-5,14],[-6,-12],[-3,-10],[-2,3],[2,13],[5,16],[0,11],[-5,20],[0,10],[2,-4],[2,4],[2,-7],[2,-10],[5,-4],[3,-6],[-2,-10],[4,-19],[2,3],[6,-6],[-3,-11],[5,1],[4,-8],[-1,-8],[2,-4],[2,4],[1,-8],[4,-8],[3,7],[2,-3],[4,6],[4,-12],[0,-10],[2,-6],[5,7],[5,0],[-7,21],[0,15],[-3,10],[2,15],[3,-2],[1,5],[1,-27],[7,-20],[5,-9],[3,2],[1,9],[-4,16],[3,9],[3,1]],[[924,6719],[-33,-26],[-4,2],[-1,13],[-2,7],[-8,2],[-4,10],[-2,47],[-1,47],[-26,-4]],[[906,6985],[2,-109],[11,1],[1,-80],[4,-78]],[[241,6101],[1,-113]],[[181,6108],[3,6],[11,35],[7,26],[3,42],[5,43],[3,76]],[[237,6306],[4,-205]],[[426,6087],[-16,-23],[-23,-1]],[[423,6181],[2,-3],[5,-10],[3,-17],[0,-11],[4,3],[9,-3],[3,7],[1,12],[-4,14],[4,5],[5,15],[-2,7],[7,6],[7,13],[1,-5],[9,22],[5,4],[3,-1],[12,9]],[[497,6248],[10,-54],[-71,-94],[-10,-13]],[[1237,7642],[5,0],[-3,28],[10,11],[6,-6]],[[1255,7675],[-8,-4],[0,-5],[3,3],[2,-18],[2,-4],[9,8],[-3,-11],[-4,-8],[2,-10],[3,-2],[6,3],[-1,-8],[-5,-7],[0,-17],[-3,-6],[2,-6],[3,-2],[4,8],[2,-4],[-3,-6],[3,-6],[6,5],[-1,-8],[1,-7],[2,4],[11,41],[3,6],[4,16],[8,16],[2,9],[7,13],[6,19],[2,-5],[4,10],[10,36],[2,3]],[[1336,7731],[-2,-6],[0,-7]],[[1334,7718],[-8,-29],[-6,-16],[-3,-17],[0,-18],[1,-23],[-2,-26],[0,-12],[-1,-3],[-9,-44],[-5,-12],[-6,-14],[-7,-6],[-12,11],[-7,1],[-16,-5],[-7,-16],[-9,-12],[-3,2],[-1,6]],[[1334,7674],[-2,8],[2,14],[0,22]],[[1334,7718],[8,8],[13,0],[3,2],[6,-3],[12,8],[11,-7],[7,3]],[[1280,7447],[-43,-43],[-6,-9],[-9,-6],[-6,0],[-4,4]],[[1212,7393],[-8,8],[-7,9]],[[725,6178],[-4,5],[-16,67],[-3,23],[15,20],[3,0],[-14,66],[-12,60],[-6,27],[-14,-32],[-3,0],[-3,22]],[[668,6436],[-6,41]],[[662,6477],[9,20],[8,13],[9,13],[8,7],[34,25],[1,-1]],[[731,6554],[0,-4],[13,-62],[8,8],[4,8],[8,27],[2,20],[3,3],[6,0],[6,-6],[3,-8],[18,14],[18,19],[2,-2],[14,-71],[21,28],[20,-95],[-40,-56],[-36,-51],[-28,-37],[-18,-26],[-12,-24],[-9,-26],[-9,-35]],[[1502,7771],[-7,-5]],[[1431,7760],[6,9],[3,7],[6,20],[7,10],[7,0],[8,8]],[[1468,7814],[8,-4],[7,1],[4,-4],[11,-25],[4,-11]],[[160,6211],[-3,15],[-6,2],[1,6],[5,7],[0,5],[10,34],[4,20],[4,12],[6,28],[-1,8],[2,17],[0,10],[3,3],[0,6],[8,50],[1,10],[3,16],[2,28]],[[199,6488],[3,-3],[5,-11],[9,-9]],[[725,6178],[-5,-31],[-6,-38],[-28,29],[-7,-53],[-4,-5],[-11,13],[-8,-53],[-32,32],[-9,10],[8,53],[9,62],[1,7],[-3,1],[-15,16],[-2,6],[2,12],[7,35],[1,5],[12,61],[2,4],[8,40],[15,-14],[3,18],[3,29],[2,19]],[[242,5988],[18,-22]],[[302,5952],[5,22],[5,4],[10,2],[5,6],[5,1],[6,-13],[1,-5]],[[339,5969],[-16,-21],[-12,-20],[-22,-44],[-20,-40],[-16,-29],[-12,-27],[-14,-35],[-8,-26],[-9,-32],[-7,-21],[-6,-13],[5,-2],[-17,-61],[-11,-41],[-3,-21],[-4,-26]],[[167,5510],[-26,35],[-7,4],[-10,17],[0,3]],[[124,5569],[5,4],[3,7],[5,4],[5,9],[22,24],[2,6],[0,23],[-3,25],[0,19],[-3,26],[-4,18],[-1,10],[0,14],[4,13],[0,10],[5,29],[-1,10],[0,34],[-1,10],[-5,11],[-4,7],[-1,-35],[-11,-17],[-9,-10],[-6,-12],[-5,-8],[-3,-9],[-4,3],[-2,8],[-8,1],[-4,-9],[-3,-2],[0,-8],[-4,-24],[-1,-3],[-5,7],[-9,7],[-1,5],[-5,1],[0,12],[-3,17],[-7,16]],[[62,5822],[8,21],[8,24],[15,46],[13,45],[9,36]],[[759,7112],[-3,-39],[-1,-7],[-2,-24],[4,-6],[-3,-59],[2,1],[10,-17],[2,-14],[2,-3],[4,-15],[2,0]],[[763,6881],[-2,-5],[3,-7],[6,-49],[-8,-24],[8,-18],[-11,-37],[4,-8],[-10,-30],[-12,24],[-10,-32],[-9,17],[-14,31],[25,70],[3,16],[3,17],[2,28],[-21,11]],[[720,6885],[-8,12],[-4,0],[-4,5],[-2,-2],[-7,16],[1,4],[7,-11],[3,-2],[0,12],[8,0],[0,6],[3,20],[1,12],[7,-2],[-2,8],[-5,9],[-2,13],[2,5],[1,8],[4,9],[4,-3],[3,3],[6,-1],[3,9],[-3,19],[-4,3],[-1,19],[-3,0],[-3,8],[3,7],[-1,8],[11,10],[1,10],[-2,7],[-3,-4],[-1,6],[3,3],[-7,17],[-4,-1],[-3,10],[1,11],[2,-4],[3,2],[4,9],[-2,11],[-2,4],[3,10],[-6,6]],[[725,7186],[0,8],[3,-1],[3,24],[-7,8]],[[724,7225],[5,13],[3,-5],[-2,-6],[3,-1],[8,-12],[1,0],[7,-28],[-2,-2],[5,-17],[7,-55]],[[759,7112],[4,42],[3,18],[3,12]],[[769,7184],[3,8],[10,17],[9,7]],[[270,6107],[-29,-6]],[[124,5569],[-11,-2],[-4,-3],[3,-14],[-8,-10],[3,-24],[-12,-5],[-6,5],[-5,2],[-10,-5],[-6,1],[-4,-9],[0,-10]],[[64,5495],[-1,5],[-10,14],[-1,5],[-13,12],[-8,-8],[0,-4],[-9,-13],[-2,6],[-6,3],[-4,7],[-2,11],[9,33],[3,21],[0,10],[6,20],[2,16],[-1,18],[2,31],[-1,8],[0,22],[3,17],[2,4],[1,10],[3,10],[25,69]],[[562,6180],[-9,-12],[-60,-84],[5,-21],[4,-10],[3,-19],[-16,-22],[-7,17],[-3,4],[-20,7]],[[459,6040],[-3,3],[-10,-2],[-3,3],[-17,43]],[[497,6248],[6,7],[7,2],[6,-6],[13,5],[1,-6],[4,11],[7,-18],[10,20]],[[551,6263],[5,-19],[5,-25],[2,-15],[-1,-19]],[[403,6241],[0,-8],[-7,-8],[-11,-9],[-8,-5],[-4,40]],[[366,6528],[-2,12],[6,6],[5,1],[1,12],[-4,5],[-1,7],[3,5],[-2,7],[2,6],[-1,7],[-3,12],[2,5],[6,-10],[2,-10],[5,-1],[1,-13],[-2,-5],[-2,-34],[2,-1],[1,-6],[-1,-17],[-4,6],[-1,-11],[3,-6],[0,-9],[-3,-9],[2,-13],[3,1],[0,-10],[2,-11],[3,-2],[3,7],[-1,7],[6,12],[0,11],[2,23],[3,17],[1,9],[3,-6],[1,-20],[-2,-8],[0,-9],[4,-2],[10,1],[1,-13],[-1,-11],[2,-1],[2,-18],[-5,5],[-5,-5],[-10,-15],[0,-5],[1,-14],[-2,-3],[-2,-13],[-5,3],[-2,-13],[0,-17],[2,-9],[9,-7],[-1,-12],[4,-12],[-2,-18],[4,0],[2,-6],[-3,-6],[1,-7],[4,0],[0,-8],[-8,-10],[-2,3],[-4,-2],[-7,-10],[2,-21],[9,-8]],[[261,6593],[3,-8],[4,-18],[4,0],[3,-10],[7,-12],[10,-18],[1,-12],[-1,-6],[-4,-3],[-1,-7],[0,-14],[-2,-6],[-8,4],[-6,-4],[-5,-5],[-6,-11],[0,-11],[-2,-1],[0,-11],[2,2],[12,-2],[1,-8],[4,3],[3,-24],[2,-5],[-8,-6],[-6,-21],[-1,-8],[-2,1],[1,-13],[6,-7],[5,3],[8,14],[1,-1],[4,-22],[1,-33],[15,4],[0,3],[7,-2],[5,5],[-2,7],[3,13],[-3,22],[2,2],[1,-8],[4,5],[8,-5],[5,3],[2,6],[-2,9],[7,4],[1,-5],[3,-2]],[[199,6488],[3,37],[3,65]],[[205,6590],[9,-2],[23,2]],[[237,6590],[7,0],[5,5],[1,4],[5,-5],[6,-1]],[[232,6734],[4,-31],[1,-35],[0,-78]],[[205,6590],[0,43],[-1,33],[-2,34],[-2,15],[-3,13],[-6,21],[-3,7],[3,6]],[[191,6762],[9,19],[2,-4],[10,21],[6,-20],[6,-29],[3,-18],[5,3]],[[282,6744],[-17,-63],[-3,-13],[27,-40],[-3,-13],[-16,25],[-3,-2],[0,-9],[-2,-8],[-4,-24],[0,-4]],[[232,6734],[35,31]],[[267,6765],[4,-31],[11,10]],[[313,6944],[6,-14],[-8,-5],[-3,-9],[-8,-6],[-6,-7],[-14,-96],[-5,-36],[-8,-6]],[[191,6762],[-4,-3],[-2,6],[-5,10],[-11,-22],[-3,-2],[-9,24],[-5,3],[-3,24],[0,8],[-4,14],[-5,11],[-9,10],[-5,-4],[-11,-12],[-4,4],[-5,1],[-2,-7],[-4,-2],[-3,4],[-5,-5],[-2,-8],[-3,0],[0,13]],[[87,6829],[0,15],[3,11],[3,-4],[3,1],[0,-13],[4,-9],[8,9],[3,13],[3,-10],[6,-1],[3,9],[0,18],[7,-5],[7,7],[2,-3],[0,-18],[5,3],[8,-3],[4,11],[6,4],[4,14],[1,0],[2,-26],[-2,-15],[1,-9],[4,0],[2,12],[7,4],[4,-2],[-2,21],[-2,6],[1,13],[0,12],[2,2],[5,-9],[4,6],[5,-7],[0,-15],[2,-5],[7,0],[3,-4],[5,-14],[7,16],[3,3],[22,40],[30,53],[14,-50],[5,6],[5,8],[5,12],[7,8]],[[313,6944],[15,25],[5,-3],[2,4],[6,-12],[-2,-7],[-9,-23],[-4,-14],[-3,-30],[-2,-10],[-16,-67],[6,-9],[-1,-3],[4,-6],[10,-3],[-1,-13],[2,-9],[-3,1],[-2,-17],[-10,4],[-10,15],[-11,-1],[-7,-22]],[[328,4165],[-1,-17],[1,-30],[2,-20]],[[330,4098],[-12,4]],[[318,4102],[-3,0],[-6,7],[-9,-5],[-9,4],[-3,8],[-2,21],[-3,15],[-5,7],[-6,-1],[-12,18]],[[260,4176],[0,5]],[[260,4181],[2,24],[4,37]],[[398,4085],[-17,-14],[-4,-2],[-3,-6],[-15,18],[-5,1],[-1,14],[-6,9],[-8,0],[-2,8],[-3,-1],[-4,-14]],[[474,4789],[3,-5],[4,-18],[11,17],[0,12],[4,3],[-1,-15],[3,3],[5,-1],[-2,-14],[5,-8],[3,2],[-2,-13],[10,-13],[-1,-30],[-4,4],[1,-6],[-11,-5],[-2,-26],[11,2],[0,-14],[-4,1],[2,-18],[-2,-17],[-6,0],[0,-6],[-15,-7],[-4,-7],[-8,1],[0,-31]],[[318,4102],[2,-13],[0,-26],[0,-62]],[[248,3988],[7,109],[4,63],[1,16]],[[441,3901],[1,-7],[4,-7],[3,-11]],[[449,3876],[-6,-2],[-6,3],[-10,-6],[-1,3],[-18,-1],[-5,5],[-6,1],[-6,-2],[-8,-11],[-6,-10]],[[377,3856],[-2,-1],[-6,6],[-10,-2],[-12,3],[-5,9],[-12,9],[-10,0]],[[260,4181],[-9,6],[-3,-28],[-28,13]],[[220,4172],[3,42],[2,37],[1,52],[1,62],[0,36],[-1,56],[-1,22],[-2,34],[-5,62],[-9,97],[-3,37]],[[206,4709],[17,13],[9,1],[3,-18],[3,-17],[3,-83],[2,-93],[12,-3],[12,-4],[20,-15],[12,-12],[4,2]],[[1766,7859],[-23,-15],[-22,-18]],[[1721,7826],[-2,11],[-6,26]],[[1713,7863],[10,13],[-1,7],[7,11],[3,-13],[2,2],[3,-21],[5,12],[-1,13],[1,21],[-1,13],[4,24]],[[1745,7945],[9,-16]],[[1754,7929],[1,-14],[5,3],[1,-12],[2,-9],[-5,-3],[2,-16],[4,2],[2,-21]],[[192,3831],[0,7],[-2,12],[-5,8],[0,6],[11,47],[2,14],[5,30],[0,14],[-2,29],[-2,12],[-6,2],[-1,5],[2,19],[9,33],[9,41],[6,35],[2,27]],[[273,3723],[-2,-23],[0,-17],[-2,-56],[-29,2],[-6,4]],[[320,3758],[0,-48],[1,-23],[0,-28],[0,-79],[0,-3]],[[377,3856],[-5,-15],[-2,-14],[-7,-22],[7,-2],[1,-34],[2,-13],[8,-1],[-1,-36],[3,3],[6,-7],[0,-18],[7,-3],[6,1],[1,-4],[1,-14],[-2,-2],[4,-26],[-25,-24],[-5,-2],[-11,2],[0,-25],[1,-5],[-1,-28]],[[180,2964],[-8,8],[-6,24],[-3,8],[-1,23],[-1,12],[-3,8],[-7,7],[-2,-1],[2,10],[5,33],[1,30],[0,14],[-2,17],[-3,16],[-6,15],[-6,18],[-4,7],[-5,5],[-7,-5],[-1,21],[0,26],[13,47],[4,23],[3,28],[1,23],[-1,8],[-4,10],[1,11],[4,12],[5,21],[2,18],[3,28],[1,27],[-1,35],[-3,15],[-3,9],[-8,5],[-10,11],[11,30],[11,25],[6,16],[4,11]],[[178,3256],[1,-109],[0,-83],[2,-25],[2,-15],[7,-18],[-6,-13],[-4,-29]],[[1807,7879],[-11,3],[-14,-9],[-16,-14]],[[1754,7929],[5,1],[18,22],[9,5]],[[1786,7957],[2,-10],[3,-15],[2,-6],[1,-13],[7,6],[0,-8],[6,3],[2,-13],[-2,-22]],[[279,5489],[-1,-10],[-4,-7],[-3,3],[-2,16],[-3,9],[-6,6],[-1,7],[-6,12],[-8,-22],[-11,21],[0,14],[-2,6],[-3,-3],[-3,-14],[-3,-25],[-5,-25],[-4,-13],[-16,-39],[-11,-19],[-2,-7],[13,2],[4,2],[5,8],[2,10],[8,-11],[10,22],[6,-1],[1,-18],[6,-20],[16,0],[3,-13],[7,-7],[11,-17],[6,-20],[2,-4],[4,1],[8,-3],[9,-16],[0,-10],[3,-51],[8,-28],[2,-2],[-4,-12]],[[315,5211],[-2,4],[-6,18],[-5,4],[-6,-3],[-4,4],[-4,34],[-5,15],[-5,7],[-9,4],[-2,22],[-3,6],[-5,3],[-6,-3],[-8,-19],[-4,-6],[-7,0],[-7,10],[-13,11],[-9,3],[-4,-9],[0,-15],[-2,5],[-14,43],[-9,6]],[[176,5355],[-3,31],[-4,40],[1,0],[-3,38],[0,28],[0,18]],[[339,5969],[3,-17],[6,-17],[13,-30]],[[361,5905],[-2,-5],[3,-9],[2,-22],[-3,-13],[2,-9],[-16,-10],[-6,-1],[1,-40],[-2,-12],[-3,3],[-9,-14],[-2,-1],[-3,17],[-4,3],[-7,-2],[-1,2],[-6,-2],[-3,2],[-4,-7],[-2,8],[-4,-5],[-1,-14],[-6,1],[-6,13],[-9,-8],[5,-15],[-2,-11],[-1,-38],[1,-10],[4,-5],[3,-7],[7,-34],[-1,-11],[-4,-21],[-1,-11],[2,-10],[-1,-24],[-11,-14]],[[315,5211],[9,-7],[10,-4],[13,11],[4,-2],[2,-7],[6,-38],[1,-22],[1,-4],[8,2],[8,-2],[11,-5],[4,2],[8,15],[3,3],[16,8],[5,-1],[16,-16],[19,-33]],[[206,4709],[-4,46],[-9,71],[-5,41],[-8,66],[-2,32],[-2,40],[-2,34],[-1,52],[-3,25],[-4,-1],[0,18],[-2,20],[0,22],[-2,16]],[[162,5191],[22,20],[9,10],[-8,58],[-6,38],[-3,38]],[[259,3259],[9,-122],[10,-150],[2,-26],[3,-29],[8,-50],[6,-34],[5,-26],[32,-128],[12,-53],[4,0],[15,-26],[7,-20],[6,-24],[8,-43],[5,-27],[-4,-4],[-5,-20],[-5,-9],[-8,-9],[12,-122],[5,-41],[10,-105],[-1,-9],[-4,-46],[0,-3],[-4,-38],[0,-16],[2,-8],[6,-8],[4,1],[5,6],[3,13],[2,-14],[7,-60],[1,-13],[0,-25],[-2,-60],[1,-191],[-8,-8],[3,-90],[1,-11],[-6,-1],[-1,13],[-5,0],[0,9],[-9,9],[2,16],[3,17],[2,21],[-3,13],[-1,14],[-3,7],[1,25],[-2,-1],[-6,12],[-1,13],[-3,15],[-4,23],[-2,19],[-3,3],[-2,20],[-6,11],[-5,-1],[-5,16],[0,11],[4,16],[3,22],[-3,20],[-1,22],[-1,14],[1,3],[4,29],[-2,8],[-6,7],[3,11],[6,55],[-3,16],[-1,0],[-4,17],[-4,13],[-2,38],[-1,8],[-4,3],[-4,14],[-1,25],[-2,5],[-5,3],[-6,5],[5,40],[-4,4],[2,16],[-1,21],[-3,7],[-1,8],[-4,8],[-2,10],[1,28],[-4,9],[-1,7],[1,26],[-2,5],[-1,18],[-2,11],[-4,1],[0,5],[2,27],[-3,39],[-2,11],[-6,12],[0,17],[-3,2],[1,9],[-5,3],[-1,12],[-4,9],[-5,5],[-4,8],[1,16],[-1,26],[-3,11],[-3,3],[-2,6],[-3,21],[0,15],[-2,15],[0,13],[-3,2],[-1,20],[-2,15],[-7,31],[-5,16],[-8,20],[-6,12],[-5,4],[-7,20],[-8,18],[-10,2],[-8,-2],[-1,4],[-1,16],[-2,16],[-5,13],[-2,4]],[[162,5191],[-2,17],[-3,7],[-3,-1],[-2,14],[-3,6],[-2,16],[-4,13],[-5,5],[-5,-6],[-4,16],[-1,-1],[-5,31],[-5,15],[-3,-6],[-1,10],[-3,27],[-3,27],[-4,32],[-7,34],[-8,29],[-4,14],[-7,12],[-6,5],[-3,-3],[-4,-10],[-1,1]],[[692,7582],[1,15],[11,-1],[0,32],[1,0],[-6,53],[-4,6],[1,23]],[[1043,7125],[-11,-7]],[[1011,7057],[4,-26],[6,6],[5,-31],[-7,-6],[-20,-23],[-6,-14],[-15,-29]],[[978,6934],[-4,-2],[-1,56]],[[1081,7092],[4,-19],[-3,-4],[7,-42],[-63,-69],[-1,-9],[7,-49],[-12,-1],[-4,-2],[-6,38],[-14,-15],[-12,-9]],[[984,6911],[-1,8],[-5,15]],[[984,6911],[-1,-37],[1,-31],[1,-23],[7,-47]],[[992,6773],[-12,-11],[-13,-9],[-25,-21],[-18,-13]],[[6113,8359],[11,7],[-8,54],[-6,42]],[[6110,8462],[15,9],[0,5],[8,0],[7,6],[8,3],[5,5],[2,-4],[8,6],[5,-39],[7,4],[-3,15],[14,16],[5,-32],[4,-13],[5,6],[8,-1],[13,-5],[0,-32],[-4,2],[-13,0],[-21,-12],[-19,-15],[-1,-5],[-7,-4],[-1,-8],[2,-7],[1,-12],[-10,-8],[0,-6],[-5,-12],[-3,2],[-4,8],[-3,-3],[-4,3],[-3,10],[-4,-12],[-9,27]],[[1212,7393],[-1,-6],[2,-8],[9,-71],[4,-16]],[[1111,6899],[-4,9],[-14,-31],[-16,-26],[-18,-23],[-12,-13],[-9,-5],[-17,-14],[-13,-14],[-7,-14]],[[1001,6768],[-9,5]],[[607,7478],[-33,59],[-3,8]],[[610,7581],[0,-12],[-11,-51],[14,-13],[-6,-27]],[[1195,7819],[-6,-5],[-9,-11],[-9,-14],[-6,-4],[-8,3],[-6,-42],[1,-23],[4,-17],[8,-23]],[[1147,7675],[-7,-12],[-7,0],[-9,4],[-9,1],[-2,5],[0,15],[-1,22],[3,17],[0,18],[0,23],[-2,14],[3,15],[4,13],[0,8],[-6,15]],[[1114,7833],[2,12],[-5,21],[-14,19],[3,72],[2,47]],[[1103,8017],[9,-20],[2,7],[5,-2],[-2,21],[3,7],[3,-9],[-2,-3],[3,-24],[3,12],[1,8],[4,3],[-1,8],[-3,2],[-1,10],[4,3],[4,-7],[1,15],[2,-1],[-1,-21],[5,0],[8,5],[3,-12],[4,-3],[-2,14],[2,1],[0,6],[3,3],[4,-6],[2,1],[4,11],[3,15],[2,2],[3,-9],[-1,-7],[-2,-11],[0,-8],[-1,-16],[3,-13],[-3,-13],[-3,-3],[-1,-7],[-6,-16],[-4,-28],[-7,-23],[35,-74],[7,-16]],[[449,3876],[4,-5],[5,-19],[-2,-14],[-8,-4],[-2,-5],[-1,-12],[-3,-14],[-6,-11],[9,1],[11,13],[7,1],[9,-7],[-2,-14],[-1,-21],[2,-14],[-2,-4]],[[469,3747],[-2,3],[-15,-11],[-7,-2],[-5,-4],[-4,-12],[-4,-8],[-6,-4],[-1,-100],[0,-40],[-1,-126]],[[424,3443],[-6,-6],[-8,-2],[-9,0],[-4,2],[-6,-1],[-3,5],[-7,-1],[-13,1],[0,11]],[[453,3622],[0,-26],[0,-18],[-1,-10],[5,-4],[2,-6],[4,-20],[1,-17],[4,-9],[-3,-3],[-17,-6],[1,-21],[2,-1],[12,4]],[[459,3463],[-1,-6],[-20,-10],[-14,-4]],[[469,3747],[-4,-13],[-2,-13],[-2,-1],[-5,6],[-2,-4],[-3,4],[0,-6],[-5,-3],[0,-7],[-3,-2],[-4,7],[-5,-8],[0,-20],[2,-12],[4,-9],[2,-8],[5,0],[7,-6]],[[743,7302],[6,-20],[0,1],[14,-42],[8,-17],[-5,-4],[-3,-10],[0,-13],[6,-13]],[[724,7225],[-3,3],[-1,17],[2,16],[0,7],[-2,8],[-4,3],[-14,0],[-1,-5],[-3,3]],[[722,7371],[21,-69]],[[1379,7772],[-2,-1],[-2,25],[-3,28]],[[1351,7961],[-6,5],[-14,-4],[-13,-11],[-2,1]],[[1316,7952],[-10,14],[-7,-1],[0,8],[2,42]],[[1301,8015],[12,40],[3,7],[6,2],[3,6],[1,-8],[7,-6],[10,4],[3,-4],[-2,15],[-5,5],[1,11],[-2,0],[-2,12],[-1,10],[6,0],[4,-3],[1,11],[-1,7],[2,17],[8,-3],[8,-5],[10,-10],[4,-1],[0,10],[1,19],[-1,6],[1,9],[6,-8],[2,7],[3,-8],[6,-1],[1,7],[2,-4],[1,7],[3,-5],[7,7],[3,16],[-1,4],[2,12],[4,-4],[0,14],[1,2],[3,20],[-5,2],[2,6],[9,9],[4,-2],[3,3],[5,-1],[2,-8]],[[1441,8241],[0,-11],[-7,-43],[5,-5],[-2,-8],[8,-8],[2,8],[9,-4],[2,15],[6,31],[2,10],[-6,28]],[[1460,8254],[8,15],[3,-2],[7,-11],[2,-12],[5,-7],[8,-6],[-3,-18],[3,-21],[-3,-17],[-2,-7],[0,-9],[-3,-29],[0,-26],[-6,-26],[-1,-17],[4,-24],[-10,-13],[-10,-17],[-6,-7],[-1,2],[-11,-28],[-1,-7]],[[659,7573],[6,-17]],[[624,7469],[-11,0],[-6,9]],[[1338,7828],[-4,-16],[0,-20],[4,-24],[1,-29],[-3,-8]],[[1255,7675],[6,0],[5,4],[-2,7],[0,7],[5,-5],[2,4],[-2,9],[3,7],[-1,8],[3,11],[2,30],[3,12],[-3,6],[2,11]],[[1278,7786],[5,9],[-3,6],[5,18],[7,11],[3,10],[7,3],[-1,11],[3,9],[-1,6],[-3,9],[6,16],[4,19],[3,29],[3,10]],[[1441,8241],[5,15],[6,1],[7,6],[1,-9]],[[628,7377],[2,7],[1,36]],[[1805,7596],[-16,3],[-6,-5],[-1,7],[-7,22],[-10,-7],[-3,17],[4,7],[-2,4],[-5,20],[-4,22],[0,24],[-1,18],[3,2],[-5,43],[-1,5],[6,6],[7,12],[1,6],[2,31],[-1,26]],[[1807,7879],[10,-10],[28,-33]],[[1845,7836],[0,-9],[-4,-31],[-8,-4],[-2,1],[-4,-21],[-7,7],[1,-22],[3,0],[0,-17],[2,-6],[4,-5],[3,4],[-5,-18],[-3,3],[-1,-8],[3,-2],[0,-9],[-3,3],[-3,-7],[-5,12],[-2,-6],[0,-14],[-3,1],[0,24],[-1,3],[-6,-11],[-3,4],[0,-23],[-3,-27],[1,-14],[4,-22],[-1,-7],[0,-9],[3,-10]],[[1805,7596],[-3,-6],[4,-15],[1,-16],[-5,5],[-5,-3],[-2,-5],[-3,-19],[-5,-9],[-5,-19],[2,-7],[10,-3],[3,-15],[4,-20],[-4,-1],[1,-15],[5,-32],[-2,2],[-7,-9],[-4,13],[-1,34],[-3,17],[-6,18],[-1,-3],[-14,19],[-13,20],[1,4],[-16,30],[-20,27],[-11,3],[-18,22],[-6,11],[-3,7],[-5,17],[-13,20],[-1,-8],[-3,-35],[-10,4],[-4,26],[-8,16],[3,6],[-7,20],[-2,9],[-7,11],[-9,22],[-25,37],[-1,1]],[[1587,7777],[5,0],[36,-6],[8,1],[44,22],[13,10],[28,22]],[[2165,8025],[2,-11],[3,11],[4,-7],[1,-9],[4,-3],[10,-22],[6,-7],[5,-2],[3,2],[5,-4],[-1,-13],[4,-6],[9,4],[0,15],[6,0],[0,-37],[8,2],[13,10],[5,-20],[-17,-4],[7,-8],[3,-6],[2,-13],[-3,-4],[-4,10],[-17,17],[0,-11],[-4,0],[-1,-14],[-5,7],[-10,-1],[5,21],[-9,7],[-42,26],[0,26],[-4,8],[0,11],[3,3],[-2,8],[5,17],[6,-3]],[[1639,7929],[2,-7],[1,-24],[12,3],[9,5],[-1,23],[5,4],[2,-2],[2,-63],[4,-34],[13,9],[1,2],[18,13],[6,5]],[[1587,7777],[-10,1],[-16,-62],[-7,11],[-1,6],[-15,17],[-3,3],[-8,14],[-6,-3],[-4,3],[-5,11],[-10,-7]],[[1468,7814],[7,22]],[[1475,7836],[3,19],[0,13],[3,22],[1,10],[7,23],[9,25],[7,29],[9,13],[6,0],[10,-8],[2,-8],[12,-14],[7,-4],[4,3],[1,6],[4,-5],[7,-2],[1,-5],[-2,-17],[2,-11],[9,-13],[6,-15],[-4,-21],[-9,-23],[2,-16],[-3,-18],[19,14],[10,13],[12,22],[29,61]],[[1786,7957],[10,6],[6,-1],[8,5],[11,-1],[5,8],[1,10],[-3,1],[2,8],[6,16],[2,10],[8,8],[5,3],[6,0],[2,9],[7,10],[11,-1],[0,6],[5,10],[20,18],[5,-7],[4,-2],[10,7],[4,-38],[-5,-4],[-6,0],[-13,-3],[-6,-4],[-6,2],[-16,-9],[1,-11],[-3,-6],[-3,2],[-4,-18],[-14,-5],[-4,-11],[-12,1],[-3,-10],[-9,-15],[-7,-9],[-3,-6],[4,-13],[-3,-13],[1,-5],[6,3],[11,-28],[3,-4],[12,-12],[6,42],[12,-6],[11,-13],[-3,-22],[-2,-15],[-10,7],[-1,-17],[-2,-11],[-8,7]],[[1639,7929],[27,59],[3,-8],[7,-12],[8,-10],[11,1],[6,6],[7,15],[4,3],[12,-24],[11,-4],[10,-10]],[[1686,8005],[8,-2],[5,-5],[1,-10],[3,-4],[-17,-2],[-3,1],[-4,7],[3,15],[4,0]],[[7863,8093],[0,-2],[12,1],[0,-10],[-5,1],[0,-28],[-3,-24],[-9,-2],[0,4],[-5,-2],[-4,62],[4,-1],[0,5],[10,0],[0,-4]],[[8126,8038],[0,-40],[-1,-18],[-1,-17],[-12,5],[-4,-1],[1,7],[-15,4],[0,-15],[-9,-2],[0,39],[-3,1],[0,10],[-6,4],[0,7],[-8,0],[0,11],[-6,0],[-11,4],[0,10],[13,-1],[62,-6],[0,-2]],[[8153,8041],[0,-17],[-8,1],[-6,8],[-5,-4],[1,10],[6,0],[0,7],[12,3],[0,-8]],[[6113,8359],[-31,-21],[-20,-14],[1,-13],[-5,-10],[-7,-6],[1,-13],[-3,-5],[-9,-6],[1,-12],[-7,-1],[-10,4],[-1,9],[-4,12],[0,8],[-3,9],[-6,9],[-2,-2],[-3,8],[2,4],[-3,8],[0,5],[-6,14],[-4,14],[3,5],[-8,25],[3,3],[10,-33],[6,-19],[4,3],[21,45],[4,10],[13,24],[7,9],[0,3],[10,17],[15,18],[7,6],[3,-1],[1,-18],[-8,-9],[-2,-16],[17,2],[5,-19],[1,23],[-2,13],[4,14],[2,-3]],[[5989,8327],[-11,-20],[-1,4],[13,23],[-1,-7]],[[799,9140],[-5,-1],[-12,-13]],[[782,9126],[-8,50]],[[774,9176],[23,23],[7,9],[38,40],[14,16],[14,20]],[[870,9284],[1,-5],[1,-19],[-2,-13],[-4,-11],[-7,-9],[3,-5],[6,-19],[-11,-20],[-9,-16],[3,-25],[-6,-12],[-10,12],[0,-8],[-7,-8],[-5,26],[3,5],[-4,22],[-2,-1],[-8,-22],[-7,-3],[-4,-4],[2,-7],[-4,-2]],[[1858,4340],[1,-3],[16,2],[5,-1],[2,-7],[7,10],[4,-1],[0,-5],[5,-16],[3,-19],[-2,-7],[3,-9],[-4,-48],[-5,-28],[-1,-18],[-2,0],[-6,12],[-12,-29],[0,-4],[4,-8],[-3,-15],[-3,4],[-2,-5],[-3,-2],[4,-3],[0,-4],[-7,-7],[-8,1],[-4,-3],[-6,5],[-5,-11],[-8,0],[0,8],[-5,-3],[2,-22],[-6,-3],[-4,-6],[-4,0],[-2,8],[6,10],[2,10],[-1,7],[8,11],[0,12],[-2,1],[0,9],[-5,9],[-4,-10],[-1,-9],[-4,0],[3,-10],[-3,-8],[3,-10],[-9,-3],[-5,-10],[-5,-7],[-6,19],[5,10],[-10,22],[-5,-2],[-5,10],[-4,1],[-2,6],[5,8],[5,-3],[4,8],[2,8],[5,-3],[1,9],[4,-4],[3,15],[3,7],[2,12],[-4,11],[1,4],[7,-14],[-1,-13],[2,-1],[10,11],[6,15],[4,2],[0,11],[-3,21],[1,7],[4,10],[3,-8],[5,-6],[4,1],[2,13],[2,-5],[2,1],[-4,12],[12,42],[3,-2]],[[774,9176],[-7,-7],[-22,-25],[-5,-7]],[[740,9137],[-3,11],[-5,8],[-6,14],[-7,0],[-4,-10],[-3,11],[4,3],[2,10],[2,-9],[4,-1],[-1,18],[-2,10],[3,3],[0,17],[-5,20],[0,8],[5,6],[0,11],[4,-4],[0,11],[3,-1],[1,35],[-4,-7],[0,12],[4,2],[4,-7],[6,1],[1,16],[4,2]],[[747,9327],[0,-11],[2,-16],[-5,-4],[0,-5],[-4,-5],[6,-66],[5,-32],[4,2],[14,17],[5,-31]],[[668,9291],[10,-25],[1,-13],[4,-17],[10,-9],[7,0],[0,-7],[-7,-11],[-2,-6],[-7,1],[-3,-2],[-6,-18],[-2,-3],[-1,-14],[-4,0],[-4,4],[3,24],[7,25],[2,11],[-1,10],[-3,10],[-7,16],[-7,8],[1,17],[2,-1],[2,8],[5,-8]],[[747,9327],[-1,22],[-2,-2],[-2,19],[2,4],[3,-15],[5,3],[0,7],[2,1],[1,17],[5,1],[0,-12],[4,7],[3,-8],[-2,-5],[0,-13],[-16,-33],[4,-24],[3,2],[6,13],[1,-3],[2,-24],[-9,-5],[-1,-8],[2,-2],[-2,-13],[-5,-7],[1,-10],[4,-7],[4,5],[3,9],[4,6],[3,-10],[2,10],[2,6],[-1,16],[0,10],[3,4],[1,8],[-2,23],[3,20],[1,-8],[6,12],[2,-4],[-2,-12],[3,1],[2,-7],[-4,-4],[-1,-16],[3,-9],[8,2],[2,7],[-1,5],[4,15],[3,-10],[3,4],[3,-3],[2,-11],[-1,-1],[0,-9],[4,2],[3,-3],[6,7],[-4,15],[-3,3],[3,5],[3,-5],[10,11],[-4,18],[-2,-4],[-7,17],[11,19],[-1,2],[5,9],[-1,7],[2,2],[-3,16],[0,9],[4,10],[6,-16],[8,17],[3,-4],[2,12],[3,-1],[6,5],[6,-5],[-1,-8],[-5,-1],[-4,-18],[0,-8],[-3,-14],[-4,0],[-2,-12],[10,0],[0,-8],[-4,-7],[1,-12],[3,-1],[2,-6],[-4,-11],[5,-12],[-1,-7],[-7,-13],[2,-10],[9,8],[1,-1],[2,-14]],[[750,9083],[-3,23],[-7,31]],[[782,9126],[-16,-16],[-4,-7],[-9,-9],[1,-8],[-4,-3]],[[795,9032],[-5,3],[-6,6],[-3,10],[-8,-7],[-3,-30],[-1,-5],[6,-7],[1,-11],[-6,-4],[-3,-11],[0,-13],[6,-6],[0,-19],[-3,-7],[3,-19],[1,-11],[-2,-3],[-5,2],[-7,-4],[-3,12],[-5,0],[-4,7],[-2,12],[-2,-1],[-7,-15],[-3,-11],[-6,-8],[-4,0],[-3,-4],[1,-11],[-2,-7],[-5,1],[-6,11],[-3,3],[-3,-6],[0,-22],[-11,22],[-2,7],[5,14],[4,17],[3,6],[8,-2],[3,6],[2,12],[7,18],[4,20],[2,7],[6,4],[7,-6],[7,3],[3,7],[3,23],[2,21],[-2,22],[-4,25]],[[782,9126],[2,-13],[6,-33],[9,6],[1,-4],[5,-32],[-8,-9],[-2,-9]],[[799,9140],[2,-8],[2,3],[8,-6],[2,-16],[6,-2],[2,-10],[8,-10],[2,-9],[0,-14],[8,5],[5,15],[3,-3],[-4,-12],[0,-16],[3,-10],[1,-13],[-2,-16],[7,0],[3,4],[7,4],[1,17],[5,1],[1,-32],[4,5],[1,8],[3,5],[6,-19],[1,-19],[-2,-3],[-2,-12],[3,1],[0,-9],[-3,-1],[1,-9],[-4,-3],[4,-27],[5,-11],[-2,-5],[6,-13],[6,-7],[-1,-13],[-3,-1],[-16,29],[-3,12],[-4,-8],[-9,24],[-4,7],[-10,-2],[0,12],[-5,-1],[0,-8],[-3,-3],[3,-27],[3,-1],[1,-7],[-4,-4],[-3,13],[-3,-3],[-3,9],[-10,0],[-1,18],[-2,14],[-5,2],[-1,-22],[-3,-15],[-3,5],[-5,-15],[-1,2],[7,33],[-1,9],[-3,0],[-4,-10],[-1,4],[0,18],[-1,0],[-1,21],[4,12],[-4,12],[-2,23]],[[7015,8449],[0,-19],[15,3],[-2,-11],[8,1],[0,22],[15,1],[4,3],[1,-12],[3,-11],[9,2],[1,-30],[-17,-4],[2,-19],[-3,-14],[-4,-5],[-3,4],[6,19],[0,4],[-18,-3],[-1,17],[-21,-6],[-1,10],[-6,-2],[1,-17],[-8,-4],[0,4],[-9,-3],[-1,12],[-13,-5],[-2,21],[7,5],[1,-13],[17,6],[-1,13],[4,-1],[-1,18],[9,3],[-2,17],[9,3],[1,-9]],[[1460,5460],[-8,-10],[-5,-3],[0,-6],[-5,-2],[-2,-13],[-4,-19],[0,-6],[3,-34],[-1,-6],[-7,-6],[2,-16],[3,-14],[2,-21],[4,-32],[7,18],[4,-9],[7,-24],[22,13],[1,-18],[-3,-3],[0,-20],[-4,-3],[3,-13],[3,-37],[-5,-4],[2,-32],[-7,-15],[-4,37],[-3,44],[-5,12],[-11,-17],[-8,5],[-2,3],[-3,13],[-2,-7],[-3,11],[-2,40],[-7,60],[-5,37],[-1,15],[1,20],[-1,20],[6,16],[6,-12],[3,13],[-1,18],[5,6],[12,-1],[1,7],[11,12],[1,13],[7,2],[1,-23],[-8,-9]],[[7049,8923],[6,-3],[5,-9],[8,3],[2,-15],[1,-24],[-14,0],[-1,-20],[1,-8],[-5,-1],[-6,-8],[-3,-1],[-7,-14],[2,-6],[-4,-21],[1,-12],[-3,0],[-16,12],[-4,5],[-2,10],[-10,6],[-6,14],[0,7],[1,21],[8,32],[4,16],[5,6],[9,1],[9,7],[6,0],[5,4],[8,-2]],[[7737,8142],[0,-3],[7,-9],[-2,-10],[-8,13],[-8,9],[-1,-9],[-5,4],[3,11],[-11,12],[2,8],[-2,2],[-1,33],[-6,44],[-4,45],[5,-3],[18,-11],[12,-7],[1,-45],[1,-47],[0,-36],[-1,-1]],[[6237,8427],[8,-3],[8,-12],[5,1],[8,-1],[12,-9],[5,-7],[4,0],[3,-12],[-5,-7],[-10,6],[-4,-4],[-4,1],[-5,-2],[-3,3],[0,11],[-12,6],[-5,-22],[-2,1],[1,12],[-2,11],[-3,4],[-7,3],[2,24],[1,3],[5,-7]],[[7425,8358],[17,-14],[-1,-5],[-13,8],[-10,-29],[-3,-6],[-5,-16],[-3,-4],[-10,0],[0,18],[1,18],[1,23],[-6,3],[2,20],[21,-10],[9,-6]],[[4768,9507],[1,-11],[7,1],[-1,-11],[4,-1],[1,20],[4,-1],[4,4],[1,-6],[-2,-8],[3,0],[0,-11],[9,1],[1,-55],[-2,-6],[-7,0],[-1,7],[-4,1],[0,11],[4,-1],[-1,13],[-2,0],[-4,10],[-1,-2],[-1,-32],[-8,2],[-8,5],[-9,1],[1,19],[7,4],[-4,11],[-15,0],[1,21],[13,-2],[0,17],[9,-1]],[[1388,7374],[-9,-17],[-3,6],[-6,-2],[-1,4],[-3,-4],[-4,14],[-3,-18],[-3,2],[-4,-13],[4,-15],[-1,-5],[2,-9],[-2,-4],[-4,12],[-4,-4],[3,-10],[-2,-3],[-5,12],[-2,-9],[-3,-6],[-2,5],[-3,-13],[2,-13],[-1,-2],[-2,-14],[2,-12],[-7,-8],[-5,-1],[1,-11],[2,-3],[-4,-3],[-1,-12],[-2,-2]],[[1314,7218],[-1,5],[-6,13],[-3,-9],[-3,11]],[[1301,7238],[1,4],[-6,53]],[[1288,7368],[-6,-5],[-18,-4],[-25,-2],[-4,-20],[-3,-3],[-5,-29],[-1,-13]],[[1278,7786],[-3,5],[-3,-3],[-7,36],[-2,8],[-5,11],[2,13]],[[1260,7856],[3,-1],[4,10],[3,17],[0,10],[3,-2],[3,7],[-6,19],[8,41],[5,32],[3,7],[1,16],[2,15],[1,16],[3,2],[7,-19],[1,-11]],[[1301,7238],[-21,2]],[[432,7122],[-5,0],[-2,5],[1,13],[-5,2],[-4,-7],[-4,-11],[-5,-7],[4,17],[1,22],[3,27],[-1,12],[-7,16],[-1,17],[-3,8],[-10,4],[-2,7]],[[447,7353],[5,-7]],[[768,7383],[-14,-24],[-13,51]],[[784,7405],[-6,-7],[-1,1],[-9,-16]],[[575,7267],[-4,22],[4,3],[3,-4],[5,-12],[2,6],[3,-3],[3,-13]],[[629,7076],[2,-7],[2,8],[2,14],[5,11],[4,-9],[0,-13],[1,-5],[3,12],[5,6],[-4,7],[0,11],[5,8],[3,0],[4,-8],[2,-6],[3,14],[3,1],[5,-7],[1,-7],[2,-5],[3,5],[1,-4],[-1,-10],[-3,-2],[-2,-9],[8,-2],[2,-10],[6,0],[1,10],[4,4],[1,-7],[3,-4],[-3,-14],[-5,-9],[-4,-18],[4,-1],[1,9],[8,12],[2,-2],[4,17],[3,-3],[0,31],[-2,9],[2,3],[-3,5],[-6,19],[-5,-6],[-4,4],[0,7],[5,3],[0,10],[3,-2],[0,10],[-2,5],[3,4],[0,10],[2,10],[6,-8],[6,-2],[-1,7],[6,10],[5,-6]],[[720,6885],[0,-14],[-4,-10],[-3,-16],[-2,-15],[-6,-23],[-9,0],[-1,-8],[-4,-5],[-8,24],[-3,-5],[-2,-24],[-3,-9],[-4,-3],[-5,10],[-7,26],[-8,6],[0,15],[-5,-1],[-5,-11],[-4,3],[0,-13],[2,-2],[4,-16],[4,-9],[3,3],[5,-13],[0,-16],[5,-8],[3,-12],[-1,-4],[6,-16],[1,-9],[5,-7],[-2,-8],[11,-25],[-16,-50],[-6,-16],[-21,-49],[-3,-5],[-14,42],[-14,-28],[-2,5],[-8,-16],[-3,-4],[-1,-12],[-3,-22],[-6,-17],[-9,-40],[15,-20],[-34,-151],[-7,-24]],[[410,6199],[-2,8],[1,6],[-3,5],[0,17],[-3,6]],[[87,6829],[-1,8],[-2,1],[-2,11],[-5,-3],[4,14],[2,-5],[3,5],[-2,11],[1,-1],[2,18],[5,19],[0,-8],[5,2],[3,11],[3,2],[3,16],[5,10],[3,15],[3,-1],[4,7],[2,-1],[3,8],[2,18],[1,39],[-1,23],[-2,10],[0,19],[-7,33],[-7,19],[-3,2],[-5,-5],[-8,-5],[-2,13],[-3,8],[-5,8],[-9,0],[1,-3],[-7,6],[-1,-4],[3,-9],[-4,-13],[-3,0],[-4,13],[-6,5],[2,6],[0,18],[-8,39],[-5,14],[-15,33],[-7,8],[-6,-2],[-7,-18],[-7,-5],[-1,9],[-2,11],[4,6],[-2,15],[1,22],[4,8],[3,0],[2,-11],[1,8],[3,4],[-1,7],[6,4],[5,-2],[2,11],[0,-7],[3,-2],[17,3],[17,3],[4,21],[5,6],[4,16],[3,0],[0,8],[5,-2],[3,8],[-2,13],[6,12],[3,-3],[3,9],[4,2],[0,12],[3,9],[3,3],[15,23],[1,27],[0,13],[-3,5],[3,18],[3,4],[-1,5],[3,6],[4,16],[6,13],[3,-5],[7,5],[16,5],[4,0],[24,4],[18,6],[12,9],[6,7],[12,18],[8,18],[5,11],[0,16],[-1,-2],[3,31],[0,6],[2,11],[2,6],[1,8]],[[262,7725],[2,-10],[15,-11],[8,-9],[1,-22],[3,-14],[5,0],[8,4],[6,5],[5,-11],[6,-6],[3,-8],[9,-3],[6,6],[9,6],[7,-3],[8,-10],[12,-11],[4,3],[11,-42]],[[335,6059],[1,-29],[0,-14],[1,-28],[5,-15],[-3,-4]],[[262,7725],[0,5],[19,27],[12,22],[10,27],[8,32],[-8,11],[-2,-1],[2,10],[1,-8],[7,-11],[4,14],[2,12],[4,8]],[[321,7873],[13,-24],[12,-22],[12,-15],[10,-5],[18,0]],[[459,6040],[-1,-2],[1,-38],[-2,-9],[0,-18],[-7,-2],[-7,-5],[-4,50],[-17,-25],[2,-22],[-8,-9],[-6,-13],[-4,24],[-29,-41],[1,-5],[6,3],[10,-4],[1,-9],[-8,-16],[-1,-12],[-5,-22],[-9,2],[-4,18],[-4,25],[-3,-5]],[[1195,7819],[6,-14],[4,10],[3,20],[8,11],[5,0],[7,-11],[-5,-12],[1,-21],[-4,-5],[2,-7],[3,-15],[5,4],[1,18],[-3,16],[1,6],[4,3],[1,-19],[10,16],[3,-10],[5,20],[5,32],[3,-5]],[[1001,6768],[-7,-15],[-11,-8],[-38,-31],[-13,-9],[-28,-22],[-1,3],[-16,-13],[-1,6],[-3,-2],[1,-8],[-39,-29],[-71,-54],[-13,-8],[-12,-11],[-18,-13]],[[662,6477],[-8,-25],[-9,-33],[-8,-31],[-7,-24],[-14,-52],[-4,-15],[0,-6],[-5,-9],[-2,-13],[-5,-19],[6,-11],[-2,-14]],[[696,7710],[-3,-1],[-7,-13],[-7,-7],[-3,-10],[-5,-22],[-2,-15],[2,-30],[0,-10],[-3,-11],[-9,-18]],[[1076,7780],[5,5],[7,-7],[4,2],[2,14],[-2,14],[0,19],[-3,22],[1,18],[3,4],[4,0],[7,-4],[3,-5],[4,-11],[3,-18]],[[553,7574],[-4,16],[-14,44],[-4,-11],[-10,28]],[[768,7383],[2,-9],[5,7],[2,-14],[-6,-14],[-1,-3],[-19,-32],[-8,-16]],[[321,7873],[16,40],[8,25],[2,12],[-7,14],[1,0],[6,-12],[7,19],[4,18]],[[1461,7881],[6,-18],[8,-27]],[[8874,93],[1,-5],[4,10],[3,-6],[-3,-8],[0,-18],[-5,-12],[-6,-24],[-10,-9],[-3,-8],[-3,1],[-12,-14],[-2,9],[5,5],[-3,14],[11,14],[9,15],[-7,16],[5,11],[4,23],[8,9],[4,-23]]]}
