{"type":"Topology","bbox":[-72.57341088659501,7.814528203681008,-72.35114712540502,8.415370555035716],"transform":{"scale":[0.00002222859897889716,0.000060090244159886796],"translate":[-72.57341088659501,7.814528203681008]},"objects":{"municipios":{"type":"GeometryCollection","geometries":[{"type":"Polygon","arcs":[[0,1,2]],"properties":{"codigo":"54001100000000011401","sector":"540011000000000114","pcode":"CO54001","area_m2":79449}},{"type":"Polygon","arcs":[[3,4,5,6,7]],"properties":{"codigo":"54001100000000500202","sector":"540011000000005002","pcode":"CO54001","area_m2":106236}},{"type":"Polygon","arcs":[[8,9,10,11]],"properties":{"codigo":"54001100000000089207","sector":"540011000000000892","pcode":"CO54001","area_m2":72518}},{"type":"Polygon","arcs":[[12,13,14]],"properties":{"codigo":"54001100000000187504","sector":"540011000000001875","pcode":"CO54001","area_m2":25237}},{"type":"Polygon","arcs":[[15,16,17,18,19]],"properties":{"codigo":"54001100000000190401","sector":"540011000000001904","pcode":"CO54001","area_m2":110956}},{"type":"Polygon","arcs":[[20,21,22,23,24]],"properties":{"codigo":"54001100000000190403","sector":"540011000000001904","pcode":"CO54001","area_m2":113963}},{"type":"Polygon","arcs":[[25,-25,26,-16]],"properties":{"codigo":"54001100000000190402","sector":"540011000000001904","pcode":"CO54001","area_m2":96035}},{"type":"Polygon","arcs":[[27,28,29]],"properties":{"codigo":"54001100000000994601","sector":"540011000000009946","pcode":"CO54001","area_m2":105908}},{"type":"Polygon","arcs":[[30,31,32,33]],"properties":{"codigo":"54001100000000180709","sector":"540011000000001807","pcode":"CO54001","area_m2":155274}},{"type":"Polygon","arcs":[[34,35,36,37]],"properties":{"codigo":"54001100000000119505","sector":"540011000000001195","pcode":"CO54001","area_m2":79046}},{"type":"Polygon","arcs":[[38,39,40,41,42,43,44]],"properties":{"codigo":"54001100000000144703","sector":"540011000000001447","pcode":"CO54001","area_m2":180053}},{"type":"Polygon","arcs":[[45,46,47,48,49]],"properties":{"codigo":"54001100000000105207","sector":"540011000000001052","pcode":"CO54001","area_m2":52850}},{"type":"Polygon","arcs":[[50,51,52,53,54,-30,55,-41]],"properties":{"codigo":"54001100000000143102","sector":"540011000000001431","pcode":"CO54001","area_m2":99125}},{"type":"Polygon","arcs":[[56,57,58,59]],"properties":{"codigo":"54001100000000180708","sector":"540011000000001807","pcode":"CO54001","area_m2":68738}},{"type":"Polygon","arcs":[[60,61,62,63,-23,64]],"properties":{"codigo":"54001100000000190404","sector":"540011000000001904","pcode":"CO54001","area_m2":97210}},{"type":"Polygon","arcs":[[65,-61,66]],"properties":{"codigo":"54001100000000190405","sector":"540011000000001904","pcode":"CO54001","area_m2":32185}},{"type":"Polygon","arcs":[[67,68,69,70,71]],"properties":{"codigo":"54001100000000190501","sector":"540011000000001905","pcode":"CO54001","area_m2":69484}},{"type":"Polygon","arcs":[[72,73,74,75,76,-53,77]],"properties":{"codigo":"54001100000000994303","sector":"540011000000009943","pcode":"CO54001","area_m2":255431}},{"type":"Polygon","arcs":[[-56,-29,78,79,-42]],"properties":{"codigo":"54001100000000994602","sector":"540011000000009946","pcode":"CO54001","area_m2":103475}},{"type":"Polygon","arcs":[[80,81,-10,82,83]],"properties":{"codigo":"54001100000000089301","sector":"540011000000000893","pcode":"CO54001","area_m2":96173}},{"type":"Polygon","arcs":[[84,-84,85,86]],"properties":{"codigo":"54001100000000089302","sector":"540011000000000893","pcode":"CO54001","area_m2":86933}},{"type":"Polygon","arcs":[[87,88,-35,89]],"properties":{"codigo":"54001100000000119506","sector":"540011000000001195","pcode":"CO54001","area_m2":104952}},{"type":"Polygon","arcs":[[90,91,92,93,94]],"properties":{"codigo":"54001100000000162103","sector":"540011000000001621","pcode":"CO54001","area_m2":54927}},{"type":"Polygon","arcs":[[95,96,97,98,99]],"properties":{"codigo":"54001100000000162505","sector":"540011000000001625","pcode":"CO54001","area_m2":98198}},{"type":"Polygon","arcs":[[100,101,102,-36,-89,103,104,105,106,107]],"properties":{"codigo":"54001100000000115502","sector":"540011000000001155","pcode":"CO54001","area_m2":106481}},{"type":"Polygon","arcs":[[-76,108,109,110,111,112,113]],"properties":{"codigo":"54001100000000024102","sector":"540011000000000241","pcode":"CO54001","area_m2":195415}},{"type":"Polygon","arcs":[[114,115,116,-106]],"properties":{"codigo":"54001100000000115503","sector":"540011000000001155","pcode":"CO54001","area_m2":74418}},{"type":"Polygon","arcs":[[117,118,119,120,121,122]],"properties":{"codigo":"54001100000000099102","sector":"540011000000000991","pcode":"CO54001","area_m2":75168}},{"type":"Polygon","arcs":[[123,124,125,-48]],"properties":{"codigo":"54001100000000105208","sector":"540011000000001052","pcode":"CO54001","area_m2":47535}},{"type":"Polygon","arcs":[[126,127,128,-110,129]],"properties":{"codigo":"54001100000000024103","sector":"540011000000000241","pcode":"CO54001","area_m2":143163}},{"type":"Polygon","arcs":[[-129,130,131,132,133,-111]],"properties":{"codigo":"54001100000000024101","sector":"540011000000000241","pcode":"CO54001","area_m2":188176}},{"type":"Polygon","arcs":[[-37,-103,134,135]],"properties":{"codigo":"54001100000000119504","sector":"540011000000001195","pcode":"CO54001","area_m2":89409}},{"type":"Polygon","arcs":[[136,-123,137,138,139,140]],"properties":{"codigo":"54001100000000099801","sector":"540011000000000998","pcode":"CO54001","area_m2":103796}},{"type":"Polygon","arcs":[[141,142,143,144,145,146,147,148]],"properties":{"codigo":"54001100000000011002","sector":"540011000000000110","pcode":"CO54001","area_m2":156890}},{"type":"Polygon","arcs":[[149,150,151,152]],"properties":{"codigo":"54001100000000011101","sector":"540011000000000111","pcode":"CO54001","area_m2":65198}},{"type":"Polygon","arcs":[[-153,153,154,155,156,157]],"properties":{"codigo":"54001100000000011201","sector":"540011000000000112","pcode":"CO54001","area_m2":219809}},{"type":"Polygon","arcs":[[158,159,-3,160,161,162,163]],"properties":{"codigo":"54001100000000011501","sector":"540011000000000115","pcode":"CO54001","area_m2":207173}},{"type":"Polygon","arcs":[[164,-157,165,166,-162]],"properties":{"codigo":"54001100000000013201","sector":"540011000000000132","pcode":"CO54001","area_m2":96207}},{"type":"Polygon","arcs":[[-156,167,-78,-52,168,-166]],"properties":{"codigo":"54001100000000013202","sector":"540011000000000132","pcode":"CO54001","area_m2":102984}},{"type":"Polygon","arcs":[[-155,169,170,-73,-168]],"properties":{"codigo":"54001100000000013203","sector":"540011000000000132","pcode":"CO54001","area_m2":139728}},{"type":"Polygon","arcs":[[-170,-154,-152,171,172,173,174]],"properties":{"codigo":"54001100000000013401","sector":"540011000000000134","pcode":"CO54001","area_m2":67278}},{"type":"Polygon","arcs":[[-122,175,176,177,-138]],"properties":{"codigo":"54001100000000099802","sector":"540011000000000998","pcode":"CO54001","area_m2":57386}},{"type":"Polygon","arcs":[[178,179,180,181,182,-131,-128]],"properties":{"codigo":"54001100000000024201","sector":"540011000000000242","pcode":"CO54001","area_m2":102806}},{"type":"Polygon","arcs":[[183,184,-130,-109,-75]],"properties":{"codigo":"54001100000000029901","sector":"540011000000000299","pcode":"CO54001","area_m2":165946}},{"type":"Polygon","arcs":[[185,186,187,188,189]],"properties":{"codigo":"54001100000000033701","sector":"540011000000000337","pcode":"CO54001","area_m2":120083}},{"type":"Polygon","arcs":[[190,191,-187,192,193]],"properties":{"codigo":"54001100000000033702","sector":"540011000000000337","pcode":"CO54001","area_m2":230031}},{"type":"Polygon","arcs":[[-191,194,195,196,197,198]],"properties":{"codigo":"54001100000000033703","sector":"540011000000000337","pcode":"CO54001","area_m2":341645}},{"type":"Polygon","arcs":[[-186,199,200,201,202,203,-193]],"properties":{"codigo":"54001100000000033801","sector":"540011000000000338","pcode":"CO54001","area_m2":110421}},{"type":"Polygon","arcs":[[-201,204,-182,205]],"properties":{"codigo":"54001100000000033901","sector":"540011000000000339","pcode":"CO54001","area_m2":42452}},{"type":"Polygon","arcs":[[206,207,-202,-206,-181]],"properties":{"codigo":"54001100000000033902","sector":"540011000000000339","pcode":"CO54001","area_m2":84894}},{"type":"Polygon","arcs":[[208,209,210,211,-207,-180,212]],"properties":{"codigo":"54001100000000033903","sector":"540011000000000339","pcode":"CO54001","area_m2":88452}},{"type":"Polygon","arcs":[[-183,-205,-200,-190,213,-132]],"properties":{"codigo":"54001100000000036602","sector":"540011000000000366","pcode":"CO54001","area_m2":73987}},{"type":"Polygon","arcs":[[214,215,216,217]],"properties":{"codigo":"54001100000000066301","sector":"540011000000000663","pcode":"CO54001","area_m2":61634}},{"type":"Polygon","arcs":[[218,219,220,221]],"properties":{"codigo":"54001100000000046902","sector":"540011000000000469","pcode":"CO54001","area_m2":99695}},{"type":"Polygon","arcs":[[-221,222,223,224,225,226]],"properties":{"codigo":"54001100000000046903","sector":"540011000000000469","pcode":"CO54001","area_m2":156875}},{"type":"Polygon","arcs":[[227,228,229]],"properties":{"codigo":"54001100000000046905","sector":"540011000000000469","pcode":"CO54001","area_m2":37912}},{"type":"Polygon","arcs":[[230,-140,231,232]],"properties":{"codigo":"54001100000000085705","sector":"540011000000000857","pcode":"CO54001","area_m2":77127}},{"type":"Polygon","arcs":[[233,-59,234,235,236,237]],"properties":{"codigo":"54001100000000180703","sector":"540011000000001807","pcode":"CO54001","area_m2":110219}},{"type":"Polygon","arcs":[[238,239,240,241]],"properties":{"codigo":"54001100000000056401","sector":"540011000000000564","pcode":"CO54001","area_m2":59324}},{"type":"Polygon","arcs":[[242,243,244,245,246,247,248]],"properties":{"codigo":"54001100000000056501","sector":"540011000000000565","pcode":"CO54001","area_m2":115741}},{"type":"Polygon","arcs":[[-112,-134,249,250,251,252]],"properties":{"codigo":"54001100000000056503","sector":"540011000000000565","pcode":"CO54001","area_m2":93221}},{"type":"Polygon","arcs":[[-230,253,254,255,256,257]],"properties":{"codigo":"54001100000000056704","sector":"540011000000000567","pcode":"CO54001","area_m2":156320}},{"type":"Polygon","arcs":[[258,259,260,261,262,-97,263]],"properties":{"codigo":"54001100000000167801","sector":"540011000000001678","pcode":"CO54001","area_m2":78255}},{"type":"Polygon","arcs":[[264,265,-213,-179,-127,-185,266]],"properties":{"codigo":"54001100000000074001","sector":"540011000000000740","pcode":"CO54001","area_m2":122151}},{"type":"Polygon","arcs":[[267,-7,268,269,270]],"properties":{"codigo":"54001100000000066102","sector":"540011000000000661","pcode":"CO54001","area_m2":145982}},{"type":"Polygon","arcs":[[271,272,273,-116]],"properties":{"codigo":"54001100000000115504","sector":"540011000000001155","pcode":"CO54001","area_m2":84274}},{"type":"Polygon","arcs":[[-6,274,275,276,277,-269]],"properties":{"codigo":"54001100000000069401","sector":"540011000000000694","pcode":"CO54001","area_m2":109902}},{"type":"Polygon","arcs":[[278,-267,-184,-74,-171]],"properties":{"codigo":"54001100000000073301","sector":"540011000000000733","pcode":"CO54001","area_m2":67577}},{"type":"Polygon","arcs":[[279,280,281,-174]],"properties":{"codigo":"54001100000000073303","sector":"540011000000000733","pcode":"CO54001","area_m2":86850}},{"type":"Polygon","arcs":[[-281,282,283,284,285,286]],"properties":{"codigo":"54001100000000073501","sector":"540011000000000735","pcode":"CO54001","area_m2":51793}},{"type":"Polygon","arcs":[[-283,-280,-173,287,288]],"properties":{"codigo":"54001100000000073502","sector":"540011000000000735","pcode":"CO54001","area_m2":86212}},{"type":"Polygon","arcs":[[289,290,291,292,293,294,295,296]],"properties":{"codigo":"54001100000000089001","sector":"540011000000000890","pcode":"CO54001","area_m2":205702}},{"type":"Polygon","arcs":[[-286,297,-210,298,299]],"properties":{"codigo":"54001100000000073603","sector":"540011000000000736","pcode":"CO54001","area_m2":64999}},{"type":"Polygon","arcs":[[-299,-209,-266,300]],"properties":{"codigo":"54001100000000073604","sector":"540011000000000736","pcode":"CO54001","area_m2":66222}},{"type":"Polygon","arcs":[[301,302,303]],"properties":{"codigo":"54001100000000085703","sector":"540011000000000857","pcode":"CO54001","area_m2":109205}},{"type":"Polygon","arcs":[[304,305,306]],"properties":{"codigo":"54001100000000089004","sector":"540011000000000890","pcode":"CO54001","area_m2":63155}},{"type":"Polygon","arcs":[[307,308,309,310]],"properties":{"codigo":"54001100000000089202","sector":"540011000000000892","pcode":"CO54001","area_m2":70483}},{"type":"Polygon","arcs":[[-296,311,312,313,-308,314]],"properties":{"codigo":"54001100000000089203","sector":"540011000000000892","pcode":"CO54001","area_m2":133472}},{"type":"Polygon","arcs":[[315,316,-297,-315,-311,317,318]],"properties":{"codigo":"54001100000000089204","sector":"540011000000000892","pcode":"CO54001","area_m2":140891}},{"type":"Polygon","arcs":[[-290,-317,319,-11,-82,320]],"properties":{"codigo":"54001100000000089205","sector":"540011000000000892","pcode":"CO54001","area_m2":109211}},{"type":"Polygon","arcs":[[-177,321,322,-12,-320,-316,323]],"properties":{"codigo":"54001100000000089206","sector":"540011000000000892","pcode":"CO54001","area_m2":94032}},{"type":"Polygon","arcs":[[-120,324,325,326,-86,-83,-9,-323,327]],"properties":{"codigo":"54001100000000089304","sector":"540011000000000893","pcode":"CO54001","area_m2":92201}},{"type":"Polygon","arcs":[[328,-49,-126,329,330,331,332]],"properties":{"codigo":"54001100000000105206","sector":"540011000000001052","pcode":"CO54001","area_m2":66489}},{"type":"Polygon","arcs":[[333,334,-326]],"properties":{"codigo":"54001100000000089306","sector":"540011000000000893","pcode":"CO54001","area_m2":73790}},{"type":"Polygon","arcs":[[335,336,337,338,339]],"properties":{"codigo":"54001100000000095803","sector":"540011000000000958","pcode":"CO54001","area_m2":88267}},{"type":"Polygon","arcs":[[-121,-328,-322,-176]],"properties":{"codigo":"54001100000000099803","sector":"540011000000000998","pcode":"CO54001","area_m2":64480}},{"type":"Polygon","arcs":[[340,-104,-88,341]],"properties":{"codigo":"54001100000000119507","sector":"540011000000001195","pcode":"CO54001","area_m2":81230}},{"type":"Polygon","arcs":[[342,343,344,-340,345]],"properties":{"codigo":"54001100000000095804","sector":"540011000000000958","pcode":"CO54001","area_m2":96636}},{"type":"Polygon","arcs":[[346,-233,347,-304,-336,-345]],"properties":{"codigo":"54001100000000095806","sector":"540011000000000958","pcode":"CO54001","area_m2":72491}},{"type":"Polygon","arcs":[[348,349,-270,-278,350,351,352,353]],"properties":{"codigo":"54001100000000096004","sector":"540011000000000960","pcode":"CO54001","area_m2":180116}},{"type":"Polygon","arcs":[[354,355,356,357,-235,-58]],"properties":{"codigo":"54001100000000180707","sector":"540011000000001807","pcode":"CO54001","area_m2":97039}},{"type":"Polygon","arcs":[[358,359,360,361]],"properties":{"codigo":"54001100000000105201","sector":"540011000000001052","pcode":"CO54001","area_m2":83435}},{"type":"Polygon","arcs":[[362,363,-333,364,365,366]],"properties":{"codigo":"54001100000000105204","sector":"540011000000001052","pcode":"CO54001","area_m2":71570}},{"type":"Polygon","arcs":[[367,368,-50,-329,-364]],"properties":{"codigo":"54001100000000105205","sector":"540011000000001052","pcode":"CO54001","area_m2":47678}},{"type":"Polygon","arcs":[[-47,369,370,371,-124]],"properties":{"codigo":"54001100000000105209","sector":"540011000000001052","pcode":"CO54001","area_m2":60469}},{"type":"Polygon","arcs":[[372,373,374,375,-366]],"properties":{"codigo":"54001100000000105401","sector":"540011000000001054","pcode":"CO54001","area_m2":103975}},{"type":"Polygon","arcs":[[376,-373,-365,-332,377,378]],"properties":{"codigo":"54001100000000105402","sector":"540011000000001054","pcode":"CO54001","area_m2":79007}},{"type":"Polygon","arcs":[[-331,379,380,381,-378]],"properties":{"codigo":"54001100000000105403","sector":"540011000000001054","pcode":"CO54001","area_m2":150594}},{"type":"Polygon","arcs":[[382,383,384,385,386]],"properties":{"codigo":"54001100000000125001","sector":"540011000000001250","pcode":"CO54001","area_m2":117458}},{"type":"Polygon","arcs":[[387,388,-381,389,390,391]],"properties":{"codigo":"54001100000000105601","sector":"540011000000001056","pcode":"CO54001","area_m2":175078}},{"type":"Polygon","arcs":[[392,393,394,395,-272,-115,-105,396,397,-360,398]],"properties":{"codigo":"54001100000000115501","sector":"540011000000001155","pcode":"CO54001","area_m2":123647}},{"type":"Polygon","arcs":[[399,-397,-341,400,401]],"properties":{"codigo":"54001100000000119508","sector":"540011000000001195","pcode":"CO54001","area_m2":93676}},{"type":"Polygon","arcs":[[402,-34,403]],"properties":{"codigo":"54001100000000187406","sector":"540011000000001874","pcode":"CO54001","area_m2":150678}},{"type":"Polygon","arcs":[[404,405,-273,-396]],"properties":{"codigo":"54001100000000115505","sector":"540011000000001155","pcode":"CO54001","area_m2":92373}},{"type":"Polygon","arcs":[[406,407,408,409]],"properties":{"codigo":"54001100000000124906","sector":"540011000000001249","pcode":"CO54001","area_m2":69366}},{"type":"Polygon","arcs":[[410,411,412,413,414]],"properties":{"codigo":"54001100000000116202","sector":"540011000000001162","pcode":"CO54001","area_m2":118909}},{"type":"Polygon","arcs":[[415,-101,416,417]],"properties":{"codigo":"54001100000000119502","sector":"540011000000001195","pcode":"CO54001","area_m2":79721}},{"type":"Polygon","arcs":[[-135,-102,-416,418]],"properties":{"codigo":"54001100000000119503","sector":"540011000000001195","pcode":"CO54001","area_m2":91729}},{"type":"Polygon","arcs":[[419,420,421,422,423,-349,424,425]],"properties":{"codigo":"54001100000000124904","sector":"540011000000001249","pcode":"CO54001","area_m2":111413}},{"type":"Polygon","arcs":[[426,427,428]],"properties":{"codigo":"54001100000000125004","sector":"540011000000001250","pcode":"CO54001","area_m2":79377}},{"type":"Polygon","arcs":[[429,430,431,-427,432,433,434,435]],"properties":{"codigo":"54001100000000124901","sector":"540011000000001249","pcode":"CO54001","area_m2":107045}},{"type":"Polygon","arcs":[[436,437,438]],"properties":{"codigo":"54001100000000124910","sector":"540011000000001249","pcode":"CO54001","area_m2":44253}},{"type":"Polygon","arcs":[[439,440,441,442,443,-383]],"properties":{"codigo":"54001100000000125002","sector":"540011000000001250","pcode":"CO54001","area_m2":96373}},{"type":"Polygon","arcs":[[444,-433,-429,445,-368,-363,446,-442]],"properties":{"codigo":"54001100000000125003","sector":"540011000000001250","pcode":"CO54001","area_m2":130665}},{"type":"Polygon","arcs":[[447,-163,-167,-169,-51,-40]],"properties":{"codigo":"54001100000000143101","sector":"540011000000001431","pcode":"CO54001","area_m2":157633}},{"type":"Polygon","arcs":[[-440,-387,448,449]],"properties":{"codigo":"54001100000000125006","sector":"540011000000001250","pcode":"CO54001","area_m2":112199}},{"type":"Polygon","arcs":[[450,-434,-445,-441,-450,451]],"properties":{"codigo":"54001100000000125007","sector":"540011000000001250","pcode":"CO54001","area_m2":97260}},{"type":"Polygon","arcs":[[452,453,454,455,456,457]],"properties":{"codigo":"54001100000000132202","sector":"540011000000001322","pcode":"CO54001","area_m2":666700}},{"type":"Polygon","arcs":[[458,459,460,461,462,463]],"properties":{"codigo":"54001100000000132206","sector":"540011000000001322","pcode":"CO54001","area_m2":166270}},{"type":"Polygon","arcs":[[464,465,466,-459]],"properties":{"codigo":"54001100000000132207","sector":"540011000000001322","pcode":"CO54001","area_m2":205565}},{"type":"Polygon","arcs":[[467,468,469,-462,470]],"properties":{"codigo":"54001100000000138301","sector":"540011000000001383","pcode":"CO54001","area_m2":140615}},{"type":"Polygon","arcs":[[471,-469,472,473,474,475]],"properties":{"codigo":"54001100000000138302","sector":"540011000000001383","pcode":"CO54001","area_m2":184284}},{"type":"Polygon","arcs":[[476,-463,-470,-472,477]],"properties":{"codigo":"54001100000000138307","sector":"540011000000001383","pcode":"CO54001","area_m2":201505}},{"type":"Polygon","arcs":[[478,479,480,481,482]],"properties":{"codigo":"54001100000000138308","sector":"540011000000001383","pcode":"CO54001","area_m2":55940}},{"type":"Polygon","arcs":[[483,484,485,486,-483,487]],"properties":{"codigo":"54001100000000138309","sector":"540011000000001383","pcode":"CO54001","area_m2":89716}},{"type":"Polygon","arcs":[[488,489,490,491,492]],"properties":{"codigo":"54001100000000138505","sector":"540011000000001385","pcode":"CO54001","area_m2":116931}},{"type":"Polygon","arcs":[[493,494,-474,495,-493,496,497]],"properties":{"codigo":"54001100000000138506","sector":"540011000000001385","pcode":"CO54001","area_m2":87373}},{"type":"Polygon","arcs":[[498,-498,499]],"properties":{"codigo":"54001100000000138507","sector":"540011000000001385","pcode":"CO54001","area_m2":43683}},{"type":"Polygon","arcs":[[500,501,502,503,504]],"properties":{"codigo":"54001100000000138601","sector":"540011000000001386","pcode":"CO54001","area_m2":132843}},{"type":"Polygon","arcs":[[505,-505,506,507]],"properties":{"codigo":"54001100000000138602","sector":"540011000000001386","pcode":"CO54001","area_m2":105913}},{"type":"Polygon","arcs":[[508,509,510,511,-508,512]],"properties":{"codigo":"54001100000000138603","sector":"540011000000001386","pcode":"CO54001","area_m2":90085}},{"type":"Polygon","arcs":[[-501,-506,-512,513,514]],"properties":{"codigo":"54001100000000138604","sector":"540011000000001386","pcode":"CO54001","area_m2":52680}},{"type":"Polygon","arcs":[[515,516,-502,-515,517,518]],"properties":{"codigo":"54001100000000138605","sector":"540011000000001386","pcode":"CO54001","area_m2":83646}},{"type":"Polygon","arcs":[[519,-500,-497,-492,520,-519,521,-480]],"properties":{"codigo":"54001100000000138607","sector":"540011000000001386","pcode":"CO54001","area_m2":172480}},{"type":"Polygon","arcs":[[-481,-522,-518,-514,-511,522,523,524]],"properties":{"codigo":"54001100000000138608","sector":"540011000000001386","pcode":"CO54001","area_m2":106029}},{"type":"Polygon","arcs":[[-509,525,526,527,528]],"properties":{"codigo":"54001100000000138609","sector":"540011000000001386","pcode":"CO54001","area_m2":91793}},{"type":"Polygon","arcs":[[529,530,-164,531,532,533,534]],"properties":{"codigo":"54001100000000141601","sector":"540011000000001416","pcode":"CO54001","area_m2":296047}},{"type":"Polygon","arcs":[[535,536,-159,-531]],"properties":{"codigo":"54001100000000141602","sector":"540011000000001416","pcode":"CO54001","area_m2":103218}},{"type":"Polygon","arcs":[[-535,537,538]],"properties":{"codigo":"54001100000000141701","sector":"540011000000001417","pcode":"CO54001","area_m2":67318}},{"type":"Polygon","arcs":[[-536,-530,-539,539,540,541]],"properties":{"codigo":"54001100000000141702","sector":"540011000000001417","pcode":"CO54001","area_m2":131338}},{"type":"Polygon","arcs":[[542,543,544,545,546]],"properties":{"codigo":"54001100000000142801","sector":"540011000000001428","pcode":"CO54001","area_m2":165801}},{"type":"Polygon","arcs":[[547,-538,-534,548,549,-543]],"properties":{"codigo":"54001100000000142802","sector":"540011000000001428","pcode":"CO54001","area_m2":159121}},{"type":"Polygon","arcs":[[-540,-548,-547,550]],"properties":{"codigo":"54001100000000142803","sector":"540011000000001428","pcode":"CO54001","area_m2":91451}},{"type":"Polygon","arcs":[[551,552,-545,553,554,555,556,557]],"properties":{"codigo":"54001100000000142901","sector":"540011000000001429","pcode":"CO54001","area_m2":155791}},{"type":"Polygon","arcs":[[-544,558,-554]],"properties":{"codigo":"54001100000000142902","sector":"540011000000001429","pcode":"CO54001","area_m2":91216}},{"type":"Polygon","arcs":[[-533,559,560,-549]],"properties":{"codigo":"54001100000000143001","sector":"540011000000001430","pcode":"CO54001","area_m2":56253}},{"type":"Polygon","arcs":[[-532,-448,-39,561,-560]],"properties":{"codigo":"54001100000000143002","sector":"540011000000001430","pcode":"CO54001","area_m2":176400}},{"type":"Polygon","arcs":[[562,563,564,565,566,567]],"properties":{"codigo":"54001100000000147901","sector":"540011000000001479","pcode":"CO54001","area_m2":59764}},{"type":"Polygon","arcs":[[568,569,570,571,-261]],"properties":{"codigo":"54001100000000152601","sector":"540011000000001526","pcode":"CO54001","area_m2":52782}},{"type":"Polygon","arcs":[[572,-546,-553,573,-570]],"properties":{"codigo":"54001100000000158801","sector":"540011000000001588","pcode":"CO54001","area_m2":139830}},{"type":"Polygon","arcs":[[-571,-574,-552,574,-563,575,576]],"properties":{"codigo":"54001100000000158901","sector":"540011000000001589","pcode":"CO54001","area_m2":232942}},{"type":"Polygon","arcs":[[577,-259,578,579,580]],"properties":{"codigo":"54001100000000161901","sector":"540011000000001619","pcode":"CO54001","area_m2":45155}},{"type":"Polygon","arcs":[[-581,581,582,583]],"properties":{"codigo":"54001100000000161902","sector":"540011000000001619","pcode":"CO54001","area_m2":41017}},{"type":"Polygon","arcs":[[584,585,-100,586,587]],"properties":{"codigo":"54001100000000162001","sector":"540011000000001620","pcode":"CO54001","area_m2":35560}},{"type":"Polygon","arcs":[[-579,-264,-96,-586,588]],"properties":{"codigo":"54001100000000162002","sector":"540011000000001620","pcode":"CO54001","area_m2":77283}},{"type":"Polygon","arcs":[[-588,589,590]],"properties":{"codigo":"54001100000000162003","sector":"540011000000001620","pcode":"CO54001","area_m2":36825}},{"type":"Polygon","arcs":[[591,-590,592,-91,593]],"properties":{"codigo":"54001100000000162004","sector":"540011000000001620","pcode":"CO54001","area_m2":43862}},{"type":"Polygon","arcs":[[-593,-587,-99,594,595,596,-92]],"properties":{"codigo":"54001100000000162104","sector":"540011000000001621","pcode":"CO54001","area_m2":75481}},{"type":"Polygon","arcs":[[-456,597,598,599,600]],"properties":{"codigo":"54001100000000162403","sector":"540011000000001624","pcode":"CO54001","area_m2":184386}},{"type":"Polygon","arcs":[[601,602,-598,-455]],"properties":{"codigo":"54001100000000162405","sector":"540011000000001624","pcode":"CO54001","area_m2":131933}},{"type":"Polygon","arcs":[[-576,-568,603,604]],"properties":{"codigo":"54001100000000162502","sector":"540011000000001625","pcode":"CO54001","area_m2":59884}},{"type":"Polygon","arcs":[[-262,-572,-577,-605,605,606]],"properties":{"codigo":"54001100000000162503","sector":"540011000000001625","pcode":"CO54001","area_m2":82432}},{"type":"Polygon","arcs":[[-263,-607,607,-595,-98]],"properties":{"codigo":"54001100000000162504","sector":"540011000000001625","pcode":"CO54001","area_m2":73150}},{"type":"Polygon","arcs":[[608,609,610]],"properties":{"codigo":"54001100000000168101","sector":"540011000000001681","pcode":"CO54001","area_m2":109023}},{"type":"Polygon","arcs":[[611,612,-71,613,614,615,616,617]],"properties":{"codigo":"54001100000000170201","sector":"540011000000001702","pcode":"CO54001","area_m2":143466}},{"type":"Polygon","arcs":[[-616,618,619,620]],"properties":{"codigo":"54001100000000170203","sector":"540011000000001702","pcode":"CO54001","area_m2":117970}},{"type":"Polygon","arcs":[[621,-619,-615,622]],"properties":{"codigo":"54001100000000170204","sector":"540011000000001702","pcode":"CO54001","area_m2":130114}},{"type":"Polygon","arcs":[[623,624,625,626,627,628]],"properties":{"codigo":"54001100000000179604","sector":"540011000000001796","pcode":"CO54001","area_m2":74434}},{"type":"Polygon","arcs":[[629,630,631,632]],"properties":{"codigo":"54001100000000187301","sector":"540011000000001873","pcode":"CO54001","area_m2":107670}},{"type":"Polygon","arcs":[[633,634,-625,635]],"properties":{"codigo":"54001100000000179605","sector":"540011000000001796","pcode":"CO54001","area_m2":105283}},{"type":"Polygon","arcs":[[636,-612,637,638]],"properties":{"codigo":"54001100000000180301","sector":"540011000000001803","pcode":"CO54001","area_m2":70468}},{"type":"Polygon","arcs":[[639,640,641,-72,-613,-637]],"properties":{"codigo":"54001100000000180303","sector":"540011000000001803","pcode":"CO54001","area_m2":64138}},{"type":"Polygon","arcs":[[642,643,644,645,646]],"properties":{"codigo":"54001100000000180304","sector":"540011000000001803","pcode":"CO54001","area_m2":93231}},{"type":"Polygon","arcs":[[-358,647,648,649,-236]],"properties":{"codigo":"54001100000000180704","sector":"540011000000001807","pcode":"CO54001","area_m2":96020}},{"type":"Polygon","arcs":[[650,-60,-234,651,652]],"properties":{"codigo":"54001100000000180705","sector":"540011000000001807","pcode":"CO54001","area_m2":83494}},{"type":"Polygon","arcs":[[653,654,655,-631]],"properties":{"codigo":"54001100000000187306","sector":"540011000000001873","pcode":"CO54001","area_m2":88921}},{"type":"Polygon","arcs":[[656,-21,-26,-20,657,-13,658,-654,-630,659,660,661]],"properties":{"codigo":"54001100000000187307","sector":"540011000000001873","pcode":"CO54001","area_m2":242777}},{"type":"Polygon","arcs":[[662,663,664,665,-649]],"properties":{"codigo":"54001100000000187401","sector":"540011000000001874","pcode":"CO54001","area_m2":114494}},{"type":"Polygon","arcs":[[-665,666,667,668]],"properties":{"codigo":"54001100000000187402","sector":"540011000000001874","pcode":"CO54001","area_m2":96811}},{"type":"Polygon","arcs":[[669,670,671,-668]],"properties":{"codigo":"54001100000000187403","sector":"540011000000001874","pcode":"CO54001","area_m2":90304}},{"type":"Polygon","arcs":[[672,673,-638,-618,674,-670,-667,-664]],"properties":{"codigo":"54001100000000187404","sector":"540011000000001874","pcode":"CO54001","area_m2":175929}},{"type":"Polygon","arcs":[[-14,-658,-19,675,676,677]],"properties":{"codigo":"54001100000000187501","sector":"540011000000001875","pcode":"CO54001","area_m2":79390}},{"type":"Polygon","arcs":[[-655,-659,-15,-678,678,679]],"properties":{"codigo":"54001100000000187502","sector":"540011000000001875","pcode":"CO54001","area_m2":81684}},{"type":"Polygon","arcs":[[680,681,-69,682]],"properties":{"codigo":"54001100000000190502","sector":"540011000000001905","pcode":"CO54001","area_m2":127681}},{"type":"Polygon","arcs":[[683,-681,684,-17,-27,685,686]],"properties":{"codigo":"54001100000000190503","sector":"540011000000001905","pcode":"CO54001","area_m2":161050}},{"type":"Polygon","arcs":[[687,688,-676,-18,-685,-683,-68,-642,689]],"properties":{"codigo":"54001100000000190504","sector":"540011000000001905","pcode":"CO54001","area_m2":132356}},{"type":"Polygon","arcs":[[690,691,692,693,694,-419,-418,695,696]],"properties":{"codigo":"54001100000000500101","sector":"540011000000005001","pcode":"CO54001","area_m2":125277}},{"type":"Polygon","arcs":[[697,698,-693,699,700]],"properties":{"codigo":"54001100000000500104","sector":"540011000000005001","pcode":"CO54001","area_m2":66442}},{"type":"Polygon","arcs":[[701,-701,702,703]],"properties":{"codigo":"54001100000000500105","sector":"540011000000005001","pcode":"CO54001","area_m2":59245}},{"type":"Polygon","arcs":[[-704,704,705]],"properties":{"codigo":"54001100000000500106","sector":"540011000000005001","pcode":"CO54001","area_m2":63387}},{"type":"Polygon","arcs":[[706,707,-275,-5,708]],"properties":{"codigo":"54001100000000500201","sector":"540011000000005002","pcode":"CO54001","area_m2":140600}},{"type":"Polygon","arcs":[[-559,-550,-561,-562,-45,709,-555]],"properties":{"codigo":"54001100000000500401","sector":"540011000000005004","pcode":"CO54001","area_m2":230076}},{"type":"Polygon","arcs":[[710,711,712,713,714,715]],"properties":{"codigo":"54001100000000500502","sector":"540011000000005005","pcode":"CO54001","area_m2":253945}},{"type":"Polygon","arcs":[[716,717,718,-714]],"properties":{"codigo":"54001100000000500503","sector":"540011000000005005","pcode":"CO54001","area_m2":81132}},{"type":"Polygon","arcs":[[719,720,721]],"properties":{"codigo":"54001100000000500601","sector":"540011000000005006","pcode":"CO54001","area_m2":79837}},{"type":"Polygon","arcs":[[722,-309,-314,723,-720]],"properties":{"codigo":"54001100000000500602","sector":"540011000000005006","pcode":"CO54001","area_m2":99348}},{"type":"Polygon","arcs":[[724,725,-721,-724,-313,726,727,728]],"properties":{"codigo":"54001100000000500603","sector":"540011000000005006","pcode":"CO54001","area_m2":137636}},{"type":"Polygon","arcs":[[729,730,731,-728]],"properties":{"codigo":"54001100000000500604","sector":"540011000000005006","pcode":"CO54001","area_m2":113709}},{"type":"Polygon","arcs":[[732,-226,733,734,735,736]],"properties":{"codigo":"54001100000000500701","sector":"540011000000005007","pcode":"CO54001","area_m2":186701}},{"type":"Polygon","arcs":[[737,-735]],"properties":{"codigo":"54001100000000500702","sector":"540011000000005007","pcode":"CO54001","area_m2":68750}},{"type":"Polygon","arcs":[[738,-527,739,740,741,742,743]],"properties":{"codigo":"54001100000000998204","sector":"540011000000009982","pcode":"CO54001","area_m2":115804}},{"type":"Polygon","arcs":[[744,745,-738,-734,-225,746]],"properties":{"codigo":"54001100000000500703","sector":"540011000000005007","pcode":"CO54001","area_m2":281429}},{"type":"Polygon","arcs":[[747,748]],"properties":{"codigo":"54001100000000500707","sector":"540011000000005007","pcode":"CO54001","area_m2":19431}},{"type":"Polygon","arcs":[[-24,-64,749,750,-686]],"properties":{"codigo":"54001100000000500901","sector":"540011000000005009","pcode":"CO54001","area_m2":104762}},{"type":"Polygon","arcs":[[-644,751,-690,-641,752]],"properties":{"codigo":"54001100000000501001","sector":"540011000000005010","pcode":"CO54001","area_m2":48386}},{"type":"Polygon","arcs":[[753,754,-688,-752,-643]],"properties":{"codigo":"54001100000000501002","sector":"540011000000005010","pcode":"CO54001","area_m2":73361}},{"type":"Polygon","arcs":[[755,-679,-677,-689,-755,756]],"properties":{"codigo":"54001100000000501003","sector":"540011000000005010","pcode":"CO54001","area_m2":67284}},{"type":"Polygon","arcs":[[757,758,-757,-754,-647,759]],"properties":{"codigo":"54001100000000501004","sector":"540011000000005010","pcode":"CO54001","area_m2":56485}},{"type":"Polygon","arcs":[[760,761,762,763,764,765,766,-600]],"properties":{"codigo":"54001100000000995206","sector":"540011000000009952","pcode":"CO54001","area_m2":283600}},{"type":"Polygon","arcs":[[-388,767,768,769,770,771]],"properties":{"codigo":"54001100000000501203","sector":"540011000000005012","pcode":"CO54001","area_m2":102566}},{"type":"Polygon","arcs":[[772,773,774,775,-769]],"properties":{"codigo":"54001100000000501204","sector":"540011000000005012","pcode":"CO54001","area_m2":68842}},{"type":"Polygon","arcs":[[776,777,778,-776]],"properties":{"codigo":"54001100000000501205","sector":"540011000000005012","pcode":"CO54001","area_m2":77161}},{"type":"Polygon","arcs":[[779,780,-777,-775]],"properties":{"codigo":"54001100000000501208","sector":"540011000000005012","pcode":"CO54001","area_m2":76901}},{"type":"Polygon","arcs":[[-526,-513,-507,-504,781,-740]],"properties":{"codigo":"54001100000000998205","sector":"540011000000009982","pcode":"CO54001","area_m2":61194}},{"type":"Polygon","arcs":[[782,783,784,785]],"properties":{"codigo":"54001100000000990105","sector":"540011000000009901","pcode":"CO54001","area_m2":323626}},{"type":"Polygon","arcs":[[786,787]],"properties":{"codigo":"54001100000000990106","sector":"540011000000009901","pcode":"CO54001","area_m2":93102}},{"type":"Polygon","arcs":[[-357,788,-787,789,-673,-663,-648]],"properties":{"codigo":"54001100000000990107","sector":"540011000000009901","pcode":"CO54001","area_m2":182669}},{"type":"Polygon","arcs":[[-145,790,791]],"properties":{"codigo":"54001100000000990901","sector":"540011000000009909","pcode":"CO54001","area_m2":440100}},{"type":"Polygon","arcs":[[-55,792,793,794,795,-28]],"properties":{"codigo":"54001100000000994301","sector":"540011000000009943","pcode":"CO54001","area_m2":79429}},{"type":"Polygon","arcs":[[-77,-114,796,-793,-54]],"properties":{"codigo":"54001100000000994302","sector":"540011000000009943","pcode":"CO54001","area_m2":187411}},{"type":"Polygon","arcs":[[-584,797,798,-541,-551,-573,-569,-260,-578]],"properties":{"codigo":"54001100000000998001","sector":"540011000000009980","pcode":"CO54001","area_m2":507359}},{"type":"Polygon","arcs":[[799,800,801,802,803]],"properties":{"codigo":"54001100000000995103","sector":"540011000000009951","pcode":"CO54001","area_m2":57690}},{"type":"Polygon","arcs":[[-765,804,-804,805]],"properties":{"codigo":"54001100000000995104","sector":"540011000000009951","pcode":"CO54001","area_m2":117906}},{"type":"Polygon","arcs":[[806,807,-800,-805,-764]],"properties":{"codigo":"54001100000000995203","sector":"540011000000009952","pcode":"CO54001","area_m2":62208}},{"type":"Polygon","arcs":[[-294,808,809,810,811]],"properties":{"codigo":"54001100000000998101","sector":"540011000000009981","pcode":"CO54001","area_m2":142406}},{"type":"Polygon","arcs":[[-811,812,813,814,815]],"properties":{"codigo":"54001100000000998102","sector":"540011000000009981","pcode":"CO54001","area_m2":66686}},{"type":"Polygon","arcs":[[-814,816,817,818]],"properties":{"codigo":"54001100000000998103","sector":"540011000000009981","pcode":"CO54001","area_m2":60778}},{"type":"Polygon","arcs":[[819,-815,-819,820,821,822,823,-731]],"properties":{"codigo":"54001100000000998104","sector":"540011000000009981","pcode":"CO54001","area_m2":141447}},{"type":"Polygon","arcs":[[-818,824,825,-821]],"properties":{"codigo":"54001100000000998105","sector":"540011000000009981","pcode":"CO54001","area_m2":96145}},{"type":"Polygon","arcs":[[826,827,-825,-817,-813,828]],"properties":{"codigo":"54001100000000998107","sector":"540011000000009981","pcode":"CO54001","area_m2":121969}},{"type":"Polygon","arcs":[[-312,-295,-812,-816,-820,-730,-727]],"properties":{"codigo":"54001100000000998108","sector":"540011000000009981","pcode":"CO54001","area_m2":74373}},{"type":"Polygon","arcs":[[829,830,831,832,833]],"properties":{"codigo":"54001100000000998202","sector":"540011000000009982","pcode":"CO54001","area_m2":156661}},{"type":"Polygon","arcs":[[-743,834,-832,835]],"properties":{"codigo":"54001100000000998203","sector":"540011000000009982","pcode":"CO54001","area_m2":102991}},{"type":"Polygon","arcs":[[836,837]],"properties":{"codigo":"54001100000000998706","sector":"540011000000009987","pcode":"CO54001","area_m2":14625}},{"type":"Polygon","arcs":[[838,839,-523,-510,-529,840]],"properties":{"codigo":"54001100000000998207","sector":"540011000000009982","pcode":"CO54001","area_m2":85451}},{"type":"Polygon","arcs":[[841,842,-839,843]],"properties":{"codigo":"54001100000000998208","sector":"540011000000009982","pcode":"CO54001","area_m2":74726}},{"type":"Polygon","arcs":[[844,845,-524,-840,-843,846]],"properties":{"codigo":"54001100000000998209","sector":"540011000000009982","pcode":"CO54001","area_m2":76956}},{"type":"Polygon","arcs":[[847,848]],"properties":{"codigo":"54001100000000998210","sector":"540011000000009982","pcode":"CO54001","area_m2":126300}},{"type":"Polygon","arcs":[[-482,-525,-846,849,-488]],"properties":{"codigo":"54001100000000998401","sector":"540011000000009984","pcode":"CO54001","area_m2":75718}},{"type":"Polygon","arcs":[[850,851,-847,-842,852,853]],"properties":{"codigo":"54001100000000998402","sector":"540011000000009984","pcode":"CO54001","area_m2":92201}},{"type":"Polygon","arcs":[[854,-485,855,856]],"properties":{"codigo":"54001100000000998405","sector":"540011000000009984","pcode":"CO54001","area_m2":194455}},{"type":"Polygon","arcs":[[-845,-852,857,-856,-484,-850]],"properties":{"codigo":"54001100000000998407","sector":"540011000000009984","pcode":"CO54001","area_m2":65626}},{"type":"Polygon","arcs":[[858,859]],"properties":{"codigo":"54001200817042000101","sector":"540012008170420001","pcode":"CO54001","area_m2":103278}},{"type":"Polygon","arcs":[[860,861,862,863]],"properties":{"codigo":"54001100000000998505","sector":"540011000000009985","pcode":"CO54001","area_m2":145743}},{"type":"Polygon","arcs":[[864,865,866,867]],"properties":{"codigo":"54001100000000998606","sector":"540011000000009986","pcode":"CO54001","area_m2":160382}},{"type":"Polygon","arcs":[[868,869,870,871,872]],"properties":{"codigo":"54001100000000998802","sector":"540011000000009988","pcode":"CO54001","area_m2":136314}},{"type":"Polygon","arcs":[[873,874,875,876]],"properties":{"codigo":"54001100000000998701","sector":"540011000000009987","pcode":"CO54001","area_m2":435322}},{"type":"Polygon","arcs":[[877,878,879,880,-869,881,882]],"properties":{"codigo":"54001100000000998805","sector":"540011000000009988","pcode":"CO54001","area_m2":125019}},{"type":"Polygon","arcs":[[883]],"properties":{"codigo":"54001201001038000101","sector":"540012010010380001","pcode":"CO54001","area_m2":65571}},{"type":"Polygon","arcs":[[884]],"properties":{"codigo":"54001200603039000101","sector":"540012006030390001","pcode":"CO54001","area_m2":25480}},{"type":"Polygon","arcs":[[885]],"properties":{"codigo":"54001200805050000101","sector":"540012008050500001","pcode":"CO54001","area_m2":99943}},{"type":"Polygon","arcs":[[886]],"properties":{"codigo":"54001200804054000101","sector":"540012008040540001","pcode":"CO54001","area_m2":78601}},{"type":"Polygon","arcs":[[887]],"properties":{"codigo":"54001200601057000101","sector":"540012006010570001","pcode":"CO54001","area_m2":31042}},{"type":"Polygon","arcs":[[888]],"properties":{"codigo":"54001200802058000101","sector":"540012008020580001","pcode":"CO54001","area_m2":172205}},{"type":"Polygon","arcs":[[889,890,-80]],"properties":{"codigo":"54001100000000994603","sector":"540011000000009946","pcode":"CO54001","area_m2":113515}},{"type":"Polygon","arcs":[[-149,891,-288,-172,-151,892]],"properties":{"codigo":"54001100000000011001","sector":"540011000000000110","pcode":"CO54001","area_m2":92416}},{"type":"Polygon","arcs":[[-810,893,894,895,896,-829]],"properties":{"codigo":"54001100000000998106","sector":"540011000000009981","pcode":"CO54001","area_m2":259906}},{"type":"Polygon","arcs":[[-881,897,898,899,-870]],"properties":{"codigo":"54001100000000998801","sector":"540011000000009988","pcode":"CO54001","area_m2":75151}},{"type":"MultiPolygon","arcs":[[[900,901]],[[902]],[[903]]],"properties":{"codigo":"54001200109018000102","sector":"540012001090180001","pcode":"CO54001","area_m2":39363}},{"type":"Polygon","arcs":[[904,905,906,-254,-229,907,908,909]],"properties":{"codigo":"54001100000000500802","sector":"540011000000005008","pcode":"CO54001","area_m2":109774}},{"type":"Polygon","arcs":[[-305,910,911,912,-292,913]],"properties":{"codigo":"54001100000000089003","sector":"540011000000000890","pcode":"CO54001","area_m2":279183}},{"type":"Polygon","arcs":[[-63,914,915,-750]],"properties":{"codigo":"54001100000000500902","sector":"540011000000005009","pcode":"CO54001","area_m2":129869}},{"type":"Polygon","arcs":[[916,917,-838,918,-876]],"properties":{"codigo":"54001100000000998704","sector":"540011000000009987","pcode":"CO54001","area_m2":199892}},{"type":"Polygon","arcs":[[919,-243,920,921]],"properties":{"codigo":"54001100000000056506","sector":"540011000000000565","pcode":"CO54001","area_m2":46271}},{"type":"Polygon","arcs":[[922,923,924,-67,-65,-22,-657]],"properties":{"codigo":"54001100000000187303","sector":"540011000000001873","pcode":"CO54001","area_m2":486802}},{"type":"Polygon","arcs":[[925,926,-737,927,928]],"properties":{"codigo":"54001100000000046906","sector":"540011000000000469","pcode":"CO54001","area_m2":203486}},{"type":"Polygon","arcs":[[929,-758,930,931,-632]],"properties":{"codigo":"54001100000000187304","sector":"540011000000001873","pcode":"CO54001","area_m2":118338}},{"type":"Polygon","arcs":[[-795,932,933,934,935]],"properties":{"codigo":"54001100000000024401","sector":"540011000000000244","pcode":"CO54001","area_m2":80234}},{"type":"MultiPolygon","arcs":[[[-901,936]],[[937]],[[938]]],"properties":{"codigo":"54001200109018000101","sector":"540012001090180001","pcode":"CO54001","area_m2":28405}},{"type":"Polygon","arcs":[[939,-827,-897,940,941,-917,-875]],"properties":{"codigo":"54001100000000998703","sector":"540011000000009987","pcode":"CO54001","area_m2":57704}},{"type":"Polygon","arcs":[[942,-899,943,-941,-896]],"properties":{"codigo":"54001100000000998705","sector":"540011000000009987","pcode":"CO54001","area_m2":106622}},{"type":"Polygon","arcs":[[944,945,-537,-542,-799,946,947,948]],"properties":{"codigo":"54001100000000141703","sector":"540011000000001417","pcode":"CO54001","area_m2":252697}},{"type":"Polygon","arcs":[[-2,949,-165,-161]],"properties":{"codigo":"54001100000000011301","sector":"540011000000000113","pcode":"CO54001","area_m2":142841}},{"type":"Polygon","arcs":[[950,-252,951,-248,-241,952,953]],"properties":{"codigo":"54001100000000056402","sector":"540011000000000564","pcode":"CO54001","area_m2":185541}},{"type":"Polygon","arcs":[[954,-921,-249,-952,-251]],"properties":{"codigo":"54001100000000056502","sector":"540011000000000565","pcode":"CO54001","area_m2":100388}},{"type":"Polygon","arcs":[[-247,955,956,-906,957,-242]],"properties":{"codigo":"54001100000000056505","sector":"540011000000000565","pcode":"CO54001","area_m2":109597}},{"type":"Polygon","arcs":[[958,-217,959,960,961,962]],"properties":{"codigo":"54001100000000066304","sector":"540011000000000663","pcode":"CO54001","area_m2":160713}},{"type":"Polygon","arcs":[[963,-956,-246]],"properties":{"codigo":"54001100000000056504","sector":"540011000000000565","pcode":"CO54001","area_m2":46851}},{"type":"Polygon","arcs":[[-142,-893,-150,-158,-950,-1,-160,-946,964]],"properties":{"codigo":"54001100000000011302","sector":"540011000000000113","pcode":"CO54001","area_m2":341153}},{"type":"Polygon","arcs":[[965,966,-882,-873,967,-912]],"properties":{"codigo":"54001100000000998803","sector":"540011000000009988","pcode":"CO54001","area_m2":193157}},{"type":"Polygon","arcs":[[968,-935,969,-218,-959,970,-707]],"properties":{"codigo":"54001100000000066302","sector":"540011000000000663","pcode":"CO54001","area_m2":126192}},{"type":"Polygon","arcs":[[971,972,973,-256,974,-244,-920]],"properties":{"codigo":"54001100000000056701","sector":"540011000000000567","pcode":"CO54001","area_m2":106178}},{"type":"Polygon","arcs":[[-277,975,976,-334,-325,977,-351]],"properties":{"codigo":"54001100000000089305","sector":"540011000000000893","pcode":"CO54001","area_m2":174089}},{"type":"Polygon","arcs":[[-751,-916,978,979,-628,980,981,-687]],"properties":{"codigo":"54001100000000179601","sector":"540011000000001796","pcode":"CO54001","area_m2":174974}},{"type":"Polygon","arcs":[[-198,982,983,984,985]],"properties":{"codigo":"54001100000000047001","sector":"540011000000000470","pcode":"CO54001","area_m2":102887}},{"type":"Polygon","arcs":[[986,-973,987]],"properties":{"codigo":"54001100000000056703","sector":"540011000000000567","pcode":"CO54001","area_m2":50068}},{"type":"Polygon","arcs":[[-934,988,989,-215,-970]],"properties":{"codigo":"54001100000000066303","sector":"540011000000000663","pcode":"CO54001","area_m2":123006}},{"type":"Polygon","arcs":[[-258,990,-222,-227,-733,-927,991,-908,-228]],"properties":{"codigo":"54001100000000046901","sector":"540011000000000469","pcode":"CO54001","area_m2":240711}},{"type":"Polygon","arcs":[[-797,-113,-253,-951,992,-989,-933,-794]],"properties":{"codigo":"54001100000000024402","sector":"540011000000000244","pcode":"CO54001","area_m2":199057}},{"type":"Polygon","arcs":[[-954,993,-960,-216,-990,-993]],"properties":{"codigo":"54001100000000056404","sector":"540011000000000564","pcode":"CO54001","area_m2":75633}},{"type":"Polygon","arcs":[[994,995,-636,-624,996]],"properties":{"codigo":"54001100000000179606","sector":"540011000000001796","pcode":"CO54001","area_m2":152391}},{"type":"Polygon","arcs":[[-996,997,998,999,-634]],"properties":{"codigo":"54001100000000990801","sector":"540011000000009908","pcode":"CO54001","area_m2":245991}},{"type":"Polygon","arcs":[[-910,1000,-929,1001,-883,-967,1002,1003,1004]],"properties":{"codigo":"54001100000000998804","sector":"540011000000009988","pcode":"CO54001","area_m2":856579}},{"type":"Polygon","arcs":[[-289,-892,-148,1005,1006,-284]],"properties":{"codigo":"54001100000000073503","sector":"540011000000000735","pcode":"CO54001","area_m2":100430}},{"type":"Polygon","arcs":[[1007,-998,-995,1008,1009]],"properties":{"codigo":"54001100000000500904","sector":"540011000000005009","pcode":"CO54001","area_m2":342446}},{"type":"Polygon","arcs":[[-923,-662,1010,1011]],"properties":{"codigo":"54001100000000187308","sector":"540011000000001873","pcode":"CO54001","area_m2":175112}},{"type":"Polygon","arcs":[[1012,-871,-900,-943,-895]],"properties":{"codigo":"54001100000000998109","sector":"540011000000009981","pcode":"CO54001","area_m2":77017}},{"type":"Polygon","arcs":[[-909,-992,-926,-1001]],"properties":{"codigo":"54001100000000500801","sector":"540011000000005008","pcode":"CO54001","area_m2":219863}},{"type":"Polygon","arcs":[[1013,-1009,-997,-629,-980]],"properties":{"codigo":"54001100000000179602","sector":"540011000000001796","pcode":"CO54001","area_m2":234183}},{"type":"Polygon","arcs":[[1014,1015,-749,1016,1017,-745]],"properties":{"codigo":"54001100000000500706","sector":"540011000000005007","pcode":"CO54001","area_m2":159045}},{"type":"Polygon","arcs":[[-197,1018,1019,-983]],"properties":{"codigo":"54001100000000047003","sector":"540011000000000470","pcode":"CO54001","area_m2":154018}},{"type":"Polygon","arcs":[[-913,-968,-872,-1013,-894,-809,-293]],"properties":{"codigo":"54001100000000998110","sector":"540011000000009981","pcode":"CO54001","area_m2":84152}},{"type":"Polygon","arcs":[[-188,-192,-199,-986,1020,1021]],"properties":{"codigo":"54001100000000033704","sector":"540011000000000337","pcode":"CO54001","area_m2":143902}},{"type":"Polygon","arcs":[[-981,-627,1022,-945,1023]],"properties":{"codigo":"54001100000000179603","sector":"540011000000001796","pcode":"CO54001","area_m2":182829}},{"type":"Polygon","arcs":[[-985,1024,-219,-991,-257,-974,-987,-1021]],"properties":{"codigo":"54001100000000056702","sector":"540011000000000567","pcode":"CO54001","area_m2":114038}},{"type":"Polygon","arcs":[[-656,-680,-756,-759,-930]],"properties":{"codigo":"54001100000000187503","sector":"540011000000001875","pcode":"CO54001","area_m2":48560}},{"type":"Polygon","arcs":[[-977,-962,1025,-239,-958,-905,-1005,1026,-87,-327,-335]],"properties":{"codigo":"54001100000000089303","sector":"540011000000000893","pcode":"CO54001","area_m2":268499}},{"type":"Polygon","arcs":[[1027,1028,-203,-208,-212,1029]],"properties":{"codigo":"54001100000000033904","sector":"540011000000000339","pcode":"CO54001","area_m2":103032}},{"type":"Polygon","arcs":[[-1006,-147,1030,-1028,1031]],"properties":{"codigo":"54001100000000073602","sector":"540011000000000736","pcode":"CO54001","area_m2":153932}},{"type":"Polygon","arcs":[[-196,1032,1033,-1019]],"properties":{"codigo":"54001100000000047004","sector":"540011000000000470","pcode":"CO54001","area_m2":167974}},{"type":"Polygon","arcs":[[-250,-133,-214,-189,-1022,-988,-972,-922,-955]],"properties":{"codigo":"54001100000000036601","sector":"540011000000000366","pcode":"CO54001","area_m2":127980}},{"type":"Polygon","arcs":[[-285,-1007,-1032,-1030,-211,-298]],"properties":{"codigo":"54001100000000073601","sector":"540011000000000736","pcode":"CO54001","area_m2":202388}},{"type":"Polygon","arcs":[[-994,-953,-240,-1026,-961]],"properties":{"codigo":"54001100000000056403","sector":"540011000000000564","pcode":"CO54001","area_m2":130109}},{"type":"Polygon","arcs":[[-746,-1018,1034,1035,-878,-1002,-928,-736]],"properties":{"codigo":"54001100000000500704","sector":"540011000000005007","pcode":"CO54001","area_m2":321801}},{"type":"Polygon","arcs":[[-982,-1024,-949,1036,-620,-622,1037,-684]],"properties":{"codigo":"54001100000000190601","sector":"540011000000001906","pcode":"CO54001","area_m2":252022}},{"type":"Polygon","arcs":[[-708,-971,-963,-976,-276]],"properties":{"codigo":"54001100000000069402","sector":"540011000000000694","pcode":"CO54001","area_m2":134959}},{"type":"Polygon","arcs":[[-85,-1027,-1004,1038,-306,-914,-291,-321,-81]],"properties":{"codigo":"54001100000000089002","sector":"540011000000000890","pcode":"CO54001","area_m2":120268}},{"type":"Polygon","arcs":[[1039,1040,-791,-144,1041]],"properties":{"codigo":"54001100000000998301","sector":"540011000000009983","pcode":"CO54001","area_m2":900425}},{"type":"Polygon","arcs":[[-964,-245,-975,-255,-907,-957]],"properties":{"codigo":"54001100000000056801","sector":"540011000000000568","pcode":"CO54001","area_m2":95898}},{"type":"Polygon","arcs":[[-984,-1020,-1034,1042,1043,-223,-220,-1025]],"properties":{"codigo":"54001100000000047002","sector":"540011000000000470","pcode":"CO54001","area_m2":175195}},{"type":"MultiPolygon","arcs":[[[-1040,1044]],[[1045]]],"properties":{"codigo":"54001200101030000101","sector":"540012001010300001","pcode":"CO54001","area_m2":448838}},{"type":"Polygon","arcs":[[-62,-66,-925,1046,-1010,-1014,-979,-915]],"properties":{"codigo":"54001100000000500903","sector":"540011000000005009","pcode":"CO54001","area_m2":233279}},{"type":"Polygon","arcs":[[-1011,-661,1047,1048]],"properties":{"codigo":"54001100000000187305","sector":"540011000000001873","pcode":"CO54001","area_m2":62003}},{"type":"Polygon","arcs":[[-307,-1039,-1003,-966,-911]],"properties":{"codigo":"54001100000000089005","sector":"540011000000000890","pcode":"CO54001","area_m2":184616}},{"type":"Polygon","arcs":[[-287,-300,-301,-265,-279,-175,-282]],"properties":{"codigo":"54001100000000073302","sector":"540011000000000733","pcode":"CO54001","area_m2":99001}},{"type":"Polygon","arcs":[[-70,-682,-1038,-623,-614]],"properties":{"codigo":"54001100000000170205","sector":"540011000000001702","pcode":"CO54001","area_m2":202307}},{"type":"Polygon","arcs":[[-1044,1049,-1015,-747,-224]],"properties":{"codigo":"54001100000000046904","sector":"540011000000000469","pcode":"CO54001","area_m2":382284}},{"type":"Polygon","arcs":[[1050,1051,-556,-710,-44]],"properties":{"codigo":"54001100000000144702","sector":"540011000000001447","pcode":"CO54001","area_m2":90634}},{"type":"Polygon","arcs":[[1052,1053,1054,1055,-557,-1052]],"properties":{"codigo":"54001100000000144701","sector":"540011000000001447","pcode":"CO54001","area_m2":84190}},{"type":"Polygon","arcs":[[1056,1057,1058,1059,-1055]],"properties":{"codigo":"54001100000000164802","sector":"540011000000001648","pcode":"CO54001","area_m2":96701}},{"type":"Polygon","arcs":[[1060,1061,1062,-353]],"properties":{"codigo":"54001100000000096003","sector":"540011000000000960","pcode":"CO54001","area_m2":88491}},{"type":"Polygon","arcs":[[1063,1064,1065,-94]],"properties":{"codigo":"54001100000000162102","sector":"540011000000001621","pcode":"CO54001","area_m2":30204}},{"type":"Polygon","arcs":[[-352,-978,-119,1066,-1061]],"properties":{"codigo":"54001100000000099101","sector":"540011000000000991","pcode":"CO54001","area_m2":90307}},{"type":"Polygon","arcs":[[-1060,1067,1068]],"properties":{"codigo":"54001100000000164801","sector":"540011000000001648","pcode":"CO54001","area_m2":97642}},{"type":"Polygon","arcs":[[1069,1070,1071,-1057,-1054]],"properties":{"codigo":"54001100000000164803","sector":"540011000000001648","pcode":"CO54001","area_m2":116760}},{"type":"Polygon","arcs":[[-444,1072,-399,-359,1073,-384]],"properties":{"codigo":"54001100000000105202","sector":"540011000000001052","pcode":"CO54001","area_m2":93710}},{"type":"Polygon","arcs":[[1074,1075,1076,-371]],"properties":{"codigo":"54001100000000105210","sector":"540011000000001052","pcode":"CO54001","area_m2":115795}},{"type":"Polygon","arcs":[[-1072,1077,1078,1079,-1058]],"properties":{"codigo":"54001100000000164804","sector":"540011000000001648","pcode":"CO54001","area_m2":50550}},{"type":"Polygon","arcs":[[-447,-367,-376,1080,-393,-1073,-443]],"properties":{"codigo":"54001100000000105203","sector":"540011000000001052","pcode":"CO54001","area_m2":89347}},{"type":"Polygon","arcs":[[1081,1082,-141,-231,-347,-344]],"properties":{"codigo":"54001100000000095805","sector":"540011000000000958","pcode":"CO54001","area_m2":71336}},{"type":"Polygon","arcs":[[-891,1083,1084,-1070,-1053,-1051,-43]],"properties":{"codigo":"54001100000000167601","sector":"540011000000001676","pcode":"CO54001","area_m2":141571}},{"type":"Polygon","arcs":[[-1067,-118,-137,-1083,1085,-1062]],"properties":{"codigo":"54001100000000095901","sector":"540011000000000959","pcode":"CO54001","area_m2":44883}},{"type":"Polygon","arcs":[[-8,-268,1086,-423,1087,1088]],"properties":{"codigo":"54001100000000066103","sector":"540011000000000661","pcode":"CO54001","area_m2":127830}},{"type":"Polygon","arcs":[[1089,1090,-425,-354,-1063,-1086,-1082,1091]],"properties":{"codigo":"54001100000000096002","sector":"540011000000000960","pcode":"CO54001","area_m2":109851}},{"type":"Polygon","arcs":[[-1087,-271,-350,-424]],"properties":{"codigo":"54001100000000066101","sector":"540011000000000661","pcode":"CO54001","area_m2":152741}},{"type":"Polygon","arcs":[[-343,1092,1093,-1092]],"properties":{"codigo":"54001100000000096001","sector":"540011000000000960","pcode":"CO54001","area_m2":72036}},{"type":"Polygon","arcs":[[-338,1094,-773,-768,-392,1095]],"properties":{"codigo":"54001100000000085701","sector":"540011000000000857","pcode":"CO54001","area_m2":112977}},{"type":"Polygon","arcs":[[-303,1096,-725,1097,-780,-774,-1095,-337]],"properties":{"codigo":"54001100000000085702","sector":"540011000000000857","pcode":"CO54001","area_m2":123039}},{"type":"Polygon","arcs":[[-139,-178,-324,-319,1098,-1097,-302,-348,-232]],"properties":{"codigo":"54001100000000085704","sector":"540011000000000857","pcode":"CO54001","area_m2":182131}},{"type":"Polygon","arcs":[[-318,-310,-723,-722,-726,-1099]],"properties":{"codigo":"54001100000000089201","sector":"540011000000000892","pcode":"CO54001","area_m2":208687}},{"type":"Polygon","arcs":[[-1076,-1093,-346,-339,-1096,-391,1099]],"properties":{"codigo":"54001100000000095802","sector":"540011000000000958","pcode":"CO54001","area_m2":181820}},{"type":"Polygon","arcs":[[-1100,-390,-380,-330,-125,-372,-1077]],"properties":{"codigo":"54001100000000105404","sector":"540011000000001054","pcode":"CO54001","area_m2":80249}},{"type":"Polygon","arcs":[[1100,-379,-382,-389,-772,1101,1102,1103,1104]],"properties":{"codigo":"54001100000000105602","sector":"540011000000001056","pcode":"CO54001","area_m2":155108}},{"type":"Polygon","arcs":[[1105,-1104,1106,1107,1108]],"properties":{"codigo":"54001100000000105603","sector":"540011000000001056","pcode":"CO54001","area_m2":210921}},{"type":"Polygon","arcs":[[-405,-395,1109,1110,1111]],"properties":{"codigo":"54001100000000115506","sector":"540011000000001155","pcode":"CO54001","area_m2":97920}},{"type":"Polygon","arcs":[[1112,-1108,1113,-711,1114]],"properties":{"codigo":"54001100000000105604","sector":"540011000000001056","pcode":"CO54001","area_m2":365801}},{"type":"Polygon","arcs":[[-1109,-1113,1115,1116]],"properties":{"codigo":"54001100000000105605","sector":"540011000000001056","pcode":"CO54001","area_m2":165255}},{"type":"Polygon","arcs":[[-375,1117,-1110,-394,-1081]],"properties":{"codigo":"54001100000000115507","sector":"540011000000001155","pcode":"CO54001","area_m2":86032}},{"type":"Polygon","arcs":[[1118,-107,-117,-274,-406,-1112,1119,1120]],"properties":{"codigo":"54001100000000115508","sector":"540011000000001155","pcode":"CO54001","area_m2":209622}},{"type":"Polygon","arcs":[[1121,1122,1123,-1121,1124,1125,1126]],"properties":{"codigo":"54001100000000115509","sector":"540011000000001155","pcode":"CO54001","area_m2":229746}},{"type":"Polygon","arcs":[[1127,1128,-414]],"properties":{"codigo":"54001100000000116203","sector":"540011000000001162","pcode":"CO54001","area_m2":150797}},{"type":"Polygon","arcs":[[1129,-1126,1130,-1105,-1106,-1117,1131]],"properties":{"codigo":"54001100000000115510","sector":"540011000000001155","pcode":"CO54001","area_m2":652637}},{"type":"Polygon","arcs":[[-1120,-1111,-1118,-374,-377,-1101,-1131,-1125]],"properties":{"codigo":"54001100000000115511","sector":"540011000000001155","pcode":"CO54001","area_m2":335911}},{"type":"Polygon","arcs":[[-700,-692,1132,1133]],"properties":{"codigo":"54001100000000116201","sector":"540011000000001162","pcode":"CO54001","area_m2":45712}},{"type":"Polygon","arcs":[[1134,-1078,-1071,-1085,1135,-1088,-422]],"properties":{"codigo":"54001100000000124903","sector":"540011000000001249","pcode":"CO54001","area_m2":172956}},{"type":"Polygon","arcs":[[1136,-458,1137,-460,-467,1138]],"properties":{"codigo":"54001100000000132205","sector":"540011000000001322","pcode":"CO54001","area_m2":517208}},{"type":"Polygon","arcs":[[-413,1139,-705,-703,-1134,1140,1141,1142,1143,-1128]],"properties":{"codigo":"54001100000000116204","sector":"540011000000001162","pcode":"CO54001","area_m2":343282}},{"type":"Polygon","arcs":[[-1123,1144,1145,1146,-697,1147]],"properties":{"codigo":"54001100000000116205","sector":"540011000000001162","pcode":"CO54001","area_m2":118096}},{"type":"Polygon","arcs":[[-1142,1148,-1146,1149,1150,1151,1152]],"properties":{"codigo":"54001100000000116206","sector":"540011000000001162","pcode":"CO54001","area_m2":229627}},{"type":"Polygon","arcs":[[1153,-415,-1129,-1144,1154,1155,1156,1157]],"properties":{"codigo":"54001100000000116207","sector":"540011000000001162","pcode":"CO54001","area_m2":331644}},{"type":"Polygon","arcs":[[-1155,-1143,-1153,1158,1159]],"properties":{"codigo":"54001100000000116208","sector":"540011000000001162","pcode":"CO54001","area_m2":228694}},{"type":"Polygon","arcs":[[-1133,-691,-1147,-1149,-1141]],"properties":{"codigo":"54001100000000116209","sector":"540011000000001162","pcode":"CO54001","area_m2":77050}},{"type":"Polygon","arcs":[[1160,-1127,-1130,1161,-1151]],"properties":{"codigo":"54001100000000116210","sector":"540011000000001162","pcode":"CO54001","area_m2":272498}},{"type":"Polygon","arcs":[[-1145,-1122,-1161,-1150]],"properties":{"codigo":"54001100000000116211","sector":"540011000000001162","pcode":"CO54001","area_m2":95585}},{"type":"Polygon","arcs":[[1162,1163,-453,-1137]],"properties":{"codigo":"54001100000000132204","sector":"540011000000001322","pcode":"CO54001","area_m2":308820}},{"type":"Polygon","arcs":[[-1156,-1160,1164,1165]],"properties":{"codigo":"54001100000000116212","sector":"540011000000001162","pcode":"CO54001","area_m2":161006}},{"type":"Polygon","arcs":[[-108,-1119,-1124,-1148,-696,-417]],"properties":{"codigo":"54001100000000119501","sector":"540011000000001195","pcode":"CO54001","area_m2":153897}},{"type":"Polygon","arcs":[[1166,-361,-398,-400,1167]],"properties":{"codigo":"54001100000000119509","sector":"540011000000001195","pcode":"CO54001","area_m2":115185}},{"type":"Polygon","arcs":[[-1079,-1135,-421,1168,-407,1169,1170]],"properties":{"codigo":"54001100000000124902","sector":"540011000000001249","pcode":"CO54001","area_m2":126745}},{"type":"Polygon","arcs":[[-426,-1091,1171,-431,1172,1173]],"properties":{"codigo":"54001100000000124905","sector":"540011000000001249","pcode":"CO54001","area_m2":95639}},{"type":"Polygon","arcs":[[-408,-1169,-420,-1174,1174]],"properties":{"codigo":"54001100000000124907","sector":"540011000000001249","pcode":"CO54001","area_m2":64870}},{"type":"Polygon","arcs":[[1175,1176,-1170,-410,1177,-436,1178,1179]],"properties":{"codigo":"54001100000000124908","sector":"540011000000001249","pcode":"CO54001","area_m2":176510}},{"type":"Polygon","arcs":[[1180,1181,-490,1182]],"properties":{"codigo":"54001100000000138504","sector":"540011000000001385","pcode":"CO54001","area_m2":142719}},{"type":"Polygon","arcs":[[-1179,-435,-451,1183,1184,-437,1185]],"properties":{"codigo":"54001100000000124909","sector":"540011000000001249","pcode":"CO54001","area_m2":98450}},{"type":"Polygon","arcs":[[-1180,-1186,-439,1186,1187,1188]],"properties":{"codigo":"54001100000000124911","sector":"540011000000001249","pcode":"CO54001","area_m2":69088}},{"type":"Polygon","arcs":[[-1090,-1094,-1075,-370,-46,-369,-446,-428,-432,-1172]],"properties":{"codigo":"54001100000000125005","sector":"540011000000001250","pcode":"CO54001","area_m2":187006}},{"type":"Polygon","arcs":[[-409,-1175,-1173,-430,-1178]],"properties":{"codigo":"54001100000000128601","sector":"540011000000001286","pcode":"CO54001","area_m2":94536}},{"type":"Polygon","arcs":[[-1138,-457,-601,1189,1190,1191,1192,1193,-471,-461]],"properties":{"codigo":"54001100000000132201","sector":"540011000000001322","pcode":"CO54001","area_m2":312038}},{"type":"Polygon","arcs":[[1194,-454,-1164,1195]],"properties":{"codigo":"54001100000000132203","sector":"540011000000001322","pcode":"CO54001","area_m2":112789}},{"type":"Polygon","arcs":[[-1190,-767,1196,1197]],"properties":{"codigo":"54001100000000138205","sector":"540011000000001382","pcode":"CO54001","area_m2":210385}},{"type":"Polygon","arcs":[[1198,-801,-808,1199,1200]],"properties":{"codigo":"54001100000000995202","sector":"540011000000009952","pcode":"CO54001","area_m2":76961}},{"type":"Polygon","arcs":[[-1194,1201,1202,-1183,-489,-496,-473,-468]],"properties":{"codigo":"54001100000000138201","sector":"540011000000001382","pcode":"CO54001","area_m2":161786}},{"type":"Polygon","arcs":[[1203,1204,1205,-1202,-1193]],"properties":{"codigo":"54001100000000138202","sector":"540011000000001382","pcode":"CO54001","area_m2":88260}},{"type":"Polygon","arcs":[[1206,1207,1208,-1204,-1192]],"properties":{"codigo":"54001100000000138203","sector":"540011000000001382","pcode":"CO54001","area_m2":86290}},{"type":"Polygon","arcs":[[-1191,-1198,1209,1210,-1207]],"properties":{"codigo":"54001100000000138204","sector":"540011000000001382","pcode":"CO54001","area_m2":143819}},{"type":"Polygon","arcs":[[-495,1211,1212,-475]],"properties":{"codigo":"54001100000000138303","sector":"540011000000001383","pcode":"CO54001","area_m2":72761}},{"type":"Polygon","arcs":[[-494,-499,-520,-479,-487,1213,1214,-1212]],"properties":{"codigo":"54001100000000138304","sector":"540011000000001383","pcode":"CO54001","area_m2":100679}},{"type":"Polygon","arcs":[[-1214,-486,-855,1215,1216]],"properties":{"codigo":"54001100000000138305","sector":"540011000000001383","pcode":"CO54001","area_m2":92214}},{"type":"Polygon","arcs":[[-476,-1213,-1215,-1217,1217,1218,-478]],"properties":{"codigo":"54001100000000138306","sector":"540011000000001383","pcode":"CO54001","area_m2":119331}},{"type":"Polygon","arcs":[[1219,1220,-1208,-1211]],"properties":{"codigo":"54001100000000138501","sector":"540011000000001385","pcode":"CO54001","area_m2":87649}},{"type":"Polygon","arcs":[[-1221,1221,1222,-1205,-1209]],"properties":{"codigo":"54001100000000138502","sector":"540011000000001385","pcode":"CO54001","area_m2":98430}},{"type":"Polygon","arcs":[[-1223,1223,1224,-1181,-1203,-1206]],"properties":{"codigo":"54001100000000138503","sector":"540011000000001385","pcode":"CO54001","area_m2":139538}},{"type":"Polygon","arcs":[[1225,-516,-521,-491,-1182,-1225]],"properties":{"codigo":"54001100000000138606","sector":"540011000000001386","pcode":"CO54001","area_m2":96126}},{"type":"MultiPolygon","arcs":[[[-465,-464,1226,1227,1228]],[[1229]]],"properties":{"codigo":"54001100000000139001","sector":"540011000000001390","pcode":"CO54001","area_m2":847106}},{"type":"Polygon","arcs":[[-1228,1230,1231,1232,1233]],"properties":{"codigo":"54001100000000139002","sector":"540011000000001390","pcode":"CO54001","area_m2":250288}},{"type":"Polygon","arcs":[[1234,-1231,-1227,-477,-1219,1235,1236,1237]],"properties":{"codigo":"54001100000000139003","sector":"540011000000001390","pcode":"CO54001","area_m2":299973}},{"type":"Polygon","arcs":[[1238]],"properties":{"codigo":"54001100000000139004","sector":"540011000000001390","pcode":"CO54001","area_m2":321841}},{"type":"Polygon","arcs":[[1239,1240,-1237]],"properties":{"codigo":"54001100000000139005","sector":"540011000000001390","pcode":"CO54001","area_m2":116371}},{"type":"Polygon","arcs":[[-1238,-1241,1241]],"properties":{"codigo":"54001100000000139006","sector":"540011000000001390","pcode":"CO54001","area_m2":27671}},{"type":"Polygon","arcs":[[1242,-1233]],"properties":{"codigo":"54001100000000139007","sector":"540011000000001390","pcode":"CO54001","area_m2":73571}},{"type":"Polygon","arcs":[[-558,-1056,-1069,1243,-564,-575]],"properties":{"codigo":"54001100000000152701","sector":"540011000000001527","pcode":"CO54001","area_m2":251105}},{"type":"Polygon","arcs":[[1244,1245,-1064,-93,-597]],"properties":{"codigo":"54001100000000162101","sector":"540011000000001621","pcode":"CO54001","area_m2":39477}},{"type":"Polygon","arcs":[[1246,-565,-1244,-1068,-1059,-1080,-1171,-1177,1247]],"properties":{"codigo":"54001100000000162401","sector":"540011000000001624","pcode":"CO54001","area_m2":379911}},{"type":"Polygon","arcs":[[-1246,1248,1249,1250,-602,-1195,-1065]],"properties":{"codigo":"54001100000000162402","sector":"540011000000001624","pcode":"CO54001","area_m2":209336}},{"type":"Polygon","arcs":[[1251,-1188,1252,-761,-599,-603,-1251]],"properties":{"codigo":"54001100000000162404","sector":"540011000000001624","pcode":"CO54001","area_m2":128031}},{"type":"Polygon","arcs":[[-1248,-1176,-1189,-1252,1253]],"properties":{"codigo":"54001100000000162406","sector":"540011000000001624","pcode":"CO54001","area_m2":284792}},{"type":"Polygon","arcs":[[-1247,-1254,-1250,1254,-566]],"properties":{"codigo":"54001100000000162407","sector":"540011000000001624","pcode":"CO54001","area_m2":239801}},{"type":"Polygon","arcs":[[-604,-567,-1255,-1249,-1245,-596,-608,-606]],"properties":{"codigo":"54001100000000162501","sector":"540011000000001625","pcode":"CO54001","area_m2":118311}},{"type":"Polygon","arcs":[[-582,-580,-589,-585,-591,-592,1255,-609,1256,1257,1258,1259]],"properties":{"codigo":"54001100000000168102","sector":"540011000000001681","pcode":"CO54001","area_m2":290305}},{"type":"Polygon","arcs":[[-1256,-594,-95,-1066,-1196,1260,-610]],"properties":{"codigo":"54001100000000168103","sector":"540011000000001681","pcode":"CO54001","area_m2":112311}},{"type":"Polygon","arcs":[[1261,1262,-947,-798,-583,-1260,1263]],"properties":{"codigo":"54001100000000168104","sector":"540011000000001681","pcode":"CO54001","area_m2":567566}},{"type":"Polygon","arcs":[[1264]],"properties":{"codigo":"54001201002011000101","sector":"540012010020110001","pcode":"CO54001","area_m2":81656}},{"type":"Polygon","arcs":[[1265,-1257,-611,-1261,-1163,-1139,1266]],"properties":{"codigo":"54001100000000168105","sector":"540011000000001681","pcode":"CO54001","area_m2":1285767}},{"type":"Polygon","arcs":[[-617,-621,-1037,-948,1267,-671,-675]],"properties":{"codigo":"54001100000000170202","sector":"540011000000001702","pcode":"CO54001","area_m2":199593}},{"type":"Polygon","arcs":[[1268,-653,1269,1270,1271,1272]],"properties":{"codigo":"54001100000000180701","sector":"540011000000001807","pcode":"CO54001","area_m2":142327}},{"type":"Polygon","arcs":[[-238,-32,1273,-1270,-652]],"properties":{"codigo":"54001100000000180702","sector":"540011000000001807","pcode":"CO54001","area_m2":127454}},{"type":"Polygon","arcs":[[-404,-33,-237,-650,-666,-669,-672,-1268,-1263,1274,1275,1276]],"properties":{"codigo":"54001100000000187405","sector":"540011000000001874","pcode":"CO54001","area_m2":592015}},{"type":"Polygon","arcs":[[1277]],"properties":{"codigo":"54001201101044000101","sector":"540012011010440001","pcode":"CO54001","area_m2":54327}},{"type":"Polygon","arcs":[[1278,1279,-1258,-1266,1280]],"properties":{"codigo":"54001100000000187407","sector":"540011000000001874","pcode":"CO54001","area_m2":648513}},{"type":"Polygon","arcs":[[-1271,-1274,-31,-403,-1277,-1279,1281,1282]],"properties":{"codigo":"54001100000000187408","sector":"540011000000001874","pcode":"CO54001","area_m2":337764}},{"type":"Polygon","arcs":[[1283,-1264,-1259,-1280,-1276]],"properties":{"codigo":"54001100000000187409","sector":"540011000000001874","pcode":"CO54001","area_m2":430037}},{"type":"Polygon","arcs":[[-1262,-1284,-1275]],"properties":{"codigo":"54001100000000187410","sector":"540011000000001874","pcode":"CO54001","area_m2":289246}},{"type":"Polygon","arcs":[[-694,-699,1284,1285]],"properties":{"codigo":"54001100000000500102","sector":"540011000000005001","pcode":"CO54001","area_m2":85400}},{"type":"Polygon","arcs":[[-342,-90,-38,-136,-695,-1286,1286,-401]],"properties":{"codigo":"54001100000000500103","sector":"540011000000005001","pcode":"CO54001","area_m2":91805}},{"type":"Polygon","arcs":[[-1107,-1103,1287,1288,-712,-1114]],"properties":{"codigo":"54001100000000500501","sector":"540011000000005005","pcode":"CO54001","area_m2":224256}},{"type":"Polygon","arcs":[[1289]],"properties":{"codigo":"54001200403046000101","sector":"540012004030460001","pcode":"CO54001","area_m2":63311}},{"type":"Polygon","arcs":[[1290,1291,1292,1293,-717,-713,-1289]],"properties":{"codigo":"54001100000000500504","sector":"540011000000005005","pcode":"CO54001","area_m2":161820}},{"type":"Polygon","arcs":[[-1253,-1187,-438,-1185,1294,1295,-762]],"properties":{"codigo":"54001100000000995204","sector":"540011000000009952","pcode":"CO54001","area_m2":125308}},{"type":"Polygon","arcs":[[-771,1296,-1291,-1288,-1102]],"properties":{"codigo":"54001100000000501201","sector":"540011000000005012","pcode":"CO54001","area_m2":207982}},{"type":"Polygon","arcs":[[-1297,-770,-779,1297,1298,-1292]],"properties":{"codigo":"54001100000000501202","sector":"540011000000005012","pcode":"CO54001","area_m2":188091}},{"type":"Polygon","arcs":[[-778,1299,1300,1301,1302,1303,1304,-1298]],"properties":{"codigo":"54001100000000501206","sector":"540011000000005012","pcode":"CO54001","area_m2":295051}},{"type":"Polygon","arcs":[[1305,1306,1307,1308,1309,-1301]],"properties":{"codigo":"54001100000000501207","sector":"540011000000005012","pcode":"CO54001","area_m2":210728}},{"type":"Polygon","arcs":[[1310,-1200,-807,-763,-1296]],"properties":{"codigo":"54001100000000995207","sector":"540011000000009952","pcode":"CO54001","area_m2":47051}},{"type":"Polygon","arcs":[[-729,-732,-824,1311,-1306,-1300,-781,-1098]],"properties":{"codigo":"54001100000000501209","sector":"540011000000005012","pcode":"CO54001","area_m2":225453}},{"type":"Polygon","arcs":[[-1302,-1310,1312,1313,1314]],"properties":{"codigo":"54001100000000501210","sector":"540011000000005012","pcode":"CO54001","area_m2":99857}},{"type":"Polygon","arcs":[[-823,1315,1316,-1307,-1312]],"properties":{"codigo":"54001100000000501211","sector":"540011000000005012","pcode":"CO54001","area_m2":150071}},{"type":"Polygon","arcs":[[-1273,1317,1318,1319]],"properties":{"codigo":"54001100000000990101","sector":"540011000000009901","pcode":"CO54001","area_m2":187815}},{"type":"Polygon","arcs":[[-1318,-1272,-1283,1320]],"properties":{"codigo":"54001100000000990102","sector":"540011000000009901","pcode":"CO54001","area_m2":432644}},{"type":"Polygon","arcs":[[-786,1321,-355,-57,-651,-1269,-1320,1322]],"properties":{"codigo":"54001100000000990103","sector":"540011000000009901","pcode":"CO54001","area_m2":1048730}},{"type":"Polygon","arcs":[[-785,1323,1324,-788,-789,-356,-1322]],"properties":{"codigo":"54001100000000990104","sector":"540011000000009901","pcode":"CO54001","area_m2":82774}},{"type":"Polygon","arcs":[[-741,-782,-503,-517,-1226,-1224,-1222,-1220,-1210,-1197,-766,-806,-803,1325,-1168,-402,-1287,-1285,-698,-702,-706,-1140,-412,1326]],"properties":{"codigo":"54001100000000995101","sector":"540011000000009951","pcode":"CO54001","area_m2":2512092}},{"type":"Polygon","arcs":[[-1326,-802,-1199,1327,-385,-1074,-362,-1167]],"properties":{"codigo":"54001100000000995102","sector":"540011000000009951","pcode":"CO54001","area_m2":102125}},{"type":"Polygon","arcs":[[-1311,-1295,-1184,-452,-449,-386,-1328,-1201]],"properties":{"codigo":"54001100000000995201","sector":"540011000000009952","pcode":"CO54001","area_m2":69418}},{"type":"Polygon","arcs":[[-835,-742,-1327,-411,-1154,1328,1329,1330,-848,-833]],"properties":{"codigo":"54001100000000998201","sector":"540011000000009982","pcode":"CO54001","area_m2":519631}},{"type":"Polygon","arcs":[[-844,-841,-528,-739,1331,1332,-853]],"properties":{"codigo":"54001100000000998206","sector":"540011000000009982","pcode":"CO54001","area_m2":154135}},{"type":"Polygon","arcs":[[-854,-1333,1333,-830,1334]],"properties":{"codigo":"54001100000000998408","sector":"540011000000009984","pcode":"CO54001","area_m2":249254}},{"type":"Polygon","arcs":[[-1332,-744,-836,-831,-1334]],"properties":{"codigo":"54001100000000998409","sector":"540011000000009984","pcode":"CO54001","area_m2":224172}},{"type":"Polygon","arcs":[[-719,1335,1336,1337,1338,1339,-715]],"properties":{"codigo":"54001100000000998501","sector":"540011000000009985","pcode":"CO54001","area_m2":126926}},{"type":"Polygon","arcs":[[1340,1341,-1336,-718,-1294]],"properties":{"codigo":"54001100000000998502","sector":"540011000000009985","pcode":"CO54001","area_m2":230054}},{"type":"Polygon","arcs":[[-1304,1342,-864,1343,-1337,-1342,1344]],"properties":{"codigo":"54001100000000998503","sector":"540011000000009985","pcode":"CO54001","area_m2":187459}},{"type":"Polygon","arcs":[[-863,1345,1346,1347,-1338,-1344]],"properties":{"codigo":"54001100000000998504","sector":"540011000000009985","pcode":"CO54001","area_m2":139261}},{"type":"Polygon","arcs":[[-1315,1348,-861,-1343,-1303]],"properties":{"codigo":"54001100000000998506","sector":"540011000000009985","pcode":"CO54001","area_m2":124000}},{"type":"Polygon","arcs":[[1349,1350,-1346,-862,-1349,-1314]],"properties":{"codigo":"54001100000000998507","sector":"540011000000009985","pcode":"CO54001","area_m2":106322}},{"type":"Polygon","arcs":[[-1299,-1305,-1345,-1341,-1293]],"properties":{"codigo":"54001100000000998508","sector":"540011000000009985","pcode":"CO54001","area_m2":83765}},{"type":"Polygon","arcs":[[-1339,-1348,1351,1352,1353,1354,1355,1356]],"properties":{"codigo":"54001100000000998601","sector":"540011000000009986","pcode":"CO54001","area_m2":283349}},{"type":"Polygon","arcs":[[-1347,-1351,1357,1358,-1352]],"properties":{"codigo":"54001100000000998602","sector":"540011000000009986","pcode":"CO54001","area_m2":123296}},{"type":"Polygon","arcs":[[-1353,-1359,1359,-868,1360,1361]],"properties":{"codigo":"54001100000000998603","sector":"540011000000009986","pcode":"CO54001","area_m2":186574}},{"type":"Polygon","arcs":[[-1362,1362,1363,-1354]],"properties":{"codigo":"54001100000000998604","sector":"540011000000009986","pcode":"CO54001","area_m2":185642}},{"type":"Polygon","arcs":[[1364,1365,-1363,-1361,-867]],"properties":{"codigo":"54001100000000998605","sector":"540011000000009986","pcode":"CO54001","area_m2":222492}},{"type":"Polygon","arcs":[[-1358,-1350,1366,1367,-865,-1360]],"properties":{"codigo":"54001100000000998607","sector":"540011000000009986","pcode":"CO54001","area_m2":176037}},{"type":"Polygon","arcs":[[-1313,-1309,1368,1369,-1367]],"properties":{"codigo":"54001100000000998608","sector":"540011000000009986","pcode":"CO54001","area_m2":115160}},{"type":"Polygon","arcs":[[-866,-1368,-1370,1370,-1365]],"properties":{"codigo":"54001100000000998609","sector":"540011000000009986","pcode":"CO54001","area_m2":202320}},{"type":"Polygon","arcs":[[-1356,1371]],"properties":{"codigo":"54001100000000998610","sector":"540011000000009986","pcode":"CO54001","area_m2":92518}},{"type":"Polygon","arcs":[[-826,-828,-940,-874,1372,-1316,-822]],"properties":{"codigo":"54001100000000998702","sector":"540011000000009987","pcode":"CO54001","area_m2":69205}},{"type":"Polygon","arcs":[[-1157,-1166,1373,1374,1375]],"properties":{"codigo":"54001100000000998901","sector":"540011000000009989","pcode":"CO54001","area_m2":158486}},{"type":"Polygon","arcs":[[-1158,-1376,1376,-1329]],"properties":{"codigo":"54001100000000998902","sector":"540011000000009989","pcode":"CO54001","area_m2":146188}},{"type":"Polygon","arcs":[[-1377,-1375,1377,-1330]],"properties":{"codigo":"54001100000000998903","sector":"540011000000009989","pcode":"CO54001","area_m2":136425}},{"type":"Polygon","arcs":[[1378,1379,1380,1381]],"properties":{"codigo":"54001200902001000101","sector":"540012009020010001","pcode":"CO54001","area_m2":132904}},{"type":"MultiPolygon","arcs":[[[-1379,1382]],[[1383]]],"properties":{"codigo":"54001200902001000102","sector":"540012009020010001","pcode":"CO54001","area_m2":135953}},{"type":"Polygon","arcs":[[1384,1385,1386,-1381]],"properties":{"codigo":"54001200902001000103","sector":"540012009020010001","pcode":"CO54001","area_m2":99919}},{"type":"Polygon","arcs":[[1387,-1386]],"properties":{"codigo":"54001200902001000104","sector":"540012009020010001","pcode":"CO54001","area_m2":166382}},{"type":"Polygon","arcs":[[1388]],"properties":{"codigo":"54001201001002000101","sector":"540012010010020001","pcode":"CO54001","area_m2":65085}},{"type":"Polygon","arcs":[[1389,1390]],"properties":{"codigo":"54001200815003000101","sector":"540012008150030001","pcode":"CO54001","area_m2":161725}},{"type":"Polygon","arcs":[[-1390,1391]],"properties":{"codigo":"54001200815003000102","sector":"540012008150030001","pcode":"CO54001","area_m2":202133}},{"type":"Polygon","arcs":[[1392]],"properties":{"codigo":"54001200203007000101","sector":"540012002030070001","pcode":"CO54001","area_m2":160174}},{"type":"MultiPolygon","arcs":[[[1393]],[[1394]],[[1395]],[[1396]]],"properties":{"codigo":"54001200505015000101","sector":"540012005050150001","pcode":"CO54001","area_m2":30149}},{"type":"Polygon","arcs":[[1397]],"properties":{"codigo":"54001200503017000101","sector":"540012005030170001","pcode":"CO54001","area_m2":238838}},{"type":"Polygon","arcs":[[1398]],"properties":{"codigo":"54001200518025000101","sector":"540012005180250001","pcode":"CO54001","area_m2":27908}},{"type":"MultiPolygon","arcs":[[[1399]],[[1400]],[[1401]]],"properties":{"codigo":"54001200602028000101","sector":"540012006020280001","pcode":"CO54001","area_m2":80363}},{"type":"Polygon","arcs":[[1402]],"properties":{"codigo":"54001200803029000101","sector":"540012008030290001","pcode":"CO54001","area_m2":19020}},{"type":"Polygon","arcs":[[1403,1404]],"properties":{"codigo":"54001200610045000101","sector":"540012006100450001","pcode":"CO54001","area_m2":241548}},{"type":"MultiPolygon","arcs":[[[1405]],[[1406]]],"properties":{"codigo":"54001200606033000101","sector":"540012006060330001","pcode":"CO54001","area_m2":171066}},{"type":"Polygon","arcs":[[1407]],"properties":{"codigo":"54001201003036000101","sector":"540012010030360001","pcode":"CO54001","area_m2":48222}},{"type":"Polygon","arcs":[[1408]],"properties":{"codigo":"54001200903041000101","sector":"540012009030410001","pcode":"CO54001","area_m2":101534}},{"type":"Polygon","arcs":[[1409,1410,-859,1411]],"properties":{"codigo":"54001200817042000102","sector":"540012008170420001","pcode":"CO54001","area_m2":128792}},{"type":"MultiPolygon","arcs":[[[-1410,1412]],[[1413]]],"properties":{"codigo":"54001200817042000201","sector":"540012008170420002","pcode":"CO54001","area_m2":227632}},{"type":"MultiPolygon","arcs":[[[1414]],[[1415]]],"properties":{"codigo":"54001201104043000101","sector":"540012011040430001","pcode":"CO54001","area_m2":27764}},{"type":"Polygon","arcs":[[1416,1417]],"properties":{"codigo":"54001200102047000101","sector":"540012001020470001","pcode":"CO54001","area_m2":74233}},{"type":"Polygon","arcs":[[-1418,1418]],"properties":{"codigo":"54001200102047000102","sector":"540012001020470001","pcode":"CO54001","area_m2":163722}},{"type":"Polygon","arcs":[[1419]],"properties":{"codigo":"54001200201049000101","sector":"540012002010490001","pcode":"CO54001","area_m2":24319}},{"type":"Polygon","arcs":[[1420,-1405,1421,1422]],"properties":{"codigo":"54001200601053000101","sector":"540012006010530001","pcode":"CO54001","area_m2":166957}},{"type":"Polygon","arcs":[[-1423,1423]],"properties":{"codigo":"54001200601053000102","sector":"540012006010530001","pcode":"CO54001","area_m2":29095}},{"type":"Polygon","arcs":[[1424]],"properties":{"codigo":"54001201012055000101","sector":"540012010120550001","pcode":"CO54001","area_m2":48243}},{"type":"Polygon","arcs":[[1425]],"properties":{"codigo":"54001200504056000101","sector":"540012005040560001","pcode":"CO54001","area_m2":30613}},{"type":"Polygon","arcs":[[1426]],"properties":{"codigo":"54001200207061000101","sector":"540012002070610001","pcode":"CO54001","area_m2":52056}},{"type":"Polygon","arcs":[[1427]],"properties":{"codigo":"54001200803067000101","sector":"540012008030670001","pcode":"CO54001","area_m2":137535}},{"type":"Polygon","arcs":[[1428]],"properties":{"codigo":"54001201001068000101","sector":"540012010010680001","pcode":"CO54001","area_m2":78085}},{"type":"Polygon","arcs":[[-931,-760,-646,1429,-1324,-784,1430]],"properties":{"codigo":"54001100000000501005","sector":"540011000000005010","pcode":"CO54001","area_m2":215491}},{"type":"Polygon","arcs":[[-1325,-1430,-645,-753,-640,-639,-674,-790]],"properties":{"codigo":"54001100000000180302","sector":"540011000000001803","pcode":"CO54001","area_m2":184333}},{"type":"Polygon","arcs":[[-969,-709,-4,-1089,-1136,-1084,-890,-79,-796,-936]],"properties":{"codigo":"54001100000000064501","sector":"540011000000000645","pcode":"CO54001","area_m2":213898}},{"type":"Polygon","arcs":[[-1048,-660,-633,-932,-1431,-783,1431]],"properties":{"codigo":"54001100000000997201","sector":"540011000000009972","pcode":"CO54001","area_m2":424315}},{"type":"Polygon","arcs":[[1432,-879,-1036]],"properties":{"codigo":"54001100000000500705","sector":"540011000000005007","pcode":"CO54001","area_m2":121091}},{"type":"Polygon","arcs":[[1433,-965,-1023,-626,-635,-1000]],"properties":{"codigo":"54001100000000990802","sector":"540011000000009908","pcode":"CO54001","area_m2":1056136}}]}},"arcs":[[[3674,1162],[-18,-10]],[[3656,1152],[-155,-9],[-16,34]],[[3485,1177],[84,6],[72,-17],[33,-4]],[[2821,1340],[9,-17]],[[2830,1323],[-115,-8],[-41,-3],[-35,6]],[[2639,1318],[31,21]],[[2670,1339],[36,21]],[[2706,1360],[104,1],[11,-21]],[[2211,1420],[16,-10]],[[2227,1410],[-55,-12],[-132,-33]],[[2040,1365],[-31,17]],[[2009,1382],[91,22],[94,23],[17,-7]],[[4760,1200],[6,-1],[-4,-20],[-5,-8]],[[4757,1171],[-17,3],[5,6],[-45,6]],[[4700,1186],[6,12],[-7,11],[4,5],[24,-3],[-7,-7],[40,-4]],[[4683,1140],[-211,24],[-75,8]],[[4397,1172],[8,10],[-38,4]],[[4367,1186],[8,10],[153,-17]],[[4528,1179],[196,-23]],[[4724,1156],[-37,-17],[-4,1]],[[4645,1122],[-21,-7]],[[4624,1115],[-19,-9],[-48,6],[-7,-10]],[[4550,1102],[-138,15],[-52,6]],[[4360,1123],[6,9],[39,-4],[7,10],[-36,5],[6,10]],[[4382,1153],[83,-10],[131,-14],[49,-7]],[[4683,1140],[-26,-13],[-12,-5]],[[4382,1153],[15,19]],[[3158,1241],[-141,-10],[-17,34]],[[3000,1265],[187,13]],[[3187,1278],[17,-34],[-46,-3]],[[4608,1589],[13,-5],[-26,-9],[11,-5]],[[4606,1570],[-56,-18],[-57,-21]],[[4493,1531],[-55,22],[20,8],[-13,4],[-48,-18],[-13,5],[13,4],[-12,5],[61,23]],[[4446,1584],[87,32],[75,-27]],[[2516,1859],[-83,-38],[-118,-54]],[[2315,1767],[-33,11]],[[2282,1778],[52,22],[83,38],[69,30]],[[2486,1868],[30,-9]],[[3331,1306],[20,-39]],[[3351,1267],[-124,31]],[[3227,1298],[-59,15]],[[3168,1313],[-74,19]],[[3094,1332],[14,11]],[[3108,1343],[138,10],[60,3]],[[3306,1356],[25,-50]],[[2512,1609],[-6,-20]],[[2506,1589],[-30,1]],[[2476,1590],[2,5],[-78,3],[-75,2]],[[2325,1600],[5,18]],[[2330,1618],[182,-9]],[[3227,1298],[7,-17],[32,-67]],[[3266,1214],[-44,-3]],[[3222,1211],[-46,-3]],[[3176,1208],[-9,16]],[[3167,1224],[-9,17]],[[3187,1278],[-19,35]],[[4749,1505],[-14,-37]],[[4735,1468],[-99,5],[6,15],[-35,2]],[[4607,1490],[37,21]],[[4644,1511],[105,-6]],[[4503,1072],[-47,8],[-42,5],[-11,-9]],[[4403,1076],[-36,6],[16,18],[-28,3]],[[4355,1103],[-9,1],[4,9]],[[4350,1113],[10,10]],[[4550,1102],[-13,-17],[-14,-8],[-20,-5]],[[4431,1045],[-4,6],[6,11],[-41,3],[11,11]],[[4503,1072],[-41,-13],[-31,-14]],[[4362,1258],[15,-9],[-9,-10]],[[4368,1239],[-150,18]],[[4218,1257],[14,19]],[[4232,1276],[24,26]],[[4256,1302],[63,-33],[31,-14],[12,3]],[[3231,1194],[24,-51],[-44,-3],[17,-34]],[[3228,1106],[-95,-6]],[[3133,1100],[-49,-3],[-25,50],[-139,-11]],[[2920,1136],[-8,17],[46,4]],[[2958,1157],[235,17],[-17,34]],[[3222,1211],[9,-17]],[[3000,1265],[-8,17]],[[2992,1282],[69,4],[16,20],[-2,6],[9,12],[10,8]],[[2058,1331],[-33,17]],[[2025,1348],[-16,9],[31,8]],[[2227,1410],[5,-17]],[[2232,1393],[-28,-11],[-130,-44],[-16,-7]],[[2112,1325],[-32,-6],[-22,12]],[[2232,1393],[29,-19]],[[2261,1374],[-45,-13],[7,-4],[-20,-7],[9,-4],[-57,-19],[-15,8],[-28,-10]],[[2556,1846],[-60,-30],[-34,-15],[-108,-46]],[[2354,1755],[-39,12]],[[2516,1859],[40,-13]],[[3789,1677],[-9,-3],[3,-22]],[[3783,1652],[-61,-3],[1,-2],[-39,-2],[-3,13]],[[3681,1658],[-2,11]],[[3679,1669],[56,21]],[[3735,1690],[54,-13]],[[3744,1581],[11,-7],[16,-21]],[[3771,1553],[-26,-1],[4,-7],[-52,-4]],[[3697,1541],[-14,27],[24,1],[-22,41],[-45,-4],[-10,20]],[[3630,1626],[38,2],[36,0],[55,-5],[1,-2]],[[3760,1621],[-18,-25],[-4,-10],[6,-5]],[[2185,1809],[26,-9]],[[2211,1800],[35,-11]],[[2246,1789],[36,-11]],[[2354,1755],[33,-11]],[[2387,1744],[-35,-15]],[[2352,1729],[-69,23],[-104,34]],[[2179,1786],[-36,10],[-28,12],[-21,4],[32,15]],[[2126,1827],[59,-18]],[[2920,1136],[14,-29]],[[2934,1107],[-179,-11]],[[2755,1096],[-9,13],[46,3],[-17,30],[-109,-8]],[[2666,1134],[43,23],[4,0]],[[2713,1157],[236,17]],[[2949,1174],[9,-17]],[[2352,1729],[-33,-15]],[[2319,1714],[-33,11],[-141,46]],[[2145,1771],[34,15]],[[2414,1470],[21,-1]],[[2435,1469],[-4,-18],[-21,0],[-13,-45],[2,-8],[-7,-15]],[[2392,1383],[-55,8],[-13,9]],[[2324,1400],[21,7],[8,9],[3,16],[26,0],[2,7],[-24,2]],[[2360,1441],[5,31]],[[2365,1472],[49,-2]],[[2476,1590],[-1,-3],[-153,5],[-202,6]],[[2120,1598],[2,9]],[[2122,1607],[173,-6],[30,-1]],[[2949,1076],[-50,-4],[-20,1],[-56,-3],[-11,-5],[-18,0]],[[2794,1065],[-50,0],[-31,7],[-73,1]],[[2640,1073],[-9,5],[-54,5],[3,2],[123,7],[52,4]],[[2934,1107],[15,-31]],[[2640,1073],[-2,-15],[-13,1],[-9,-4]],[[2616,1055],[-30,2],[-6,-2],[-66,0]],[[2514,1055],[-11,1],[-9,12],[6,19],[10,5],[31,-3],[0,4],[21,5],[46,3]],[[2608,1101],[2,3],[56,30]],[[2246,1789],[51,22],[152,68]],[[2449,1879],[37,-11]],[[2423,1508],[-9,-38]],[[2365,1472],[-116,3]],[[2249,1475],[0,6]],[[2249,1481],[7,32]],[[2256,1513],[167,-5]],[[3228,902],[13,-6],[27,-2]],[[3268,894],[-61,-34]],[[3207,860],[-28,5]],[[3179,865],[20,21],[-3,1],[-41,-16],[-4,1]],[[3151,872],[-58,17],[-36,9],[25,5],[-15,4],[4,10],[13,9]],[[3084,926],[2,6]],[[3086,932],[4,8],[24,-1],[6,5],[-3,10],[35,-3]],[[3152,951],[1,-3],[24,-4],[-26,-13],[28,-6],[20,-3],[31,-1],[-2,-19]],[[3423,1012],[-73,-26],[-31,-14]],[[3319,972],[-49,9]],[[3270,981],[62,48]],[[3332,1029],[91,-17]],[[3332,1029],[9,8],[-44,26],[-10,12]],[[3287,1075],[46,3],[-8,18]],[[3325,1096],[47,3],[-10,16]],[[3362,1115],[51,4]],[[3413,1119],[22,-49],[117,8],[-42,-31],[-33,-15],[-54,-20]],[[3706,1179],[3,-1]],[[3709,1178],[-35,-16]],[[3485,1177],[-91,-6]],[[3394,1171],[-20,50]],[[3374,1221],[34,3],[23,6],[25,11]],[[3456,1241],[19,-7],[62,-13],[169,-42]],[[3394,1171],[19,-52]],[[3362,1115],[-35,72],[-14,30]],[[3313,1217],[61,4]],[[3325,1096],[-5,12],[-45,89],[-44,-3]],[[3266,1214],[47,3]],[[3287,1075],[-41,-2]],[[3246,1073],[-18,33]],[[3270,981],[-33,5]],[[3237,986],[8,11]],[[3245,997],[16,19],[21,8],[6,22],[-8,8],[-27,4]],[[3253,1058],[-7,15]],[[2360,1441],[-119,5]],[[2241,1446],[4,12]],[[2245,1458],[4,17]],[[2794,1065],[1,-14]],[[2795,1051],[0,-9],[-19,0]],[[2776,1042],[-38,1],[-30,-2],[1,-11]],[[2709,1030],[-124,-3]],[[2585,1027],[3,8],[28,20]],[[3133,1100],[9,-17],[-49,-3]],[[3093,1080],[-86,-5],[-22,2],[-36,-1]],[[2542,1015],[10,-12],[19,-14],[18,-16],[1,-10]],[[2590,963],[-25,3],[-14,-2],[-40,8],[-98,1]],[[2413,973],[6,46],[-2,1]],[[2417,1020],[18,10]],[[2435,1030],[48,-14],[59,-1]],[[2493,829],[-11,3],[-25,23],[-5,7],[-23,14],[-3,5],[-20,12],[-9,20],[5,10]],[[2402,923],[10,1],[-2,30],[3,19]],[[2590,963],[2,-3],[27,-5],[21,-1],[-16,-8]],[[2624,946],[-4,2],[-69,-3],[-19,-5],[60,3],[12,-23],[-13,-1],[-66,-1],[-11,-9],[-30,0],[3,-18],[-18,-4],[9,-25],[12,-11],[-17,-2],[13,-13],[14,-2],[-7,-5]],[[2493,829],[-25,-8],[-21,11],[4,1],[-23,13],[-26,-6],[-60,-11],[-34,4],[-29,8]],[[2279,841],[-28,6],[-3,6],[-32,3],[-21,0],[-31,-3],[13,9],[-10,6],[8,8],[38,5],[14,6],[0,8]],[[2227,895],[29,5],[6,9],[14,36],[-1,1]],[[2275,946],[40,7]],[[2315,953],[41,6],[29,-27],[6,-8],[11,-1]],[[2542,1015],[48,1]],[[2590,1016],[39,1],[3,-14],[12,-4],[30,5]],[[2674,1004],[16,-27],[16,-1],[-31,-13],[-3,-8],[25,-6]],[[2697,949],[-2,-4],[-53,-8]],[[2642,937],[-18,9]],[[2590,1016],[-5,11]],[[2709,1030],[5,-26],[-40,0]],[[2776,1042],[1,-11],[6,-38]],[[2783,993],[-17,-3],[-49,0],[1,-16],[-7,-20],[-14,-5]],[[2850,1045],[6,-12],[35,1],[1,-10],[30,0],[-1,-5],[11,-4]],[[2932,1015],[4,-5]],[[2936,1010],[-44,-5],[-31,2],[-25,-1],[12,-9],[-3,-4],[-61,0]],[[2784,993],[-1,0]],[[2795,1051],[55,-6]],[[2435,1030],[13,7],[17,-3],[50,6],[-1,15]],[[2615,1251],[27,-2],[-11,-17],[17,-1],[1,-10]],[[2649,1221],[-106,-1]],[[2543,1220],[-6,13],[-13,21],[5,13]],[[2529,1267],[25,-6],[25,-9],[36,-1]],[[2106,992],[22,-6],[-19,-13],[8,-2]],[[2117,971],[-6,-7],[-22,-8],[-27,-2]],[[2062,954],[-26,3],[-16,-2],[3,6],[-70,21]],[[1953,982],[76,33],[77,-23]],[[2062,954],[9,-16],[-3,-8],[-33,11],[-21,-6],[29,-12],[-18,-7]],[[2025,916],[-54,24],[-17,2],[-50,16],[-15,-7],[-58,-2]],[[1831,949],[0,6],[25,4],[9,4],[-52,12]],[[1813,975],[25,13],[-18,5],[22,11],[-18,5],[19,8]],[[1843,1017],[110,-35]],[[2129,1037],[-17,-8],[-31,9],[-19,-7],[-62,19],[-5,3],[-7,13]],[[1988,1066],[31,-9],[30,12]],[[2049,1069],[10,-5],[-8,-5],[78,-22]],[[2197,1515],[59,-2]],[[2249,1481],[-47,1],[-99,3],[9,29]],[[2112,1514],[24,0],[8,3],[53,-2]],[[4688,1540],[-44,-29]],[[4607,1490],[-13,-7]],[[4594,1483],[-77,32],[-29,-7],[-35,9]],[[4453,1517],[40,14]],[[4493,1531],[42,7],[30,8],[20,-1],[-26,-9],[25,-11],[76,26],[28,-11]],[[2246,1185],[6,9]],[[2252,1194],[27,-7],[44,-7],[-1,10],[-20,3],[28,5],[25,-8],[35,-4],[-9,10],[20,3],[16,-7]],[[2417,1192],[-5,-19],[-27,-2],[0,-6],[-9,-12]],[[2376,1153],[-28,6],[-19,1],[-20,14],[-13,6],[-25,3],[-19,-5],[-6,7]],[[2455,1124],[-25,-10],[8,-10],[-18,-8]],[[2420,1096],[-39,-1],[-35,-5],[-2,-15],[-16,5],[-54,10]],[[2274,1090],[28,12]],[[2302,1102],[21,8],[9,6],[9,19]],[[2341,1135],[29,1],[-2,5],[8,12]],[[2376,1153],[69,4]],[[2445,1157],[0,-8],[10,-25]],[[2608,1101],[-9,16]],[[2599,1117],[-25,49]],[[2574,1166],[149,10]],[[2723,1176],[17,1],[-27,-20]],[[2049,1069],[35,21],[2,15],[44,-4]],[[2130,1101],[-2,-6],[26,0],[22,-8],[34,-6]],[[2210,1081],[2,-3],[22,-10],[7,-10],[-13,-8]],[[2228,1050],[-22,-6],[-14,-7],[8,-14],[-17,-13],[-31,-6]],[[2152,1004],[-18,6],[30,15],[0,7],[-12,-2],[-23,7]],[[3832,1540],[9,-18]],[[3841,1522],[-175,-12]],[[3666,1510],[-12,23]],[[3654,1533],[-2,5]],[[3652,1538],[45,3]],[[3771,1553],[8,-16],[53,3]],[[3090,1063],[-4,-9],[-30,1]],[[3056,1055],[-44,-2],[-22,-3],[-29,0],[-11,-4],[-38,-3],[-62,2]],[[3093,1080],[-3,-17]],[[2754,1387],[-21,-11],[-27,-16]],[[2670,1339],[-20,6],[-4,7],[-16,5],[-20,0],[-10,5],[-22,3],[-24,-4],[-31,-10],[-21,0]],[[2502,1351],[2,13],[34,16],[8,8],[20,10],[30,8],[17,12]],[[2613,1418],[2,-9],[14,-11],[46,-2],[14,3],[22,-4],[24,-6],[19,-2]],[[2319,1714],[-17,-8],[37,-12],[-17,-8]],[[2322,1686],[-18,6],[-160,53],[-34,11]],[[2110,1756],[35,15]],[[2639,1318],[-26,-18]],[[2613,1300],[-24,7],[-31,6],[-12,5],[-26,7],[-7,-1],[-22,16],[5,5],[-13,3]],[[2483,1348],[7,5]],[[2490,1353],[12,-2]],[[3246,1073],[-156,-10]],[[3245,997],[-33,-1],[-2,4],[-30,1],[-17,2],[-22,6],[-7,-1]],[[3134,1008],[-2,10]],[[3132,1018],[12,2],[22,7],[-5,14],[54,0],[1,-2],[37,-1],[7,5],[-7,15]],[[3134,1008],[-3,-18],[-5,1]],[[3126,991],[-48,3],[-23,-3],[-43,1],[-21,-7]],[[2991,985],[-8,-2],[-18,3]],[[2965,986],[25,7],[12,5],[54,11],[23,10],[14,1],[7,17]],[[3100,1037],[32,-19]],[[3237,986],[-5,-6],[5,-8],[15,-6],[-2,-5],[-37,-7],[-35,0],[-27,2]],[[3151,956],[-23,5],[-18,0],[-1,6],[17,6],[-10,11],[10,7]],[[1880,1353],[37,-21],[67,14]],[[1984,1346],[-20,-17],[-26,-10]],[[1938,1319],[-24,-11],[-15,9],[-59,-15],[-66,-18],[-13,8],[-22,-6],[15,-8],[-17,-7],[-21,8]],[[1716,1279],[-19,7],[-14,11]],[[1683,1297],[38,7],[-22,14],[-7,-4],[-9,2],[6,7],[-16,15]],[[1673,1338],[26,5]],[[1699,1343],[41,11]],[[1740,1354],[29,-14],[34,8],[33,5],[12,-7],[32,7]],[[2965,986],[7,7],[16,5],[1,8],[-14,2],[-39,2]],[[2932,1015],[71,18],[58,4]],[[3061,1037],[48,6],[-9,-6]],[[3056,1055],[5,-18]],[[1934,1520],[-1,-8],[-32,-11],[-9,-13],[-27,3],[-19,-1],[-3,10],[-83,-9]],[[1760,1491],[-15,10],[-1,24],[65,-1],[1,16],[99,-4]],[[1909,1536],[-3,-15],[28,-1]],[[1911,1250],[81,14],[35,11],[24,12]],[[2051,1287],[13,-42],[-4,-2]],[[2060,1243],[-144,-8],[-5,15]],[[2031,1420],[-27,15],[-31,-7],[-160,-36],[-14,6]],[[1799,1398],[30,8]],[[1829,1406],[53,12],[108,24],[56,10],[30,5]],[[2076,1457],[0,-7],[26,-3],[11,-6],[-82,-21]],[[1699,1343],[-30,21]],[[1669,1364],[40,10],[58,15]],[[1767,1389],[32,9]],[[2031,1420],[-64,-15],[-206,-47],[-21,-4]],[[2179,1459],[-1,-25],[-29,-6],[-15,7],[-88,-23],[-65,-15]],[[1981,1397],[-128,-29],[27,-15]],[[2076,1457],[44,6]],[[2120,1463],[6,3],[4,13],[59,-2],[-10,-18]],[[1981,1397],[28,-15]],[[2025,1348],[-26,-9],[-15,7]],[[2241,1446],[-9,-19]],[[2232,1427],[-21,-7]],[[2179,1459],[66,-1]],[[2392,1383],[-30,-12],[-13,-16]],[[2349,1355],[-44,4],[-3,10],[-27,-3]],[[2275,1366],[-14,8]],[[2232,1427],[35,-10],[5,-5],[29,2],[9,-13],[14,-1]],[[2224,1623],[106,-5]],[[2122,1607],[0,2]],[[2122,1609],[4,15]],[[2126,1624],[2,4]],[[2128,1628],[96,-5]],[[2349,1355],[-26,-34],[-16,-11]],[[2307,1310],[-46,13],[-27,0],[-11,12],[12,18],[40,13]],[[2083,1531],[-174,5]],[[1909,1536],[7,31]],[[1916,1567],[5,0]],[[1921,1567],[40,-1],[129,-5],[-3,-15]],[[2087,1546],[-4,-15]],[[2588,1836],[-95,-45],[-106,-47]],[[2556,1846],[32,-10]],[[2501,1534],[-3,-13]],[[2498,1521],[-179,6],[-1,-3],[-60,2],[1,2],[-59,2]],[[2200,1530],[-58,2],[-1,-3],[-58,2]],[[2087,1546],[58,-2],[1,3],[117,-4],[-1,-2],[59,-3],[3,2],[177,-6]],[[2200,1530],[-3,-15]],[[2112,1514],[-178,6]],[[2699,1488],[14,-10]],[[2713,1478],[-10,-1],[6,-8],[-2,-8],[-26,-9],[-22,-5],[-6,-7],[-22,-7],[-9,0],[-14,-11],[5,-4]],[[2490,1353],[-6,8],[7,17],[-14,4],[-2,18],[-5,1]],[[2470,1401],[6,26]],[[2476,1427],[61,-6],[5,7],[8,24],[27,-2],[4,14],[37,-2],[4,18]],[[2622,1480],[32,0],[34,9],[11,-1]],[[4735,1468],[-6,-16]],[[4729,1452],[-8,-20],[-102,6]],[[4619,1438],[4,6],[-45,2],[-5,9]],[[4573,1455],[8,21],[13,7]],[[2536,1685],[-122,5]],[[2414,1690],[57,27]],[[2471,1717],[18,12],[52,24],[42,-11]],[[2583,1742],[-17,-2],[-8,-10],[-16,-26],[-6,-19]],[[2515,1630],[-3,-10]],[[2512,1620],[-131,6],[-61,2],[-94,5],[-2,-10]],[[2128,1628],[15,8]],[[2143,1636],[18,8]],[[2161,1644],[85,-3],[7,2],[262,-13]],[[2512,1620],[4,-2]],[[2516,1618],[-4,-9]],[[2506,1589],[-2,-12]],[[2504,1577],[-188,6],[-199,6]],[[2117,1589],[3,9]],[[2143,1636],[-38,13],[-154,49]],[[1951,1698],[38,17],[11,9]],[[2000,1724],[56,-18],[-16,-7],[78,-25],[61,-19],[6,0]],[[2185,1655],[-24,-11]],[[1909,1681],[42,17]],[[2126,1624],[-52,2],[5,12],[-69,22],[-14,-5],[-35,11]],[[1961,1666],[-41,13],[-11,2]],[[2122,1609],[-94,3],[-8,-29],[-94,3]],[[1926,1586],[11,45],[9,27],[3,2]],[[1949,1660],[12,6]],[[2733,1626],[-20,4],[-86,16],[-99,20]],[[2528,1666],[4,11]],[[2532,1677],[147,9]],[[2679,1686],[63,-7]],[[2742,1679],[-34,-26],[36,-6],[9,-5],[-20,-16]],[[1824,1622],[-52,30]],[[1772,1652],[11,2],[3,34],[68,-15],[32,-6],[14,8],[49,-15]],[[1926,1586],[-1,-4],[54,-6],[0,-1]],[[1979,1575],[-20,1],[-35,3]],[[1924,1579],[-38,9],[-11,5],[-51,29]],[[2296,1661],[-18,-7]],[[2278,1654],[-16,4]],[[2262,1658],[29,15]],[[2291,1673],[31,13]],[[2387,1744],[38,-12]],[[2425,1732],[46,-15]],[[2414,1690],[-20,-9],[-5,-10],[-24,0],[-3,-5],[-52,0],[-14,-5]],[[2601,1811],[-100,-46],[-76,-33]],[[2588,1836],[4,2]],[[2592,1838],[13,-25],[-4,-2]],[[4541,1647],[113,-41],[-46,-17]],[[4446,1584],[-76,28],[39,14],[-16,6],[47,18],[56,-20],[45,17]],[[2291,1673],[-45,12],[-97,29],[-67,21]],[[2082,1735],[19,8],[-10,3],[19,10]],[[3013,1534],[-17,-16],[-17,-24],[-26,-3]],[[2953,1491],[-8,2],[-1,8],[-18,2],[11,6],[-35,-6],[0,9],[-20,0],[-16,7],[-19,1]],[[2847,1520],[36,6],[6,5],[25,2],[16,-1],[11,12],[15,4]],[[2956,1548],[14,-8],[43,-6]],[[2199,2137],[4,-9],[19,-4],[18,-8],[36,-12]],[[2276,2104],[26,-11],[29,-5],[21,-8],[39,-32],[20,-10],[2,-6]],[[2413,2032],[-34,10],[-17,7]],[[2362,2049],[-36,21],[-37,13],[-22,10],[-42,10],[-40,-15],[-9,-7]],[[2176,2081],[-57,13],[13,9],[-10,3],[13,8],[-21,10],[13,5],[44,9],[28,-1]],[[2410,1891],[-32,-15],[-149,-68],[-18,-8]],[[2185,1809],[171,84],[18,9]],[[2374,1902],[36,-11]],[[2410,1891],[39,-12]],[[2886,1483],[36,-14]],[[2922,1469],[3,-4]],[[2925,1465],[-24,1],[-8,-4],[-19,-20],[-20,4],[-14,-12],[18,-5],[-12,-9],[8,-3],[-4,-6],[-12,0],[-18,-4]],[[2820,1407],[-18,9]],[[2802,1416],[-24,15],[-65,47]],[[2699,1488],[-5,4]],[[2694,1492],[29,-3],[5,-8],[25,-12],[61,1],[41,-2],[25,6],[6,9]],[[2782,1565],[-20,-14],[-31,-17]],[[2731,1534],[-75,17],[-29,2],[26,39]],[[2653,1592],[38,-7],[91,-20]],[[2979,1583],[-15,-1],[-22,-6],[-8,1],[-32,-4],[-36,-15],[-42,-15],[-8,-6],[-22,-5],[-18,-10]],[[2776,1522],[-13,4]],[[2763,1526],[-32,8]],[[2782,1565],[27,14]],[[2809,1579],[42,18],[20,4]],[[2871,1601],[26,-8],[30,-7],[17,3],[31,-5]],[[2975,1584],[4,-1]],[[3059,1639],[-47,5],[16,23],[1,6]],[[3029,1673],[42,5],[44,3]],[[3115,1681],[-3,-8],[-25,-23],[-28,-11]],[[2733,1626],[37,-9],[37,-6]],[[2807,1611],[10,-5],[-31,-21]],[[2786,1585],[-74,16],[18,13],[-53,8],[-22,3],[-100,19],[-13,-9],[-23,4]],[[2519,1639],[2,9]],[[2521,1648],[7,18]],[[2786,1585],[23,-6]],[[2653,1592],[-97,19],[-40,7]],[[2515,1630],[4,9]],[[3351,1267],[105,-26]],[[2742,1679],[151,-17]],[[2893,1662],[-36,-21],[-8,-3],[-42,-27]],[[2960,1654],[-20,-23],[-42,-24],[-27,-6]],[[2893,1662],[67,-8]],[[3613,1874],[18,-56],[0,-7],[-13,-17],[-8,-16]],[[3610,1778],[-35,-49]],[[3575,1729],[-57,15],[-67,10]],[[3451,1754],[-191,24]],[[3260,1778],[27,28],[20,24],[21,19],[55,47]],[[3383,1896],[153,-13],[77,-9]],[[3748,2047],[2,-7],[-10,0],[-58,17],[-12,-2],[-23,-9],[-24,-19],[-20,-12],[-12,-5]],[[3591,2010],[1,-10],[-90,-7]],[[3502,1993],[-25,-7],[-8,6],[-20,6]],[[3449,1998],[68,35],[21,9]],[[3538,2042],[79,33],[25,10]],[[3642,2085],[33,-9],[56,-18],[17,-11]],[[3748,2047],[43,-10]],[[3791,2037],[2,-8],[25,-2],[20,-4],[3,-8],[-8,-4],[-26,-2],[-20,-13],[3,-5],[-16,-3],[-5,-7],[6,-3],[25,-4],[7,-5],[-6,-6],[-25,2],[-12,-11],[1,-7],[14,-8],[-5,-7]],[[3774,1932],[-24,11],[-10,15],[3,21],[-87,2],[18,18],[-83,11]],[[3379,1973],[-55,15],[-17,0],[-9,20]],[[3298,2008],[46,11],[15,-5],[20,7],[15,27]],[[3394,2048],[35,-10],[10,-4],[21,6],[1,11],[13,-1],[64,-8]],[[3449,1998],[-24,-11],[-46,-14]],[[3431,2102],[0,-4],[15,-8],[3,-6],[-41,-20],[-9,-7],[-5,-9]],[[3298,2008],[-9,17],[-20,7],[-10,9]],[[3259,2041],[-21,15]],[[3238,2056],[35,7],[30,16],[37,17],[31,7],[12,7],[21,6],[7,7]],[[3411,2123],[12,-3],[3,-15],[5,-3]],[[3524,2134],[57,-29],[61,-20]],[[3431,2102],[22,4],[32,-1],[16,6],[-7,8],[1,8],[15,6],[14,1]],[[3227,2147],[-5,-3],[-46,-5],[3,-6],[-42,-3]],[[3137,2130],[0,9],[-13,19]],[[3124,2158],[-1,2]],[[3123,2160],[-1,7],[31,16]],[[3153,2183],[-2,-5],[16,-2],[4,6],[22,-2],[-1,-6],[35,-27]],[[3175,2215],[5,7]],[[3180,2222],[97,-24]],[[3277,2198],[-9,-26],[-13,-33]],[[3255,2139],[-28,8]],[[3153,2183],[12,11],[10,21]],[[3228,2037],[-26,-14]],[[3202,2023],[-43,10],[-138,28],[0,2],[-47,8]],[[2974,2071],[5,8]],[[2979,2079],[7,6],[22,8],[35,6]],[[3043,2099],[29,-16],[32,-10],[112,-22],[13,-5],[-17,-4],[16,-5]],[[3199,2101],[15,-11],[2,-14],[6,-8]],[[3222,2068],[16,-12]],[[3259,2041],[-31,-4]],[[3043,2099],[15,7]],[[3058,2106],[48,-11],[74,-5],[19,11]],[[3137,2123],[54,-18],[8,-4]],[[3058,2106],[14,8],[32,1],[16,7],[17,1]],[[2759,2071],[60,-13]],[[2819,2058],[-18,-23]],[[2801,2035],[-275,59],[-44,24]],[[2482,2118],[37,5]],[[2519,2123],[133,-30],[107,-22]],[[2794,2093],[-35,-22]],[[2519,2123],[51,6],[27,7]],[[2597,2136],[197,-43]],[[2631,2145],[68,-15],[30,2],[35,1]],[[2764,2133],[73,0]],[[2837,2133],[21,0]],[[2858,2133],[-64,-40]],[[2597,2136],[27,11],[7,-2]],[[2858,2133],[18,0]],[[2876,2133],[-6,-10],[-37,-45],[-14,-20]],[[2913,2090],[-14,3],[-38,-50],[-15,-17]],[[2846,2026],[-45,9]],[[2876,2133],[11,1]],[[2887,2134],[-4,-17],[45,-5],[-15,-22]],[[3137,2130],[0,-7]],[[2979,2079],[-66,11]],[[2887,2134],[30,2],[133,9],[74,13]],[[2837,2133],[38,26],[-12,4],[7,5],[20,0]],[[2890,2168],[101,2]],[[2991,2170],[52,-2],[40,-5],[40,-3]],[[2631,2145],[28,17]],[[2659,2162],[6,4]],[[2665,2166],[17,-3],[11,6],[34,8],[31,-5],[14,-1],[0,21]],[[2772,2192],[26,-12],[-7,-2],[18,-2],[11,-4],[-8,-4],[-22,-1],[-1,-9],[8,-2],[-33,-23]],[[3786,1268],[0,-13]],[[3786,1255],[-131,1],[0,-21],[11,0],[-1,-12],[19,0],[-1,-12],[30,0],[2,-22],[-9,-10]],[[3456,1241],[32,17],[14,6],[93,25]],[[3595,1289],[36,9]],[[3631,1298],[54,14]],[[3685,1312],[11,-23],[8,-11],[52,3],[5,-13],[25,0]],[[3786,1255],[29,0]],[[3815,1255],[3,-5],[13,-1],[-22,-9],[-75,-43],[-25,-19]],[[3685,1312],[73,19]],[[3758,1331],[15,-13],[11,-19],[2,-31]],[[3758,1331],[26,6],[26,4]],[[3810,1341],[34,7]],[[3844,1348],[46,0],[-3,-12],[-7,-9],[0,-24],[15,0],[-8,-8],[-17,-12],[-55,-28]],[[3742,1363],[-111,-8],[-11,23],[-74,-5]],[[3546,1373],[-11,25]],[[3535,1398],[20,0],[52,4],[-5,10],[-29,0],[0,14]],[[3573,1426],[63,0],[71,6]],[[3707,1432],[35,-69]],[[3742,1363],[16,-32]],[[3631,1298],[-60,30],[-6,10]],[[3565,1338],[-19,35]],[[3707,1432],[73,4],[12,-23],[-24,-1],[35,-65],[7,-6]],[[3438,1426],[88,1]],[[3526,1427],[47,-1]],[[3535,1398],[-97,0],[0,5],[-47,-1],[0,-3],[-65,0],[12,-27]],[[3338,1372],[-41,0]],[[3297,1372],[-8,17]],[[3289,1389],[-19,38]],[[3270,1427],[168,-1]],[[3546,1373],[-208,-1]],[[3595,1289],[-37,18],[-38,-10],[-42,21]],[[3478,1318],[71,19],[16,1]],[[3331,1306],[48,6],[36,-18],[29,14],[34,10]],[[3516,1535],[-77,0]],[[3439,1535],[-58,0]],[[3381,1535],[12,8]],[[3393,1543],[52,35]],[[3445,1578],[17,0]],[[3462,1578],[4,-6],[17,1],[5,-12],[15,0],[13,-26]],[[3666,1510],[21,-40]],[[3687,1470],[-71,18]],[[3616,1488],[-23,41]],[[3593,1529],[61,4]],[[3687,1470],[20,-38]],[[3526,1427],[0,50],[95,0],[-5,11]],[[3438,1426],[1,109]],[[3516,1535],[53,3]],[[3569,1538],[19,2],[5,-11]],[[3848,1516],[-7,6]],[[3832,1540],[-7,16],[65,5]],[[3890,1561],[21,-41]],[[3911,1520],[-63,-4]],[[3911,1520],[6,-11]],[[3917,1509],[12,-23]],[[3929,1486],[-83,-6],[2,19],[6,1],[-6,16]],[[3871,1598],[4,-7]],[[3875,1591],[-75,-5],[-56,-5]],[[3760,1621],[27,1]],[[3787,1622],[11,-21],[-20,-2],[4,-7],[89,6]],[[3875,1591],[15,-30]],[[3787,1622],[70,5]],[[3857,1627],[14,-29]],[[3826,1664],[18,-12],[13,-25]],[[3787,1622],[6,9],[-9,14],[-1,7]],[[3789,1677],[37,-13]],[[3630,1626],[-22,-2]],[[3608,1624],[-12,27]],[[3596,1651],[75,3],[10,4]],[[3451,1754],[-27,-33],[-10,-15],[-75,8]],[[3339,1714],[-15,1],[-118,13]],[[3206,1728],[32,49]],[[3238,1777],[22,1]],[[3575,1729],[0,-1],[-35,-40],[-36,9],[-16,-3],[-7,-9],[-77,8],[4,6],[-74,8]],[[3334,1707],[5,7]],[[3462,1578],[48,19],[32,-6]],[[3542,1591],[4,-3],[23,-50]],[[3542,1591],[6,1],[74,6]],[[3622,1598],[30,-60]],[[3622,1598],[-14,26]],[[3926,1679],[-61,-9]],[[3865,1670],[-24,24],[10,12],[-30,6],[-8,32]],[[3813,1744],[-11,33],[42,6],[35,-45],[12,-14],[35,-45]],[[4405,1371],[-98,-42]],[[4307,1329],[-29,-11],[-22,-16]],[[4232,1276],[-21,1],[-4,11],[-16,6],[-14,-1],[-14,-6]],[[4163,1287],[11,18]],[[4174,1305],[6,16],[42,-4],[14,14]],[[4236,1331],[43,52]],[[4279,1383],[54,-6],[21,1],[1,-4],[50,-3]],[[4174,1305],[-68,7],[-107,11],[-32,4]],[[3967,1327],[10,9],[3,7],[22,12]],[[4002,1355],[30,-5],[63,-5],[96,-7],[45,-7]],[[3977,1276],[7,12],[-11,7],[-19,1],[2,16],[11,15]],[[4163,1287],[-22,-5],[-51,3],[-14,-19],[-20,1],[-79,9]],[[3989,1081],[-5,-7],[-11,3]],[[3973,1077],[-5,7],[-24,7],[-53,23]],[[3891,1114],[6,10]],[[3897,1124],[12,3],[19,14]],[[3928,1141],[37,-5]],[[3965,1136],[-17,-15],[50,-8],[13,0],[30,-2],[-9,-2],[10,-8],[-12,-11],[-41,-9]],[[4913,1262],[-2,-8]],[[4911,1254],[-111,4],[-27,2]],[[4773,1260],[3,15],[19,-1],[11,42]],[[4806,1316],[78,-13],[8,-3],[23,7],[16,-7],[-17,-30],[-1,-8]],[[3923,1037],[-30,8],[-24,1],[-12,-6],[-32,3]],[[3825,1043],[1,16],[10,10],[55,45]],[[3973,1077],[3,-8],[-9,-1],[-17,5],[-14,-8],[-16,-3],[11,-6],[16,-3],[-9,-10],[-15,-6]],[[4342,1311],[-35,18]],[[4405,1371],[4,-2]],[[4409,1369],[55,-29],[-56,-14],[-3,1],[-63,-16]],[[4342,1311],[20,-11],[-37,-10],[22,-11]],[[4347,1279],[32,-17]],[[4379,1262],[-17,-4]],[[4549,1251],[-27,2],[-36,4],[-12,6]],[[4474,1263],[-33,17]],[[4441,1280],[16,43],[50,-3],[-6,-18],[63,-4]],[[4564,1298],[-10,-29]],[[4554,1269],[-5,-18]],[[4573,1455],[-6,1]],[[4567,1456],[-18,8],[-67,27],[-19,-6],[-17,6],[-17,-3],[-12,-6],[15,-7],[-17,0],[-41,5],[-13,5]],[[4361,1485],[92,32]],[[4767,1525],[-13,-6],[-5,-14]],[[4688,1540],[35,28]],[[4723,1568],[64,-10],[-7,-24],[-13,-9]],[[4911,1254],[-7,-31],[-56,1],[-4,-12],[-81,2]],[[4763,1214],[3,12]],[[4766,1226],[7,34]],[[4730,1112],[-16,-3],[-41,-14],[-53,7],[13,11],[-9,2]],[[4724,1156],[15,-2],[18,17]],[[4760,1200],[3,14]],[[4913,1262],[15,-3],[-3,-5],[18,-15]],[[4943,1239],[-2,-5],[15,-3],[-32,-23],[35,-6],[-8,-6],[-19,3],[-19,-16],[-10,2],[-16,-13]],[[4887,1172],[-9,2],[-35,-12],[-27,-7],[-36,6],[-12,-12],[7,-9],[-18,0],[-16,-19],[12,-2],[-23,-7]],[[4567,1456],[1,-11],[-7,-1],[-36,6],[0,-4],[-22,-14]],[[4503,1432],[-73,15],[-45,7]],[[4385,1454],[3,6],[-49,17]],[[4339,1477],[22,8]],[[4385,1454],[-24,-25]],[[4361,1429],[-100,15]],[[4261,1444],[18,7],[-67,20],[-10,4],[-6,10],[32,11],[90,-27],[21,8]],[[4361,1429],[-11,-18],[-18,-17],[-91,14],[-9,0],[-20,-9],[-8,-7]],[[4204,1392],[-54,6]],[[4150,1398],[41,15],[70,31]],[[4503,1432],[-48,-31],[-17,-17],[-11,-16]],[[4427,1368],[-18,1]],[[4279,1383],[-75,9]],[[4528,1179],[9,10]],[[4537,1189],[38,-5],[13,14]],[[4588,1198],[112,-12]],[[4588,1198],[9,12],[63,19],[6,6]],[[4666,1235],[77,-9],[23,0]],[[4328,1190],[-76,9],[9,9],[-91,10],[-24,2]],[[4146,1220],[9,11],[37,-4],[26,30]],[[4368,1239],[-40,-49]],[[4120,1192],[26,28]],[[4328,1190],[39,-4]],[[4382,1153],[-76,8],[-154,17],[-24,-3]],[[4128,1175],[-14,8],[6,9]],[[4420,1248],[81,-43],[-2,-5],[14,-1]],[[4513,1199],[24,-10]],[[4379,1262],[8,2],[33,-16]],[[2250,1944],[-11,2],[9,10]],[[2248,1956],[81,-3]],[[2329,1953],[96,-4]],[[2425,1949],[-13,-26],[-6,-4],[81,-23]],[[2487,1896],[-38,-17]],[[2374,1902],[-82,25]],[[2292,1927],[-25,14],[-17,3]],[[2537,1965],[5,-3],[6,-17]],[[2548,1945],[-28,0],[-95,4]],[[2329,1953],[10,19]],[[2339,1972],[45,-2],[128,-5],[25,0]],[[2514,1985],[24,-17],[-1,-3]],[[2339,1972],[9,19]],[[2348,1991],[47,-1],[108,-5],[11,0]],[[2348,1991],[13,29],[88,-2]],[[2449,2018],[0,-10],[34,1],[26,-18],[5,-6]],[[2846,1289],[-86,-5],[-127,-9],[-17,0],[-71,5]],[[2545,1280],[11,4],[39,5],[18,11]],[[2830,1323],[16,-34]],[[3306,1356],[-9,16]],[[1140,1835],[12,-9],[9,-12],[37,-16],[5,-9],[50,7]],[[1253,1796],[8,-12],[53,-2],[10,-3],[11,-17]],[[1335,1762],[0,-1]],[[1335,1761],[-45,6],[-16,-17],[-9,-19],[-32,0],[2,-15],[27,0],[1,-7],[-24,-5],[-33,1]],[[1206,1705],[-47,2],[-24,6],[-6,8],[-14,-1]],[[1115,1720],[-11,21],[1,24],[-11,1],[18,10],[23,43],[5,16]],[[1335,1761],[-17,-14],[37,-5],[5,-12]],[[1360,1730],[-4,-5],[-25,-4],[2,-7],[-76,-18],[-10,0]],[[1247,1696],[-41,6],[0,3]],[[1800,1421],[-39,24],[-33,-7],[-16,9],[33,7],[-38,23]],[[1707,1477],[55,8]],[[1762,1485],[6,-5],[-21,-4],[15,-8],[36,7],[24,-17],[28,6],[21,-7],[-31,-7],[25,-14],[-65,-15]],[[1800,1421],[29,-15]],[[1767,1389],[-30,19],[-73,39],[-23,11],[36,13],[30,6]],[[1750,1489],[12,-2]],[[1762,1487],[0,-2]],[[1669,1364],[-18,11]],[[1651,1375],[34,7],[-36,23],[-50,29],[-22,-4],[-16,-1]],[[1561,1429],[37,16],[21,11],[4,6],[50,20],[24,4],[53,3]],[[1651,1375],[-40,-8],[-9,6],[-30,-6],[-9,6],[-42,-8]],[[1521,1365],[-26,12],[75,18],[-33,16],[-36,5]],[[1501,1416],[48,9],[12,4]],[[1804,1030],[39,-13]],[[1813,975],[-27,3]],[[1786,978],[-5,4],[5,13],[-7,7],[-32,13],[-99,29],[-22,-10]],[[1626,1034],[-20,6],[23,10],[-62,19],[71,7],[-15,22],[41,8]],[[1664,1106],[21,-27],[32,0],[30,-7],[12,-1],[18,-13],[-5,-2],[-21,6],[-20,-9],[73,-23]],[[1786,978],[-13,-6],[-46,13],[-50,15],[24,11],[-75,23]],[[2680,2184],[-15,-18]],[[2659,2162],[-37,14],[-26,-6],[10,-8],[-44,-13],[-60,-10]],[[2502,2139],[-4,16],[-22,14]],[[2476,2169],[-15,11]],[[2461,2180],[40,5],[47,10],[32,13]],[[2580,2208],[57,-19],[2,-4],[41,-1]],[[1686,903],[-23,-5],[-35,26],[16,8],[3,9],[-7,24],[-28,-1],[-17,8],[-24,6],[-11,11],[3,6],[-22,2]],[[1541,997],[8,9],[26,6],[51,22]],[[1831,949],[10,-7],[1,-7],[-34,-3],[-8,6],[-17,1],[-2,6],[-16,2],[-27,-5],[-9,-27],[-11,-4],[-17,2],[-12,-4],[-3,-6]],[[1616,882],[-25,-2],[-35,25],[47,7],[13,-7]],[[1616,905],[-8,-9],[8,-14]],[[4350,1113],[-77,9],[15,19],[-75,9],[9,9],[-34,4],[-39,0]],[[4149,1163],[-28,9],[7,3]],[[4474,1263],[-54,-15]],[[4347,1279],[64,17],[30,-16]],[[4549,1251],[-4,-11]],[[4545,1240],[-10,-30],[-6,-5],[-16,-6]],[[4672,1245],[-6,-10]],[[4545,1240],[27,-2],[2,6],[16,-1],[-4,-12],[27,-1],[2,6],[39,-2],[4,12],[14,-1]],[[4687,1280],[-13,-27]],[[4674,1253],[-2,-8]],[[4554,1269],[45,-2],[-2,-6],[67,-3],[9,23],[14,-1]],[[3206,1728],[-9,-14]],[[3197,1714],[-149,16],[-14,-14],[-17,2]],[[3017,1718],[-42,7]],[[2975,1725],[-87,13]],[[2888,1738],[117,29],[20,5],[48,18]],[[3073,1790],[22,7],[27,4]],[[3122,1801],[105,-16],[11,-8]],[[1824,1622],[-4,-2]],[[1820,1620],[-9,2],[-160,-38]],[[1651,1584],[-38,28]],[[1613,1612],[-1,2],[62,12],[90,22],[-8,5],[7,5]],[[1763,1658],[9,-6]],[[1820,1620],[-27,-12],[-18,-12],[-20,-17],[-34,-21]],[[1721,1558],[-12,-12]],[[1709,1546],[-14,6],[-14,11]],[[1681,1563],[-30,21]],[[1681,1563],[-118,-23],[22,-14],[-48,-8]],[[1537,1518],[-45,29]],[[1492,1547],[88,21],[71,16]],[[1709,1546],[-21,-19]],[[1688,1527],[-17,1],[-18,5],[-40,-23],[-42,-9],[-34,17]],[[2482,2118],[-12,8],[7,6],[25,7]],[[5007,1395],[-11,-5],[-8,-11],[-20,-7],[-8,1],[-15,-9],[2,-4],[-13,-3],[-15,-1],[-3,-9],[-30,-4],[-40,2],[-25,-5]],[[4821,1340],[-11,2],[-98,4],[2,6]],[[4714,1352],[11,30],[20,48]],[[4745,1430],[67,-3],[20,8],[18,12],[30,-18],[37,-10],[39,-6],[27,-7],[24,-11]],[[4589,1364],[26,66]],[[4615,1430],[43,-2],[-1,-4],[43,-3],[-24,-62],[-87,5]],[[4619,1438],[-4,-8]],[[4589,1364],[-64,3],[-3,-6],[-33,2],[-26,4],[-36,1]],[[3179,865],[-22,-13],[-68,-18],[-53,-23],[-26,-10],[-26,-7],[-93,-16],[-105,-24],[-13,-1],[-28,-10],[-21,-13]],[[2724,730],[-135,37],[-5,3],[17,4],[1,5],[20,11],[-10,2],[20,10],[25,-1],[36,-12],[52,17],[-33,6],[-30,-1],[-3,4],[12,4],[28,-1],[37,-5],[-10,-6],[22,6],[57,7],[23,-2],[93,16],[34,7],[11,4],[52,9],[30,1],[37,3],[1,6],[15,7],[30,1]],[[3167,1224],[-188,-13]],[[2979,1211],[-8,17]],[[2971,1228],[-17,34]],[[2954,1262],[46,3]],[[2949,1174],[-8,17],[46,3],[-8,17]],[[3929,1486],[35,-68],[6,-13],[-2,-14]],[[3968,1391],[-25,-4],[-52,-25],[-47,-14]],[[2807,1715],[-3,-1]],[[2804,1714],[-57,-16]],[[2747,1698],[-11,3],[-54,7]],[[2682,1708],[19,24],[44,11]],[[2745,1743],[54,-8],[-13,-14],[21,-6]],[[2888,1738],[-81,-23]],[[2745,1743],[130,31],[22,0],[22,-8],[29,5],[27,7],[27,-2],[18,8],[13,-2],[12,11],[28,-3]],[[2975,1725],[-20,-28]],[[2955,1697],[-96,11],[-55,6]],[[1683,1297],[-72,-17],[-25,0],[-6,5]],[[1580,1285],[-4,5],[-13,1],[-31,-9],[-27,-1],[2,-6],[-42,-1],[-5,11]],[[1460,1285],[28,1],[61,18],[-37,17],[64,19]],[[1576,1340],[30,-12],[25,8],[6,-2],[10,5],[21,4],[5,-5]],[[1460,1285],[-10,8]],[[1450,1293],[0,28],[36,11]],[[1486,1332],[65,19]],[[1551,1351],[25,-11]],[[1450,1293],[-27,-7],[-2,3],[-20,-2],[-4,19],[-15,0],[-7,12]],[[1375,1318],[64,35]],[[1439,1353],[47,-21]],[[1521,1365],[30,-14]],[[1439,1353],[-60,24],[-12,1],[-31,-3]],[[1336,1375],[-25,3],[-10,7]],[[1301,1385],[17,-5],[46,1],[24,6],[42,13],[58,12]],[[1488,1412],[13,4]],[[1375,1318],[-36,9],[-2,4],[-39,8],[8,6],[-37,8]],[[1269,1353],[9,17],[36,1],[6,-2],[16,6]],[[1224,1308],[20,23]],[[1244,1331],[25,22]],[[1460,1285],[-64,-2],[-98,-2],[-1,8],[-37,12],[-36,7]],[[2428,2274],[121,-4]],[[2549,2270],[-6,-3],[15,0],[22,-8]],[[2580,2259],[-71,-30],[-53,-24],[2,-6],[-22,-3]],[[2436,2196],[-22,18],[-8,8],[-14,7],[-31,27],[1,5],[15,-1],[-2,15]],[[2375,2275],[53,-1]],[[2461,2180],[-25,16]],[[2580,2259],[17,-7],[5,-5],[-3,-11],[9,-16],[-28,-12]],[[880,1283],[-1,-10],[-45,0],[-33,12],[5,5]],[[806,1290],[5,9],[26,-2],[-7,-3],[12,-11],[14,-3],[0,-5],[14,0],[-1,6],[11,2]],[[2844,2209],[35,-3],[-44,-14],[48,-21]],[[2883,2171],[7,-3]],[[2772,2192],[57,19],[15,-2]],[[2913,2221],[30,0],[17,-7]],[[2960,2214],[25,-11],[-102,-32]],[[2844,2209],[10,17],[59,-5]],[[3023,2215],[47,-21]],[[3070,2194],[-76,-24],[-3,0]],[[2960,2214],[38,11],[25,-10]],[[2375,2275],[-215,7]],[[2160,2282],[29,7],[55,20],[99,33],[14,-11],[9,12],[20,0],[2,-11],[-25,0],[9,-31],[3,-26]],[[3070,2194],[64,17],[41,4]],[[3062,2251],[30,-7]],[[3092,2244],[-54,-17],[11,-5],[-26,-7]],[[2913,2221],[21,31],[-9,10]],[[2925,2262],[105,-1],[32,-10]],[[3283,2197],[-6,1]],[[3180,2222],[-56,15]],[[3124,2237],[47,26],[-14,4],[9,25],[-18,0],[-2,5],[21,0],[0,5],[26,1],[-1,7],[-9,1],[8,15],[34,-1],[-10,-22],[25,-5],[-12,-18],[23,-6],[16,-8],[24,12],[13,-5],[-48,-19],[53,-17],[14,-9],[2,-10],[-42,-21]],[[3092,2244],[32,-7]],[[4454,5972],[-162,-24],[-10,1]],[[4282,5949],[-5,0],[-42,17],[8,5],[10,15],[32,-5],[6,-5],[189,29],[-26,-33]],[[1377,1557],[-22,-1],[-27,-8],[-47,-6],[-76,-25]],[[1205,1517],[-19,6],[-40,9]],[[1146,1532],[51,39],[27,22],[7,3]],[[1231,1596],[46,-5],[37,-12],[22,-3],[20,-9],[0,-3],[18,-2],[3,-5]],[[1001,1552],[-3,-3],[19,-11],[-20,-5],[-46,-19],[-20,-10],[3,-15],[-4,-4],[1,-12]],[[931,1473],[-32,0],[-25,-2],[-36,0],[-20,7],[-38,2]],[[780,1480],[29,15],[-4,4],[29,4],[9,14],[12,9],[18,7],[4,19]],[[877,1552],[14,2],[26,-2],[84,0]],[[1600,1178],[-73,-3],[-22,-1],[-23,1]],[[1482,1175],[-5,26],[-1,14],[-14,1],[-1,-4],[-13,0],[0,-5],[-23,5],[-16,0]],[[1409,1212],[16,3],[2,3],[20,0],[3,7],[12,3],[27,13],[11,-4],[12,1]],[[1512,1238],[42,2],[26,-1],[8,4],[18,3]],[[1606,1246],[-12,-11],[-1,-14],[9,-15],[-2,-28]],[[1207,1363],[-16,-29]],[[1191,1334],[-34,-59]],[[1157,1275],[-18,6],[4,9],[-122,10],[-116,9],[-41,7]],[[864,1316],[4,6],[14,4],[6,22],[10,11],[11,3],[-1,6],[-12,9],[9,5],[12,15],[10,3],[21,-2],[173,-13],[9,-8],[19,1],[14,-7],[32,-4],[12,-4]],[[1568,1149],[-34,-7],[-21,-2],[-45,-19]],[[1468,1121],[-31,-8]],[[1437,1113],[2,11],[-9,9],[12,9],[-8,7],[-11,2],[-6,9],[30,5],[-5,2]],[[1442,1167],[-23,10],[10,2],[53,-4]],[[1600,1178],[110,8]],[[1710,1186],[-8,-2],[-42,-8],[-52,-14],[-40,-13]],[[5926,8903],[-1,-7],[10,-10],[-8,-15],[-5,-19],[6,-11],[-11,-6],[-17,0],[-28,-5],[-4,24],[7,23],[4,6],[-13,10],[-3,8],[30,1],[36,12],[-3,-11]],[[5088,5178],[-3,-4],[-30,10],[-25,7],[-23,8],[17,5],[-17,7],[38,10],[22,-9],[-25,-8],[36,-12],[-5,-2],[15,-12]],[[2523,6741],[-34,-22],[-24,-13],[-21,-15],[-30,4],[12,5],[9,14],[-19,19],[-13,7],[-1,15],[8,0],[0,8],[131,3],[20,3],[2,-5],[-40,-23]],[[3191,5807],[17,1],[26,-4],[-14,-8],[-68,-26],[-9,-2],[-66,-21],[-23,-13],[15,-3],[-12,-5],[-33,8],[49,14],[-10,5],[26,11],[-11,18],[23,8],[24,5],[14,5],[19,13],[24,-3],[9,-3]],[[4719,5831],[-4,-11],[35,-4],[1,-5],[27,-4],[35,-3],[1,3],[19,-1],[-2,-8],[-167,15],[7,18],[21,-1],[2,3],[25,-2]],[[4937,6625],[-3,-11],[10,-10],[23,-1],[-1,6],[16,0],[10,-9],[-21,-2],[1,-5],[35,1],[3,-17],[-18,0],[-1,-8],[6,-3],[23,2],[-15,-13],[18,-3],[24,0],[12,-6],[27,-2],[-22,-5],[-23,5],[-2,-3],[-37,5],[-9,-6],[-16,-1],[13,11],[-65,17],[-20,-1],[-1,-4],[-13,0],[2,7],[-38,0],[-7,-4],[-21,4],[2,8],[-37,4],[-11,-1],[-4,-5],[-11,0],[-16,9],[13,11],[-21,3],[11,5],[11,-3],[4,12],[10,-2],[-1,-7],[11,-1],[-8,-7],[30,-6],[4,6],[50,-1],[-8,12],[16,17],[46,2],[-1,3],[19,1],[1,-4]],[[2992,1282],[-23,48],[-16,22],[-3,16]],[[2950,1368],[144,-36]],[[3152,951],[-1,5]],[[3319,972],[-28,-15],[-13,-9],[-24,-35],[-7,-5],[-19,-6]],[[1580,1285],[-25,-6],[24,-15],[-15,-8],[-29,-6],[-24,-1],[1,-4]],[[1512,1245],[-144,-4],[-1,-15],[-17,1],[-6,-9],[-23,-6]],[[1321,1212],[-8,11],[-26,-2],[-4,11],[-29,-1],[18,22],[-29,8],[-25,11],[-12,2]],[[1206,1274],[17,7],[-17,9],[18,18]],[[1442,1167],[-16,-2],[-49,4],[-32,8],[-21,4],[-12,4]],[[1312,1185],[4,6],[29,4]],[[1345,1195],[38,-9],[3,7],[23,14],[0,5]],[[2150,79],[47,-7]],[[2197,72],[9,0],[-7,-11],[-12,-6],[37,-4],[-11,-12],[-36,4],[-11,-6],[-28,-1],[3,16],[14,9],[-11,3],[7,4],[-10,2],[13,6],[-22,4],[18,-1]],[[2129,11],[6,-1],[4,-10],[-13,3],[3,8]],[[2135,13],[0,6],[9,0],[0,-6],[-9,0]],[[2149,1182],[1,-3],[22,-1],[22,-4],[12,0]],[[2206,1174],[-14,-14]],[[2192,1160],[-33,-18],[-22,-26],[-7,-15]],[[1988,1066],[-5,1]],[[1983,1067],[3,4],[20,0],[21,7],[36,15],[1,27],[7,15],[9,5]],[[2080,1140],[21,5],[20,0],[6,10],[-9,4],[10,12],[21,11]],[[1911,1250],[-29,-6],[-69,-5],[-12,0],[-34,-6]],[[1767,1233],[-24,1],[8,8],[-23,5],[-2,5],[11,6],[-6,8],[-28,0]],[[1703,1266],[-9,5],[22,8]],[[1938,1319],[29,-9],[74,3],[10,-26]],[[4355,1103],[-9,-8],[-22,1],[-147,13]],[[4177,1109],[-38,29],[-22,11],[18,6],[1,4],[15,-1],[-2,5]],[[1157,1275],[-6,-15]],[[1151,1260],[-32,0],[-9,-5],[4,-9],[-5,-6],[-29,-12],[-24,11],[-3,8],[-27,11],[-22,4],[4,3],[-34,8],[-21,9],[-29,6],[-28,2],[0,-5],[-16,-2]],[[806,1290],[-14,2],[-8,9],[23,13],[48,-2],[9,4]],[[2458,1068],[-46,2],[8,26]],[[2455,1124],[64,-4],[2,-8]],[[2521,1112],[-29,-10],[-27,-6],[-15,-7],[-3,-9],[11,-12]],[[4730,1112],[138,-17],[55,-8]],[[4923,1087],[-4,-30],[-5,-25],[-171,2],[-73,2],[-83,0],[-32,-3],[-46,-2],[-20,2],[-13,-10],[-62,13]],[[4414,1036],[17,9]],[[1895,1117],[-10,-25],[-14,-4],[35,-7],[-13,-7],[-4,-8],[-24,-9],[25,-3],[6,-3]],[[1896,1051],[-46,-9],[-22,4],[-11,-10],[-13,-6]],[[1664,1106],[2,0]],[[1666,1106],[25,-3],[4,-5],[33,0],[4,4],[18,0],[5,4],[32,0],[7,18],[19,-3],[2,11],[18,-1],[23,-8],[4,2],[35,-8]],[[4773,1260],[-47,6],[-21,-8],[-31,-5]],[[4687,1280],[22,56],[44,-3],[29,-8],[26,-5]],[[4808,1320],[-2,-4]],[[2971,1228],[-139,-9],[-19,3]],[[2813,1222],[8,6],[2,14],[13,11]],[[2836,1253],[24,7]],[[2860,1260],[2,-4],[92,6]],[[2150,79],[-2,6],[21,0],[-3,8],[-19,-2],[-5,3],[11,10],[-9,4],[19,-1],[19,8],[10,-2],[-10,-5],[26,-5],[-9,-2],[5,-10],[-1,-9],[-19,-4],[15,-2],[-2,-4]],[[2214,118],[-12,1],[12,8],[8,-3],[-8,-6]],[[2221,129],[-6,2],[14,6],[6,-3],[-14,-5]],[[1191,1334],[53,-3]],[[1206,1274],[-4,-10]],[[1202,1264],[-51,-4]],[[1321,1212],[14,-13],[10,-4]],[[1312,1185],[-3,-1],[12,-14],[31,-8],[-20,-5],[-23,9],[-4,8],[-11,9],[-9,-3],[-44,2],[-20,7],[-3,13],[5,6],[-1,47],[-10,7],[-10,2]],[[3824,1212],[-32,-10],[-45,-26],[-6,-5]],[[3741,1171],[-32,7]],[[3968,1391],[36,2],[40,-1]],[[4044,1392],[-6,-1],[-52,-34]],[[3986,1357],[-23,-16],[-31,-32],[-13,-29],[-5,-15],[-12,-16],[-23,-16],[-50,-20],[-5,-1]],[[3656,1152],[-33,-15],[-21,-15],[-154,-10],[-4,9],[-31,-2]],[[2739,1201],[2,-10],[-18,-15]],[[2574,1166],[-129,-9]],[[2417,1192],[19,-1]],[[2436,1191],[257,18],[6,-9],[40,1]],[[2599,1117],[-72,-6],[-6,1]],[[2341,1135],[-62,-4],[-14,-3],[-6,-7],[-13,-2],[-13,6],[-10,-2],[-16,11]],[[2207,1134],[14,9],[9,11],[-38,6]],[[2206,1174],[27,4],[13,7]],[[2532,1269],[-3,-2]],[[2543,1220],[0,-3],[-24,0]],[[2519,1217],[-16,-5],[-18,2],[-3,-5],[-41,15],[-28,6],[-34,13],[-24,5],[-14,0],[-17,-9]],[[2324,1239],[1,10],[37,19],[28,16],[8,3]],[[2398,1287],[10,-6],[29,2],[47,-2],[18,-4],[24,-2],[6,-6]],[[2302,1102],[-35,6],[-12,-3],[-20,-1],[-38,13],[10,17]],[[3741,1171],[-25,-12],[-49,-16],[-18,-10],[7,-14],[-1,-18],[-7,-13],[-27,-14],[-20,-15],[-19,-10],[-39,-14],[-35,-7],[-43,-11],[-32,-10],[-24,-9],[-37,-25],[-42,-26],[-18,-14],[-18,-19],[-26,-20]],[[1767,1233],[-22,-11],[49,-15],[-36,-16]],[[1758,1191],[-35,-4],[-13,-1]],[[1606,1246],[26,10],[29,-1],[9,7],[33,4]],[[2846,1289],[14,-29]],[[2836,1253],[-67,-3],[-1,2],[-51,0],[2,11],[-27,-2],[-49,4],[-23,-6],[-5,-8]],[[2532,1269],[13,11]],[[2458,1068],[-22,-11]],[[2436,1057],[-38,4],[-89,4],[-23,-27]],[[2286,1038],[-58,12]],[[2210,1081],[7,5],[29,0],[28,4]],[[2483,1348],[-6,-4],[-27,-7],[-18,-9],[0,-10],[-9,-6],[-10,-16],[-15,-9]],[[2398,1287],[-6,2],[-29,1],[-23,8],[-9,10],[-24,2]],[[2392,1383],[25,4],[42,-3],[5,18],[6,-1]],[[4177,1109],[-7,-9]],[[4170,1100],[-43,2],[-30,20],[-29,12],[2,6],[-27,7],[-15,1],[-44,-1],[-19,-11]],[[3928,1141],[60,54]],[[3988,1195],[9,-2],[13,-10],[18,-2],[32,16],[9,1],[51,-6]],[[2275,946],[-36,-6],[-25,-7],[-6,3],[-28,4],[34,19],[-10,2],[-42,-1]],[[2162,960],[15,10]],[[2177,970],[11,11],[21,4],[15,7],[29,17],[30,3]],[[2283,1012],[-9,-7],[2,-5],[27,-22],[0,-7],[-8,-9],[12,1],[8,-10]],[[2334,1026],[-48,12]],[[2436,1057],[-18,-5],[-39,-7],[-25,-12],[-20,-7]],[[2813,1222],[-39,-11]],[[2774,1211],[-28,2],[-97,8]],[[2152,1004],[-46,-12]],[[1896,1051],[87,16]],[[2739,1201],[7,4],[28,6]],[[2436,1191],[-3,11],[9,5],[22,0],[24,-3],[30,2],[1,11]],[[4075,1021],[-15,1],[-53,-29],[18,-4],[-13,-3],[-7,3],[-34,-4]],[[3971,985],[-10,4],[-27,4],[24,11],[-23,6],[30,16],[-42,11]],[[3989,1081],[16,-3],[18,-10],[26,2],[19,-18],[11,-23],[-4,-8]],[[3971,985],[-12,-4],[-18,-31],[8,-13],[27,-7],[1,-5],[-39,-16]],[[3938,909],[5,-2],[-27,-7],[-3,-13],[6,-2],[18,-14],[-35,-4],[13,-6],[-67,-19],[0,9],[6,30],[-2,7],[54,15],[22,8],[-18,14],[-43,19],[-19,17],[-1,9],[6,21]],[[3853,991],[-3,17],[-25,35]],[[2080,1140],[-52,2],[-3,3],[-26,2],[3,13],[-41,-2],[-6,-3],[6,-11],[-5,-8],[-36,6],[-12,-5],[-1,-9],[-12,-11]],[[1666,1106],[-1,4],[-19,5],[-8,7],[-26,6],[-13,5],[-13,12],[-18,4]],[[1758,1191],[29,-2],[-3,-6],[13,0],[20,8],[34,-5],[30,2],[28,-1],[8,4],[-2,6],[18,0],[2,4],[12,-1],[7,6],[-9,6],[0,7],[12,-4],[20,1],[0,5],[22,1],[-2,-3],[18,-1],[36,8],[23,15]],[[2074,1241],[19,14],[5,10],[4,20],[0,11],[16,7],[39,0]],[[2157,1303],[40,-2],[15,2],[-2,4],[35,0],[2,-7],[19,-9],[22,-3],[15,-7],[-32,-13],[2,-6],[-33,-10],[-10,-8],[4,-4],[-42,-20],[-6,-5],[10,-6],[0,-8],[-15,-4],[-1,-6],[-31,-9]],[[3086,932],[-10,1],[-15,8],[-19,6],[-29,-1],[-9,3]],[[3004,949],[7,8],[-13,6],[7,4],[-14,18]],[[4284,1020],[-21,-9],[-23,-5],[-9,-8],[-24,-3],[-49,-23],[-57,-21],[-116,-31],[-47,-11]],[[4075,1021],[38,9],[34,4],[11,6],[39,31],[3,5]],[[4200,1076],[32,-4],[-16,-22],[18,-3],[-5,-13],[54,-12],[1,-2]],[[4887,1172],[45,-8]],[[4932,1164],[-16,-22],[1,-16],[9,-23],[-3,-16]],[[1512,1245],[0,-7]],[[4170,1100],[-5,-4],[15,-2],[-6,-11],[28,-3],[-2,-4]],[[1686,903],[29,-12],[25,-8],[-1,-5],[-28,-5],[16,-8]],[[1727,865],[-43,-2],[-53,8],[-15,11]],[[1616,905],[-4,7],[-14,12],[-6,9],[-25,10],[-40,8],[9,6],[-20,4],[-3,16],[-30,3],[-5,2]],[[1478,982],[22,7],[7,-8],[32,3],[2,13]],[[2227,895],[-30,-4],[-4,6],[-36,-2],[-1,-10],[-29,-5],[-17,1],[6,-9],[-14,-5],[-15,3]],[[2087,870],[-21,1],[7,5],[-1,9],[16,7],[0,7],[21,13],[18,3],[-39,1],[3,9],[39,-8],[6,2],[1,14],[-14,10],[4,5],[35,12]],[[2283,1012],[51,14]],[[2334,1026],[66,-15],[17,9]],[[3897,1124],[-7,7],[-13,6],[-63,15],[-73,19]],[[3824,1212],[3,-12],[62,-16],[7,4],[30,23],[68,-8],[-6,-8]],[[2177,970],[-11,-1],[-14,4],[-19,2],[-16,-4]],[[2324,1239],[1,-6],[-55,-22],[-18,-17]],[[2157,1303],[-9,10],[-15,0],[-21,12]],[[2801,924],[-39,-7],[5,-4]],[[2767,913],[-11,-3],[-23,-2],[-15,2],[-13,14],[-12,2],[0,5],[-50,2],[-1,4]],[[2784,993],[0,-10],[-17,-27],[-9,-4],[44,-9],[-7,-10],[-10,-1],[16,-8]],[[3084,926],[-55,9],[-9,-2],[-6,-9],[-7,9],[-17,-1],[-2,-11],[-9,0],[-3,-8],[-17,-3],[-11,2],[-30,-7],[-12,-8],[5,-10],[-22,-4],[-22,4],[-18,18],[29,4],[-2,4],[-31,-4],[-23,6],[-20,-4],[-14,6],[-21,-4]],[[2801,924],[32,5],[10,7],[23,7],[64,12],[3,4],[21,10],[13,-3],[-3,-10],[19,-3],[11,-5],[10,1]],[[2279,841],[-18,-1],[0,-5],[-18,-9],[-55,-17],[-21,0],[-62,12],[-15,1],[-60,10],[-9,3]],[[2021,835],[11,3],[22,-4],[1,8],[36,6],[-4,22]],[[1478,982],[-16,2],[-13,5],[8,6],[-11,7],[-22,0],[-11,10],[-16,9],[-23,0],[-7,4],[21,4]],[[1388,1029],[28,2],[29,-2],[2,-6],[24,-4],[19,3],[-6,5],[33,6],[-8,6],[14,2],[-13,5],[12,1],[-14,16],[-15,0],[-15,8],[-7,8],[19,6],[44,2],[-1,11],[-15,-1],[4,11],[-54,13]],[[3986,1357],[16,-2]],[[3977,1276],[-13,-26],[23,-3],[-9,-14],[64,-6],[48,-2],[56,-5]],[[2074,1241],[-14,2]],[[2534,585],[-1,0]],[[2533,585],[27,33],[-30,4],[0,-2],[-64,-7],[-9,1],[36,40],[46,-3],[3,8],[12,5],[50,-2],[30,18],[41,22],[49,28]],[[3207,860],[-16,-5],[-2,-12],[-18,-16],[1,-4],[-33,-16],[-54,-12],[-56,-6],[-23,-34],[-1,-8],[-12,-9],[-20,-25],[-3,-14],[-25,-17],[-39,-13],[-40,-10],[-9,-14],[2,-7],[-16,-5],[-43,0],[-31,-4],[-58,2],[-32,-2],[-22,-21],[-19,-31],[-26,-2],[-33,2],[-45,8]],[[2021,835],[-14,3],[-7,6],[-11,22]],[[1989,866],[1,7],[22,26],[13,17]],[[2534,585],[-12,-28],[-2,-30],[-9,-11],[-58,-42],[-33,5],[-22,2],[-16,-4],[-34,-4],[-8,-6],[-13,1],[14,-21],[22,0],[-3,-12],[20,-2],[-6,-7],[17,-2],[-3,-15],[-25,-2],[-48,5],[-19,-7],[-6,2],[13,8],[-36,14],[-11,0],[2,8],[-27,7],[10,15],[34,-3],[9,10],[11,3],[-60,8],[13,4],[24,-1],[-8,7],[-20,7],[-18,-1],[-15,2],[7,16],[23,-3],[8,6],[13,2],[6,8],[24,15],[-9,0],[43,15],[37,10],[12,12],[8,2],[-8,-10],[4,-9],[21,-14],[72,11],[38,8],[23,21]],[[2261,395],[15,-2],[9,4],[19,-4],[11,5],[40,-7],[-31,-11],[-9,-8],[-18,-1],[-22,3],[-30,-1],[-6,5],[13,20],[9,-3]],[[4414,1036],[-13,-9],[-18,-6],[-16,-1],[-33,10],[-50,4],[-6,-5],[6,-9]],[[4943,1239],[61,-3]],[[5004,1236],[-1,-16],[-11,-15],[-60,-41]],[[1989,866],[-52,-4],[-8,0],[-53,-8],[-31,3],[-5,4],[-25,5],[-35,0],[0,-5],[-29,-5],[-24,9]],[[3108,1343],[44,36]],[[3152,1379],[137,10]],[[3152,1379],[9,8]],[[3161,1387],[41,33]],[[3202,1420],[46,38],[5,2]],[[3253,1460],[17,-33]],[[3202,1420],[-106,11]],[[3096,1431],[20,26],[-36,4],[7,9]],[[3087,1470],[5,7]],[[3092,1477],[158,-16],[3,-1]],[[2476,1427],[10,40]],[[2486,1467],[4,17]],[[2490,1484],[132,-4]],[[3679,1669],[-7,4],[-42,15]],[[3630,1688],[47,16]],[[3677,1704],[58,-14]],[[2435,1469],[51,-2]],[[3092,1477],[24,34],[106,-11],[61,-7],[7,-4]],[[3290,1489],[-13,-8],[-24,-21]],[[3161,1387],[-62,5],[-117,12]],[[2982,1404],[28,36]],[[3010,1440],[86,-9]],[[2521,1648],[-46,2],[-110,6],[-69,5]],[[2536,1685],[-4,-8]],[[2504,1577],[-6,-20]],[[2498,1557],[-151,6],[-210,7]],[[2137,1570],[-17,9],[-3,10]],[[3010,1440],[10,15],[-9,6]],[[3011,1461],[13,15]],[[3024,1476],[63,-6]],[[2185,1655],[74,-10],[19,9]],[[2498,1521],[-5,-15]],[[2493,1506],[-70,2]],[[2950,1368],[0,1]],[[2950,1369],[1,3],[31,32]],[[2493,1506],[-3,-22]],[[2754,1387],[33,13],[13,3],[-20,8],[22,5]],[[2820,1407],[40,-15],[55,-15]],[[2915,1377],[-9,-12],[6,-19],[-91,-6]],[[2661,1516],[24,-18]],[[2685,1498],[9,-6]],[[2498,1521],[133,-5],[30,0]],[[2501,1534],[2,10],[-5,13]],[[2498,1557],[60,-4],[28,-4],[32,-10],[23,-10],[20,-13]],[[1916,1567],[-64,2],[-2,-15],[-38,1],[-71,1],[-20,2]],[[1924,1579],[-3,-12]],[[1760,1491],[2,-4]],[[1750,1489],[-16,6],[0,4],[-30,-5],[-21,11],[9,5],[-4,17]],[[2120,1463],[-35,4],[-73,16],[-31,-2],[-18,8],[-28,6],[-11,-2],[-24,-12],[-39,-6],[-22,8],[-11,1],[-23,-4],[-43,7]],[[1979,1575],[86,-3],[40,-9],[18,0],[14,7]],[[1788,1720],[22,-9],[42,-10],[-3,-5],[26,-11],[15,1],[19,-5]],[[1763,1658],[-26,15],[-38,21],[-35,14]],[[1664,1708],[-23,7]],[[1641,1715],[10,6],[60,18],[20,3]],[[1731,1742],[4,-14],[18,-10],[35,2]],[[1656,1817],[7,-5],[29,-15],[1,-11],[8,-13],[16,-15],[12,-4],[-4,-7],[6,-5]],[[1641,1715],[-34,9],[-71,31]],[[1536,1755],[18,4],[29,11],[3,8],[13,4],[-40,9],[-50,7],[-12,-6],[-19,1],[-5,16]],[[1473,1809],[11,4],[36,6],[26,0],[16,3],[-7,-6],[28,-12],[12,-10],[21,1],[0,7],[11,7],[29,8]],[[2262,1658],[-41,10],[-76,22],[-120,38],[-18,2]],[[2007,1730],[-7,6],[11,12]],[[2011,1748],[32,-14],[22,-7],[17,8]],[[1470,1853],[-18,-5],[-15,-14],[24,-18],[12,-7]],[[1536,1755],[-79,37],[-13,4],[-30,5],[-60,2],[-30,0],[-71,-7]],[[1140,1835],[-3,28],[-51,-1],[1,14],[7,1],[8,18],[-3,15],[16,16],[-2,9],[-46,2],[0,5],[-37,0],[-25,4],[8,7],[42,-2],[24,5],[-9,5],[6,10],[-3,10],[25,4],[9,-17],[15,0],[22,6],[5,-5],[-4,-6],[11,-4],[10,-8],[-28,-7],[1,-3],[-21,-3],[12,-49],[16,-8],[13,7],[23,-2],[25,-10],[3,-7],[9,2],[11,-6],[6,-12],[29,-13],[4,6],[9,-6],[-22,-3],[10,-14],[17,-15],[6,1],[0,18],[49,2],[1,11],[17,0],[0,-14],[-16,-10],[33,-1],[2,5],[26,-2],[-3,-6],[16,-1],[2,6],[22,-2],[-14,8],[-7,8],[10,11],[11,2],[-2,4],[24,9],[10,-4]],[[1470,1853],[14,6],[19,5],[24,2],[-9,10],[2,10],[-33,16]],[[1487,1902],[37,-7],[33,-12],[20,-10],[6,-5],[4,-15],[48,-20],[3,-5],[18,-11]],[[2000,1724],[7,6]],[[2143,1834],[-17,-7]],[[2011,1748],[4,15],[22,23]],[[2037,1786],[4,10],[-12,3],[-12,12],[-10,18],[-9,8],[18,13],[31,14],[26,-5],[5,-5],[39,-14],[26,-6]],[[1968,1892],[37,-2],[38,3],[2,3],[40,-5],[7,-4],[11,0]],[[2103,1887],[19,0],[33,5],[0,-5],[12,0],[15,-5]],[[2182,1882],[-16,-2],[-1,-10],[5,-10],[10,-10],[-37,-16]],[[2037,1786],[-31,2],[1,7],[-8,12],[-15,10]],[[1984,1817],[4,7],[-6,5],[-16,3],[-15,0],[-9,13],[-12,5],[-16,14],[-38,11],[2,5],[-20,1],[5,9]],[[1863,1890],[17,5],[26,3],[-2,-5],[35,-3],[29,2]],[[2362,2049],[-12,1],[-27,-7],[-31,-2],[-29,-9],[-3,-4],[-24,1],[-42,8],[-16,1],[-22,8],[7,5],[-8,14]],[[2155,2065],[1,9],[20,7]],[[1641,1909],[10,-9],[31,-4],[9,-7],[11,-3],[17,6],[7,-5],[15,2],[24,-1],[25,-6],[23,2],[-2,4],[32,4],[20,-2]],[[1984,1817],[-47,-8],[0,-8],[-33,2],[-6,-6],[-14,0],[6,-5],[-12,-2],[1,-8],[-18,-12],[-35,2],[-11,2],[-19,-4],[0,-10],[-12,-16],[-1,-7],[5,-17]],[[1487,1902],[-15,1],[-7,5],[27,2],[19,4],[33,1],[29,-1],[34,-4],[34,-1]],[[2248,1956],[-40,1],[-4,9],[10,15]],[[2214,1981],[11,13],[19,-1],[12,-7],[-2,-8],[17,-13],[18,-1],[3,9],[47,-1]],[[2925,1465],[5,-1],[44,-27],[20,21],[17,3]],[[2950,1369],[-35,8]],[[3752,1903],[-18,-1],[-79,5],[-10,1],[-29,-27],[-3,-7]],[[3383,1896],[49,42],[23,17],[47,38]],[[3774,1932],[-23,-15],[9,-7],[28,-5],[-36,-2]],[[2413,2032],[27,-9],[9,-5]],[[2214,1981],[-26,4],[-26,0],[-1,-7],[-23,1],[-30,-3]],[[2108,1976],[-13,7],[-21,-1],[-12,6],[-54,4]],[[2008,1992],[1,6],[18,12],[15,22],[13,4]],[[2055,2036],[54,3],[-3,7],[28,-1],[-1,17],[22,3]],[[2103,1887],[9,11],[14,7]],[[2126,1905],[14,8],[24,5]],[[2164,1918],[41,8],[37,11],[8,7]],[[2292,1927],[-9,-1],[-6,-8],[42,-12],[-31,-15],[11,-3],[-10,-3],[-60,0],[-26,-4],[-21,1]],[[2108,1976],[7,-5],[21,1],[9,-17],[27,-5],[-23,-14],[-5,-9],[20,-9]],[[2126,1905],[-30,5],[-18,-1],[-26,6],[24,0],[14,18],[-86,9]],[[2004,1942],[6,7],[-23,1],[-16,-8],[-32,-1],[-4,7],[-12,4],[-19,2],[-24,6],[-8,5],[-11,-8],[-29,-8],[-19,1]],[[1813,1950],[12,1],[31,7],[15,16],[3,15]],[[1874,1989],[29,3],[28,1],[52,-6],[25,5]],[[2132,2161],[25,1],[31,-3],[8,-8],[3,-14]],[[2055,2036],[-6,3],[-41,-1],[-19,2],[-17,-4],[-48,2],[-33,0],[15,15],[19,6],[-3,4],[-38,6]],[[1884,2069],[20,1],[26,-3],[41,-1],[31,15],[21,-1],[16,8],[-56,17],[-1,4],[14,9],[31,14],[-26,7],[17,13],[-1,3],[-25,0],[-3,5],[35,1]],[[2024,2161],[36,-1]],[[2060,2160],[27,2],[36,-4],[9,3]],[[1874,1989],[-72,8],[14,12],[4,18],[-6,6],[30,31],[-12,9],[28,28],[1,11]],[[1861,2112],[27,-14],[15,-1],[6,-4],[-11,-11],[-23,-4],[-5,-3],[14,-6]],[[2004,1942],[-6,-7],[-28,3],[-15,-19],[21,-9],[-8,-10],[0,-8]],[[1641,1909],[8,1],[-3,8],[30,3],[53,3],[14,4],[1,7],[-7,7],[12,5],[40,-1],[24,4]],[[3752,1903],[30,-40],[-1,-6],[-13,-18],[-9,-6],[-34,-14],[-13,-26],[6,-11],[8,-6],[26,-10],[5,-5],[-1,-25],[-19,-10]],[[3737,1726],[-52,11],[10,7],[18,21],[-103,13]],[[1861,2112],[4,10],[33,2],[24,-1],[-1,10],[-15,4],[7,13],[14,3]],[[1927,2153],[34,1],[21,7],[42,0]],[[2593,1734],[-10,8]],[[2601,1811],[3,-2],[10,-19],[2,-10],[6,-12],[-3,-10],[-19,-22],[-7,-2]],[[2922,1469],[18,19],[13,3]],[[3013,1534],[27,30],[52,-6]],[[3092,1558],[-68,-82]],[[2685,1498],[14,2],[52,20],[12,6]],[[2776,1522],[14,-4]],[[2790,1518],[14,-5],[19,-11],[-7,-13],[10,-2],[26,2],[34,-6]],[[2790,1518],[11,2],[28,-2],[18,2]],[[3136,1616],[-20,-30]],[[3116,1586],[-24,-28]],[[2956,1548],[8,4],[-5,9],[4,8],[13,5],[3,9]],[[2975,1584],[-7,18],[16,9],[13,13],[13,7],[15,2],[23,0]],[[3048,1633],[57,-13],[31,-4]],[[3180,2001],[-63,7],[-63,8],[-116,12]],[[2938,2028],[36,43]],[[3202,2023],[-9,-7],[-13,-15]],[[2960,1654],[9,8],[26,6]],[[2995,1668],[34,5]],[[3059,1639],[-11,-6]],[[3115,1681],[60,-4]],[[3175,1677],[-5,-7]],[[3170,1670],[-34,-54]],[[3238,1777],[8,15],[8,46]],[[3254,1838],[4,28],[5,22]],[[3263,1888],[3,18],[6,14]],[[3272,1920],[4,7],[24,18]],[[3300,1945],[10,5],[69,23]],[[3677,1704],[-102,25]],[[3737,1726],[-60,-22]],[[3122,1801],[-121,20],[0,8],[44,40]],[[3045,1869],[26,-5],[5,2],[84,-15],[83,-13],[11,0]],[[2744,1697],[3,1]],[[2955,1697],[-19,-23]],[[2936,1674],[-20,-1],[-80,9],[-19,6],[-20,1],[-53,8]],[[3300,1945],[-75,22],[-12,3],[-31,11],[-15,2]],[[3167,1983],[13,18]],[[3272,1920],[-33,8],[-33,5],[-38,4],[-42,2]],[[3126,1939],[25,27]],[[3151,1966],[16,17]],[[3263,1888],[-70,11],[-63,2],[-16,4]],[[3114,1905],[8,22]],[[3122,1927],[4,12]],[[3045,1869],[18,15],[5,9]],[[3068,1893],[39,-3],[7,15]],[[3222,2068],[19,11],[66,42]],[[3307,2121],[30,-5],[17,1],[32,6],[13,-2],[12,2]],[[3255,2139],[43,-7]],[[3298,2132],[-11,-6],[20,-5]],[[3283,2197],[125,-31]],[[3408,2166],[-31,-4],[-10,-5],[-16,-18],[-13,-6],[-30,-2],[-10,1]],[[3408,2166],[75,-18]],[[3483,2148],[21,-5],[20,-9]],[[3068,1893],[-10,0],[-81,15],[1,35]],[[2978,1943],[144,-16]],[[2978,1943],[1,35]],[[2979,1978],[172,-12]],[[2979,1978],[-5,13],[-10,8],[10,13],[-44,5]],[[2930,2017],[8,11]],[[2930,2017],[-38,4],[-3,-2],[-43,7]],[[3642,2085],[40,17],[80,42],[45,25],[122,45]],[[3929,2214],[23,12],[32,27],[18,9],[45,30],[34,13],[68,23],[91,31]],[[4240,2359],[40,12],[-5,3],[13,3],[22,9],[3,11],[30,8],[3,8],[31,10],[-8,12],[0,8],[7,3],[17,-3],[55,3],[21,-5],[-21,-10],[-21,-6],[9,-4],[-18,-10],[20,-9],[20,-32],[-13,-14],[-14,-1],[-16,-6],[-24,-12],[-15,-4],[-37,-8],[-37,0],[-44,-2],[-35,-6],[-43,-18],[-57,-19],[-20,-4],[-8,-5],[24,-17],[1,-10],[-31,-18],[-13,-18],[-25,-8],[-154,-25],[-25,-7],[-22,-9],[-11,-13],[1,-6],[14,-15],[13,-9],[20,-3],[-66,-40],[-17,-6],[1,-4],[-20,-18],[6,-8]],[[4437,2464],[18,-1],[5,-6],[20,-1],[17,6],[16,-5],[-36,-13],[-57,10],[-10,5],[8,4],[19,1]],[[3929,2214],[-15,-1]],[[3914,2213],[-12,0],[-2,5],[-20,7],[43,15],[46,2],[-25,5],[18,14]],[[3962,2261],[17,-3],[24,18],[-12,3],[28,18],[-6,3]],[[4013,2300],[-5,4],[7,9],[-16,7],[-15,10],[14,12],[29,9],[7,13],[11,6],[15,1],[21,-6],[7,11],[11,3],[-2,7],[24,6],[2,4],[20,3],[3,-16],[25,-8],[6,4],[10,-2],[2,-11],[5,-2],[41,4],[5,-9]],[[3806,2204],[13,-4],[39,15],[25,-9],[31,7]],[[3483,2148],[18,1]],[[3501,2149],[14,1],[36,-5],[30,-17],[17,0],[-2,6],[6,6],[25,0],[1,8],[20,11],[6,-1],[9,9],[-11,3],[11,4],[-13,5],[22,11],[23,9],[6,5],[18,6]],[[3719,2210],[19,8],[9,-3],[-19,-9],[27,3],[7,-14],[5,9],[15,1],[19,-3],[5,2]],[[5101,2531],[13,-11],[-67,-14],[-19,-1],[2,-9],[-13,-5],[-3,-9],[8,-10],[-28,2],[-21,5],[-62,-3],[-11,-4],[-31,3],[-18,-1],[-15,4],[-14,-8],[-44,-6],[-15,7],[-22,3],[-48,16],[-42,10],[-3,3],[-71,-18],[-7,-2],[-26,8],[-12,10],[-17,1],[-25,9],[16,8],[17,-4],[20,12],[-20,0],[9,10],[12,-2],[3,-7],[23,0],[5,-16],[6,0],[-2,9],[11,11],[40,4],[19,6],[-2,3],[19,-5],[9,4],[25,-6],[18,-2],[9,-8],[-2,-8],[-13,-2],[-8,-6],[-11,-1],[-10,-7],[123,-12],[25,-1],[53,1],[38,3],[21,5],[-2,7],[-35,-3],[-18,12],[35,8],[13,-5],[27,1],[53,4],[-1,10],[16,1],[17,-5],[12,0],[24,6],[-5,6],[10,10],[18,-1],[0,-8],[-6,-12]],[[3501,2149],[22,11],[21,8],[22,4],[18,7],[15,3],[35,17],[28,17],[39,17]],[[3701,2233],[22,-9],[-21,-6],[17,-8]],[[3701,2233],[29,13],[26,-6],[-20,-9],[17,-5],[-5,-3],[25,-7],[33,-12]],[[3962,2261],[-22,6],[-17,-7],[-14,0],[-19,7],[-38,7],[5,6],[20,8],[17,0],[9,7],[27,3],[12,-2],[12,4],[18,-2],[26,4],[15,-2]],[[3290,1489],[43,19],[48,27]],[[3596,1651],[-11,21]],[[3585,1672],[45,16]],[[3305,1565],[88,-22]],[[3116,1586],[61,-6],[10,15],[39,-9],[79,-21]],[[3585,1672],[-42,-15],[-12,-5]],[[3531,1652],[-10,2],[-144,6]],[[3377,1660],[2,2],[-34,6],[-40,2],[29,37]],[[3377,1660],[-95,4],[-112,6]],[[3175,1677],[22,37]],[[3377,1660],[-58,-76],[-14,-19]],[[3531,1652],[-65,-60],[-21,-14]],[[3826,1664],[39,6]],[[3926,1679],[54,7],[42,3]],[[4022,1689],[-10,-3],[-20,-14]],[[3992,1672],[-14,-23],[3,-14],[-4,-8],[7,-4]],[[3984,1623],[-13,-4],[10,-9],[-9,-3],[24,-8],[-61,-4],[16,-29],[28,2],[22,-41],[5,1],[13,-13],[-102,-6]],[[3737,1726],[9,-2],[67,20]],[[4143,1579],[-6,-4],[-14,-25],[3,-13]],[[4126,1537],[2,-14],[17,-32],[-1,-9],[6,-9],[-4,-21],[-11,-11],[-16,-10],[-27,-11],[-29,-18],[-19,-10]],[[3984,1623],[44,-15],[44,-14],[43,0],[15,-2],[13,-13]],[[5898,8367],[34,2],[31,-4],[26,0],[-7,-8],[36,-7],[-27,-1],[-2,-15],[-31,-12],[-5,-9],[-11,-3],[-16,1],[-20,6],[-5,7],[-19,10],[-2,6],[15,9],[0,8],[-24,14],[19,4],[9,-1],[-1,-7]],[[4311,1778],[-63,20],[-33,9],[-51,-32],[-16,-1],[-59,15],[-15,-1],[-50,-25],[-15,5],[-14,0],[-58,-6],[2,-10],[16,-6],[37,-6],[39,-3],[22,-6],[12,-12],[-8,-13],[-26,-15],[-9,-2]],[[3774,1932],[135,-63],[15,-3],[86,-6],[33,24],[30,11],[14,12],[4,8],[-3,14],[10,8],[16,3],[12,-9],[22,-7],[56,5],[4,-9],[-14,-30],[4,-12],[23,-7],[39,-3],[48,8],[20,5],[17,0],[-4,-13],[-12,-9],[-9,-13],[-29,-13],[27,-7],[5,-5],[28,-7],[11,-5],[4,-8],[-55,-23]],[[4044,1392],[76,-3],[30,9]],[[4814,1611],[7,-10],[14,-63],[-1,-6],[-19,-48],[-14,1],[1,14],[6,14],[-6,5],[-15,1],[-20,6]],[[4723,1568],[12,8],[-19,8],[19,6],[-11,5],[25,7],[16,9],[0,3],[-19,-1],[-41,-4]],[[4705,1609],[32,13],[19,13]],[[4756,1635],[23,5],[11,-1]],[[4790,1639],[5,-18],[19,-10]],[[4606,1570],[20,7],[34,15],[45,17]],[[4126,1537],[10,-4],[10,-27],[8,-5],[23,-6],[28,10],[-11,4],[36,13],[39,-5],[12,15],[31,-14],[18,-5],[13,-8],[6,-7],[20,9],[-4,7],[0,14],[5,5],[2,23],[-14,15],[21,7],[-36,13],[-39,8]],[[4304,1599],[-9,6],[-4,16],[-32,7],[71,26],[-3,2],[47,18],[-32,12]],[[4342,1686],[27,4],[17,0],[101,-8],[26,-5],[-27,-10],[55,-20]],[[5195,9996],[6,-9],[-4,-9],[-20,-8],[4,-8],[11,-2],[9,-13],[0,-7],[21,-3],[-23,-7],[-35,12],[-12,-1],[-12,10],[0,8],[-7,3],[-20,2],[6,20],[33,-5],[17,10],[-5,6],[25,4],[6,-3]],[[4462,1733],[-42,-16],[-62,-3],[-20,-2],[4,-26]],[[4342,1686],[-49,-6],[-68,-7],[-9,-3],[-134,3],[-74,1],[-16,-2]],[[4311,1778],[151,-45]],[[4462,1733],[88,-27]],[[4550,1706],[100,-31],[106,-40]],[[4304,1599],[-33,-7],[-56,-8],[-72,-5]],[[2548,1945],[6,-14],[-2,-7]],[[2552,1924],[-65,-28]],[[2552,1924],[10,-11],[26,-74],[4,-1]],[[1664,1708],[3,-6],[-16,-4],[-25,-1],[-17,-6],[1,-6],[-23,-5],[-20,2]],[[1567,1682],[-43,4],[-3,4],[-1,20],[-19,11],[-3,12],[-12,11],[-14,7],[-8,9],[-27,20],[-9,-11],[-45,6],[-37,2],[-3,-10],[-8,-5]],[[5752,2664],[-11,-4],[17,-5],[1,-4],[-27,-6],[-11,-5],[-5,-10],[-13,0],[-29,-19],[-16,4],[-9,-5],[-19,4],[9,6],[-7,1],[30,17],[11,0],[-25,8],[6,4],[-10,8],[26,0],[29,10],[18,-6],[34,12],[14,-3],[-13,-7]],[[1567,1682],[-9,-6],[-14,-19]],[[1544,1657],[-22,1],[-36,6],[-6,-13]],[[1480,1651],[-22,4],[-12,10]],[[1446,1665],[5,7],[31,17],[16,5],[2,10],[-5,5],[-36,5],[-12,5],[-20,19],[-16,1],[-34,-7],[-17,-2]],[[2995,1668],[-10,9]],[[2985,1677],[17,4],[37,1],[5,6],[-36,4],[14,13],[-13,1],[8,12]],[[1613,1612],[-21,-4],[-32,25],[3,10],[-30,6],[11,8]],[[1492,1547],[-28,-8],[-12,7],[-19,4],[14,5],[9,10],[-15,4],[38,16],[35,9],[22,4],[-14,9],[-18,3],[-16,6],[-11,0],[-5,6]],[[1472,1622],[9,15],[10,6],[-11,8]],[[1537,1518],[-20,-3],[-49,-11],[11,-6],[23,5],[24,-14],[-44,-9]],[[1482,1480],[-53,-10],[-30,13],[-20,-2],[-58,-11],[-17,11],[-16,-3],[10,-14],[0,-12],[-64,-10],[10,-5],[-48,-7],[-15,1]],[[1181,1431],[2,4],[19,2],[26,7],[-5,3],[23,3],[-8,8],[24,-1],[-1,7],[-12,16],[10,3]],[[1259,1483],[33,10],[74,40],[28,18]],[[1394,1551],[10,9],[21,14],[18,25],[13,6]],[[1456,1605],[16,17]],[[1482,1480],[21,-16],[25,6],[17,-10],[-6,-9],[-42,1],[-7,2],[-26,-8]],[[1464,1446],[-34,-16],[-29,-11],[-21,-6],[-17,10],[-49,-9],[3,-2],[-56,0],[-24,3],[-8,16],[-63,-6]],[[1166,1425],[-3,1]],[[1163,1426],[-10,3]],[[1153,1429],[16,3],[12,-1]],[[2985,1677],[-16,-4],[-33,1]],[[1488,1412],[-19,13],[20,4],[-25,17]],[[1153,1429],[-51,19],[-18,10]],[[1084,1458],[31,7],[37,13],[11,-5],[13,6],[2,10]],[[1178,1489],[21,-5],[10,8],[13,-6],[22,-4],[15,1]],[[1301,1385],[-25,1],[-66,8]],[[1210,1394],[-14,15],[-30,16]],[[4790,1639],[41,10],[61,11],[21,4],[75,36]],[[4988,1700],[18,-14],[16,-21],[-1,-10],[5,-11]],[[5026,1644],[-8,-18],[-7,-3],[-84,-6],[-113,-6]],[[4550,1706],[36,16],[14,2],[13,10],[11,3],[24,0],[15,10],[38,4],[34,2],[6,4],[21,-5],[-12,-9],[3,-12],[18,-12],[36,-8],[29,6],[30,3],[8,-1],[9,6],[72,-13],[33,-12]],[[4745,1430],[9,23],[-25,-1]],[[5026,1644],[4,-5],[22,-9],[17,-3],[120,-6],[24,-4],[24,-11],[9,-22],[-14,-11],[-13,-4],[-42,-8],[-32,-1],[-76,5],[-42,-5],[-16,-3],[-11,-6],[1,-9],[22,-5],[32,-2],[25,-4],[20,-14],[-6,-10],[-18,-6],[-36,0],[-32,-7],[-7,-6],[16,-15],[9,-3],[13,1],[42,-15],[14,-3],[-4,-14],[5,-5],[-11,-3],[-3,-15],[-17,-4],[-24,-3],[-34,-14]],[[4714,1352],[-127,6]],[[4587,1358],[2,6]],[[2682,1708],[-4,-2],[-50,5],[-17,4],[-10,6],[-8,13]],[[2276,2104],[57,17],[13,8],[6,11],[30,12],[46,12],[48,5]],[[2744,1697],[-27,-6],[-38,-5]],[[2132,2161],[-5,4],[41,8],[1,7],[23,4]],[[2192,2184],[12,-6],[19,8],[2,13],[32,13],[2,9],[-12,3],[8,4],[-35,20],[-30,19],[-48,1],[-7,5],[-22,-7],[-10,8],[-13,-2],[-14,12]],[[2076,2284],[84,-2]],[[2680,2184],[3,5],[31,-2],[7,9],[34,-1],[4,17],[14,11],[-9,5],[-20,2],[2,5],[52,-4],[7,10],[-7,6],[-12,1],[5,9],[-3,3],[-20,4]],[[2768,2264],[157,-2]],[[2768,2264],[-219,6]],[[2428,2274],[20,12],[7,1],[25,24],[74,-10],[6,0],[90,-14],[5,-17],[26,0],[13,5],[36,-1],[25,-2],[8,-6],[33,0],[6,4],[-1,16],[5,8],[14,0],[10,-11],[11,-1],[1,19],[55,0],[10,-8],[27,2],[35,-10],[20,1],[22,-3],[9,-3],[-2,7],[39,0],[6,6],[36,2],[-7,-11],[-26,-26],[-4,-7]],[[1247,1696],[-10,-5],[-16,-14],[66,-9],[-3,-6]],[[1284,1662],[-20,-27]],[[1264,1635],[-34,4],[-4,-6],[-65,6]],[[1161,1639],[-5,18]],[[1156,1657],[-20,26],[-21,37]],[[1446,1665],[-1,-7],[-37,-2],[-24,-8]],[[1384,1648],[-100,14]],[[1394,1551],[-17,6]],[[1231,1596],[22,15],[11,24]],[[1384,1648],[-3,-11],[-28,4],[1,-6],[-21,0],[-21,-5],[35,-7],[-22,-6],[55,-2],[15,3],[38,-2],[23,-11]],[[1146,1532],[-48,8]],[[1098,1540],[35,51],[21,28]],[[1154,1619],[7,20]],[[1178,1489],[12,8],[-22,9],[37,11]],[[1084,1458],[-11,14],[-2,8],[15,38],[10,18]],[[1096,1536],[2,4]],[[1154,1619],[-23,1],[-52,-2],[-53,6]],[[1026,1624],[-7,1]],[[1019,1625],[7,8],[2,16],[-54,-5],[-16,-4],[-41,-2],[-45,-4],[-19,-5],[-17,-1],[-13,4],[-5,-5],[-15,-4],[-4,8]],[[799,1631],[-8,5],[-16,-2],[-51,0],[-2,9]],[[722,1643],[-18,12],[25,5],[17,-1],[0,6],[31,0],[9,3],[21,0],[6,9],[28,-2],[33,7],[13,1],[53,-4]],[[940,1679],[18,-5],[38,2],[58,-4],[0,-3],[51,-5],[17,-10],[5,4],[11,-2],[18,1]],[[1096,1536],[-34,7],[-24,8]],[[1038,1551],[-3,10],[15,11],[1,6],[15,14],[-10,1],[-27,-4],[-44,3],[4,14],[8,4],[33,-5],[-4,19]],[[1038,1551],[-37,1]],[[877,1552],[-13,15],[-13,7],[-16,4]],[[835,1578],[30,20],[7,11],[93,16],[25,1],[29,-1]],[[835,1578],[-9,1],[-46,-11],[-4,-11],[-21,-7],[-5,-9],[-14,-8],[-14,6],[-13,-1]],[[709,1538],[-10,11],[17,5],[24,16],[-4,5],[26,3],[3,7],[-33,2],[5,15],[-8,7],[3,10],[67,12]],[[780,1480],[-52,5],[-32,7],[-7,5],[-42,15]],[[647,1512],[-11,3],[9,2],[-2,9],[-25,3],[2,9],[-4,6],[19,0],[15,-2],[22,1],[37,-5]],[[1084,1458],[-17,3],[-52,2],[-18,-2],[-33,3],[-15,-3]],[[949,1461],[-15,3],[-3,9]],[[1163,1426],[-40,-1],[-41,10],[-38,6],[-30,-8],[-27,-4],[-34,-3],[-21,-6],[-38,-6],[-7,6],[3,9],[-4,11],[10,10]],[[896,1450],[40,6],[13,5]],[[896,1450],[-15,4],[-17,-13],[-44,-19],[-58,20],[-18,13],[1,9],[-34,0],[-11,-11],[2,-8],[-16,0],[-14,6],[-18,3],[-21,6],[-5,-4],[-28,3],[3,9],[-8,3],[13,8],[-19,4],[39,15],[5,-2],[13,6],[-10,6],[11,4]],[[722,1643],[-93,21],[6,4],[25,-1],[2,2],[44,0],[0,8],[6,10],[40,4],[45,7],[12,-12],[0,-8],[37,11],[53,12],[23,3],[18,-25]],[[1207,1363],[6,16],[-3,15]],[[1927,2153],[-11,10],[1,17],[-5,10],[21,6],[2,8],[-8,14],[16,6],[50,-3],[4,7],[13,0],[61,22]],[[2071,2250],[30,11],[29,-15]],[[2130,2246],[-33,-23],[-21,-5],[-44,-15],[-37,-10],[-13,-11],[66,-4],[-3,-10],[15,-1],[0,-7]],[[2130,2246],[16,-9],[11,-13],[19,-28],[16,-12]],[[2071,2250],[-27,21],[-15,14],[47,-1]],[[6607,7062],[-3,-18],[-9,-34],[32,-4]],[[6627,7006],[-6,-4],[-63,4],[-1,-4]],[[6557,7002],[-4,0]],[[6553,7002],[-20,1],[0,3],[-27,0],[-1,9],[-34,2],[-2,8],[-44,4],[-25,4],[2,2],[22,-2],[4,3],[36,-3],[22,1],[-1,6],[37,0],[17,8],[-6,7],[-27,10],[-25,7],[2,6],[20,3],[4,-3],[48,7],[11,30],[11,-1],[-9,-30],[-2,-20],[41,-2]],[[6607,7062],[11,7],[25,2],[2,-9],[63,10],[25,-28],[-65,-6],[1,-13],[-36,2],[-3,-10],[4,-6],[52,-3],[21,7],[17,-17],[34,-3],[-6,-9],[-30,5],[-64,5],[3,7],[-34,3]],[[6852,6990],[-1,-5],[-30,4],[-14,-7],[26,-8],[-10,-4],[-31,8],[-7,-3],[-5,18],[-11,1],[14,10],[26,10],[13,0],[30,-12],[5,-7],[-5,-5]],[[6557,7002],[0,-4],[46,0],[17,1],[4,-12],[11,0],[27,6],[14,-8],[-41,-13],[8,0],[4,-13],[8,-3],[-4,-9],[-9,0]],[[6642,6947],[-92,2],[4,33],[-26,1],[-37,3],[-17,-6]],[[6474,6980],[-20,9],[9,5],[25,5],[28,-2],[29,1],[8,4]],[[6642,6947],[7,-13],[38,-2],[5,-19],[-15,-3],[-36,0],[1,7],[-37,0],[-6,-9],[-20,1],[-9,-7],[34,-6],[-41,-10],[-7,1],[-7,-17],[-9,0],[0,8],[-49,0],[-7,-5],[-9,0],[-4,7],[12,8],[16,-1],[-11,9],[55,4],[3,24],[-39,5],[-34,-2],[-36,1],[-4,6],[52,19],[15,0],[12,10],[17,0],[8,3],[3,12],[-48,5],[-18,-3]],[[4212,9070],[34,-1],[26,-4],[3,4],[16,-1],[-10,-10],[9,-7],[-3,-9],[70,-7],[-10,-7],[-36,3],[0,1],[-39,3],[2,3],[-20,0],[-7,3],[-60,5],[-16,0],[-7,4],[-18,-1],[-16,7],[7,5],[16,-3],[3,3],[22,-2],[16,11],[18,0]],[[3523,6326],[-5,-19],[29,-10],[-16,-31]],[[3531,6266],[-65,-7],[-14,15],[-30,-3],[-44,53],[-37,-1],[-3,7],[-13,1],[-3,9],[25,4],[176,-18]],[[3523,6326],[20,-1],[94,13],[13,5],[-5,5],[11,0],[26,5],[-18,19],[50,2],[0,-14],[-23,-6],[23,-26],[7,1],[2,-9],[17,-17],[-16,-2],[10,-13],[-53,-6],[-2,2],[-29,-4],[-119,-14]],[[3114,2955],[11,-7],[10,-13],[14,-9],[-1,-6],[-12,-1],[12,-14],[-11,-1],[4,-4],[20,0],[11,-9],[-11,-5],[10,-13],[17,-12],[-15,-2],[4,-4],[-91,-17],[0,9],[19,3],[-9,7],[18,-2],[0,8],[-17,6],[-18,2],[9,17],[-41,-2],[-34,2],[31,19],[18,-1],[29,-4],[-11,3],[-4,15],[-33,0],[-5,35],[46,-1],[0,2],[30,-1]],[[9801,3550],[-1,-2],[49,-15],[-18,-5],[-9,3],[-9,-4],[-11,4],[8,3],[-43,5],[-6,-2],[-15,4],[12,3],[-14,5],[6,2],[23,-5],[19,6],[9,-2]],[[9985,3496],[1,-7],[13,-9],[-19,-2],[-17,11],[22,7]],[[9957,3506],[13,-3],[-8,-2],[-5,5]],[[9876,3524],[23,-5],[33,-3],[-2,-5],[-36,3],[-31,11],[13,-1]],[[7643,4157],[-20,-11],[-8,-7],[-10,-16],[-1,-21],[-4,-7],[-11,-1],[3,-15],[-16,-2],[1,-16],[10,-2],[-29,-1],[-1,9],[-29,0],[0,-6],[-17,2],[-3,17],[-22,-1],[0,13],[-23,0],[-1,8],[-21,2],[0,6],[21,3],[-3,4],[26,2],[2,30],[12,10],[26,7],[145,22],[51,7],[7,-3],[-20,-11],[-20,-9],[-45,-13]],[[8519,3838],[-3,-8],[40,1],[9,-8],[-19,1],[-17,-5],[11,-3],[-18,-9],[-20,7],[-5,-9],[-22,-13],[-39,-9],[-6,3],[32,7],[-5,8],[26,11],[12,10],[15,7],[9,9]],[[5841,5938],[-13,-12],[5,-1],[-10,-10],[16,-3],[-19,-10],[-26,5],[1,-7],[27,-6],[-5,-5],[-36,9],[-19,-13],[-13,-5],[-7,2],[21,12],[-1,3],[20,17],[-16,3],[8,6],[-30,4],[-6,15],[5,1],[13,-11],[35,-7],[13,11],[8,-1],[9,10],[-3,6],[7,4],[15,-6],[-6,-5],[12,-2],[-5,-4]],[[5720,5871],[11,3],[12,-4],[-17,-6],[-30,-7],[-8,4],[-51,-7],[-10,2],[-115,-13],[-6,3],[86,8],[-1,10],[32,3],[13,-3],[3,-5],[43,6],[27,9],[11,-3]],[[5888,5883],[16,-1],[65,-29],[-6,-2],[-44,19],[-18,-5],[-14,7],[17,4],[-28,7],[12,0]],[[2977,6277],[3,-2],[24,5],[13,-6],[-48,-12],[-48,32],[22,5],[34,-22]],[[5210,5773],[8,-5],[-28,-8],[-21,-5],[-9,4],[-27,-11],[-93,-48],[-74,-39],[-15,-9],[-24,-19],[-64,-52],[13,-2],[-8,-6],[-13,1],[-32,-21],[-16,-5],[-7,2],[30,12],[15,11],[11,12],[18,14],[10,13],[6,12],[8,6],[1,13],[15,11],[11,12],[62,35],[34,18],[-14,4],[18,10],[-35,8],[-21,-13],[-14,1],[41,29],[-30,3],[-11,9],[45,15]],[[5000,5785],[143,-11],[47,-5],[20,4]],[[6587,6715],[32,-3],[2,-10],[18,-5],[4,-10],[2,-22],[-3,-8],[16,-1],[-5,-4],[-27,-1],[9,-10],[32,0],[10,-3],[7,4],[26,3],[4,3],[34,2],[10,-5],[-5,-5],[-28,-6],[-13,5],[-3,-4],[-15,4],[-22,-3],[-2,-5],[-22,-1],[4,-17],[-11,-9],[11,-8],[7,-14],[15,0],[-8,-10],[-34,-9],[-14,-2],[-3,-12],[-39,1],[1,7],[14,0],[3,14],[-4,9],[6,3],[10,16],[-19,-1],[-9,2],[-14,-6],[-35,8],[17,11],[33,-5],[13,1],[2,8],[-10,-1],[-13,6],[25,0],[0,10],[-15,3],[36,3],[-2,14],[-19,0],[-5,3],[10,15],[12,2],[-1,9],[-39,3],[20,7],[2,12],[-39,1],[0,12],[31,-1]],[[6617,6731],[-10,-3],[-20,-1],[8,7],[-3,9],[-8,6],[18,0],[-1,12],[8,0],[8,-30]],[[3886,8344],[17,-2],[-1,-3],[54,-7],[8,-5],[4,-10],[22,-9],[-21,-6],[-30,11],[-38,1],[10,-7],[-1,-7],[-33,1],[9,8],[-34,3],[7,10],[-10,3],[29,-2],[5,6],[13,0],[-3,7],[-23,1],[7,8],[9,-1]],[[8720,6386],[32,-5],[42,8],[5,5],[-10,11],[21,0],[4,-12],[49,0],[6,6],[10,-8],[-19,-3],[-12,-39],[12,-7],[-14,-2],[-3,4],[-20,5],[-30,-5],[-43,8],[18,10],[1,5],[-10,7],[-28,0],[-7,-7],[-30,12],[14,0],[-3,5],[-37,4],[0,22],[49,-5],[3,-19]],[[4394,5905],[-90,8],[-12,-16],[-17,-4]],[[4275,5893],[-13,9],[2,18],[30,9],[2,5],[-14,15]],[[4454,5972],[-33,-48],[-11,-14],[-16,-5]],[[4394,5905],[-18,-26],[2,-13],[-29,-12],[-27,3],[-1,-6],[-20,0],[0,-5],[-16,0],[5,-5],[-20,-2],[-7,-6],[-38,-2],[-17,-3],[-38,-5],[-3,-4],[-27,3],[-6,9],[5,4],[17,2],[-7,6],[36,6],[0,14],[21,-2],[3,4],[66,28]],[[4484,5873],[22,-27],[8,0],[-3,-10],[-11,1],[-6,-7],[-105,15],[-15,3],[15,10],[27,1],[15,3],[49,14],[4,-3]],[[3965,9068],[5,-11],[37,-4],[13,3],[2,6],[20,1],[0,-6],[11,-5],[-15,-1],[-10,-4],[-30,-8],[11,-6],[-9,-1],[-46,23],[-20,7],[4,6],[27,0]],[[3883,9065],[-16,5],[17,6],[15,-6],[-16,-5]],[[161,528],[-20,-2],[-7,5],[-53,-4],[-71,-8],[-7,1],[46,11],[-9,4],[26,3],[-31,21],[16,5],[26,4],[24,7],[21,12],[24,6],[12,0],[14,-6]],[[172,587],[-67,-20],[47,-29],[9,-10]],[[172,587],[22,-14],[42,-13],[7,-4],[30,-10],[22,-5],[34,-1],[45,7],[12,9],[31,5],[-12,7],[18,3],[11,-6],[39,4],[11,-2],[-22,-11],[-45,-17],[7,-6],[-16,-6],[-32,8],[-76,-6],[3,-14],[-16,-1],[-2,6],[-9,2],[-25,-1],[-56,5],[-26,-2],[-8,4]],[[3967,4360],[-13,-13],[11,-15],[-8,-1],[-31,4],[1,2],[-20,1],[-20,7],[-1,9],[36,5],[22,-3],[12,6],[11,-2]],[[5281,5788],[7,-5],[-26,-5],[-7,5],[-45,-10]],[[5000,5785],[-18,1],[6,7],[14,-1],[15,3],[12,22],[17,6],[14,0],[3,12],[8,5]],[[5071,5840],[29,-10],[58,-10],[30,-11],[23,-6],[44,-9],[19,-7],[7,1]],[[5071,5840],[5,3],[24,-5],[86,-17],[81,-23],[24,-7],[-10,-3]],[[2296,7276],[4,-4],[-10,-8],[-7,1],[-7,-9],[-56,4],[-38,6],[9,8],[9,0],[24,28],[23,-3],[21,-13],[7,-8],[21,-2]],[[8181,4330],[23,-5],[38,-13],[-4,-2],[14,-11],[46,-1],[5,-2],[-36,-18],[-29,23],[-9,-1],[-11,7],[-30,11],[-12,3],[-13,-4],[-19,5],[14,10],[23,-2]],[[3881,3866],[13,-1],[-1,-4],[31,-5],[-16,-22],[-10,-34],[-29,1],[-22,15],[16,21],[-3,9],[6,13],[-18,6],[6,2],[27,-1]],[[2649,6216],[11,1],[48,14],[6,-1],[36,-29],[-66,-11],[-8,6],[-41,-6],[-5,3],[-31,-10],[-37,-4],[-24,6],[-18,9],[-12,-3],[-45,19],[41,10],[26,-8],[27,22],[92,-18]],[[4641,9042],[5,-4],[-19,-3],[-5,-14],[40,-4],[-4,-10],[44,-4],[13,6],[33,0],[3,-5],[26,-4],[-5,-6],[-32,5],[-19,-11],[-23,2],[12,13],[-19,-5],[-20,2],[-5,-4],[-30,3],[1,3],[-24,2],[-60,7],[2,2],[-44,5],[-18,4],[22,-1],[4,5],[16,-3],[3,4],[31,12],[20,-1],[1,3],[21,0],[0,-3],[30,4]],[[4564,1298],[23,60]],[[4821,1340],[-13,-20]],[[5007,1395],[13,-10],[28,3],[14,-4],[17,-12],[11,-22],[26,1],[-5,-15],[2,-19],[-28,-3],[3,-9],[-38,-8],[12,-7],[22,-18],[11,-19],[-60,-2],[-5,3],[-31,-3],[5,-15]],[[1388,1029],[14,14],[27,10],[-5,11],[9,17],[-8,7],[19,10],[-9,12],[2,3]],[[3853,991],[-36,1],[-12,9],[-29,5],[-26,1],[5,8],[27,-1],[4,6],[13,5],[-16,2],[-37,-6],[-59,-10],[-28,-9],[-20,-17],[-43,-23],[-111,-59],[-24,-10],[-19,-4],[-64,-13],[-7,3],[-43,8],[-60,7]]]}
