{"type":"Topology","bbox":[-73.17219655606317,7.070500522532281,-73.09188857620643,7.208856426458774],"transform":{"scale":[0.000008031601145788677,0.00001383697409005835],"translate":[-73.17219655606317,7.070500522532281]},"objects":{"municipios":{"type":"GeometryCollection","geometries":[{"type":"Polygon","arcs":[[0,1,2,3,4]],"properties":{"codigo":"68001100000000042103","sector":"680011000000000421","pcode":"CO68001","area_m2":61910}},{"type":"Polygon","arcs":[[5,6,7,8,9,-2]],"properties":{"codigo":"68001100000000042104","sector":"680011000000000421","pcode":"CO68001","area_m2":90435}},{"type":"Polygon","arcs":[[10,11,12,13,14]],"properties":{"codigo":"68001100000000131503","sector":"680011000000001315","pcode":"CO68001","area_m2":80549}},{"type":"Polygon","arcs":[[15,16,-6,-1,17]],"properties":{"codigo":"68001100000000042105","sector":"680011000000000421","pcode":"CO68001","area_m2":71132}},{"type":"Polygon","arcs":[[18,19,20,21]],"properties":{"codigo":"68001100000000131602","sector":"680011000000001316","pcode":"CO68001","area_m2":83343}},{"type":"Polygon","arcs":[[22,23,24,25,26]],"properties":{"codigo":"68001100000000131701","sector":"680011000000001317","pcode":"CO68001","area_m2":58893}},{"type":"Polygon","arcs":[[-20,27,28,29,30,-23]],"properties":{"codigo":"68001100000000131702","sector":"680011000000001317","pcode":"CO68001","area_m2":71131}},{"type":"Polygon","arcs":[[31,32,33,34,35,36,37,-29,38]],"properties":{"codigo":"68001100000000131901","sector":"680011000000001319","pcode":"CO68001","area_m2":107170}},{"type":"Polygon","arcs":[[39,40,41,42,43]],"properties":{"codigo":"68001100000000027804","sector":"680011000000000278","pcode":"CO68001","area_m2":13603}},{"type":"Polygon","arcs":[[44,45,46,47]],"properties":{"codigo":"68001100000000042303","sector":"680011000000000423","pcode":"CO68001","area_m2":67619}},{"type":"Polygon","arcs":[[48,49,-4,50,51,52,53]],"properties":{"codigo":"68001100000000032005","sector":"680011000000000320","pcode":"CO68001","area_m2":99488}},{"type":"Polygon","arcs":[[54,55,-18,-5,-50,56]],"properties":{"codigo":"68001100000000033101","sector":"680011000000000331","pcode":"CO68001","area_m2":96216}},{"type":"Polygon","arcs":[[57,58,59,60]],"properties":{"codigo":"68001100000000075403","sector":"680011000000000754","pcode":"CO68001","area_m2":43393}},{"type":"Polygon","arcs":[[61,62,63,64,65]],"properties":{"codigo":"68001100000000123802","sector":"680011000000001238","pcode":"CO68001","area_m2":106004}},{"type":"Polygon","arcs":[[66,67,68]],"properties":{"codigo":"68001100000000131202","sector":"680011000000001312","pcode":"CO68001","area_m2":54192}},{"type":"Polygon","arcs":[[69,70,71,72,73,74,75]],"properties":{"codigo":"68001100000000133005","sector":"680011000000001330","pcode":"CO68001","area_m2":88218}},{"type":"Polygon","arcs":[[76,77,78,79,80]],"properties":{"codigo":"68001100000000052902","sector":"680011000000000529","pcode":"CO68001","area_m2":87103}},{"type":"Polygon","arcs":[[81,82,83,-62,84]],"properties":{"codigo":"68001100000000123803","sector":"680011000000001238","pcode":"CO68001","area_m2":99315}},{"type":"Polygon","arcs":[[85,86,87,88]],"properties":{"codigo":"68001100000000123804","sector":"680011000000001238","pcode":"CO68001","area_m2":68419}},{"type":"Polygon","arcs":[[-74,89,90,91,-78,92]],"properties":{"codigo":"68001100000000052903","sector":"680011000000000529","pcode":"CO68001","area_m2":82827}},{"type":"Polygon","arcs":[[93,94,95,-90,-73]],"properties":{"codigo":"68001100000000052904","sector":"680011000000000529","pcode":"CO68001","area_m2":80325}},{"type":"Polygon","arcs":[[96,97,-94,-72]],"properties":{"codigo":"68001100000000052905","sector":"680011000000000529","pcode":"CO68001","area_m2":53669}},{"type":"Polygon","arcs":[[98,99,100,101]],"properties":{"codigo":"68001100000000123806","sector":"680011000000001238","pcode":"CO68001","area_m2":130955}},{"type":"Polygon","arcs":[[102,103,104,105,106]],"properties":{"codigo":"68001100000000010201","sector":"680011000000000102","pcode":"CO68001","area_m2":59333}},{"type":"Polygon","arcs":[[107,108]],"properties":{"codigo":"68001100000000020306","sector":"680011000000000203","pcode":"CO68001","area_m2":11684}},{"type":"Polygon","arcs":[[-43,109,110,111]],"properties":{"codigo":"68001100000000027803","sector":"680011000000000278","pcode":"CO68001","area_m2":15143}},{"type":"Polygon","arcs":[[112,113,114,115,-111]],"properties":{"codigo":"68001100000000027805","sector":"680011000000000278","pcode":"CO68001","area_m2":11442}},{"type":"Polygon","arcs":[[-26,116,117,118,119,120,121]],"properties":{"codigo":"68001100000000030702","sector":"680011000000000307","pcode":"CO68001","area_m2":108995}},{"type":"Polygon","arcs":[[122,123,124,-115]],"properties":{"codigo":"68001100000000027806","sector":"680011000000000278","pcode":"CO68001","area_m2":11819}},{"type":"Polygon","arcs":[[125,-122,126,127]],"properties":{"codigo":"68001100000000030703","sector":"680011000000000307","pcode":"CO68001","area_m2":90340}},{"type":"Polygon","arcs":[[128,129,-128,130,131]],"properties":{"codigo":"68001100000000030704","sector":"680011000000000307","pcode":"CO68001","area_m2":89860}},{"type":"Polygon","arcs":[[132,133,-129,134,135]],"properties":{"codigo":"68001100000000030705","sector":"680011000000000307","pcode":"CO68001","area_m2":72218}},{"type":"Polygon","arcs":[[136,137,138]],"properties":{"codigo":"68001100000000030803","sector":"680011000000000308","pcode":"CO68001","area_m2":57356}},{"type":"Polygon","arcs":[[139,140,141,-35,142,143]],"properties":{"codigo":"68001100000000032001","sector":"680011000000000320","pcode":"CO68001","area_m2":71892}},{"type":"Polygon","arcs":[[144,145,146,-144,147,-12]],"properties":{"codigo":"68001100000000032002","sector":"680011000000000320","pcode":"CO68001","area_m2":90881}},{"type":"Polygon","arcs":[[148,149,150,151,-105,152]],"properties":{"codigo":"68001100000000010202","sector":"680011000000000102","pcode":"CO68001","area_m2":88844}},{"type":"Polygon","arcs":[[153,154,155,156,157,158]],"properties":{"codigo":"68001100000000028001","sector":"680011000000000280","pcode":"CO68001","area_m2":32524}},{"type":"Polygon","arcs":[[159,160,-150]],"properties":{"codigo":"68001100000000010203","sector":"680011000000000102","pcode":"CO68001","area_m2":55917}},{"type":"Polygon","arcs":[[161,162,-39,-28,-19,163,164]],"properties":{"codigo":"68001100000000131902","sector":"680011000000001319","pcode":"CO68001","area_m2":83531}},{"type":"Polygon","arcs":[[165,-32,-163,166]],"properties":{"codigo":"68001100000000131903","sector":"680011000000001319","pcode":"CO68001","area_m2":82793}},{"type":"Polygon","arcs":[[167,-53,168,-140,-147]],"properties":{"codigo":"68001100000000032003","sector":"680011000000000320","pcode":"CO68001","area_m2":79898}},{"type":"Polygon","arcs":[[169,170,-41,171,172]],"properties":{"codigo":"68001100000000020304","sector":"680011000000000203","pcode":"CO68001","area_m2":24935}},{"type":"Polygon","arcs":[[173,174,-54,-168,-146,175]],"properties":{"codigo":"68001100000000032004","sector":"680011000000000320","pcode":"CO68001","area_m2":93764}},{"type":"Polygon","arcs":[[176,-173,177,178,-156]],"properties":{"codigo":"68001100000000020305","sector":"680011000000000203","pcode":"CO68001","area_m2":37075}},{"type":"Polygon","arcs":[[179,180,181,182,183,184]],"properties":{"codigo":"68001100000000065803","sector":"680011000000000658","pcode":"CO68001","area_m2":114257}},{"type":"Polygon","arcs":[[185,186,187,188,189]],"properties":{"codigo":"68001100000000010204","sector":"680011000000000102","pcode":"CO68001","area_m2":42020}},{"type":"Polygon","arcs":[[-107,190,191]],"properties":{"codigo":"68001100000000010205","sector":"680011000000000102","pcode":"CO68001","area_m2":34943}},{"type":"Polygon","arcs":[[192,193,194,195,196]],"properties":{"codigo":"68001100000000010101","sector":"680011000000000101","pcode":"CO68001","area_m2":77884}},{"type":"Polygon","arcs":[[197,-153,-104,198,-196]],"properties":{"codigo":"68001100000000010102","sector":"680011000000000101","pcode":"CO68001","area_m2":39693}},{"type":"Polygon","arcs":[[199,200,201,202,-193,203,204]],"properties":{"codigo":"68001100000000010103","sector":"680011000000000101","pcode":"CO68001","area_m2":122305}},{"type":"Polygon","arcs":[[205,206,207,-194,-203]],"properties":{"codigo":"68001100000000010104","sector":"680011000000000101","pcode":"CO68001","area_m2":82902}},{"type":"Polygon","arcs":[[208,209,210,-206,-202]],"properties":{"codigo":"68001100000000019003","sector":"680011000000000190","pcode":"CO68001","area_m2":84282}},{"type":"Polygon","arcs":[[211,212,-181]],"properties":{"codigo":"68001100000000065804","sector":"680011000000000658","pcode":"CO68001","area_m2":66307}},{"type":"Polygon","arcs":[[213,214,-75,-93,-77,215,216]],"properties":{"codigo":"68001100000000133006","sector":"680011000000001330","pcode":"CO68001","area_m2":116999}},{"type":"Polygon","arcs":[[-191,-106,-152,217,-190,218,219,220,221]],"properties":{"codigo":"68001100000000010206","sector":"680011000000000102","pcode":"CO68001","area_m2":277812}},{"type":"Polygon","arcs":[[-161,222,-186,-218,-151]],"properties":{"codigo":"68001100000000010207","sector":"680011000000000102","pcode":"CO68001","area_m2":37787}},{"type":"Polygon","arcs":[[223,224,225,-220]],"properties":{"codigo":"68001100000000010208","sector":"680011000000000102","pcode":"CO68001","area_m2":76109}},{"type":"Polygon","arcs":[[226,227,228,229,-207,-211,230]],"properties":{"codigo":"68001100000000019002","sector":"680011000000000190","pcode":"CO68001","area_m2":120198}},{"type":"Polygon","arcs":[[-219,-189,231,232,233,234,-224]],"properties":{"codigo":"68001100000000010209","sector":"680011000000000102","pcode":"CO68001","area_m2":320857}},{"type":"Polygon","arcs":[[235,236,237,238]],"properties":{"codigo":"68001100000000018802","sector":"680011000000000188","pcode":"CO68001","area_m2":103548}},{"type":"Polygon","arcs":[[239,240,-113,-110,-42,-171]],"properties":{"codigo":"68001100000000020303","sector":"680011000000000203","pcode":"CO68001","area_m2":13847}},{"type":"Polygon","arcs":[[241,242,-187,-223,-160,-149,-198,-195,-208,-230,243]],"properties":{"codigo":"68001100000000019001","sector":"680011000000000190","pcode":"CO68001","area_m2":198593}},{"type":"Polygon","arcs":[[-57,-49,-175,244,245]],"properties":{"codigo":"68001100000000033102","sector":"680011000000000331","pcode":"CO68001","area_m2":79365}},{"type":"Polygon","arcs":[[246,247,248,-7,-17,249]],"properties":{"codigo":"68001100000000042106","sector":"680011000000000421","pcode":"CO68001","area_m2":84447}},{"type":"Polygon","arcs":[[250,251,252,-59]],"properties":{"codigo":"68001100000000075402","sector":"680011000000000754","pcode":"CO68001","area_m2":84085}},{"type":"Polygon","arcs":[[-188,-243,253,254,255,256,-232]],"properties":{"codigo":"68001100000000019004","sector":"680011000000000190","pcode":"CO68001","area_m2":291290}},{"type":"Polygon","arcs":[[-124,257,-240,-170,258,259,260,261,262,-109,263,264]],"properties":{"codigo":"68001100000000020301","sector":"680011000000000203","pcode":"CO68001","area_m2":82868}},{"type":"Polygon","arcs":[[-114,-241,-258,-123]],"properties":{"codigo":"68001100000000020302","sector":"680011000000000203","pcode":"CO68001","area_m2":15880}},{"type":"Polygon","arcs":[[265,266,267,268,269]],"properties":{"codigo":"68001100000000052701","sector":"680011000000000527","pcode":"CO68001","area_m2":102344}},{"type":"Polygon","arcs":[[270,271,272,-254]],"properties":{"codigo":"68001100000000027701","sector":"680011000000000277","pcode":"CO68001","area_m2":100644}},{"type":"Polygon","arcs":[[-264,-108,-263,-271,-242,273]],"properties":{"codigo":"68001100000000027702","sector":"680011000000000277","pcode":"CO68001","area_m2":49982}},{"type":"Polygon","arcs":[[274,275,-178,-172,-40,276,277]],"properties":{"codigo":"68001100000000027801","sector":"680011000000000278","pcode":"CO68001","area_m2":32258}},{"type":"Polygon","arcs":[[-179,-276,-157]],"properties":{"codigo":"68001100000000027802","sector":"680011000000000278","pcode":"CO68001","area_m2":10181}},{"type":"Polygon","arcs":[[278,279,280,-278,281]],"properties":{"codigo":"68001100000000028003","sector":"680011000000000280","pcode":"CO68001","area_m2":26439}},{"type":"Polygon","arcs":[[282,283]],"properties":{"codigo":"68001100000000052704","sector":"680011000000000527","pcode":"CO68001","area_m2":41948}},{"type":"Polygon","arcs":[[284,285,286,287,-282,-277,-44,-112,-116,-125,-265,-274,-244,-229]],"properties":{"codigo":"68001100000000028004","sector":"680011000000000280","pcode":"CO68001","area_m2":166446}},{"type":"Polygon","arcs":[[-280,288,289]],"properties":{"codigo":"68001100000000028005","sector":"680011000000000280","pcode":"CO68001","area_m2":13899}},{"type":"Polygon","arcs":[[-158,-275,-281,-290,290,291]],"properties":{"codigo":"68001100000000028006","sector":"680011000000000280","pcode":"CO68001","area_m2":26322}},{"type":"Polygon","arcs":[[-291,-289,-279,-288,292]],"properties":{"codigo":"68001100000000028007","sector":"680011000000000280","pcode":"CO68001","area_m2":36769}},{"type":"Polygon","arcs":[[293,294,-285,-228,295]],"properties":{"codigo":"68001100000000028009","sector":"680011000000000280","pcode":"CO68001","area_m2":19828}},{"type":"Polygon","arcs":[[296,-80,297,298,-247,299]],"properties":{"codigo":"68001100000000052901","sector":"680011000000000529","pcode":"CO68001","area_m2":79747}},{"type":"Polygon","arcs":[[300,301,302,303,-209,-201,304]],"properties":{"codigo":"68001100000000028501","sector":"680011000000000285","pcode":"CO68001","area_m2":97993}},{"type":"Polygon","arcs":[[-303,305,-296,-227,306]],"properties":{"codigo":"68001100000000028502","sector":"680011000000000285","pcode":"CO68001","area_m2":46754}},{"type":"Polygon","arcs":[[-307,-231,-210,-304]],"properties":{"codigo":"68001100000000028503","sector":"680011000000000285","pcode":"CO68001","area_m2":41416}},{"type":"Polygon","arcs":[[-131,-127,-121,307,-260,308]],"properties":{"codigo":"68001100000000039101","sector":"680011000000000391","pcode":"CO68001","area_m2":44601}},{"type":"Polygon","arcs":[[309,310,311,312,313,314,315]],"properties":{"codigo":"68001100000000074203","sector":"680011000000000742","pcode":"CO68001","area_m2":203371}},{"type":"Polygon","arcs":[[-91,-96,316,317,318]],"properties":{"codigo":"68001100000000052802","sector":"680011000000000528","pcode":"CO68001","area_m2":72405}},{"type":"Polygon","arcs":[[319,320,321,-154,322,323,-301,324]],"properties":{"codigo":"68001100000000028505","sector":"680011000000000285","pcode":"CO68001","area_m2":251259}},{"type":"Polygon","arcs":[[325]],"properties":{"codigo":"68001100000000028507","sector":"680011000000000285","pcode":"CO68001","area_m2":34094}},{"type":"Polygon","arcs":[[-262,326,327,328,-272]],"properties":{"codigo":"68001100000000030402","sector":"680011000000000304","pcode":"CO68001","area_m2":52813}},{"type":"Polygon","arcs":[[329,330,331,332,-328,333]],"properties":{"codigo":"68001100000000030501","sector":"680011000000000305","pcode":"CO68001","area_m2":48169}},{"type":"Polygon","arcs":[[-308,-120,334,335,-334,-327,-261]],"properties":{"codigo":"68001100000000030601","sector":"680011000000000306","pcode":"CO68001","area_m2":64187}},{"type":"Polygon","arcs":[[-118,336,-330,-336,337]],"properties":{"codigo":"68001100000000030602","sector":"680011000000000306","pcode":"CO68001","area_m2":70762}},{"type":"Polygon","arcs":[[-338,-335,-119]],"properties":{"codigo":"68001100000000030701","sector":"680011000000000307","pcode":"CO68001","area_m2":52048}},{"type":"Polygon","arcs":[[-38,338,339,-30]],"properties":{"codigo":"68001100000000041802","sector":"680011000000000418","pcode":"CO68001","area_m2":82656}},{"type":"Polygon","arcs":[[-169,-52,340,341,342,-141]],"properties":{"codigo":"68001100000000042101","sector":"680011000000000421","pcode":"CO68001","area_m2":83000}},{"type":"Polygon","arcs":[[343,344,-339,-37]],"properties":{"codigo":"68001100000000041803","sector":"680011000000000418","pcode":"CO68001","area_m2":93834}},{"type":"Polygon","arcs":[[-3,-10,345,346,-341,-51]],"properties":{"codigo":"68001100000000042102","sector":"680011000000000421","pcode":"CO68001","area_m2":82400}},{"type":"Polygon","arcs":[[-249,347,-48,348,349,-8]],"properties":{"codigo":"68001100000000042302","sector":"680011000000000423","pcode":"CO68001","area_m2":98751}},{"type":"Polygon","arcs":[[350,351,352]],"properties":{"codigo":"68001100000000065002","sector":"680011000000000650","pcode":"CO68001","area_m2":99172}},{"type":"Polygon","arcs":[[353,354,355,356,357,358,359]],"properties":{"codigo":"68001100000000074202","sector":"680011000000000742","pcode":"CO68001","area_m2":101978}},{"type":"Polygon","arcs":[[360,361]],"properties":{"codigo":"68001100000000047101","sector":"680011000000000471","pcode":"CO68001","area_m2":19144}},{"type":"Polygon","arcs":[[362,-359,363,364]],"properties":{"codigo":"68001100000000074201","sector":"680011000000000742","pcode":"CO68001","area_m2":123949}},{"type":"Polygon","arcs":[[365,366,367]],"properties":{"codigo":"68001100000000052603","sector":"680011000000000526","pcode":"CO68001","area_m2":49396}},{"type":"Polygon","arcs":[[-183,368,369]],"properties":{"codigo":"68001100000000065802","sector":"680011000000000658","pcode":"CO68001","area_m2":67648}},{"type":"Polygon","arcs":[[370,371,372,373]],"properties":{"codigo":"68001100000000056701","sector":"680011000000000567","pcode":"CO68001","area_m2":115644}},{"type":"Polygon","arcs":[[374,375,376,377,378,379]],"properties":{"codigo":"68001100000000063602","sector":"680011000000000636","pcode":"CO68001","area_m2":86758}},{"type":"Polygon","arcs":[[380,381,-377,382]],"properties":{"codigo":"68001100000000063603","sector":"680011000000000636","pcode":"CO68001","area_m2":73632}},{"type":"Polygon","arcs":[[383,384,385,386,387,-383,-376]],"properties":{"codigo":"68001100000000063604","sector":"680011000000000636","pcode":"CO68001","area_m2":92494}},{"type":"Polygon","arcs":[[388,389,390,-386,391]],"properties":{"codigo":"68001100000000063605","sector":"680011000000000636","pcode":"CO68001","area_m2":73804}},{"type":"Polygon","arcs":[[-391,392,393,394,395,-387]],"properties":{"codigo":"68001100000000063606","sector":"680011000000000636","pcode":"CO68001","area_m2":85498}},{"type":"Polygon","arcs":[[396,-311,397,-393,-390,398,399,-352]],"properties":{"codigo":"68001100000000065001","sector":"680011000000000650","pcode":"CO68001","area_m2":105175}},{"type":"Polygon","arcs":[[400,401,402,-351]],"properties":{"codigo":"68001100000000065701","sector":"680011000000000657","pcode":"CO68001","area_m2":54113}},{"type":"Polygon","arcs":[[403,404,405,-402,406]],"properties":{"codigo":"68001100000000065702","sector":"680011000000000657","pcode":"CO68001","area_m2":54371}},{"type":"Polygon","arcs":[[407,-184,-370,408,-404,409]],"properties":{"codigo":"68001100000000065801","sector":"680011000000000658","pcode":"CO68001","area_m2":54254}},{"type":"Polygon","arcs":[[410,411,-185,-408,412,413]],"properties":{"codigo":"68001100000000065901","sector":"680011000000000659","pcode":"CO68001","area_m2":75408}},{"type":"Polygon","arcs":[[-395,414,-316,415,416]],"properties":{"codigo":"68001100000000069201","sector":"680011000000000692","pcode":"CO68001","area_m2":50082}},{"type":"Polygon","arcs":[[-398,-310,-415,-394]],"properties":{"codigo":"68001100000000069202","sector":"680011000000000692","pcode":"CO68001","area_m2":29277}},{"type":"Polygon","arcs":[[-315,417,-365,418,419,420]],"properties":{"codigo":"68001100000000074204","sector":"680011000000000742","pcode":"CO68001","area_m2":157414}},{"type":"Polygon","arcs":[[421,422,-360,-363,-418,-314]],"properties":{"codigo":"68001100000000074205","sector":"680011000000000742","pcode":"CO68001","area_m2":132841}},{"type":"Polygon","arcs":[[423,424,425,426,-422,-313,427]],"properties":{"codigo":"68001100000000074206","sector":"680011000000000742","pcode":"CO68001","area_m2":77556}},{"type":"Polygon","arcs":[[428,429,-354,-423,-427]],"properties":{"codigo":"68001100000000074207","sector":"680011000000000742","pcode":"CO68001","area_m2":45548}},{"type":"Polygon","arcs":[[-358,430,-61,-419,-364]],"properties":{"codigo":"68001100000000074208","sector":"680011000000000742","pcode":"CO68001","area_m2":100013}},{"type":"Polygon","arcs":[[431,432,433,434,435,-411,436]],"properties":{"codigo":"68001100000000096001","sector":"680011000000000960","pcode":"CO68001","area_m2":203143}},{"type":"Polygon","arcs":[[-357,437,438,439,-251,-58,-431]],"properties":{"codigo":"68001100000000075404","sector":"680011000000000754","pcode":"CO68001","area_m2":80552}},{"type":"Polygon","arcs":[[440,441,-439]],"properties":{"codigo":"68001100000000075405","sector":"680011000000000754","pcode":"CO68001","area_m2":24210}},{"type":"Polygon","arcs":[[442,443]],"properties":{"codigo":"68001100000000079703","sector":"680011000000000797","pcode":"CO68001","area_m2":34882}},{"type":"Polygon","arcs":[[444,-89,445,-63,-84]],"properties":{"codigo":"68001100000000123807","sector":"680011000000001238","pcode":"CO68001","area_m2":94860}},{"type":"Polygon","arcs":[[446,447,-355,-430,448]],"properties":{"codigo":"68001100000000085501","sector":"680011000000000855","pcode":"CO68001","area_m2":57246}},{"type":"Polygon","arcs":[[449,450,451,452,-447,453,454,455,-435]],"properties":{"codigo":"68001100000000085502","sector":"680011000000000855","pcode":"CO68001","area_m2":193036}},{"type":"Polygon","arcs":[[-425,456,457]],"properties":{"codigo":"68001100000000085602","sector":"680011000000000856","pcode":"CO68001","area_m2":16411}},{"type":"Polygon","arcs":[[458,-457,-424]],"properties":{"codigo":"68001100000000085603","sector":"680011000000000856","pcode":"CO68001","area_m2":16478}},{"type":"Polygon","arcs":[[459,460,461,462,463]],"properties":{"codigo":"68001100000000094402","sector":"680011000000000944","pcode":"CO68001","area_m2":58855}},{"type":"Polygon","arcs":[[464,465,-464,466,467,468]],"properties":{"codigo":"68001100000000094403","sector":"680011000000000944","pcode":"CO68001","area_m2":123419}},{"type":"Polygon","arcs":[[469,-14,470,-167,-162,471,-137,472]],"properties":{"codigo":"68001100000000131501","sector":"680011000000001315","pcode":"CO68001","area_m2":83669}},{"type":"Polygon","arcs":[[-213,473,474,-182]],"properties":{"codigo":"68001100000000086102","sector":"680011000000000861","pcode":"CO68001","area_m2":38793}},{"type":"Polygon","arcs":[[-436,-456,475,-474,-212,-180,-412]],"properties":{"codigo":"68001100000000086103","sector":"680011000000000861","pcode":"CO68001","area_m2":91602}},{"type":"Polygon","arcs":[[-463,-432,476,-467]],"properties":{"codigo":"68001100000000094401","sector":"680011000000000944","pcode":"CO68001","area_m2":28599}},{"type":"Polygon","arcs":[[477,478,479,480,481,482,483]],"properties":{"codigo":"68001100000000106202","sector":"680011000000001062","pcode":"CO68001","area_m2":142835}},{"type":"Polygon","arcs":[[484,485,486,-460,-466,487]],"properties":{"codigo":"68001100000000096301","sector":"680011000000000963","pcode":"CO68001","area_m2":106713}},{"type":"Polygon","arcs":[[488,489,490,-478,491,492,-486]],"properties":{"codigo":"68001100000000096302","sector":"680011000000000963","pcode":"CO68001","area_m2":143404}},{"type":"Polygon","arcs":[[-468,-477,-437,-414,493,494,495]],"properties":{"codigo":"68001100000000098101","sector":"680011000000000981","pcode":"CO68001","area_m2":104047}},{"type":"Polygon","arcs":[[496,-490,497]],"properties":{"codigo":"68001100000000098701","sector":"680011000000000987","pcode":"CO68001","area_m2":46392}},{"type":"Polygon","arcs":[[-492,-484,498]],"properties":{"codigo":"68001100000000106201","sector":"680011000000001062","pcode":"CO68001","area_m2":65914}},{"type":"Polygon","arcs":[[499,500,501,502]],"properties":{"codigo":"68001100000000108205","sector":"680011000000001082","pcode":"CO68001","area_m2":49094}},{"type":"Polygon","arcs":[[-483,503,504,-433,-462,505]],"properties":{"codigo":"68001100000000106203","sector":"680011000000001062","pcode":"CO68001","area_m2":158037}},{"type":"Polygon","arcs":[[-505,506,507,-434]],"properties":{"codigo":"68001100000000106204","sector":"680011000000001062","pcode":"CO68001","area_m2":76036}},{"type":"Polygon","arcs":[[-482,508,-507,-504]],"properties":{"codigo":"68001100000000106205","sector":"680011000000001062","pcode":"CO68001","area_m2":76756}},{"type":"Polygon","arcs":[[-493,-499,-506,-461,-487]],"properties":{"codigo":"68001100000000106207","sector":"680011000000001062","pcode":"CO68001","area_m2":67204}},{"type":"Polygon","arcs":[[509,510,511,512,513,-501]],"properties":{"codigo":"68001100000000108206","sector":"680011000000001082","pcode":"CO68001","area_m2":125994}},{"type":"Polygon","arcs":[[514,515,-503,516,517]],"properties":{"codigo":"68001100000000106402","sector":"680011000000001064","pcode":"CO68001","area_m2":78190}},{"type":"Polygon","arcs":[[-480,518,519,520,521,-515,522,523]],"properties":{"codigo":"68001100000000108201","sector":"680011000000001082","pcode":"CO68001","area_m2":150071}},{"type":"Polygon","arcs":[[524,525,-511,526,527,-521]],"properties":{"codigo":"68001100000000108202","sector":"680011000000001082","pcode":"CO68001","area_m2":258654}},{"type":"Polygon","arcs":[[-522,-528,528,-516]],"properties":{"codigo":"68001100000000108203","sector":"680011000000001082","pcode":"CO68001","area_m2":100307}},{"type":"Polygon","arcs":[[-510,-500,-529,-527]],"properties":{"codigo":"68001100000000108204","sector":"680011000000001082","pcode":"CO68001","area_m2":97785}},{"type":"Polygon","arcs":[[529,-101,530,-86,-445,-83]],"properties":{"codigo":"68001100000000123805","sector":"680011000000001238","pcode":"CO68001","area_m2":113434}},{"type":"Polygon","arcs":[[-517,531,532,533,534,535,536,537,538]],"properties":{"codigo":"68001100000000119403","sector":"680011000000001194","pcode":"CO68001","area_m2":176812}},{"type":"Polygon","arcs":[[-257,539,-233]],"properties":{"codigo":"68001100000000110002","sector":"680011000000001100","pcode":"CO68001","area_m2":28991}},{"type":"Polygon","arcs":[[540,541,542]],"properties":{"codigo":"68001100000000119404","sector":"680011000000001194","pcode":"CO68001","area_m2":58799}},{"type":"Polygon","arcs":[[543,544,545,546]],"properties":{"codigo":"68001100000000119407","sector":"680011000000001194","pcode":"CO68001","area_m2":90025}},{"type":"Polygon","arcs":[[547,548,-543,549,-534,550]],"properties":{"codigo":"68001100000000119402","sector":"680011000000001194","pcode":"CO68001","area_m2":43745}},{"type":"Polygon","arcs":[[551,552,553]],"properties":{"codigo":"68001100000000119601","sector":"680011000000001196","pcode":"CO68001","area_m2":66411}},{"type":"Polygon","arcs":[[554,555,556,-545]],"properties":{"codigo":"68001100000000119408","sector":"680011000000001194","pcode":"CO68001","area_m2":61358}},{"type":"Polygon","arcs":[[-21,-27,-126,-130,-134,557]],"properties":{"codigo":"68001100000000131601","sector":"680011000000001316","pcode":"CO68001","area_m2":110823}},{"type":"Polygon","arcs":[[558,559,560,561,-452]],"properties":{"codigo":"68001100000000119501","sector":"680011000000001195","pcode":"CO68001","area_m2":232217}},{"type":"Polygon","arcs":[[-537,562,563]],"properties":{"codigo":"68001100000000119502","sector":"680011000000001195","pcode":"CO68001","area_m2":71013}},{"type":"Polygon","arcs":[[-538,-564,564,-560,565]],"properties":{"codigo":"68001100000000119503","sector":"680011000000001195","pcode":"CO68001","area_m2":53316}},{"type":"Polygon","arcs":[[-446,566,567,568,569,-64]],"properties":{"codigo":"68001100000000123701","sector":"680011000000001237","pcode":"CO68001","area_m2":134994}},{"type":"Polygon","arcs":[[570,571,-553,572,573,574]],"properties":{"codigo":"68001100000000119602","sector":"680011000000001196","pcode":"CO68001","area_m2":261926}},{"type":"Polygon","arcs":[[575,576,-380,577,-568]],"properties":{"codigo":"68001100000000123702","sector":"680011000000001237","pcode":"CO68001","area_m2":110449}},{"type":"Polygon","arcs":[[578,579,580,581,-576,-567,-88]],"properties":{"codigo":"68001100000000123703","sector":"680011000000001237","pcode":"CO68001","area_m2":107320}},{"type":"Polygon","arcs":[[-582,582,-384,-375,-577]],"properties":{"codigo":"68001100000000123704","sector":"680011000000001237","pcode":"CO68001","area_m2":83346}},{"type":"Polygon","arcs":[[583,-85,-66,584,585]],"properties":{"codigo":"68001100000000123801","sector":"680011000000001238","pcode":"CO68001","area_m2":100399}},{"type":"Polygon","arcs":[[-574,586,587]],"properties":{"codigo":"68001100000000119605","sector":"680011000000001196","pcode":"CO68001","area_m2":44077}},{"type":"Polygon","arcs":[[588,589,590,591,-102,-530,-82,-584,592,593]],"properties":{"codigo":"68001100000000123901","sector":"680011000000001239","pcode":"CO68001","area_m2":306596}},{"type":"Polygon","arcs":[[594,595,596,597,-591]],"properties":{"codigo":"68001100000000124101","sector":"680011000000001241","pcode":"CO68001","area_m2":132142}},{"type":"Polygon","arcs":[[598,-495,599,600,-99,-592,-598]],"properties":{"codigo":"68001100000000124102","sector":"680011000000001241","pcode":"CO68001","area_m2":193688}},{"type":"Polygon","arcs":[[601,602]],"properties":{"codigo":"68001100000000124303","sector":"680011000000001243","pcode":"CO68001","area_m2":170144}},{"type":"Polygon","arcs":[[603,604,-69,605,606,607]],"properties":{"codigo":"68001100000000131201","sector":"680011000000001312","pcode":"CO68001","area_m2":122616}},{"type":"Polygon","arcs":[[608,609,610,-469,-496,-599,-597]],"properties":{"codigo":"68001100000000124202","sector":"680011000000001242","pcode":"CO68001","area_m2":137439}},{"type":"Polygon","arcs":[[-531,-100,611,612,-579,-87]],"properties":{"codigo":"68001100000000124601","sector":"680011000000001246","pcode":"CO68001","area_m2":141904}},{"type":"Polygon","arcs":[[613,-392,-385,-583,-581]],"properties":{"codigo":"68001100000000124701","sector":"680011000000001247","pcode":"CO68001","area_m2":72110}},{"type":"Polygon","arcs":[[614,615,-399,-389,-614,-580,-613]],"properties":{"codigo":"68001100000000124702","sector":"680011000000001247","pcode":"CO68001","area_m2":84074}},{"type":"Polygon","arcs":[[616,617,-615,-612,-601]],"properties":{"codigo":"68001100000000124801","sector":"680011000000001248","pcode":"CO68001","area_m2":70307}},{"type":"Polygon","arcs":[[-494,618,619,-617,-600]],"properties":{"codigo":"68001100000000124802","sector":"680011000000001248","pcode":"CO68001","area_m2":99860}},{"type":"Polygon","arcs":[[-620,620,-353,-400,-616,-618]],"properties":{"codigo":"68001100000000124901","sector":"680011000000001249","pcode":"CO68001","area_m2":66397}},{"type":"Polygon","arcs":[[-410,-407,-401,-621,-619,-413]],"properties":{"codigo":"68001100000000126601","sector":"680011000000001266","pcode":"CO68001","area_m2":69701}},{"type":"Polygon","arcs":[[621,622,623,624,625,626]],"properties":{"codigo":"68001100000000130902","sector":"680011000000001309","pcode":"CO68001","area_m2":71734}},{"type":"Polygon","arcs":[[627,628,-15,-470,629]],"properties":{"codigo":"68001100000000131502","sector":"680011000000001315","pcode":"CO68001","area_m2":81720}},{"type":"Polygon","arcs":[[-174,630,-629,631,632,633]],"properties":{"codigo":"68001100000000131504","sector":"680011000000001315","pcode":"CO68001","area_m2":109961}},{"type":"Polygon","arcs":[[-176,-145,-11,-631]],"properties":{"codigo":"68001100000000131505","sector":"680011000000001315","pcode":"CO68001","area_m2":100635}},{"type":"Polygon","arcs":[[634,-589,635]],"properties":{"codigo":"68001100000000126801","sector":"680011000000001268","pcode":"CO68001","area_m2":114542}},{"type":"Polygon","arcs":[[636,637,-465,-611,638,639]],"properties":{"codigo":"68001100000000129301","sector":"680011000000001293","pcode":"CO68001","area_m2":335672}},{"type":"Polygon","arcs":[[640,641,-637,642]],"properties":{"codigo":"68001100000000129304","sector":"680011000000001293","pcode":"CO68001","area_m2":155458}},{"type":"Polygon","arcs":[[643,644,-626]],"properties":{"codigo":"68001100000000130901","sector":"680011000000001309","pcode":"CO68001","area_m2":24891}},{"type":"Polygon","arcs":[[645,-622,646,647]],"properties":{"codigo":"68001100000000130903","sector":"680011000000001309","pcode":"CO68001","area_m2":104821}},{"type":"Polygon","arcs":[[648,-593,-586,649,650,-67,-605,651,652]],"properties":{"codigo":"68001100000000131203","sector":"680011000000001312","pcode":"CO68001","area_m2":210108}},{"type":"Polygon","arcs":[[-68,653,654,655,656,657,-606]],"properties":{"codigo":"68001100000000131301","sector":"680011000000001313","pcode":"CO68001","area_m2":91817}},{"type":"Polygon","arcs":[[658,659,-654,-651]],"properties":{"codigo":"68001100000000131302","sector":"680011000000001313","pcode":"CO68001","area_m2":68732}},{"type":"Polygon","arcs":[[-585,-65,660,661,-659,-650]],"properties":{"codigo":"68001100000000131303","sector":"680011000000001313","pcode":"CO68001","area_m2":86731}},{"type":"Polygon","arcs":[[-658,662,663,-607]],"properties":{"codigo":"68001100000000131401","sector":"680011000000001314","pcode":"CO68001","area_m2":57357}},{"type":"Polygon","arcs":[[-33,-166,-471,664]],"properties":{"codigo":"68001100000000131904","sector":"680011000000001319","pcode":"CO68001","area_m2":77197}},{"type":"Polygon","arcs":[[-143,-34,-665,-13,-148]],"properties":{"codigo":"68001100000000131905","sector":"680011000000001319","pcode":"CO68001","area_m2":88347}},{"type":"Polygon","arcs":[[665,-300,-250,-16,-56,666]],"properties":{"codigo":"68001100000000133001","sector":"680011000000001330","pcode":"CO68001","area_m2":86108}},{"type":"Polygon","arcs":[[-216,-81,-297,-666,667]],"properties":{"codigo":"68001100000000133002","sector":"680011000000001330","pcode":"CO68001","area_m2":151253}},{"type":"Polygon","arcs":[[668,669,670,-214,671]],"properties":{"codigo":"68001100000000133003","sector":"680011000000001330","pcode":"CO68001","area_m2":105639}},{"type":"Polygon","arcs":[[672,-76,-215,-671]],"properties":{"codigo":"68001100000000133004","sector":"680011000000001330","pcode":"CO68001","area_m2":88945}},{"type":"Polygon","arcs":[[673,674,-245,-634,675]],"properties":{"codigo":"68001100000000133201","sector":"680011000000001332","pcode":"CO68001","area_m2":129001}},{"type":"Polygon","arcs":[[-663,-657,676,-676,-633,677]],"properties":{"codigo":"68001100000000133202","sector":"680011000000001332","pcode":"CO68001","area_m2":136781}},{"type":"Polygon","arcs":[[678,679,680,-674,-677,-656]],"properties":{"codigo":"68001100000000133301","sector":"680011000000001333","pcode":"CO68001","area_m2":127485}},{"type":"Polygon","arcs":[[-660,-662,681,682,-679,-655]],"properties":{"codigo":"68001100000000133302","sector":"680011000000001333","pcode":"CO68001","area_m2":119083}},{"type":"Polygon","arcs":[[-661,-570,683,684,-682]],"properties":{"codigo":"68001100000000133303","sector":"680011000000001333","pcode":"CO68001","area_m2":129592}},{"type":"Polygon","arcs":[[-681,685,-667,-55,-246,-675]],"properties":{"codigo":"68001100000000133401","sector":"680011000000001334","pcode":"CO68001","area_m2":130122}},{"type":"Polygon","arcs":[[-680,686,-668,-686]],"properties":{"codigo":"68001100000000133402","sector":"680011000000001334","pcode":"CO68001","area_m2":125041}},{"type":"Polygon","arcs":[[687,-217,-687,-683]],"properties":{"codigo":"68001100000000133403","sector":"680011000000001334","pcode":"CO68001","area_m2":112352}},{"type":"Polygon","arcs":[[688,-672,-688,-685]],"properties":{"codigo":"68001100000000133501","sector":"680011000000001335","pcode":"CO68001","area_m2":131411}},{"type":"Polygon","arcs":[[-569,-578,-379,-669,-689,-684]],"properties":{"codigo":"68001100000000133502","sector":"680011000000001335","pcode":"CO68001","area_m2":91578}},{"type":"Polygon","arcs":[[689,690,-652,-604,691,-624,692]],"properties":{"codigo":"68001100000000141001","sector":"680011000000001410","pcode":"CO68001","area_m2":153706}},{"type":"Polygon","arcs":[[-644,-625,-692,-608,-664,-678,-632,-628,693]],"properties":{"codigo":"68001100000000141002","sector":"680011000000001410","pcode":"CO68001","area_m2":191597}},{"type":"Polygon","arcs":[[694,695]],"properties":{"codigo":"68001100000000150209","sector":"680011000000001502","pcode":"CO68001","area_m2":15715}},{"type":"Polygon","arcs":[[696,697,-690,698,699]],"properties":{"codigo":"68001100000000141102","sector":"680011000000001411","pcode":"CO68001","area_m2":128145}},{"type":"Polygon","arcs":[[700,701,702,703,-697]],"properties":{"codigo":"68001100000000141103","sector":"680011000000001411","pcode":"CO68001","area_m2":79173}},{"type":"MultiPolygon","arcs":[[[704]],[[705]]],"properties":{"codigo":"68001200201016000101","sector":"680012002010160001","pcode":"CO68001","area_m2":102032}},{"type":"Polygon","arcs":[[706]],"properties":{"codigo":"68001200102018000101","sector":"680012001020180001","pcode":"CO68001","area_m2":173601}},{"type":"Polygon","arcs":[[-409,-369,-475,-476,-455,707,-405]],"properties":{"codigo":"68001100000000086101","sector":"680011000000000861","pcode":"CO68001","area_m2":184436}},{"type":"Polygon","arcs":[[-565,-563,-536,708,-554,-572,709,-561]],"properties":{"codigo":"68001100000000119504","sector":"680011000000001195","pcode":"CO68001","area_m2":347635}},{"type":"Polygon","arcs":[[-708,-454,-449,-429,-426,-458,-459,-428,-312,-397,-403,-406]],"properties":{"codigo":"68001100000000085601","sector":"680011000000000856","pcode":"CO68001","area_m2":319883}},{"type":"Polygon","arcs":[[710,711,-488,-638,-642]],"properties":{"codigo":"68001100000000129302","sector":"680011000000001293","pcode":"CO68001","area_m2":181617}},{"type":"Polygon","arcs":[[-267,712,-283,713,714,715,716,-371,717]],"properties":{"codigo":"68001100000000052702","sector":"680011000000000527","pcode":"CO68001","area_m2":227502}},{"type":"Polygon","arcs":[[718,719,720,-512,-526]],"properties":{"codigo":"68001100000000108207","sector":"680011000000001082","pcode":"CO68001","area_m2":247851}},{"type":"Polygon","arcs":[[-502,-514,-547,721,-548,722,-532]],"properties":{"codigo":"68001100000000119405","sector":"680011000000001194","pcode":"CO68001","area_m2":238260}},{"type":"Polygon","arcs":[[-546,-557,723,-541,-549,-722]],"properties":{"codigo":"68001100000000119406","sector":"680011000000001194","pcode":"CO68001","area_m2":102725}},{"type":"Polygon","arcs":[[724,725,726,727,-252,-440,-442]],"properties":{"codigo":"68001100000000075406","sector":"680011000000000754","pcode":"CO68001","area_m2":185868}},{"type":"Polygon","arcs":[[728,729,730,-97,-71,731,732]],"properties":{"codigo":"68001100000000057002","sector":"680011000000000570","pcode":"CO68001","area_m2":288695}},{"type":"Polygon","arcs":[[-727,733,734,735,736]],"properties":{"codigo":"68001100000000079803","sector":"680011000000000798","pcode":"CO68001","area_m2":230480}},{"type":"Polygon","arcs":[[737,-575,-588,738,739,-735,740,741,-443]],"properties":{"codigo":"68001100000000119604","sector":"680011000000001196","pcode":"CO68001","area_m2":2532623}},{"type":"Polygon","arcs":[[742,743,744]],"properties":{"codigo":"68001100000000018901","sector":"680011000000000189","pcode":"CO68001","area_m2":572166}},{"type":"Polygon","arcs":[[745,746,747,-714,-284,-713,-266,748]],"properties":{"codigo":"68001100000000052706","sector":"680011000000000527","pcode":"CO68001","area_m2":199924}},{"type":"Polygon","arcs":[[-523,-518,-539,-566,-559,-451,749]],"properties":{"codigo":"68001100000000106401","sector":"680011000000001064","pcode":"CO68001","area_m2":274220}},{"type":"Polygon","arcs":[[750,751,752,753,-643,-640,754,-602]],"properties":{"codigo":"68001100000000124302","sector":"680011000000001243","pcode":"CO68001","area_m2":177521}},{"type":"Polygon","arcs":[[755,-741,-734,-726]],"properties":{"codigo":"68001100000000079702","sector":"680011000000000797","pcode":"CO68001","area_m2":140553}},{"type":"Polygon","arcs":[[-372,-717,756,757,758]],"properties":{"codigo":"68001100000000056702","sector":"680011000000000567","pcode":"CO68001","area_m2":954413}},{"type":"Polygon","arcs":[[759,760]],"properties":{"codigo":"68001100000000124306","sector":"680011000000001243","pcode":"CO68001","area_m2":54053}},{"type":"Polygon","arcs":[[761,-373,-759,762,763,-743,764,765]],"properties":{"codigo":"68001100000000042502","sector":"680011000000000425","pcode":"CO68001","area_m2":2030981}},{"type":"Polygon","arcs":[[-497,766,-519,-479,-491]],"properties":{"codigo":"68001100000000098702","sector":"680011000000000987","pcode":"CO68001","area_m2":68475}},{"type":"Polygon","arcs":[[-117,-25,767,768,-331,-337]],"properties":{"codigo":"68001100000000030503","sector":"680011000000000305","pcode":"CO68001","area_m2":197898}},{"type":"Polygon","arcs":[[769,-761,770,-752,771]],"properties":{"codigo":"68001100000000124304","sector":"680011000000001243","pcode":"CO68001","area_m2":92424}},{"type":"Polygon","arcs":[[-772,-751,-603,-755,-639,-610,772,773]],"properties":{"codigo":"68001100000000124301","sector":"680011000000001243","pcode":"CO68001","area_m2":767834}},{"type":"Polygon","arcs":[[-609,-596,774,775,-773]],"properties":{"codigo":"68001100000000124201","sector":"680011000000001242","pcode":"CO68001","area_m2":135369}},{"type":"Polygon","arcs":[[-737,776,-757,-716,777]],"properties":{"codigo":"68001100000000079801","sector":"680011000000000798","pcode":"CO68001","area_m2":367597}},{"type":"Polygon","arcs":[[-758,-777,-736,-740,778,-763]],"properties":{"codigo":"68001100000000079802","sector":"680011000000000798","pcode":"CO68001","area_m2":2662219}},{"type":"Polygon","arcs":[[779,780,-720]],"properties":{"codigo":"68001100000000108209","sector":"680011000000001082","pcode":"CO68001","area_m2":34638}},{"type":"Polygon","arcs":[[-730,781,-746,782,783]],"properties":{"codigo":"68001100000000057001","sector":"680011000000000570","pcode":"CO68001","area_m2":202568}},{"type":"Polygon","arcs":[[-508,-509,-481,-524,-750,-450]],"properties":{"codigo":"68001100000000106206","sector":"680011000000001062","pcode":"CO68001","area_m2":214704}},{"type":"Polygon","arcs":[[-711,-641,-754,784]],"properties":{"codigo":"68001100000000129303","sector":"680011000000001293","pcode":"CO68001","area_m2":67020}},{"type":"Polygon","arcs":[[-60,-253,-728,-778,-715,-748,785,-420]],"properties":{"codigo":"68001100000000075401","sector":"680011000000000754","pcode":"CO68001","area_m2":371882}},{"type":"Polygon","arcs":[[-723,-551,-533]],"properties":{"codigo":"68001100000000119401","sector":"680011000000001194","pcode":"CO68001","area_m2":130250}},{"type":"Polygon","arcs":[[-421,-786,-747,-782,-729,786,-416]],"properties":{"codigo":"68001100000000075301","sector":"680011000000000753","pcode":"CO68001","area_m2":279423}},{"type":"Polygon","arcs":[[-438,-356,-448,-453,-562,-710,-571,-738,-444,-742,-756,-725,-441]],"properties":{"codigo":"68001100000000079701","sector":"680011000000000797","pcode":"CO68001","area_m2":656644}},{"type":"Polygon","arcs":[[787,788,789,-766,790,791]],"properties":{"codigo":"68001100000000110202","sector":"680011000000001102","pcode":"CO68001","area_m2":1062545}},{"type":"Polygon","arcs":[[-361,792,793,794,-46]],"properties":{"codigo":"68001100000000047301","sector":"680011000000000473","pcode":"CO68001","area_m2":80393}},{"type":"Polygon","arcs":[[795,796,797,798,-794]],"properties":{"codigo":"68001100000000042402","sector":"680011000000000424","pcode":"CO68001","area_m2":151837}},{"type":"Polygon","arcs":[[799,800,-349,-47,-795,-799,801,-788,802,803]],"properties":{"codigo":"68001100000000047501","sector":"680011000000000475","pcode":"CO68001","area_m2":568156}},{"type":"Polygon","arcs":[[-783,-749,-270,804,805,806,807]],"properties":{"codigo":"68001100000000052705","sector":"680011000000000527","pcode":"CO68001","area_m2":199942}},{"type":"Polygon","arcs":[[-344,-36,-142,-343,808,809,810,811]],"properties":{"codigo":"68001100000000041804","sector":"680011000000000418","pcode":"CO68001","area_m2":581295}},{"type":"Polygon","arcs":[[-775,-595,-590,-635,812]],"properties":{"codigo":"68001100000000124001","sector":"680011000000001240","pcode":"CO68001","area_m2":174787}},{"type":"Polygon","arcs":[[-367,813,-806,814,815,816,-797,817,818]],"properties":{"codigo":"68001100000000052602","sector":"680011000000000526","pcode":"CO68001","area_m2":225783}},{"type":"Polygon","arcs":[[819,-818,-796,-793,-362,-45,-348,-248,-299]],"properties":{"codigo":"68001100000000042401","sector":"680011000000000424","pcode":"CO68001","area_m2":191956}},{"type":"Polygon","arcs":[[-702,820]],"properties":{"codigo":"68001100000000141104","sector":"680011000000001411","pcode":"CO68001","area_m2":364365}},{"type":"Polygon","arcs":[[-342,821,-809]],"properties":{"codigo":"68001100000000042201","sector":"680011000000000422","pcode":"CO68001","area_m2":163646}},{"type":"Polygon","arcs":[[822,-807,-814,-366,823,-318]],"properties":{"codigo":"68001100000000052604","sector":"680011000000000526","pcode":"CO68001","area_m2":119173}},{"type":"Polygon","arcs":[[-803,-792,824,825]],"properties":{"codigo":"68001100000000110201","sector":"680011000000001102","pcode":"CO68001","area_m2":954692}},{"type":"Polygon","arcs":[[826,-732,-70,-673,-670,-378,-382]],"properties":{"codigo":"68001100000000063601","sector":"680011000000000636","pcode":"CO68001","area_m2":174815}},{"type":"Polygon","arcs":[[-817,827,-789,-802,-798]],"properties":{"codigo":"68001100000000042403","sector":"680011000000000424","pcode":"CO68001","area_m2":156121}},{"type":"Polygon","arcs":[[-704,828,-653,-691,-698]],"properties":{"codigo":"68001100000000141101","sector":"680011000000001411","pcode":"CO68001","area_m2":71150}},{"type":"Polygon","arcs":[[829,-800,830,831]],"properties":{"codigo":"68001100000000047401","sector":"680011000000000474","pcode":"CO68001","area_m2":169376}},{"type":"Polygon","arcs":[[-731,-784,-808,-823,-317,-95,-98]],"properties":{"codigo":"68001100000000052803","sector":"680011000000000528","pcode":"CO68001","area_m2":128934}},{"type":"Polygon","arcs":[[832,-811,833,-831,-804,-826,834,835,836]],"properties":{"codigo":"68001100000000110101","sector":"680011000000001101","pcode":"CO68001","area_m2":2183538}},{"type":"Polygon","arcs":[[-298,-79,-92,-319,-824,-368,-819,-820]],"properties":{"codigo":"68001100000000052801","sector":"680011000000000528","pcode":"CO68001","area_m2":144161}},{"type":"Polygon","arcs":[[-765,-745,837,-835,-825,-791]],"properties":{"codigo":"68001100000000019901","sector":"680011000000000199","pcode":"CO68001","area_m2":1005266}},{"type":"Polygon","arcs":[[-381,-388,-396,-417,-787,-733,-827]],"properties":{"codigo":"68001100000000065101","sector":"680011000000000651","pcode":"CO68001","area_m2":491764}},{"type":"Polygon","arcs":[[-472,-165,838,839,-138]],"properties":{"codigo":"68001100000000030802","sector":"680011000000000308","pcode":"CO68001","area_m2":66957}},{"type":"Polygon","arcs":[[-164,-22,-558,-133,840,-839]],"properties":{"codigo":"68001100000000030801","sector":"680011000000000308","pcode":"CO68001","area_m2":73504}},{"type":"Polygon","arcs":[[-204,-197,-199,-103,-192,-222,841,842]],"properties":{"codigo":"68001100000000018803","sector":"680011000000000188","pcode":"CO68001","area_m2":575582}},{"type":"Polygon","arcs":[[843,-237,844,-842]],"properties":{"codigo":"68001100000000018804","sector":"680011000000000188","pcode":"CO68001","area_m2":153794}},{"type":"Polygon","arcs":[[845,-135,-132,-309,-259,-177,-155,-322,846]],"properties":{"codigo":"68001100000000027601","sector":"680011000000000276","pcode":"CO68001","area_m2":202701}},{"type":"Polygon","arcs":[[847,848,849,-847,-321]],"properties":{"codigo":"68001100000000027602","sector":"680011000000000276","pcode":"CO68001","area_m2":260907}},{"type":"Polygon","arcs":[[-848,-320,850]],"properties":{"codigo":"68001100000000028506","sector":"680011000000000285","pcode":"CO68001","area_m2":83224}},{"type":"Polygon","arcs":[[-329,-333,851,852,-255,-273]],"properties":{"codigo":"68001100000000030401","sector":"680011000000000304","pcode":"CO68001","area_m2":312872}},{"type":"Polygon","arcs":[[853]],"properties":{"codigo":"68001100000000150210","sector":"680011000000001502","pcode":"CO68001","area_m2":59600}},{"type":"Polygon","arcs":[[-852,-332,-769,854,855]],"properties":{"codigo":"68001100000000030502","sector":"680011000000000305","pcode":"CO68001","area_m2":1098485}},{"type":"Polygon","arcs":[[856,857,858]],"properties":{"codigo":"68001100000000150207","sector":"680011000000001502","pcode":"CO68001","area_m2":98601}},{"type":"Polygon","arcs":[[859,-234,-540,-256,-853,-856,-837,860,861]],"properties":{"codigo":"68001100000000110001","sector":"680011000000001100","pcode":"CO68001","area_m2":565609}},{"type":"Polygon","arcs":[[-862,862,863]],"properties":{"codigo":"68001100000000110004","sector":"680011000000001100","pcode":"CO68001","area_m2":117261}},{"type":"MultiPolygon","arcs":[[[864]],[[865]]],"properties":{"codigo":"68001200102017000101","sector":"680012001020170001","pcode":"CO68001","area_m2":39109}},{"type":"Polygon","arcs":[[866,867]],"properties":{"codigo":"68001100000000150203","sector":"680011000000001502","pcode":"CO68001","area_m2":70473}},{"type":"Polygon","arcs":[[-647,-627,-645,-694,-630,-473,-139,-840,-841,-136,-846,-850,868]],"properties":{"codigo":"68001100000000150101","sector":"680011000000001501","pcode":"CO68001","area_m2":810081}},{"type":"Polygon","arcs":[[869,870,871,-867,872]],"properties":{"codigo":"68001100000000150204","sector":"680011000000001502","pcode":"CO68001","area_m2":131083}},{"type":"Polygon","arcs":[[873,-858,874,-205,-843,-845,-236,875,-871,876]],"properties":{"codigo":"68001100000000150202","sector":"680011000000001502","pcode":"CO68001","area_m2":937926}},{"type":"Polygon","arcs":[[877]],"properties":{"codigo":"68001200103015000101","sector":"680012001030150001","pcode":"CO68001","area_m2":22385}},{"type":"Polygon","arcs":[[878]],"properties":{"codigo":"68001200103019000101","sector":"680012001030190001","pcode":"CO68001","area_m2":29321}},{"type":"Polygon","arcs":[[-768,-24,-31,-340,-345,-812,-833,-855]],"properties":{"codigo":"68001100000000041801","sector":"680011000000000418","pcode":"CO68001","area_m2":1091740}},{"type":"Polygon","arcs":[[-699,-693,-623,-646,879]],"properties":{"codigo":"68001100000000141003","sector":"680011000000001410","pcode":"CO68001","area_m2":296591}},{"type":"Polygon","arcs":[[-816,880,-268,-718,-374,-762,-790,-828]],"properties":{"codigo":"68001100000000042501","sector":"680011000000000425","pcode":"CO68001","area_m2":1199750}},{"type":"Polygon","arcs":[[-805,-269,-881,-815]],"properties":{"codigo":"68001100000000052601","sector":"680011000000000526","pcode":"CO68001","area_m2":190670}},{"type":"Polygon","arcs":[[-9,-350,-801,-830,881,-346]],"properties":{"codigo":"68001100000000042301","sector":"680011000000000423","pcode":"CO68001","area_m2":161115}},{"type":"Polygon","arcs":[[-159,-292,-293,-287,882,883,-323]],"properties":{"codigo":"68001100000000028008","sector":"680011000000000280","pcode":"CO68001","area_m2":88312}},{"type":"Polygon","arcs":[[-883,-286,-295,884]],"properties":{"codigo":"68001100000000028002","sector":"680011000000000280","pcode":"CO68001","area_m2":18370}},{"type":"Polygon","arcs":[[-884,-885,-294,-306,-302,-324]],"properties":{"codigo":"68001100000000028504","sector":"680011000000000285","pcode":"CO68001","area_m2":44251}},{"type":"Polygon","arcs":[[-844,-221,-226,885,886,-238]],"properties":{"codigo":"68001100000000018801","sector":"680011000000000188","pcode":"CO68001","area_m2":119246}},{"type":"Polygon","arcs":[[887,888,-877,-870,889,-695,890]],"properties":{"codigo":"68001100000000150201","sector":"680011000000001502","pcode":"CO68001","area_m2":226158}},{"type":"Polygon","arcs":[[-822,-347,-882,-832,-834,-810]],"properties":{"codigo":"68001100000000042202","sector":"680011000000000422","pcode":"CO68001","area_m2":341300}},{"type":"Polygon","arcs":[[-225,-235,-860,-864,891,-886]],"properties":{"codigo":"68001100000000110003","sector":"680011000000001100","pcode":"CO68001","area_m2":167156}},{"type":"Polygon","arcs":[[-721,-781,892,-555,-544,-513]],"properties":{"codigo":"68001100000000108208","sector":"680011000000001082","pcode":"CO68001","area_m2":213216}},{"type":"Polygon","arcs":[[-859,-874,-889,893,894]],"properties":{"codigo":"68001100000000150205","sector":"680011000000001502","pcode":"CO68001","area_m2":120316}},{"type":"Polygon","arcs":[[-894,-888,895]],"properties":{"codigo":"68001100000000150208","sector":"680011000000001502","pcode":"CO68001","area_m2":77971}}]}},"arcs":[[[5808,3974],[-207,-48],[-86,-18],[-119,-21]],[[5396,3887],[-21,59]],[[5375,3946],[-18,61]],[[5357,4007],[411,51]],[[5768,4058],[23,-55],[17,-29]],[[5396,3887],[23,-50]],[[5419,3837],[-196,-60],[-12,26],[-195,-21],[10,-32],[-102,-11]],[[4924,3739],[-18,52]],[[4906,3791],[-32,96]],[[4874,3887],[149,16],[169,20],[183,23]],[[7193,4477],[-136,-16],[-242,-30],[20,-60],[-146,-18],[-139,-15]],[[6550,4338],[-18,60]],[[6532,4398],[-19,63]],[[6513,4461],[189,20],[89,10]],[[6791,4491],[306,35],[85,11],[11,-60]],[[5902,3836],[-124,3]],[[5778,3839],[-27,4],[-60,-13],[-70,-22],[-36,-8],[-101,-15],[-33,8],[-32,44]],[[5808,3974],[94,-138]],[[6232,4622],[-88,-9],[-27,-8],[-176,-19],[-271,-31],[-68,-9]],[[5602,4546],[-31,92]],[[5571,4638],[219,-6],[-13,43],[136,14],[285,34]],[[6198,4723],[34,-101]],[[5571,4638],[-198,5],[-228,7],[-9,-1]],[[5136,4649],[-8,27]],[[5128,4676],[-31,43]],[[5097,4719],[430,48]],[[5527,4767],[44,-129]],[[5602,4546],[-113,-12]],[[5489,4534],[-304,-35]],[[5185,4499],[-26,76]],[[5159,4575],[-23,74]],[[5517,4473],[19,-60]],[[5536,4413],[22,-61]],[[5558,4352],[21,-61]],[[5579,4291],[-312,-35]],[[5267,4256],[-32,90]],[[5235,4346],[-38,115]],[[5197,4461],[-12,38]],[[5489,4534],[12,-5],[16,-56]],[[5623,5348],[8,-44],[-23,-2],[4,-18]],[[5612,5284],[-99,-7]],[[5513,5277],[-10,1]],[[5503,5278],[7,52],[-8,50]],[[5502,5380],[30,-3],[51,3],[-7,-8],[5,-26],[42,2]],[[4916,3574],[-77,-57],[-204,-23]],[[4635,3494],[-26,65],[-74,-3]],[[4535,3556],[-29,6],[-29,82]],[[4477,3644],[39,-1],[78,8],[189,20],[18,-53],[99,10],[16,-54]],[[6506,4141],[-146,-17],[-276,-31]],[[6084,4093],[-316,-35]],[[5357,4007],[-25,54]],[[5332,4061],[-4,13]],[[5328,4074],[312,34]],[[5640,4108],[739,84],[127,-51]],[[6181,3927],[-100,-53]],[[6081,3874],[-68,-39],[-111,1]],[[6084,4093],[60,-110],[37,-56]],[[5461,2173],[-110,-48],[-12,0]],[[5339,2125],[-47,43],[-170,135]],[[5122,2303],[109,52]],[[5231,2355],[230,-182]],[[8067,3629],[-106,-14],[23,-78]],[[7984,3537],[-420,-43]],[[7564,3494],[-45,162]],[[7519,3656],[348,35]],[[7867,3691],[165,17],[35,-79]],[[8116,4189],[63,-65],[-129,-44],[-198,-66],[-48,-3]],[[7804,4011],[-49,51],[-28,25]],[[7727,4087],[187,61],[16,4],[115,40],[21,-21],[50,18]],[[5971,3203],[-134,-35]],[[5837,3168],[-129,-27]],[[5708,3141],[-25,51]],[[5683,3192],[-33,106]],[[5650,3298],[-53,110]],[[5597,3408],[93,10],[112,22]],[[5802,3440],[75,-104],[41,-61],[53,-72]],[[5542,3512],[30,-61]],[[5572,3451],[-197,-40],[20,-33],[-111,-15],[-13,24],[-84,-18],[-101,-18]],[[5086,3351],[-26,64],[35,49],[5,22]],[[5100,3486],[73,12],[55,13],[167,34],[104,24]],[[5499,3569],[43,-57]],[[8211,3599],[8,-31],[-2,-99],[78,-7],[9,-22],[-15,-14],[0,-23],[32,-9],[-15,-27]],[[8306,3367],[-223,-1],[-72,2]],[[8011,3368],[-48,0],[2,93],[22,51],[-3,25]],[[8067,3629],[126,19],[18,-49]],[[8025,3263],[-96,-9],[12,-44],[-210,-23],[-68,-6]],[[7663,3181],[-30,87]],[[7633,3268],[-20,63]],[[7613,3331],[314,31],[98,-99]],[[5650,3298],[-114,-9],[-127,-6],[-79,-7],[-83,-4],[-107,-9]],[[5140,3263],[-21,29]],[[5119,3292],[-33,59]],[[5572,3451],[25,-43]],[[5683,3192],[-97,-14],[-261,-28],[-98,-14]],[[5227,3136],[-34,54]],[[5193,3190],[-53,73]],[[5708,3141],[-85,-22],[-224,-67],[-99,-33]],[[5300,3019],[-73,117]],[[8092,2943],[-50,-60],[-8,-22],[-34,-9],[-239,-24]],[[7761,2828],[-77,253],[8,2]],[[7692,3083],[410,44]],[[8102,3127],[27,-87],[-6,-22],[-50,-5],[19,-70]],[[4430,6187],[6,-11],[46,-1],[103,-22],[8,-11],[80,-46]],[[4673,6096],[27,-17]],[[4700,6079],[-288,-83]],[[4412,5996],[-30,20],[-21,24],[-15,32],[-3,40],[-36,34],[-20,13]],[[4287,6159],[77,21],[6,-7],[60,14]],[[5086,5224],[-53,11],[-44,5],[-41,23],[2,13],[26,15]],[[4976,5291],[8,-12],[159,8],[-4,-34],[-27,-21],[-26,-8]],[[5503,5278],[-94,6]],[[5409,5284],[12,62],[2,25],[-53,4]],[[5370,5375],[52,26],[76,-7],[4,-14]],[[5409,5284],[-5,0]],[[5404,5284],[-87,7]],[[5317,5291],[12,48],[-19,2],[4,28]],[[5314,5369],[56,6]],[[5097,4719],[-46,56]],[[5051,4775],[157,17]],[[5208,4792],[91,12],[-82,243]],[[5217,5047],[105,13]],[[5322,5060],[105,11]],[[5427,5071],[74,-227],[26,-77]],[[5317,5291],[-72,6]],[[5245,5297],[-59,7],[-28,30]],[[5158,5334],[27,6],[40,19],[65,-1],[24,11]],[[5738,4790],[-211,-23]],[[5427,5071],[82,10],[131,12]],[[5640,5093],[38,-126],[23,-61],[37,-116]],[[5869,5059],[42,-128],[37,-118]],[[5948,4813],[-210,-23]],[[5640,5093],[94,11]],[[5734,5104],[104,11],[10,-3],[21,-53]],[[6139,4898],[19,-61]],[[6158,4837],[-210,-24]],[[5869,5059],[208,22]],[[6077,5081],[22,-61],[40,-122]],[[6750,4652],[-29,-21],[-157,2]],[[6564,4633],[0,113],[3,103]],[[6567,4849],[207,-3],[-12,-118],[-12,-76]],[[5915,4266],[-628,-72]],[[5287,4194],[-13,40]],[[5274,4234],[-7,22]],[[5579,4291],[226,25],[140,17],[162,16]],[[6107,4349],[21,-59],[-213,-24]],[[6550,4338],[16,-62]],[[6566,4276],[-254,-29],[-377,-42]],[[5935,4205],[-20,61]],[[6107,4349],[200,24],[225,25]],[[4880,5915],[42,-69],[12,-24],[26,-75]],[[4960,5747],[-17,13],[-33,65],[-38,-12],[-30,24],[-59,69],[-96,-28],[22,-26],[-95,-28]],[[4614,5824],[-43,48],[-55,48],[-40,31]],[[4476,5951],[-64,45]],[[4700,6079],[48,-29],[18,-25],[-8,-57],[82,-30],[40,-23]],[[6200,5517],[13,-6]],[[6213,5511],[1,-14],[-24,-17],[-23,-33],[-48,-54],[-38,-84],[-16,-16],[-28,-16],[-34,-10]],[[6003,5267],[-46,44]],[[5957,5311],[-19,30]],[[5938,5341],[48,61]],[[5986,5402],[43,5],[86,54],[40,27],[29,25],[16,4]],[[4960,5747],[17,-33],[48,-25],[-4,-4],[-61,15],[-29,-32],[-88,28],[3,5],[-42,15],[-68,47],[-19,-9]],[[4717,5754],[-81,30],[0,12],[-22,28]],[[6467,4632],[13,-48]],[[6480,4584],[-225,-27],[-65,-6],[-282,-32],[-136,-17],[-255,-29]],[[6232,4622],[105,14]],[[6337,4636],[130,-4]],[[6496,4521],[-211,-23],[-140,-16],[-284,-32],[-107,-13],[-218,-24]],[[6480,4584],[16,-63]],[[5935,4205],[-316,-35],[21,-62]],[[5328,4074],[-41,120]],[[5702,5178],[-63,5],[-78,-9],[-91,2]],[[5470,5176],[16,22],[-2,11],[24,12],[7,31],[-2,25]],[[5612,5284],[47,5]],[[5659,5289],[21,-76],[2,-22],[20,-13]],[[6583,4217],[12,-64]],[[6595,4153],[-89,-12]],[[6566,4276],[17,-59]],[[6003,5267],[-41,-17],[-28,-22],[-45,-21],[-29,-7],[-111,-17],[-47,-5]],[[5659,5289],[32,3],[83,16]],[[5774,5308],[21,-40],[53,11],[8,-13],[41,8],[-6,10],[22,4],[-6,10],[50,13]],[[7338,2114],[-99,-45]],[[7239,2069],[-73,55],[-77,-36],[-366,-159],[-26,-12]],[[6697,1917],[-88,68]],[[6609,1985],[42,20],[385,166]],[[7036,2171],[226,100],[65,6]],[[7327,2277],[25,-109],[-2,-32],[-12,-22]],[[4533,5778],[9,-17],[30,-15],[71,-24]],[[4643,5722],[-53,-2],[-25,-15],[-5,-27],[13,-14],[55,-21],[120,-51],[11,-15]],[[4759,5577],[5,-46],[-26,0],[-199,93],[-27,19],[-40,8]],[[4472,5651],[9,8]],[[4481,5659],[-7,27],[24,4],[-48,35],[-29,-13],[-6,14],[-38,42],[61,27],[86,-20],[9,3]],[[4287,6159],[-13,8],[-24,33]],[[4250,6200],[55,8],[29,9],[17,15],[0,28],[-9,27],[9,31],[22,32],[6,22],[-17,25],[7,3],[77,-39],[24,-29],[14,-26],[0,-27],[-12,-37],[-42,-55]],[[5012,6254],[-13,-35],[3,-28],[11,-31],[15,-20]],[[5028,6140],[43,-12],[-47,-79],[0,-17],[-28,-8],[-6,-12],[10,-32],[-38,-15]],[[4962,5965],[-121,25]],[[4841,5990],[68,7],[29,37],[-20,52],[-41,3],[-9,8],[87,34],[-28,24],[-8,-1],[-133,-51],[-30,24],[-23,-7]],[[4733,6120],[-41,31],[-12,32],[10,22],[32,25],[46,14],[112,19],[56,3],[76,-12]],[[4841,5990],[39,-75]],[[4673,6096],[60,24]],[[5375,6314],[29,-16],[17,-23],[7,-35],[-33,-52],[1,-28]],[[5396,6160],[-22,-14],[41,-25],[-5,-13],[14,-11]],[[5424,6097],[-38,-18],[-12,1],[-31,22],[-29,-3],[-11,15],[-30,-39],[0,-21],[25,-14],[13,-58],[20,-60],[-165,-18]],[[5166,5904],[-11,41],[-58,52],[0,27],[38,78],[-1,14],[-32,6],[-6,18],[-68,0]],[[5012,6254],[135,-29],[56,-2],[53,8],[24,9],[36,22],[55,54]],[[5371,6316],[4,-2]],[[5166,5904],[-18,-7],[-2,-15],[53,-33],[29,-32],[14,-22]],[[5242,5795],[-4,-11],[-21,-14],[-90,-11],[-19,-8]],[[5108,5751],[-92,26],[-64,15],[9,32],[29,7],[-40,43],[-8,22],[7,6],[-8,34],[21,29]],[[5424,6097],[27,4]],[[5451,6101],[-1,-9],[-39,-40],[-1,-8],[25,-17],[23,-24],[18,-44],[19,-6]],[[5495,5953],[-46,-6],[-43,0],[72,-25],[37,-18],[26,-33],[-8,-7],[-49,1],[28,-17],[5,-11],[-16,-6],[-60,-9],[-11,-23],[-158,-11],[-30,7]],[[7239,2069],[-49,-29],[-38,-16],[7,-7],[-43,-19],[-6,-7],[-41,-17],[0,-16],[-63,-29],[-21,-7],[-122,-20],[-59,-40],[-21,-11]],[[6783,1851],[-86,66]],[[6310,3546],[-64,-11],[-73,-1],[-62,-21],[-113,-26]],[[5998,3487],[-196,-47]],[[5542,3512],[389,83],[96,21],[205,43]],[[6232,3659],[37,-48],[41,-65]],[[4476,5951],[-46,-33],[-18,6],[-36,-32],[9,-12],[71,-41],[77,-61]],[[4481,5659],[-15,8],[-60,17],[-34,4],[-60,-8],[-28,3],[-31,12],[-18,16],[-37,0],[-15,16],[17,21],[6,25],[-34,26],[0,12],[-18,30],[-36,38],[-18,7],[-25,20],[-7,22],[18,12],[2,26],[-24,13],[11,20],[-15,12],[6,15],[-22,17],[-5,19],[-68,40],[-36,9],[-10,26]],[[3925,6137],[5,22],[-8,18],[-4,44],[-40,18],[-17,26],[-37,84],[-65,36]],[[3759,6385],[60,37]],[[3819,6422],[76,-27],[81,-32],[41,20],[-14,-40],[56,-39],[46,-70],[29,-19],[8,3],[49,-10],[59,-8]],[[4717,5754],[-74,-32]],[[3925,6137],[-11,-22],[4,-40],[18,-21],[-7,-29],[-20,-25],[-17,-33],[-37,-33],[-64,62],[11,6],[-19,30],[-6,24],[18,17],[-15,7],[31,30],[-30,2],[-19,28],[-40,4]],[[3722,6144],[7,34]],[[3729,6178],[9,41],[4,46],[-8,52],[3,37],[22,31]],[[5590,5986],[-5,-48],[7,-24],[17,-19],[63,-14],[6,-29],[40,-22],[-10,-33],[11,-6],[29,22],[20,-8],[19,-24]],[[5787,5781],[-29,-8],[-47,-25],[-1,-10],[-22,23],[-38,-17],[-19,-1],[-39,26],[-42,-17],[-61,-37]],[[5489,5715],[-35,8],[-8,-18],[-42,-36],[-8,-29],[-24,-9],[-54,0],[-118,27],[-52,19],[-91,15],[-12,4]],[[5045,5696],[58,45],[5,10]],[[5495,5953],[17,11],[11,-13],[25,-6],[13,9],[16,29],[13,3]],[[4472,5651],[-25,10],[-29,-4],[-25,-16],[-63,3],[-52,-1]],[[4278,5643],[-38,18],[-33,8],[-121,38]],[[4086,5707],[-84,13],[-73,23],[10,14],[-4,18],[12,11],[-34,10],[-71,-34],[-53,-39],[-34,-7],[-30,4],[-5,9],[-21,-17],[-24,-10],[-33,5],[-24,10],[-79,6],[-16,-8],[-59,-1],[-17,-8],[-58,8],[-41,9],[5,10],[-35,5],[-23,-7],[-14,5]],[[3281,5736],[40,26],[32,35],[97,115],[38,38],[205,148],[21,22],[8,24]],[[3606,6901],[46,-25],[44,-14],[95,-22],[26,-2],[70,13],[75,20],[39,6],[58,3]],[[4059,6880],[5,-19],[-7,-9],[31,-14],[-49,-35],[-206,-106],[-67,-37]],[[3766,6660],[-2,14],[24,54],[-45,18],[-28,6],[-45,-2],[-51,6],[-11,-16],[-36,-14],[-12,-12],[-18,1],[-21,28],[4,16],[-6,34],[-23,12],[3,21],[-22,7]],[[3477,6833],[10,48],[17,39],[38,37],[19,-4],[45,-52]],[[5470,5176],[-94,14]],[[5376,5190],[21,7],[7,51],[0,36]],[[4937,5387],[-42,-4]],[[4895,5383],[14,59],[63,79],[-2,27],[-21,20],[-109,16],[-45,4],[-36,-11]],[[5045,5696],[-12,-9],[71,-22],[35,-22],[53,-41],[29,-31],[78,-93],[12,-35],[-24,-24],[-34,-9],[-316,-23]],[[6595,4153],[-27,-14],[-10,-25],[18,-25]],[[6576,4089],[-73,-52],[-44,-25],[-206,-45],[-72,-40]],[[5393,3725],[-93,-28],[-105,-8],[-138,-40]],[[5057,3649],[-54,-14]],[[5003,3635],[-15,6],[-42,52],[-22,46]],[[5778,3839],[-81,-41],[-87,-22],[-31,-5],[-85,0],[-40,-8],[-61,-38]],[[5339,2125],[-40,-28],[27,-31],[-69,-16]],[[5257,2050],[-48,-18],[-75,-31]],[[5134,2001],[-69,52],[-88,70],[9,4],[-5,34],[87,37],[-65,51],[119,54]],[[4895,5383],[-77,-6],[-64,10],[-72,19],[-43,15],[-86,36],[-85,18],[-53,-1],[-95,-9],[-51,-7],[-69,-21],[-13,-16]],[[4187,5421],[-116,-26],[-51,-26],[-19,-19],[-30,-18],[-33,-10],[-47,-5],[-25,6],[-62,27]],[[3804,5350],[16,15],[-35,16],[22,21],[-9,8],[-104,-2],[-31,3],[-16,14],[-48,18],[-4,8],[19,9],[42,-4],[78,2],[20,3],[66,22],[94,41]],[[3914,5524],[75,34],[60,33],[39,9],[91,7],[48,11],[51,25]],[[5245,5297],[-1,-14],[28,0],[3,-20],[-15,-32],[12,-9],[29,-2],[3,-12],[20,0],[0,-13],[52,-5]],[[5702,5178],[-13,-7]],[[5689,5171],[-116,-23],[-100,-3],[-129,-2],[-49,-2],[-127,-2],[-48,2],[-69,-4]],[[5051,5137],[-52,-4],[-3,7],[-79,14],[-5,15],[-52,-5],[-23,14],[-23,-6]],[[4814,5172],[-15,11]],[[4799,5183],[11,4],[76,-4],[172,-14],[5,30],[27,-9],[48,-4],[43,2],[23,22],[-67,9],[-23,-1],[-28,6]],[[4976,5291],[-16,76],[5,16]],[[4965,5383],[113,-19],[80,-30]],[[4096,2518],[-72,-37]],[[4024,2481],[-99,58]],[[3925,2539],[-34,17],[-40,11],[-1,9],[-62,17],[-13,9],[-42,0]],[[3733,2602],[16,14],[42,0],[10,29],[39,12],[23,17],[51,-6],[31,3],[18,27],[16,10],[34,6]],[[4013,2714],[45,-2],[45,-14],[13,-8],[17,3],[17,21],[21,6],[38,-5],[27,-15],[7,3],[23,-18],[74,-51],[-63,-33],[-181,-83]],[[4895,5383],[-48,-65],[-36,-64],[13,-10],[-31,-15],[-2,-24],[17,-6],[-9,-16]],[[4799,5183],[-173,97]],[[4626,5280],[-180,103],[-49,19],[-44,1],[-45,-4],[-66,0],[-38,5],[-17,17]],[[4937,5387],[28,-4]],[[5883,5398],[22,4],[35,-54],[-2,-7]],[[5938,5341],[-164,-33]],[[5623,5348],[5,1]],[[5628,5349],[61,26],[-2,12],[83,17],[8,-13],[33,7],[9,-13],[63,13]],[[5673,5483],[32,-6]],[[5705,5477],[-3,-13],[73,-19],[61,-25],[38,-6]],[[5874,5414],[9,-16]],[[5628,5349],[15,17],[-14,38],[-23,18],[-40,18],[-10,34],[12,11],[35,3],[59,-20],[11,15]],[[4079,2309],[-105,27],[-70,21],[40,31],[57,72],[14,13]],[[4015,2473],[31,-10],[40,-4],[55,-15],[-12,-13],[-39,13],[-8,-5],[33,-18],[-5,-18],[48,-10],[114,-31],[-40,-48],[-27,-4],[-104,28],[-22,-29]],[[5489,5715],[41,-27]],[[5530,5688],[-8,-11],[20,-18],[36,-4],[41,-22],[69,-11],[33,2],[34,15]],[[5755,5639],[-4,-22],[-88,-17],[-18,-8],[-22,-33]],[[5623,5559],[-20,-34],[4,-24],[66,-18]],[[5705,5477],[40,3],[161,32]],[[5906,5512],[-17,-47],[0,-19],[-15,-32]],[[5906,5512],[39,11],[2,13]],[[5947,5536],[8,20],[17,11],[44,0],[13,-13],[10,-40],[-2,-12],[-56,-69],[-10,-24],[15,-7]],[[5623,5559],[20,5],[15,21],[25,7],[77,-1],[-20,-23],[34,-11],[131,28],[42,-49]],[[5817,5729],[-18,-6],[-83,-5]],[[5716,5718],[-74,-2],[-112,-28]],[[5787,5781],[21,1],[11,-10],[-2,-43]],[[5458,3639],[41,-70]],[[5100,3486],[7,41]],[[5107,3527],[73,23],[-95,90],[-28,9]],[[5393,3725],[65,-86]],[[6163,5980],[-102,-31],[-99,-26],[-66,-10]],[[5896,5913],[-50,3]],[[5846,5916],[-18,29],[-20,-25],[-23,-16],[16,27],[-5,18],[-58,10],[-29,15],[0,-7],[-43,7]],[[5666,5974],[4,20],[-27,4],[-1,32],[40,4],[-4,22],[-66,2],[18,5],[67,3],[24,6],[6,11],[-19,8],[-124,5],[-75,10],[-58,-5]],[[5396,6160],[185,-45],[65,-8],[109,1],[82,1],[77,-2],[86,-15],[26,-10],[-12,-62],[22,-4],[31,-14],[23,-4],[49,1],[24,-19]],[[5846,5916],[-16,-32],[2,-16],[38,-59],[1,-17],[-39,-34],[-15,-29]],[[5590,5986],[76,-12]],[[5322,5060],[-20,53],[-100,-9],[-18,18],[-133,15]],[[5689,5171],[6,-7],[5,-44],[30,0],[4,-16]],[[6246,2636],[352,-89],[10,4]],[[6608,2551],[9,-3],[105,-99]],[[6722,2449],[-116,-31]],[[6606,2418],[-63,-20],[-39,-37],[-23,-15]],[[6481,2346],[-322,29],[-64,8],[-10,-10],[-30,-8]],[[6055,2365],[-5,14],[7,24],[-18,19],[8,7],[-63,28],[67,180],[10,24],[65,-7],[15,8]],[[6141,2662],[105,-26]],[[5193,3190],[-61,-10],[-150,-29],[-92,-16]],[[4890,3135],[-27,38],[-101,-25],[-41,53]],[[4721,3201],[-19,27],[20,30],[29,21],[132,35],[42,-65],[64,16],[130,27]],[[6482,5754],[67,-14],[49,-22]],[[6598,5718],[0,-9],[-31,-23],[-9,-32],[-58,-14],[-7,-21],[-51,-16],[-20,-27],[-46,-36],[-65,-26],[-33,7],[-25,-4]],[[6253,5517],[-40,-6]],[[6200,5517],[-45,54],[-34,51],[-12,65],[-10,31],[-73,-9]],[[6026,5709],[-39,60],[-27,-14],[8,22],[-44,5],[10,46],[-32,24],[-38,36],[3,15],[29,10]],[[6163,5980],[77,-1],[27,-4],[72,-35],[36,-37],[-3,-32],[11,-31],[16,-22],[49,-34],[18,-23],[16,-7]],[[7590,6125],[1,-3],[-74,-13],[-21,-23],[-20,-62],[-39,-2],[-38,-7],[-21,-10],[-24,1],[-19,11],[2,36],[-81,-1],[-2,5],[31,26],[-5,10],[17,4],[46,32],[24,-4],[33,5],[38,14],[43,4],[80,-3],[25,-10],[4,-10]],[[4814,5172],[24,-52],[5,-23]],[[4843,5097],[-84,-32],[-32,24],[-77,-29]],[[4650,5060],[-98,100],[-35,32],[65,24],[14,12],[30,52]],[[4878,5010],[7,-15],[-101,-18],[22,-39]],[[4806,4938],[-211,-10]],[[4595,4928],[-5,70]],[[4590,4998],[-9,60],[69,2]],[[4843,5097],[13,-39],[22,-48]],[[5217,5047],[-172,-19]],[[5045,5028],[-167,-18]],[[5051,4775],[-76,95],[-99,-25],[-64,91],[-6,2]],[[5045,5028],[62,-183],[80,11],[21,-64]],[[5197,4461],[-101,-13],[-307,-34]],[[4789,4414],[-50,-5],[-85,31],[8,80],[168,19],[329,36]],[[5332,4061],[-200,-24],[-223,-26],[-75,-9]],[[4834,4002],[5,6],[-11,36],[57,-1],[71,13],[34,27],[6,16],[32,13],[-10,31]],[[5018,4143],[-20,33],[-22,2],[-20,23],[21,-2],[297,35]],[[5235,4346],[-53,-5],[-203,-24],[-127,-14],[-209,-24],[-67,-3],[-74,-10],[-24,-11],[-23,3],[-6,11],[-46,-1],[-14,10],[-52,2],[-20,13],[-20,4],[-60,-2],[-2,9],[-32,6],[-36,-5],[-32,2],[-15,21],[79,-7],[34,-14],[33,-5],[80,-6],[70,-8],[143,9],[60,7],[-9,32]],[[4610,4336],[101,10],[98,13],[-20,55]],[[4874,3887],[-20,57]],[[4854,3944],[-20,58]],[[5003,3635],[-87,-61]],[[4477,3644],[-136,5],[-26,2]],[[4315,3651],[-4,38],[27,12],[64,9],[-1,30],[83,6],[332,35],[90,10]],[[7284,2569],[-101,41],[-56,-40],[-41,-22],[-41,-14],[-256,-68]],[[6789,2466],[-40,49],[129,37],[-71,112],[126,54],[81,-39],[55,39],[156,12]],[[7225,2730],[13,-57],[10,-24],[31,-57],[5,-23]],[[5932,2090],[-107,-42],[-61,-162],[-11,-23],[101,-92]],[[5854,1771],[-19,-14],[-28,-10],[-53,-8],[-115,6],[-71,6],[-38,-4],[-71,-16],[-33,-10]],[[5426,1721],[-7,7],[78,26],[119,19],[25,18],[-9,15],[-51,22],[-14,15],[18,30]],[[5585,1873],[20,17],[14,24],[7,53],[-15,84]],[[5611,2051],[151,57]],[[5762,2108],[112,41]],[[5874,2149],[0,-4],[58,-55]],[[4402,3444],[33,28],[200,22]],[[4635,3494],[7,-16],[-33,-19],[16,-9],[-119,-58],[-7,-6],[-97,58]],[[5933,2318],[-22,-60],[-37,-109]],[[5762,2108],[-49,42],[-241,220],[-57,55]],[[5415,2425],[26,9],[49,-3],[181,-17],[87,-4],[74,-9],[33,-23],[51,-52],[17,-8]],[[4624,3158],[-174,-159],[-45,15],[-46,-1],[-51,-21]],[[4308,2992],[-63,51],[60,26],[111,97],[46,-17],[54,48]],[[4516,3197],[108,-39]],[[6609,1985],[-43,29],[27,40],[47,22],[33,24],[24,44],[12,45],[48,23],[181,34]],[[6938,2246],[98,-75]],[[3782,2353],[69,-32],[-64,-43]],[[3787,2278],[-58,-40],[-114,-46],[-59,-21],[-40,-5],[-179,11],[-76,-6],[-121,18],[-30,-5],[-58,54],[-21,7],[-4,33],[16,6],[10,15]],[[3053,2299],[98,-26],[38,-2],[16,-6],[69,-6],[30,8],[82,32],[39,7],[70,-4],[29,10],[70,11],[17,28],[32,-12],[27,13],[48,-33],[37,18],[20,19]],[[3775,2356],[7,-3]],[[6796,3263],[125,-170]],[[6921,3093],[-67,-15],[-9,13],[-77,-17],[-60,-16]],[[6708,3058],[-40,46],[-29,48]],[[6639,3152],[-89,113],[-34,47]],[[6516,3312],[83,24],[123,28]],[[6722,3364],[52,-31],[-26,-8],[48,-62]],[[6382,2921],[-83,140]],[[6299,3061],[65,16],[275,75]],[[6708,3058],[22,-28],[-103,-27],[-97,-32],[-13,-12],[9,-38],[-47,21],[-97,-21]],[[6921,3093],[44,-60]],[[6965,3033],[49,-66]],[[7014,2967],[-82,-18],[-141,-35],[-67,-36]],[[6724,2878],[-75,31],[-84,-21],[-144,-27]],[[6421,2861],[-39,60]],[[7099,2849],[46,-65]],[[7145,2784],[-50,-6],[-145,-11],[-68,-17]],[[6882,2750],[-84,40],[24,5],[-32,26],[-26,32],[-40,25]],[[7014,2967],[85,-118]],[[6882,2750],[-116,-28],[-166,-33],[-52,-47]],[[6548,2642],[-26,43]],[[6522,2685],[-49,99]],[[6473,2784],[-52,77]],[[6789,2466],[-67,-17]],[[6608,2551],[-29,48],[-31,43]],[[7145,2784],[68,4]],[[7213,2788],[12,-58]],[[7284,2569],[-3,-62]],[[7281,2507],[-26,-5],[-234,-52],[-191,-41]],[[6830,2409],[-41,57]],[[7301,2400],[-88,-6],[-54,-44],[-10,-3]],[[7149,2347],[-52,41]],[[7097,2388],[-11,11],[-253,-58],[-37,59],[34,9]],[[7281,2507],[1,-17],[19,-90]],[[7322,2298],[5,-21]],[[6938,2246],[55,11],[156,90]],[[7301,2400],[21,-102]],[[7547,2136],[-66,-22],[-97,-8],[-53,-2]],[[7331,2104],[7,10]],[[7322,2298],[24,7],[195,70],[47,26],[50,12]],[[7638,2413],[7,-38],[-10,-24],[-23,-33],[-59,-70],[-19,-39],[-1,-34],[14,-39]],[[6522,2685],[-276,-49]],[[6141,2662],[7,12],[-49,17],[-48,29],[-29,10]],[[6022,2730],[42,0],[61,-10],[40,7],[41,-4],[39,5],[23,13],[40,0],[30,17],[15,-1],[56,7],[7,16],[57,4]],[[6055,2365],[-122,-47]],[[5415,2425],[-184,-70]],[[5231,2355],[-18,49],[-20,17]],[[5193,2421],[-41,56],[5,24],[11,7],[51,7],[83,-5],[172,-13],[111,-4],[83,8],[68,14],[95,30],[51,23],[46,26],[41,32],[35,42],[29,7],[108,-13]],[[6481,2346],[-81,-84],[-10,-4],[-270,-101],[-109,-44]],[[6011,2113],[-79,-23]],[[6254,2043],[-72,18]],[[6182,2061],[-29,9]],[[6153,2070],[-23,28],[-17,9],[-26,1],[-59,-8],[-21,0]],[[6007,2100],[4,13]],[[6606,2418],[-1,-62],[-19,-27],[-69,-43],[-45,-68],[-22,-19],[-43,-23],[-44,-29],[-54,-46],[-20,-27],[-35,-31]],[[6007,2100],[-37,-38],[-50,-71],[-23,-56],[-12,-45],[-13,-75],[-10,-33]],[[5862,1782],[-8,-11]],[[5611,2051],[-30,28],[-120,94]],[[7571,2087],[18,-39]],[[7589,2048],[-79,-41],[-44,-13],[-39,-3],[-24,-15],[-17,-31],[-8,-34],[15,-35],[-31,-20],[-52,-6],[-47,-26],[-12,-27],[-11,-8],[-55,-19],[-24,-16],[-7,-19],[-28,-17],[-35,-12],[-49,-5],[-27,-12],[-32,2],[-25,7],[-42,-8]],[[6916,1690],[-18,3],[-41,29],[-16,4],[-60,-6],[-29,-22],[0,-23],[-30,-8],[-92,-17]],[[6630,1650],[-3,15],[35,14],[1,22],[-23,5],[-91,-19],[-71,4]],[[6478,1691],[110,27],[302,102],[65,25],[58,30],[46,29],[128,91],[144,109]],[[7547,2136],[24,-49]],[[5585,1873],[-49,26],[-76,26],[-3,8]],[[5457,1933],[-60,16],[-30,41]],[[5367,1990],[-26,34],[-84,26]],[[5457,1933],[-18,-20],[-124,-69],[-56,-7],[-57,35],[85,46],[0,25]],[[5287,1943],[18,14],[62,33]],[[4688,1390],[-58,30],[2,4],[106,50],[39,26],[28,32],[76,39],[42,36]],[[4923,1607],[27,-15],[13,-46],[-17,-35],[-98,-25],[-26,-21],[-17,-29],[-2,-47],[-14,-7],[-78,0],[-23,8]],[[8011,3368],[-1,-50],[51,-50],[-29,-11],[-7,6]],[[7613,3331],[-32,109],[-16,38],[-1,16]],[[5951,1659],[-140,9],[-37,-5],[-3,-22],[-152,14],[-51,3]],[[5568,1658],[19,26],[-22,22],[-13,-3],[-34,-31],[-29,4],[-63,45]],[[5862,1782],[46,-21],[6,-13],[25,-12],[18,1],[4,-13],[-10,-46],[0,-19]],[[6630,1650],[-60,-7],[-78,2],[-43,-2],[-15,-9],[-24,-39],[-63,-9],[-21,-31],[-58,3]],[[6268,1558],[-45,6],[-34,-1],[-53,-16]],[[6136,1547],[-23,-3],[-39,12],[-20,-3],[-24,-26],[-5,-51],[-43,-16],[-63,19],[-55,-6],[-173,-47],[-25,-14],[-49,-41]],[[5617,1371],[-30,1],[-30,21],[-30,11],[-52,-2],[-28,-12],[-23,-20],[-5,4],[-34,65],[-30,20],[87,35],[31,8],[77,11],[157,18],[39,6],[-23,32],[2,17],[-72,3],[-56,6],[-37,27],[-9,12],[17,24]],[[5951,1659],[3,-14],[27,-1],[12,-24],[-11,-29],[42,-4],[93,18]],[[6117,1605],[17,4]],[[6134,1609],[172,39],[98,26],[74,17]],[[6182,2061],[-42,-54],[22,-19],[-58,-77]],[[6104,1911],[-38,9],[1,41],[-5,54],[49,62],[42,-7]],[[6254,2043],[-34,-51],[-9,-31],[5,-35],[-10,-12],[-47,-18],[-55,15]],[[7882,1874],[-41,-73],[-23,-9],[-34,12],[-73,74],[-35,-10],[-21,1]],[[7655,1869],[-27,77]],[[7628,1946],[-39,102]],[[7589,2048],[54,27],[20,19],[9,21],[53,1]],[[7725,2116],[32,-36],[12,-2],[-7,-46],[9,-14],[-11,-4],[1,-24],[25,-52],[11,-48],[21,-8],[64,-8]],[[8210,2430],[-19,-16],[-50,-15],[-59,-13],[-67,6],[-20,-7],[-4,-37],[3,-28],[13,-41],[2,-27],[-11,-25],[-58,-58],[-24,-31],[-4,-49],[-45,-62],[-2,-24],[33,-64],[2,-32]],[[7900,1907],[-18,-33]],[[7725,2116],[16,25],[7,41],[38,63],[2,31]],[[7788,2276],[-4,27],[4,20],[100,70],[37,19],[33,11],[38,-1],[50,-6],[48,6],[62,15],[53,6]],[[8209,2443],[1,-13]],[[7062,4618],[11,-30],[-302,-35],[20,-62]],[[6513,4461],[-17,60]],[[6467,4632],[97,1]],[[6750,4652],[28,-8],[7,-19],[277,-7]],[[6783,1851],[-38,-10],[-103,-34],[-72,-18],[-18,23]],[[6552,1812],[12,34],[-20,19],[-39,-20],[7,62],[13,16],[65,45],[19,17]],[[6134,1609],[-1,18],[28,10],[35,21],[14,17],[19,-3],[-9,-20],[26,3],[13,20],[22,10],[81,16],[89,43],[53,37],[35,19],[13,12]],[[7571,2087],[40,20],[12,37],[-13,19],[53,41],[-11,7],[63,46],[12,38],[24,-13],[37,-6]],[[7832,1494],[21,-4],[42,-73]],[[7895,1417],[26,-44],[-11,-3]],[[7910,1370],[-15,-6]],[[7895,1364],[-30,54],[-49,-7],[-41,-26],[-41,0],[-49,-69],[-211,45],[-266,59],[-12,5]],[[7196,1425],[46,71],[-129,31],[9,14],[39,1],[102,10],[51,11],[53,16],[62,25]],[[7429,1604],[36,18],[72,52]],[[7537,1674],[-21,-38],[-68,-105],[334,-73],[20,31],[30,5]],[[8178,1863],[-1,-34],[-66,-21],[70,-76]],[[8181,1732],[-132,-46],[24,-25],[-96,-31],[-69,-8],[15,24],[0,18],[-22,27],[-41,42],[-55,50],[-74,-24],[-7,-12],[15,-40],[-26,4]],[[7713,1711],[-9,27],[-13,-2],[-25,72],[9,2],[-20,59]],[[7900,1907],[17,6],[23,-34],[34,-15],[89,54],[78,-39],[37,-16]],[[8181,1732],[24,-22],[55,-62],[22,-30],[3,-24]],[[8285,1594],[-39,3],[-7,-14],[-47,-14],[-22,0],[-2,-17],[-38,-42],[-29,-18],[-25,-29]],[[8076,1463],[-17,6],[-80,-35],[-23,-7],[-17,-19],[-44,9]],[[7832,1494],[-86,138]],[[7746,1632],[-33,79]],[[7638,2413],[47,15],[29,28]],[[7714,2456],[15,-7],[-7,-20],[13,-13],[24,8],[23,35],[54,7],[51,15],[24,23],[29,18],[34,7],[42,-5],[21,-38],[15,-11]],[[8052,2475],[20,-6],[41,-2],[57,4],[28,-6],[11,-22]],[[8244,1363],[-22,21],[-22,3],[-41,67],[-23,-10],[-60,19]],[[8285,1594],[3,-41],[10,-31],[41,-47],[35,-50],[-86,-19],[-11,-29],[-33,-14]],[[7537,1674],[198,-43],[11,1]],[[7071,1072],[-6,-195]],[[7065,877],[-153,1]],[[6912,878],[3,74],[-54,1],[3,119]],[[6864,1072],[177,-1],[30,1]],[[7429,1604],[-86,58],[-51,-20],[-70,-17],[-76,-7],[-51,2],[-84,11]],[[7011,1631],[-93,21],[-109,0],[-35,10],[34,19],[52,6],[51,-2],[5,5]],[[7628,1946],[-38,-9],[-16,-12],[-100,-26],[-11,-88],[-10,-51],[129,-20],[-45,-66]],[[7011,1631],[-49,-71]],[[6962,1560],[-57,12],[-15,-24],[-103,33],[6,-11],[-138,-34],[-184,-46],[-23,29],[-16,32],[4,9],[55,14],[96,39],[48,14],[-5,23]],[[7196,1425],[-278,62],[44,73]],[[7065,877],[-1,-146],[161,-1]],[[7225,730],[0,-33]],[[7225,697],[-164,1],[-3,-79],[-56,0],[-2,-39],[42,-4],[-4,-41],[-66,-35],[-35,-2],[-29,4],[-25,16],[0,26],[-78,2],[-28,-17],[5,-14]],[[6782,515],[-57,1],[-19,-5],[-64,-3],[-20,-10],[-5,19],[-29,18]],[[6588,535],[23,22],[68,28],[23,15],[79,32],[41,24],[13,48],[16,35],[35,19],[-12,5],[33,25],[-10,4],[24,23],[17,-4],[25,32],[-29,8],[-22,27]],[[7139,1297],[1,-11],[164,-2],[3,-21]],[[7307,1263],[-233,1],[-3,-192]],[[6864,1072],[1,112]],[[6865,1184],[3,115],[-21,1],[0,32],[160,-3],[0,-31],[132,-1]],[[7910,1370],[55,-91],[31,-69]],[[7996,1210],[-16,-10]],[[7980,1200],[-48,7],[-38,-6],[-76,-36],[25,-15],[-106,-58],[-69,41],[-50,-23],[-59,-20],[-50,-10],[-4,33]],[[7505,1113],[7,112],[-59,36],[-146,2]],[[7139,1297],[-6,21],[-22,10],[-101,28],[-75,13],[-28,21],[-7,18]],[[6900,1408],[29,5],[58,-18],[19,-9],[37,-8],[25,0],[27,-11],[39,1],[59,-11],[61,-17],[64,-2],[38,2],[32,-5],[31,-11],[46,-9],[37,0],[13,-5],[26,-29],[96,-14],[32,-13],[27,-1],[23,22],[3,20],[16,10],[77,4],[11,11],[69,44]],[[7980,1200],[-35,-22],[-28,-9],[-24,-19],[-10,-21],[-21,-20],[-25,-15],[-12,-18],[-15,-1],[-22,-23],[-6,-34],[-16,-23],[2,-29],[-36,-24],[-9,-28],[4,-27],[-48,-45],[-29,-23],[-36,-13],[-41,-46],[13,-16],[-12,-26],[-24,-15],[-2,-17],[45,-19],[11,-16],[-43,-13]],[[7561,638],[-51,-1],[-21,4],[-21,28],[-17,11],[-62,12],[-36,13],[-41,1],[-19,-10],[-68,1]],[[7225,730],[2,99],[68,1],[6,242]],[[7301,1072],[1,41],[203,0]],[[7301,1072],[-230,0]],[[8306,3367],[-63,-116],[-15,-32],[-18,-12],[-60,-16],[-25,-1],[-41,11],[-11,-2],[14,-23],[15,-49]],[[7692,3083],[-29,98]],[[6864,1072],[-84,0]],[[6780,1072],[-39,-24],[-33,-26],[-130,-47],[-129,108],[-106,-42],[-79,-29],[16,-15],[107,-89],[-47,-17]],[[6340,891],[-36,-12],[-165,-49],[-37,-8]],[[6102,822],[-1,12],[-16,18]],[[6085,852],[91,61],[-2,15]],[[6174,928],[0,57],[21,86]],[[6195,1071],[8,16],[-4,26],[7,49]],[[6206,1162],[135,-1],[14,5],[80,75],[43,-3],[84,-30],[23,-4],[144,-1],[0,-65],[63,-1],[73,47]],[[3914,5524],[-27,30],[46,22],[38,10],[69,33],[49,32],[-51,16],[18,39],[30,1]],[[6214,594],[-22,-47],[-137,-41],[-19,0],[-88,31]],[[5948,537],[13,45],[17,27],[77,98],[3,50],[42,62]],[[6100,819],[11,-30],[84,-162],[19,-33]],[[6588,535],[-32,-9],[-52,-38],[-12,2],[-43,-36],[-16,-33],[-99,-31],[-16,-15],[-32,-12],[-23,-16]],[[6263,347],[-35,4],[-45,-42],[-61,-50],[-60,-39],[-24,4],[9,86],[-5,30],[-15,15]],[[6027,355],[-7,6],[52,26],[-32,27],[-1,16],[25,28],[21,14],[46,23],[79,12],[23,-4],[39,-28],[35,5],[5,24],[41,-26],[45,-19],[74,74],[30,23]],[[6502,556],[86,-21]],[[6361,824],[-65,-13],[-96,-25],[20,-45],[43,-24],[27,-57],[2,-16],[-20,-15],[-18,-23]],[[6254,606],[-40,-12]],[[6100,819],[2,3]],[[6340,891],[11,-23],[10,-44]],[[5621,776],[-34,6],[-206,-14],[-56,0],[-54,5],[-65,-2]],[[5206,771],[-9,27],[-11,98],[-12,47],[-21,6],[26,13],[30,2],[9,45],[0,29],[13,10]],[[5231,1048],[67,-7],[15,-11],[6,-20],[-5,-31],[11,-57],[9,-19],[32,-31],[58,-44],[47,-21],[17,-13],[94,9],[39,-27]],[[6263,347],[-1,-19],[-21,-28],[-32,-7],[-7,-8],[0,-32],[-36,-29],[-28,-8],[-43,-19],[-33,0],[-30,-9],[-72,-43],[-5,-19]],[[5955,126],[-18,20],[14,21],[-107,43],[-20,5]],[[5824,215],[11,23],[-51,12],[8,12],[17,89],[59,-6],[26,-9],[6,-9],[27,-9],[5,-10],[-12,-48],[30,-12],[11,56],[38,13],[-25,18],[-3,11],[56,9]],[[6158,4837],[40,-114]],[[6136,1547],[-12,-11],[-53,-14],[-12,-7],[19,-59],[21,-22],[38,-17],[7,-24],[-26,-21],[-21,-6],[32,-6],[34,-58],[24,-47],[17,-49]],[[6204,1206],[-107,-7],[-123,-10],[-111,-7]],[[5863,1182],[-97,-8],[-66,-3],[-46,-6],[-38,-9],[-73,1],[-17,12],[-30,-15],[-21,18],[-47,7],[-70,-2],[-50,9],[-7,17],[-25,13]],[[5276,1216],[87,8],[93,17],[170,57],[40,9],[-15,26],[-34,38]],[[6174,928],[-28,-3],[-83,-19],[-28,-4],[-102,-5],[-53,51],[-64,68],[14,10],[60,18]],[[5890,1044],[67,23],[-12,14],[173,13],[5,-30],[72,7]],[[5890,1044],[-50,60],[68,21],[-45,57]],[[6204,1206],[2,-44]],[[7613,3331],[-142,-17],[-131,8]],[[7340,3322],[4,58],[-5,34],[-14,43],[-89,-14],[-162,-23]],[[7074,3420],[-12,56],[-6,10]],[[7056,3486],[56,23],[258,95],[83,33],[66,19]],[[4969,1224],[35,-12],[48,-9]],[[5052,1203],[23,-33],[49,-44],[14,-21],[4,-24],[21,-1],[47,-16],[21,-16]],[[5206,771],[-50,-17]],[[5156,754],[-51,3],[-180,0]],[[4925,757],[-24,33],[6,36],[-29,31],[9,23],[-35,20],[15,41],[-37,11],[-36,29],[-48,4],[-76,79],[-16,33],[-44,105],[4,18],[-19,14],[64,15],[56,10],[40,1],[101,-17],[19,-9],[30,-25],[32,-1],[32,16]],[[7340,3322],[-19,-60],[-109,19],[-34,-46]],[[7178,3235],[-90,25],[-191,55],[-31,-24],[-70,-28]],[[6722,3364],[352,56]],[[7633,3268],[-198,-22],[-14,-35],[11,-44],[36,-109]],[[7468,3058],[-109,-9]],[[7359,3049],[-93,-12],[-123,71]],[[7143,3108],[-5,4],[-15,75],[18,8],[37,40]],[[7143,3108],[-1,-11],[-76,-35],[-101,-29]],[[8308,3750],[17,-27],[-3,-17],[12,-23],[-20,-43],[-28,-16],[-75,-25]],[[7867,3691],[-17,58],[53,53]],[[7903,3802],[47,40],[52,55],[30,5],[15,-8],[37,-78],[87,20],[41,-43],[26,-52],[70,9]],[[5156,754],[-75,-31],[-143,-43],[-29,-11]],[[4909,669],[1,62],[-29,1],[-2,16],[-46,-19],[-71,-7],[-62,3],[-18,6],[-24,30],[6,50],[30,17],[11,27],[47,0],[46,-19],[-2,-25],[17,-13],[35,-9],[3,-17],[26,-14],[48,-1]],[[8417,3591],[-9,-27],[5,-9],[34,-11],[-31,-21],[16,-17],[25,-5],[9,22],[22,-1],[21,-36],[52,-13],[27,-142],[31,-27],[14,-40]],[[8633,3264],[-16,-8],[23,-18],[44,-24],[5,-48],[-34,-29],[-72,6],[-12,-64],[23,-38],[9,-23],[-17,-24]],[[8586,2994],[-21,14],[-8,26],[-43,-3],[0,-14],[-72,3],[10,77],[-2,11],[-34,31],[-30,-17],[-50,-10],[-3,-8],[23,-14],[12,-18],[-9,-73],[33,-6],[1,-11],[-157,5]],[[8236,2987],[11,57],[-18,16],[-29,4],[-108,-121]],[[8308,3750],[6,33],[23,2],[19,-8],[25,16]],[[8381,3793],[15,-31],[18,-55],[24,-33],[-5,-8],[4,-39],[-31,-31],[11,-5]],[[8586,2994],[1,-20],[16,-50],[-40,-63],[-45,-19],[-14,-15],[11,-21],[-7,-8]],[[8508,2798],[-44,0],[-13,-17],[22,-5],[4,-14],[-18,-10],[-41,-9],[-30,10],[1,52],[5,25],[-59,1],[-9,-82],[-118,4]],[[8208,2753],[-67,3]],[[8141,2756],[19,137],[65,-3],[11,97]],[[8141,2756],[-7,-49],[-34,-123],[0,-35],[-38,-54],[-10,-20]],[[7714,2456],[101,122],[11,27],[-2,20],[-13,42]],[[7811,2667],[-50,161]],[[9398,2254],[-58,-14],[-40,-95],[-47,-41],[-31,-15],[-23,-3],[-35,8],[-17,-10],[-23,0],[-15,12],[-67,82],[-23,17],[-30,32],[-93,54],[-160,135],[-63,52]],[[8673,2468],[32,13],[41,4],[68,-4],[72,12],[28,0],[21,-31],[21,-18],[77,-47],[63,-77],[57,0],[110,11],[67,5],[109,-4],[14,-16],[-55,-62]],[[7979,4304],[38,-17],[19,-32],[102,-14]],[[8138,4241],[-22,-52]],[[7727,4087],[-73,76],[-96,-14],[-10,3]],[[7548,4152],[45,29],[33,38],[28,58],[49,82],[32,18]],[[7735,4377],[66,5],[41,-6],[38,-12],[49,-35],[50,-25]],[[8208,2753],[-4,-39],[-35,-136],[-3,-21],[296,42],[96,22],[17,39],[14,16],[49,25],[64,22]],[[8702,2723],[50,-17],[66,-35],[6,-21],[-21,-21],[-63,-30],[-89,-23],[-26,-22],[-22,-34],[-69,-26],[-50,-12],[-74,-23],[-38,-7],[-69,-5],[-46,-15],[-26,-3]],[[8231,2429],[-21,1]],[[7761,2828],[-141,-8]],[[7620,2820],[-226,141],[74,97]],[[7359,3049],[-55,-36],[-57,-29],[84,-57],[-131,-49],[-101,-29]],[[7620,2820],[-163,-13]],[[7457,2807],[-130,-9],[-114,-10]],[[7811,2667],[-315,-25]],[[7496,2642],[-39,165]],[[7638,2413],[-17,20],[-31,20],[-180,73]],[[7410,2526],[-34,38],[-14,35],[-28,22],[56,27],[27,-35],[19,-3],[43,29],[17,3]],[[7410,2526],[-126,43]],[[7839,4773],[24,-5],[43,-43],[61,-32]],[[7967,4693],[21,-19],[56,-80]],[[8044,4594],[-23,-7],[-13,-13],[-13,-28]],[[7995,4546],[-70,4],[-5,4],[-161,2],[-4,48]],[[7755,4604],[-13,113],[-62,-1],[-6,60]],[[7674,4776],[165,-3]],[[7420,4610],[-12,-141]],[[7408,4469],[-215,8]],[[7062,4618],[238,-6],[120,-2]],[[6583,4217],[94,8],[-19,61],[291,35],[323,38],[6,42],[-71,3],[-14,73]],[[7408,4469],[-10,-95]],[[7398,4374],[-74,-13],[-125,-55],[-189,-80],[-32,-12]],[[6978,4214],[-71,-16],[-114,-15],[-70,-7],[-57,-14],[-26,-16],[-45,7]],[[8840,3469],[-47,-17],[43,-37],[111,-90],[11,-21],[-50,-25],[-62,-20],[-37,30],[-28,2],[-99,-36],[-26,-2],[-23,11]],[[8417,3591],[21,4],[8,-19],[12,-4],[48,24],[29,7],[67,8],[22,6],[34,17],[-14,30],[-24,-3],[-18,-17],[-2,33],[16,19],[-6,52],[12,30],[37,7],[15,-52],[-16,-6],[3,-11],[-17,-46],[18,-26],[-5,-17],[-40,-15],[-82,-11],[-32,-9],[-37,-21],[-15,-1],[-15,21],[-18,-5],[-7,-20],[8,-12],[42,-8],[34,0],[52,19],[57,-11],[57,-28],[22,-5],[23,-32],[75,-20],[57,13],[2,-13]],[[8659,2368],[-58,-76],[-28,-65],[-6,-38],[-30,-15],[-66,6],[-20,-4],[-14,-15],[5,-60],[-19,-56],[-47,-53],[-10,-19]],[[8366,1973],[-31,-3],[-32,7],[-310,-3],[-23,-5],[-47,-21],[-23,-41]],[[8231,2429],[25,-27],[-7,-15],[55,-11],[30,15],[56,8],[65,-5],[49,23],[8,9],[67,16],[57,8]],[[8636,2450],[-19,-7],[-10,-15],[9,-17],[43,-43]],[[8872,2085],[-135,-38],[67,-63],[-59,-21],[-15,-38],[-61,-27]],[[8669,1898],[-57,43],[-44,18],[-38,11],[-76,11],[-72,-3],[-16,-5]],[[8659,2368],[36,-26],[23,-28],[131,-199],[23,-30]],[[7755,4604],[-129,2]],[[7626,4606],[-20,170],[68,0]],[[8049,5140],[-30,-10],[7,-41],[2,-65],[6,-15],[29,-28],[24,-15],[68,-73],[31,-24],[35,-9],[56,-6],[12,-6],[-70,-23],[-44,-21],[-7,-12],[12,-28],[-27,-30],[-20,-3],[-24,-38],[0,-36],[-41,3],[-47,13],[-54,20]],[[7839,4773],[11,10]],[[7850,4783],[64,-27],[10,8],[101,-39],[20,19],[-11,7],[17,19],[-19,30],[-13,4],[21,28],[-85,32],[12,11],[-21,8],[9,7],[25,-10],[-9,12],[7,16],[0,25],[-37,11],[-5,13],[23,48],[-3,53],[-18,-1],[2,17],[-93,5],[-51,27],[-35,29],[41,2],[25,-33],[20,-12],[13,27],[16,9],[47,-1],[2,35],[41,-1],[0,-9],[30,16],[53,-28]],[[8409,4255],[-14,-32],[-19,-11],[-1,-33],[-16,-6],[-69,1],[-18,-4],[-25,-31],[34,-6],[27,-14],[33,-7],[31,-22],[14,-26],[18,-18],[7,-19],[-8,-13],[-24,-12],[-31,-51],[-21,-19],[-34,-20],[-18,-4],[-12,-17],[11,-21],[39,-30],[34,-9],[34,-38]],[[7903,3802],[-20,58]],[[7883,3860],[-13,52],[10,22],[-76,77]],[[8138,4241],[130,-16],[19,1],[29,23],[41,61]],[[8357,4310],[10,-6],[12,-29],[30,-20]],[[7804,4011],[-105,-10],[15,-53],[-116,-13],[-159,-15]],[[7439,3920],[-17,53]],[[7422,3973],[-43,135]],[[7379,4108],[134,31],[14,5]],[[7527,4144],[21,8]],[[7883,3860],[-414,-42]],[[7469,3818],[-30,102]],[[7519,3656],[-17,55]],[[7502,3711],[-33,107]],[[7527,4144],[-35,56],[-91,142],[2,26]],[[7403,4368],[88,2],[244,7]],[[6513,4461],[-97,-12],[-190,-21],[-149,-18],[-137,-15],[-26,26],[-59,5],[-38,-17],[-8,-28],[-60,-9],[-191,-20]],[[6123,3814],[-147,-39],[-106,-30],[-80,-18],[-332,-88]],[[6081,3874],[42,-60]],[[6123,3814],[69,-94],[40,-61]],[[6400,3428],[71,-57],[45,-59]],[[6516,3312],[-157,-17],[-78,-17]],[[6281,3278],[-52,70],[-129,-11],[-102,150]],[[6310,3546],[90,-118]],[[6281,3278],[-155,-43],[-155,-32]],[[7137,4044],[-337,-110],[-39,-12]],[[6761,3922],[-124,152],[-41,6],[-20,9]],[[6978,4214],[18,-25],[141,-145]],[[7379,4108],[-147,-34],[-95,-30]],[[7398,4374],[5,-6]],[[7422,3973],[-224,-73],[-333,-106]],[[6865,3794],[-58,72]],[[6807,3866],[-46,56]],[[7502,3711],[-97,-10],[-53,99],[-22,37],[-31,-9],[-33,-22],[-67,-40],[-67,-32],[-147,-48],[-51,-11]],[[6934,3675],[-69,119]],[[7056,3486],[-22,38]],[[7034,3524],[-100,151]],[[6807,3866],[-242,-56],[-33,38],[-39,65],[-258,-68],[-112,-31]],[[6865,3794],[-141,-30],[-93,-21],[-289,-60],[-110,-24]],[[6934,3675],[-147,-30],[-161,-36],[-85,-16],[-94,-20],[-137,-27]],[[7034,3524],[-45,-16],[-128,-39],[-39,50],[-155,-76],[-64,20],[-6,8],[-90,-21],[-107,-22]],[[8305,4579],[0,-11],[41,-58],[60,-16],[0,-28]],[[8406,4466],[-11,-1],[16,-44],[-37,-9],[-18,-15],[32,-30],[-2,-9],[-22,-12],[-7,-36]],[[7979,4304],[114,-9],[36,4],[19,11],[2,15],[-88,55],[-24,20],[-37,46],[-13,39],[-2,24],[9,37]],[[8044,4594],[99,-11],[30,1],[71,10],[61,-15]],[[7420,4610],[206,-4]],[[4452,7799],[-19,-8],[-18,16],[-53,-34],[-94,52],[-6,9],[-62,26]],[[4200,7860],[14,10],[28,2],[58,-5],[30,-9],[69,-13],[42,-21],[11,-25]],[[8827,4594],[-34,20],[-37,10],[-34,-4],[-26,-10],[27,-9],[16,-18],[12,7],[21,-37],[-1,-13],[-38,-7],[-16,-13],[-30,-38],[-5,-14],[7,-30]],[[8689,4438],[-51,-1],[-32,8],[-12,-14],[-50,21],[-64,7],[14,15],[-20,-8],[-43,10],[-25,-10]],[[8305,4579],[24,3],[-17,22],[-19,38],[4,19],[24,21],[26,-7],[-16,-29],[13,-13],[47,-12],[99,2],[55,5],[41,10],[88,35],[64,13],[12,8],[4,37],[-10,30],[-2,27],[12,33],[1,19],[14,36],[38,24]],[[8807,4900],[40,24],[11,-2],[21,-23],[29,-11],[19,9],[3,32],[80,-23],[21,1],[-1,-15],[-50,6],[-47,1],[-5,-13],[8,-21],[-39,-5],[26,-47],[-22,-4],[-28,62],[-2,14],[-46,-5],[-13,-20],[2,-17],[-28,-7],[-6,-12],[-7,-47],[8,-32],[13,-21],[-1,-19],[8,-22],[-23,-15],[7,-16],[39,-4],[22,-14],[0,-28],[-19,-12]],[[8827,4594],[61,-36],[69,-15],[110,-14],[9,-5]],[[9076,4524],[4,-19],[-40,-5],[-42,1],[-8,-21],[-19,-6],[25,-31],[-30,-24],[-17,0],[-10,-42],[-27,5],[-25,-15],[-28,8],[-24,-21],[-17,7],[-41,-12]],[[8777,4349],[-5,4]],[[8772,4353],[-71,61],[-12,24]],[[8309,5813],[0,-11],[-41,7],[4,-43],[34,-36],[26,-10],[-6,-63],[-33,-4],[29,-50],[28,-13],[61,-9],[27,4],[22,11],[47,8],[22,8],[37,-30],[37,-26],[15,-19],[5,-28],[27,-54],[-13,-25],[-81,-34],[-21,10],[-90,29],[-31,19],[-42,15],[-17,17],[-36,19],[-31,27],[-63,24],[-9,9],[3,25],[41,21],[-2,46],[-6,15],[7,22],[-29,7],[-50,20],[-4,36],[21,31],[31,13],[29,4],[8,38],[-6,38],[24,8],[31,-35],[-23,-5],[18,-36]],[[8170,5617],[-22,-4],[-31,26],[11,17],[22,4],[21,-12],[-1,-31]],[[5126,9946],[10,-3],[37,9],[87,-10],[69,-1],[15,-6],[33,1],[-17,-14],[73,-40],[-68,-9],[-72,-2],[0,-10],[-21,-16],[5,-24],[33,-9],[30,-31],[14,-31],[-14,-8],[-13,-20],[48,-11],[8,-16],[-15,-34],[-36,-23],[-15,-1],[-4,-16],[25,-16],[29,5],[21,10],[59,6],[-8,-22],[-45,-7],[-15,-14],[30,2],[39,-9],[-41,-24],[-42,6],[-2,-19],[-16,-16],[-7,-20],[70,-46],[-16,-13],[-89,43],[-17,-13],[-11,-20],[-40,28],[-1,33],[25,36],[5,23],[-76,-9],[-58,2],[-41,38],[-73,34],[-9,10],[-8,31],[5,31],[34,22],[27,45],[-6,69],[16,6],[10,22],[18,15],[-10,15],[-34,13],[-5,10],[14,10],[-26,13],[-24,1],[-30,12],[3,9],[-16,17],[53,9],[8,-13],[29,-19],[59,-21]],[[6117,1605],[-9,16],[7,44],[65,50],[13,37],[24,22],[38,4],[5,10],[30,8],[18,26],[12,9],[24,32],[-4,24],[18,7],[-3,28],[26,30],[-15,19],[42,9],[22,10],[12,25],[-10,7],[-7,23],[19,6],[-5,13],[27,19],[16,25],[60,27],[-15,13],[-3,25],[27,31],[37,12],[33,32],[24,-2],[39,13],[57,0],[19,10],[37,0],[43,6],[57,29],[35,7],[40,0],[75,35],[38,36],[12,6]],[[6085,852],[-80,-25],[-87,-32],[-87,-19],[-34,-3],[-97,7],[-79,-4]],[[5052,1203],[29,0],[156,12],[39,1]],[[8669,1898],[89,-86]],[[8758,1812],[-15,1],[1,-37],[-129,-29],[-182,-44],[-61,-18],[-64,80],[-43,73],[-18,13],[-69,12]],[[4024,2481],[-9,-8]],[[4079,2309],[-13,-15],[47,-46],[44,15],[14,-8],[23,2],[42,-10],[8,-20],[16,-12],[63,-9],[12,-7],[50,-8],[26,-11],[45,-7]],[[4456,2173],[-32,-12],[-30,-21],[-27,-38],[-22,-20],[-54,-34],[-18,-5]],[[4273,2043],[-30,-3],[-48,2],[-27,-10],[-41,-22],[-83,-26],[-74,-49],[-27,-2],[-47,15],[-52,11],[-34,-1],[-53,-16]],[[3757,1942],[12,37],[48,11],[75,0],[32,9],[-10,17],[22,17],[-12,43],[6,15],[-9,19],[-26,20],[4,62],[-10,7],[-10,31],[4,15],[-57,13],[-39,20]],[[3782,2353],[64,22],[17,12],[19,-5],[-2,17],[-62,7],[-46,23],[7,8],[-65,13],[4,13],[-32,4],[-10,14],[161,-10],[40,3],[15,11],[-23,14],[-40,12],[-5,17],[-38,17],[11,6],[18,-7],[27,13],[25,-13],[16,3],[26,-12],[16,4]],[[7561,638],[-36,-17],[-84,5],[13,-22],[-4,-16],[-46,-24],[-37,-5],[-65,-41],[-19,-39],[-35,-16],[-40,-31],[-25,0],[-30,-13],[-27,-4],[-35,-22],[-72,-19],[-20,-38],[-49,-16],[-32,-4],[-16,-24],[-101,-36],[-77,-17],[-42,-1],[-54,-23]],[[6628,215],[-15,18],[-42,4],[-5,7],[-38,-13],[-20,-14]],[[6508,217],[0,10],[24,19],[11,44],[20,21],[35,23],[13,28],[30,21],[8,-6],[9,-39],[34,-5],[14,21],[-3,20],[38,41],[-17,20],[19,22],[48,20],[2,28],[-11,10]],[[6502,556],[18,14],[-21,13],[-13,-16],[-30,-17],[-36,-8],[-13,-30],[-8,16],[-27,10],[-37,-8],[-42,19],[22,38],[-63,13],[2,6]],[[6361,824],[18,-24],[16,-9],[26,3],[46,36],[45,-20],[54,-8],[61,51],[68,-10],[40,39],[49,35],[9,-4],[45,6],[0,16],[-16,11],[0,16],[14,14],[-6,18],[0,35],[15,14],[-63,0],[-2,29]],[[5824,215],[-88,18],[-15,7],[15,31],[3,36],[10,43],[17,21],[63,54],[13,26],[55,31],[51,55]],[[5287,1943],[-24,-21],[-36,-5],[-21,-19],[-48,-2],[-19,-6],[13,-18],[-31,-37],[-33,-23],[-24,-3],[-22,-24],[-23,-10],[-30,-2],[-20,-8],[-85,0],[-9,-25],[-40,-1],[-50,-31],[-36,-1],[-24,-12],[-33,-3],[-67,-31],[-1,-14],[-21,-22],[-5,-15],[-29,-6]],[[4569,1604],[-43,16],[-70,12]],[[4456,1632],[17,22],[6,20],[55,5],[13,11],[-4,17],[-18,-17],[-31,11],[74,71],[15,-4],[33,69]],[[4616,1837],[68,11],[37,15],[40,31],[41,22],[69,29],[78,46],[78,-35],[107,45]],[[5182,2641],[-111,20],[-33,-3]],[[5038,2658],[-19,12],[-56,26],[-19,13],[11,10],[-29,50],[-54,110],[69,27],[161,50]],[[5102,2956],[95,27],[103,36]],[[5837,3168],[57,-85],[6,-16],[-18,-7],[-14,-25],[11,-23]],[[5879,3012],[-32,-5],[-29,-12],[-49,-8],[-69,-35],[-66,-22],[-36,-36],[-61,-22],[-207,-65],[-31,-13],[-119,-60],[-31,-23],[-15,-18],[15,-32],[33,-20]],[[4456,1632],[-23,2],[-131,-13],[-16,-5],[-62,12],[-54,1],[-27,-6],[-67,3],[-18,-22],[-36,-4],[-10,-23],[-36,-31],[-36,-60],[-11,-33]],[[3929,1453],[-22,-41]],[[3907,1412],[-56,-2],[-32,18],[-60,20],[-7,11],[-84,17],[-2,7]],[[3666,1483],[11,12],[81,61],[14,17],[12,53],[39,29],[55,17],[47,6],[84,7],[35,20],[-66,22],[1,9],[33,41],[24,18],[42,4],[38,19],[11,20],[40,17],[37,2],[23,9],[49,-37],[35,7],[76,10],[32,10],[37,3],[44,-12],[92,-11],[24,1]],[[4688,1390],[-55,-3],[3,-13],[22,-21],[-21,-9],[-55,-10],[-51,-22],[-4,-7],[21,-45],[73,13],[150,38],[76,15],[5,-28],[22,-27],[27,-19],[68,-28]],[[4909,669],[-48,-21],[-28,-22],[-10,-32],[-11,-9],[-170,2],[-117,15],[-48,5],[-107,2],[-30,-43],[-14,-29],[-50,-21],[-79,-18],[-45,6],[-42,-9],[-156,30],[-102,28],[-73,-1],[-31,-39],[-46,11],[-72,-10],[-11,-40],[-31,-16],[-90,14],[-21,-1],[-59,-15],[-58,-22],[-57,-4],[-51,7],[-47,-2],[-102,8],[-109,11],[-16,8],[-3,14],[-51,11],[-41,20],[-44,28],[-131,59],[-14,9],[-50,62],[-45,38],[-37,55],[-36,38],[-51,37],[-28,67],[39,5],[58,-7],[49,-17],[27,2],[112,52],[4,27],[-190,21],[-148,7],[-134,0],[-238,8],[-92,6],[3,34]],[[1937,1038],[91,10],[15,7],[26,-1],[79,27],[48,-1],[44,9],[13,12],[35,7],[22,-1],[29,41],[53,5],[56,18],[19,-2],[58,-36],[21,1],[51,-8],[23,3],[59,-16],[60,22],[46,-9],[31,16],[46,10],[59,20],[48,21],[36,24],[72,35],[65,3],[69,13],[42,14],[49,3],[44,27],[55,22],[61,9],[16,24],[25,18],[57,12],[44,24],[39,-46],[55,-2],[102,-13],[57,0],[43,4],[7,48]],[[3929,1453],[56,-6],[43,-9],[56,9],[54,-9],[42,-14],[22,32],[35,-29],[18,2],[77,22],[61,-4],[41,11],[22,24],[99,33],[79,11]],[[4634,1526],[77,23],[62,29],[69,23],[24,15],[6,17],[52,-7],[-1,-19]],[[1139,2596],[-9,-5],[-82,-85],[-75,-83],[-75,-67],[-69,-64],[-29,-39],[-14,-27],[-29,-116],[-15,-38],[-87,-172]],[[655,1900],[-112,22],[-82,22],[-114,47],[-117,25],[-69,23],[-84,9],[-34,8],[-39,-7],[-4,23],[3,39],[-1,150],[18,49],[47,34],[81,37],[38,20],[24,6],[117,38],[74,19],[92,15],[53,0],[101,21],[41,15],[119,61],[18,42]],[[825,2618],[28,-2],[161,-1],[3,4],[97,-13],[25,-10]],[[4506,2604],[-5,-50],[29,-4],[-2,-28],[27,-2],[-1,-10],[26,-14],[21,-56],[66,-11]],[[4667,2429],[0,-9],[-21,-25],[-29,-13],[-2,-29],[-19,-17]],[[4596,2336],[-26,-19],[-7,-17],[-20,-13],[-45,3],[-9,-4],[-5,-23],[11,-12],[-12,-63],[-27,-15]],[[4096,2518],[64,-47],[80,39],[181,84],[37,14],[48,-4]],[[6268,1558],[34,-31],[22,-30],[48,-13],[46,-36],[0,-14],[19,-4],[17,-14],[89,5],[29,-17],[62,-29],[75,-10],[16,5],[11,22],[26,5],[42,16],[96,-5]],[[9398,2254],[15,-12]],[[9413,2242],[12,-23],[-57,-99],[-8,-21],[8,-27],[-26,2],[-87,-55],[-20,-28],[1,-38],[-5,-17]],[[9231,1936],[-15,-25],[-23,1],[-17,-13],[-12,46],[-104,-34]],[[9060,1911],[-49,43],[-139,131]],[[8636,2450],[37,18]],[[4569,1604],[32,-6],[20,-37],[-15,-3],[28,-32]],[[3757,1942],[-77,-25],[-74,-33],[-33,-4],[-48,0],[-62,-9],[-22,4],[-36,24],[-35,6],[-28,-15],[-14,-47]],[[3328,1843],[-25,-10],[-21,6],[-41,-1],[-30,8],[-30,17],[-31,-19],[-52,23],[-31,-1],[-4,-27],[-47,-8],[-23,-34],[-21,-4],[-9,14],[8,31],[-24,21],[-24,-5],[-22,-48],[-25,-5],[-57,23],[-51,1],[-35,-12],[-23,-22],[-24,-1],[-37,12],[-29,22],[-23,3],[-42,-9],[-29,-12],[-38,5],[-41,34],[-78,5],[-56,28],[-27,0],[-33,-10],[-19,0],[-36,13],[-25,2],[-25,-7],[-66,-44],[-46,1],[-22,25],[-38,5],[-48,-11],[-44,-4],[-58,21],[-35,4],[-71,-34],[-36,-10],[-45,-3],[-44,14],[-27,18],[-16,20],[-17,1],[-51,-20],[-54,-2],[-108,16]],[[1322,1873],[32,25],[40,-3],[32,9],[37,38],[9,17],[82,28],[35,7],[42,15],[47,12],[96,17],[45,13],[52,8],[199,53],[22,4],[70,0],[36,4],[54,-2],[150,11],[34,-6],[30,3],[32,24],[33,-7],[48,-25],[35,1],[98,30],[31,0],[21,8],[-6,22],[35,6],[20,12],[28,6],[27,16],[21,4],[-4,22],[10,21],[28,14],[3,18],[17,14],[47,8],[26,-3],[37,-18]],[[9780,2066],[20,-4],[4,-17],[-11,-1],[-11,-23],[12,-35],[-68,3],[-4,-16],[-21,15],[-25,-1],[-72,-16],[-60,-10],[-94,-22],[-40,-12]],[[9410,1927],[-5,4],[36,59],[32,69],[33,-5],[20,36],[54,56],[20,1],[27,-26],[10,-27],[1,-28],[142,0]],[[1757,2871],[5,-8],[-1,-50],[35,-29],[2,-29],[8,-12],[9,-43],[-5,-32],[2,-24],[18,-30],[32,-22],[14,-17],[63,-27],[63,-11],[32,-10],[45,1],[51,15],[113,10],[22,-5],[50,4],[39,21],[59,1],[15,4],[35,31],[46,25],[45,19],[48,37],[18,7],[-3,28],[30,34],[42,33],[40,13],[41,6],[34,17],[49,12],[28,0],[28,12],[35,37],[13,5],[81,13],[11,9],[31,1],[22,-10],[-28,-12],[-18,-23],[-17,-36],[7,-14],[-6,-50],[-13,-27],[25,-23],[-7,-25],[23,-4],[51,1],[39,6],[-57,-41],[38,2],[46,-15],[36,19],[48,0],[57,17],[1,-16],[-26,-20],[-33,-1],[-45,-21],[-111,-22],[-39,-27],[-66,-11],[-37,-15],[-25,-25],[-37,-14],[-18,-53],[35,-24],[51,-26],[37,-12],[22,-15],[37,-4],[73,-50],[106,-6],[36,21],[69,13],[1,15],[20,13],[26,4],[10,12],[-10,26],[62,3],[-12,19],[45,5],[39,15],[34,-11],[14,-13],[35,-18],[2,-6],[55,-19],[30,-16],[30,-8],[38,-19]],[[1322,1873],[-58,8],[-63,21],[-110,21],[-66,5],[-55,-10],[-76,-32],[-150,7]],[[744,1893],[-89,7]],[[1139,2596],[78,75],[42,50],[30,51],[88,191]],[[1377,2963],[73,-34],[75,-3],[63,-15],[63,-7],[11,-14],[26,-1],[7,12],[26,4],[17,-23],[19,-11]],[[8244,1363],[-13,-4],[-13,12],[-18,-6],[-33,-35],[11,-2],[-24,-30],[-20,-13],[-35,-58],[-46,-12],[-47,1],[-10,-6]],[[5128,4676],[-34,-5],[-65,8],[-108,6],[-20,-7],[-45,-2],[-55,17],[-30,1],[-60,-9],[-22,2],[-95,-2],[-72,8],[-35,12],[-54,3],[-88,13],[-19,-2],[-69,12]],[[4257,4731],[3,14],[53,49],[125,70],[63,17],[0,22],[96,0],[-2,25]],[[9693,2138],[19,-12],[76,4],[-1,-45],[-7,-19]],[[9410,1927],[-117,5],[-62,4]],[[9413,2242],[28,1],[56,-12],[4,-21],[49,-34],[57,20],[55,3],[39,-2],[-6,-21],[-44,-28],[42,-10]],[[8702,2723],[53,61],[83,36],[11,9]],[[8849,2829],[13,-13],[33,-7],[73,14],[55,27],[0,24],[70,11],[37,16],[36,6],[7,11],[47,10],[149,17],[60,-1],[35,-5],[12,-18],[25,-69],[29,-39],[25,-17],[41,-12],[16,-12],[-20,-31],[33,-35],[-17,-34],[7,-22],[41,-2],[28,-25],[21,0],[40,8],[67,3],[11,-25],[43,-11],[-12,-19],[-20,-14],[-34,-36],[-24,-13],[-22,-25],[58,-23],[2,-49],[-9,-27],[-30,-53],[-30,-27],[13,-22],[-5,-27],[-15,-26],[11,-54],[-12,-33],[-44,-12]],[[8508,2798],[29,-3],[63,20],[62,11],[70,22],[78,35],[34,3]],[[8844,2886],[9,-20],[-4,-37]],[[3666,1483],[-98,40],[-86,39],[-3,14],[35,28],[24,5],[79,-14],[33,23],[26,-11],[29,21],[11,17],[-13,18],[-24,1],[-40,13],[-45,-2],[-50,-12],[-39,15],[-17,32],[-16,20],[-23,8],[-19,18],[-46,16],[-15,35],[-16,22],[-25,14]],[[4273,2043],[91,-12],[28,-9],[18,-16],[40,-13],[40,-34],[29,-15],[11,-12],[4,-25],[82,-70]],[[1937,1038],[10,64],[-165,8],[-5,-24],[-13,0],[-154,8],[5,45],[-192,-14],[-106,-6],[25,31],[2,51],[-13,1],[-11,-38],[-12,-12],[-54,3],[-5,-9],[-88,14],[-3,-5],[-114,24],[-89,8],[-20,37],[-53,48],[44,41],[-4,4],[-79,1],[-93,17],[-83,26],[-45,3],[4,18],[16,12],[-5,30],[37,15],[3,13],[17,8],[-9,20],[-1,58],[-9,60],[-18,15],[12,11],[38,17],[-1,26],[24,37],[3,16],[-17,28],[12,29],[-19,31],[13,41],[22,44]],[[6628,215],[-69,-28],[-78,-42],[-54,-22],[-39,-24],[-55,-24],[-73,-23],[-64,-14],[-61,-19],[-42,-1],[-25,-9]],[[6068,9],[-28,34],[185,38],[9,6],[65,22],[-1,6],[63,13],[41,16],[-10,12],[47,21],[23,17],[43,17],[3,6]],[[5038,2658],[-59,-8],[-41,-11],[-29,-22],[-35,-43],[-26,-16],[-44,-40],[-44,-18],[-73,-11],[-29,-8],[-17,-16],[26,-36]],[[4506,2604],[22,6],[26,24],[4,14],[89,29],[-52,59],[2,14],[124,59]],[[4721,2809],[55,26],[-54,36],[21,29],[88,77],[106,48],[54,-19],[9,11],[-14,14],[69,16],[27,-60],[20,-31]],[[9060,1911],[-86,-27],[-103,23],[-29,-3],[-49,-11],[1,-9],[41,-88],[-26,-26],[-51,42]],[[4596,2336],[14,-3],[33,10],[45,2],[58,-12],[25,9],[29,0],[15,8],[144,5],[29,13],[82,23],[43,-4],[43,13],[28,-1],[9,22]],[[5182,2641],[61,-17],[92,-19],[106,-15],[52,20],[31,1],[28,-8],[-19,-9],[62,-15],[30,-3],[40,7],[32,10],[15,13],[29,6],[31,17],[60,1],[16,12],[30,36],[36,0],[30,30],[61,21],[17,1]],[[3113,3402],[32,17],[44,-16],[31,12],[30,-3],[28,9],[5,-8],[-30,-11],[-45,-6],[-41,-20],[-20,-18],[-37,-12],[-22,-18],[21,-14],[26,-4],[7,7],[34,-7],[67,-20],[38,-31],[3,-14]],[[3284,3245],[-40,-22],[-17,-19],[-26,-16]],[[3201,3188],[-2,-11],[-22,-9],[-6,-18],[-34,-6],[-26,3],[-55,-17],[-20,1],[-71,-14],[-35,-1],[-22,-22],[-30,3],[-23,11],[-13,-17],[-49,12],[-45,-10],[-47,5],[-64,-7],[-4,-28],[-27,-16],[-35,1],[-60,-8],[-21,-19],[-39,9],[-69,3],[-39,6],[-18,-22],[-55,-5],[-21,-11],[-70,0],[-9,-23],[-38,-5],[-22,-21],[-64,1],[-20,-15],[-47,2],[3,-19],[-30,-6],[-46,-25],[-18,-19],[-41,12],[-33,3],[-41,-5],[-16,-10]],[[1377,2963],[49,102],[80,141],[27,68],[33,110],[19,74]],[[1585,3458],[63,-13],[23,13],[67,57],[56,-13],[-8,-13],[98,-16],[5,11],[20,-1],[46,-17],[48,14],[6,14],[51,15],[27,3],[38,-4],[48,-11],[24,7],[39,-10],[39,2],[90,11],[19,-3],[43,7],[34,-4],[65,9],[15,-8],[72,-7],[19,8],[46,-6],[51,-22],[32,-35],[36,-16],[38,-1],[64,-21],[16,-10],[62,-6],[54,-13],[46,3],[36,20]],[[4402,3444],[-64,-53],[24,-15],[-21,-12],[-4,-16],[44,-27],[-88,0],[-75,18],[-61,41]],[[4157,3380],[-32,19],[-40,-16],[-24,0],[-29,20],[-47,9]],[[3985,3412],[14,17],[109,22],[23,12],[41,9],[103,42],[39,12],[25,3],[84,-1],[43,-7],[68,11],[1,24]],[[4157,3380],[-37,-20],[19,-17],[-38,-48],[-45,-34],[49,-17],[-62,-55],[-4,-12],[39,-9],[8,-11],[-10,-30],[4,-13],[40,-14]],[[4120,3100],[-19,-8],[-36,4],[-18,-4],[-66,-33],[-42,-8],[-49,-26],[-15,3]],[[3875,3028],[7,14],[-19,33],[-4,27],[-11,9],[4,20],[35,18],[-25,14],[-29,31],[-15,31],[14,6],[-20,31],[-167,-13],[23,27],[-36,2],[-11,9],[14,7],[-9,21],[-47,12],[-42,35]],[[3537,3362],[50,-5],[31,8],[12,20],[38,-5],[20,10],[66,-15],[44,9],[78,10],[16,-1],[82,11],[11,8]],[[3527,3624],[25,-24],[26,-35],[68,-27],[51,15],[80,17],[84,14],[7,20],[19,27],[118,68],[97,-55],[34,-11],[131,18],[19,0]],[[4286,3651],[29,0]],[[3537,3362],[-14,4],[-72,-24],[-19,-17],[-37,-8],[-2,-16],[-19,-17],[-41,-2],[-49,-37]],[[3113,3402],[-31,12],[-39,6],[-73,-2],[-16,4],[-17,16],[24,20],[43,-5],[17,9],[2,26],[-27,21],[-35,12],[25,7],[43,-18],[-20,17],[-38,20],[-29,35],[-21,12],[-45,63],[-12,24],[-24,27],[-11,30],[-19,19],[-34,18],[-5,35],[-8,19],[10,17],[4,65],[-8,12],[-2,29],[10,8]],[[2777,3960],[75,-9],[13,-12],[37,-12],[14,-19],[53,-22],[20,-20],[23,-4],[34,-29],[17,-20],[-12,-19],[24,-26],[13,-27],[-6,-21],[45,-17],[38,-19],[38,-33],[41,-17],[37,-4],[15,-9],[39,-3],[19,15],[33,3],[51,-13],[89,1]],[[4013,2714],[7,20],[22,6],[18,17],[39,17]],[[4099,2774],[102,60],[32,14],[7,12]],[[4240,2860],[17,23],[102,31],[104,3]],[[4463,2917],[37,-17],[34,-8],[82,-9],[34,-7],[37,3],[18,-10],[-17,-19],[33,-41]],[[5018,4143],[-30,7],[-56,0],[-38,-4],[-30,-11],[-24,13],[-59,-6],[-15,4],[-51,-2],[-45,-6],[-80,-5],[-65,14],[-57,0],[-65,13],[-70,5],[-83,16],[-134,-2]],[[4116,4179],[-25,-3],[-78,0],[-123,19],[-36,4],[-63,20],[-43,10],[-48,17],[-26,13],[-45,10],[-36,16]],[[3593,4285],[-65,27],[-47,21],[0,15],[-18,11],[-50,10],[-31,25],[-3,11],[-23,10],[-45,33],[-30,9],[-54,44],[-64,75],[4,14],[-23,13]],[[3144,4603],[59,8],[44,-21],[100,6],[27,5],[70,-10],[48,9],[96,-10],[21,-9],[53,-3],[25,-10],[43,-8],[38,-15],[23,-14],[56,-19],[12,-12],[39,-7],[16,-13],[52,-10],[29,-10],[2,-9],[30,-13],[43,-13],[69,-3],[52,-16],[66,-12],[26,-15],[148,-5],[28,8],[56,4],[25,-6],[62,-7],[18,-26],[-10,-11]],[[8840,3469],[158,-132],[-30,-16],[10,-20],[-6,-55],[-44,-34],[15,-8],[-8,-29],[-1,-39],[-37,1],[-38,-12],[-16,-14],[0,-34],[9,-18],[24,-19],[3,-19],[-16,-21],[1,-22],[-18,-24],[-47,-37],[-6,-12],[41,-10],[10,-9]],[[4308,2992],[-121,-48],[43,-16],[-23,-14],[11,-16],[-29,-15],[27,-23],[24,0]],[[4099,2774],[-21,9],[-52,-7],[-37,6],[-17,8],[-31,27],[-42,-17],[-87,73],[-48,44],[-39,6],[-17,-3],[-3,-18],[-19,15],[-41,-19],[-18,-4],[-34,4],[-4,11],[-34,22],[-54,10]],[[3501,2941],[28,32],[20,8],[41,2],[23,27],[21,-3]],[[3634,3007],[18,-12],[60,-7],[37,13],[24,1],[28,-10],[32,-4],[24,16],[10,23],[8,1]],[[4120,3100],[36,8],[24,0],[20,8],[2,14],[33,9],[3,24],[46,8],[22,26],[-19,12],[55,27],[53,3],[39,8],[54,28]],[[4488,3275],[24,-22],[-11,-9],[3,-24],[12,-23]],[[5107,3527],[12,35],[-23,-3],[-3,-8],[-25,9],[-36,-5],[-25,-10],[6,-15],[-13,-20],[-38,-16],[-21,2],[-20,-29],[-14,-3],[-26,-37],[-13,-5],[-53,1],[-131,-39],[-25,-16],[-47,-12],[-40,-19],[-23,-17],[-5,-13],[-27,-22],[-29,-10]],[[9076,4524],[15,5],[-7,10],[25,7],[10,-11],[44,9],[44,-11],[51,1],[-12,-12],[-44,-20],[20,-16],[-46,-19],[-3,-21],[-15,-16],[11,-15],[-24,-16],[17,-23],[-1,-14],[36,-11],[40,9],[12,-11],[41,1],[-2,-24],[14,-13],[33,-5],[56,1],[2,7],[48,4],[51,-16],[-9,-12],[99,-14],[45,12],[-2,9],[43,-2],[-4,-13],[29,-8],[17,20],[27,-13],[11,-15],[27,-12],[33,11],[-2,10],[24,1],[40,-14],[-24,-19],[71,-21],[11,-29],[-6,-13],[29,-8],[45,-1],[3,-9],[-23,-10],[-51,-3],[19,-20],[-36,-28],[20,-12],[-14,-17],[-41,-1],[-20,-12],[-32,-1],[-8,-15],[14,-23],[-23,-20],[-30,-14],[-64,-21],[-19,-13],[-18,-33],[-1,-15],[25,-26],[5,-21],[-16,-10],[-59,-18],[-33,10],[-47,61],[-38,5],[-13,8],[14,10],[-3,12],[24,3],[-6,25],[-25,18],[-25,-1],[-1,-9],[-36,-13],[-110,-3],[-6,26],[30,4],[1,-9],[47,14],[11,11],[30,11],[23,26],[47,19],[29,33],[9,24],[-27,11],[11,19],[29,3],[9,16],[-14,17],[-67,3],[-11,4],[-23,28],[-27,11],[-41,4],[-40,-12],[-45,-1],[-31,-8],[-7,-24],[21,1],[12,-14],[-13,-16],[-17,-7],[3,-10],[-32,-5],[-51,4],[3,16],[-52,5],[-22,6],[-18,20],[-6,44],[-10,17],[-17,-7],[-32,5],[-24,-11],[-34,-2],[-59,14],[13,8],[-54,12],[-28,-34],[-34,-10],[-22,23],[11,21],[37,22],[-63,60]],[[4834,4002],[-178,-22],[-11,18],[-93,29],[-11,-57],[-86,15],[-29,2],[-265,-1],[1,17],[-74,19],[-11,7],[23,2],[65,-11],[5,-18],[125,7],[-26,37],[-37,17],[-25,31],[-19,15],[-58,24],[-14,46]],[[4890,3135],[-33,-6],[13,-19],[-17,-22],[-37,-13],[8,-9],[-41,-19],[-58,-20],[-28,-16],[8,-11],[-49,-50],[-23,-7],[-28,-29],[-33,-6],[-29,6],[-49,-1],[-31,4]],[[4624,3158],[97,43]],[[1585,3458],[42,163],[25,84],[19,41],[18,75],[14,100],[15,30],[83,116],[18,19],[72,49],[105,67],[28,25]],[[2024,4227],[38,-8],[129,-60],[67,-40],[182,-93],[174,-83],[76,62],[51,-6],[21,-18],[15,-21]],[[6299,3061],[-33,46],[-86,-23],[-29,-18],[-81,14],[0,-19],[-38,-11],[-68,-14],[-33,-18],[-52,-6]],[[3634,3007],[4,15],[-23,17],[14,34],[31,8],[24,47],[-14,62],[-60,-8],[-74,-17],[-37,-4],[-18,-7],[-73,-17],[-38,6],[-24,-2],[-81,18],[-44,25],[-20,4]],[[8772,4353],[-13,-4],[-27,22],[-27,-8],[-53,7],[11,-14],[-35,-11],[10,-12],[-19,-5],[-13,-15],[-10,12],[-23,-5],[-5,-17],[-25,6],[-9,-12],[-48,-11],[-5,-29],[18,-56],[-10,-10],[-20,4],[-5,27],[-24,9],[-31,24]],[[4148,3876],[-9,-13],[4,-15],[-5,-41],[-19,-1],[5,-21],[20,-35],[40,-29],[8,4],[22,-36],[29,-22],[32,5],[11,-21]],[[3527,3624],[5,6],[47,18],[22,2],[46,14],[73,10],[22,11],[53,-1],[60,11],[42,-6],[43,18],[7,-6],[24,13],[-161,39],[4,9],[-81,23],[-6,50],[20,8],[6,22],[48,21],[42,38],[-16,10]],[[3827,3934],[43,3],[139,-36],[41,-3],[98,-22]],[[2594,5172],[-40,-52],[-64,-119],[-53,-91],[-31,-69],[55,2],[54,-12],[77,-29],[41,-14],[27,-3],[44,-18],[8,-20],[37,-16],[44,-2],[19,-29],[21,-5],[51,-5],[16,-5],[86,-17],[38,-20],[56,-47],[64,2]],[[3593,4285],[-5,-5],[11,-25],[-8,-22],[3,-27],[-6,-19],[-24,-6],[-55,5],[2,-11],[53,-15],[-36,-4],[-37,9],[-29,-5],[-39,-28],[4,-18],[-14,-22],[-36,-23],[-3,-8],[58,-4],[55,-14],[21,-23],[23,-9],[55,-8],[55,-19],[39,-3],[92,-27],[41,-19],[14,-1]],[[2024,4227],[14,17],[-137,38],[-80,11],[-66,15]],[[1755,4308],[41,30],[40,56],[6,26],[5,84],[5,55],[20,42],[58,83],[25,19],[29,14],[57,8],[25,21],[15,22],[12,50],[-15,45],[-31,28],[-37,25],[-65,61],[-12,60],[-1,53],[9,40],[11,22],[36,42],[44,33],[29,41],[24,20],[70,80],[37,53],[22,25],[74,42],[93,32]],[[2381,5520],[55,-45],[15,-34],[-2,-50],[6,-20],[35,-6],[12,-16],[-15,-53],[-5,-42],[19,-23],[32,-26],[61,-33]],[[825,2618],[2,14],[-18,62],[-14,25],[-36,19],[-25,27],[6,19],[37,30],[8,14],[-4,51],[-8,20],[2,54],[9,15],[51,44],[15,21],[42,108],[22,40],[6,26],[3,51],[-8,36],[7,71],[17,36],[25,23],[21,8],[62,5],[54,-10],[66,-15],[78,-22],[33,-2],[35,10],[8,12],[0,39],[-21,71],[-50,111],[6,44],[19,26],[8,33],[-1,52],[6,26],[21,31],[46,84],[69,48],[33,32],[69,76],[59,77],[88,92],[82,56]],[[6337,4636],[-12,37],[76,10],[-21,60],[37,67],[-29,-4],[-39,115]],[[6349,4921],[117,13],[5,-42],[17,-21],[-1,-19],[80,-3]],[[6139,4898],[210,23]],[[3819,6422],[66,41],[80,27],[26,21],[51,102],[25,38],[30,36],[117,125],[43,19],[-20,41],[-4,17]],[[4233,6889],[49,2],[68,-12],[26,-18],[21,-30],[38,-65],[14,-40],[-2,-59],[3,-24],[13,-30],[32,-17],[87,-25],[29,-14],[27,-22],[25,-34],[9,-26],[-7,-10],[-41,-24],[-8,-18],[10,-16],[38,-20],[48,-9],[177,-8],[64,3],[86,24],[111,8],[35,-4],[49,-18],[28,-23],[30,-17],[79,-27]],[[3819,6422],[-21,5],[-51,-28],[-31,-4],[-44,36],[14,25],[11,51],[45,105],[24,48]],[[4059,6880],[111,3],[63,6]],[[6569,5181],[-72,-12],[-34,11],[-33,17],[-59,39],[-38,-18],[-30,19],[-24,8],[-66,-41],[-111,-49],[-32,-51],[7,-23]],[[6253,5517],[25,-43],[49,-49],[50,-25],[16,-20],[46,-20],[38,-10],[41,3],[10,-13],[-7,-46],[1,-54],[47,-59]],[[6598,5718],[18,-1],[1,-19],[58,8],[-2,-13],[11,-76],[-6,-31],[56,-1],[16,-5],[29,-33],[12,13],[56,16]],[[6847,5576],[51,12],[12,-11],[38,2],[-65,-45],[-2,-16],[41,-29],[15,-35],[-17,-3],[-16,27],[-19,-20],[-29,-3],[11,-9],[-4,-32],[15,-2],[6,-29],[-20,-7],[2,-48],[-23,-15],[-10,-18]],[[6833,5295],[-26,-49],[-13,-45],[4,-3],[-229,-17]],[[6482,5754],[8,47],[115,-20],[12,-20],[-23,-11],[30,-17],[30,9],[26,32],[35,30],[45,-17],[-13,-18],[52,-10],[31,3],[83,-29],[14,-23],[40,-8],[38,-3],[36,-12],[-6,-13],[32,-16],[-43,-26],[-52,-1],[1,-9],[-46,0],[-9,-11],[-64,1],[-33,-8],[-12,-19],[23,0],[15,-9]],[[4590,4998],[-63,-18],[-20,-1],[-21,9],[-26,19],[0,15],[-20,7],[-2,13],[-79,30],[-56,7],[-65,28],[-32,4],[-38,15],[-39,9],[-94,3],[-36,17],[-57,0],[-70,43],[-9,29],[-23,14],[-64,1],[-88,34],[-18,11],[-62,19],[-21,11],[-12,22],[3,25]],[[3578,5364],[82,17],[39,2],[76,-21],[29,-12]],[[5758,7834],[12,-7],[-15,-20],[-30,-22],[1,-6],[42,5],[1,-8],[-46,-19],[36,-3],[43,-24],[78,3],[59,29],[14,17],[9,-30],[2,-44],[-168,-46],[-8,12],[-24,-3],[-11,-25],[-40,-19],[-39,-6],[-52,48],[-13,19],[-31,-9],[4,21],[18,22],[-6,19],[-24,-1],[-22,21],[-21,11],[-45,10],[14,16],[12,-9],[70,-16],[42,5],[44,14],[-44,26],[28,10],[99,18],[11,-9]],[[4257,4731],[-65,6],[-61,11],[-39,15],[-31,5],[-30,-3],[-41,3],[-48,11],[-32,2],[-53,12],[-20,8],[-79,2],[-96,20],[-49,17],[-65,41],[-43,18],[-135,51],[-100,26],[-77,31],[-76,22],[-30,6],[-53,18],[-40,2],[-53,-6],[-36,5],[-103,2],[-23,5],[-20,19],[-30,8],[-109,73],[-26,11]],[[2594,5172],[107,110],[20,42],[-9,60],[-20,107],[0,24],[28,36],[103,74],[62,27],[46,-13],[12,-11],[35,-6],[36,-22],[5,-18],[62,-31],[34,-14],[46,3],[40,-4],[25,-17],[-5,-13],[24,-36],[67,-16],[43,-6],[25,-11],[37,-6],[75,-7],[86,-60]],[[5285,7452],[-9,-8],[-37,-8],[-101,32],[-19,-27],[-17,-36],[-20,-26],[-17,-12],[-11,-19],[-34,-16],[-12,-31],[14,-29],[-2,-11],[-29,-29],[-63,-57],[-11,-5],[-75,0]],[[4842,7170],[25,36],[9,40],[-27,53],[-12,43],[43,-2],[31,7],[13,24],[1,32],[-7,56],[16,35],[-5,17],[-17,14],[22,6]],[[4934,7531],[10,17],[32,0],[109,-42],[17,23],[68,-5],[19,33],[35,48],[53,-117],[8,-36]],[[3314,5891],[4,-9],[44,-12],[-106,-124],[25,-10]],[[2381,5520],[175,53],[44,30],[48,37],[71,106],[52,55],[56,41],[24,13]],[[2851,5855],[56,-20],[-31,-17],[-54,-35],[-11,-24],[83,-55],[65,20],[24,-25],[37,4],[206,70],[-15,15],[18,5],[-7,15],[-40,32],[0,42],[-11,19],[26,-3],[18,23],[20,6],[26,-5],[-11,-13],[64,-18]],[[2851,5855],[64,39],[64,32],[52,23],[62,16],[32,14],[156,48],[47,21]],[[3328,6048],[10,-38],[-5,-11],[-51,-29],[-1,-40],[10,-26],[23,-13]],[[5286,9040],[82,-1],[-6,-88],[-34,4],[-13,-8],[3,-28],[-11,-4],[17,-17],[-135,5],[0,11],[-31,1],[4,20],[-20,5],[0,14],[-16,1],[0,30],[-14,1],[2,33],[24,5],[60,2],[3,14],[85,0]],[[5406,9016],[-7,-11],[-12,13],[-1,21],[21,-1],[8,-22],[-9,0]],[[3665,7894],[-38,30],[-24,5],[-88,61],[-38,21],[-15,23]],[[3462,8034],[-11,28],[-17,20],[-31,16],[-62,23],[-29,8],[27,1],[16,20],[-31,1],[-30,22],[20,-1],[37,20],[18,-4],[2,-32],[16,-15],[8,-19],[20,-1],[13,-22],[34,-17],[39,21],[-3,-12],[21,-12],[18,9],[35,-32],[57,27],[37,26],[20,-15],[-17,-29],[29,-20],[18,-3],[28,-34],[24,11],[17,19],[30,4],[75,-26],[28,7],[62,22],[25,2],[14,-7],[-12,-9],[-47,-17],[-37,-21],[-26,-25],[-52,-7],[-2,4],[-69,2],[-22,-12],[-8,5],[-49,-7],[-47,-23],[5,-11],[26,-22],[-14,-3]],[[6833,5295],[12,-3],[5,-32],[72,-101],[33,-28],[97,-49],[-4,-4],[48,-22],[-10,-6],[19,-13],[20,2],[41,-17],[50,-5],[4,5],[32,-7],[5,-11],[102,-25],[-15,-18],[62,-19],[55,-12],[52,6],[35,-7],[69,-4],[-5,-19],[48,-5],[72,-12],[25,-13],[102,-77],[-9,-16]],[[4048,7716],[47,3],[38,16],[28,5],[44,-4],[49,24],[44,1],[46,-16],[22,-1],[19,-9],[8,-18],[21,2],[20,18],[38,-3],[85,-32],[21,-3],[89,32],[97,-110]],[[4764,7621],[-9,2],[-81,-12],[-41,-14]],[[4633,7597],[-2,12],[26,5],[12,21],[-24,41],[-4,16],[-12,-1],[-34,-22],[-27,-4],[-24,16],[-28,8],[-52,-17],[-32,29],[-36,-12],[-19,10],[-85,17],[-60,4],[-90,2],[-17,-17],[-60,-8],[-48,-3],[-1,9],[-55,-3],[-7,14],[-38,7],[22,21],[-46,12],[-45,1],[-97,-5],[-9,-37],[-22,-34],[-37,-35],[-25,-43],[10,-3],[-17,-17],[-31,2],[-65,-17],[13,-9],[-26,-12],[-11,-19],[-58,18],[-13,13],[35,23],[29,8],[2,10],[33,18],[28,-14],[-8,-9],[33,11],[-4,10],[-35,14],[12,22],[34,-9],[17,23],[19,-5],[17,16],[-42,5],[-19,14],[-11,34],[-32,38],[-52,19],[-25,4],[9,12],[31,1],[36,-5],[14,46],[-45,-8],[-12,15],[54,10],[-8,37],[-53,41],[-65,69],[11,27]],[[3665,7894],[17,-15],[8,-19],[27,-13],[7,-16],[22,-10],[36,-28],[40,-14],[50,5],[70,39],[50,14],[13,10],[30,-2],[-7,-19],[-28,-27],[-36,-5],[-30,-12],[19,-18],[10,-31],[11,-9],[45,-9],[29,1]],[[4796,7582],[33,-8],[28,-13],[17,-23],[42,4],[18,-11]],[[4842,7170],[-81,-121],[-9,-26],[8,-33],[15,-18],[29,-21],[94,-52],[45,-18],[72,-7],[51,6],[110,22],[44,7],[29,-1],[36,-11],[22,-16],[8,-22],[-32,-67],[5,-16],[31,-29],[41,-13],[89,-15],[22,-8],[28,-22],[-2,-34],[-35,-55],[-9,-24],[7,-65],[-17,-34],[4,-12],[3,-80],[-9,-15],[-27,-14],[-39,-42]],[[3606,6901],[25,9],[42,23],[51,17],[31,31],[33,1],[13,9],[66,1],[56,-11],[8,-17],[29,-7],[43,-1],[48,-9],[44,4],[67,-20],[18,0],[16,18],[0,20],[17,19],[30,18],[27,5],[26,21],[28,1],[17,12],[52,-1],[16,-10],[68,-16],[28,-22],[37,-10],[39,6],[19,15],[35,-10],[35,53],[-10,5],[15,17],[31,6],[35,-7],[-7,14],[28,41],[7,-2],[17,25],[-17,4],[9,13],[15,-4],[14,23],[-26,7],[6,20],[-53,7],[-28,23],[-11,30],[4,12],[-27,15],[-9,35],[-40,-4],[-3,8],[-36,-2],[-2,15],[-68,-5],[1,14],[20,5],[63,1],[72,41],[25,21],[-6,7],[25,46],[5,24],[-10,34],[-32,51],[-44,-17],[0,24]],[[4764,7621],[32,-39]],[[4949,8236],[42,-12],[42,-23],[55,-14],[79,0],[38,4],[31,-2],[0,-11],[19,-1],[4,-18],[31,-4],[-9,26],[-25,17],[2,17],[40,-2],[0,6],[49,15],[28,-3],[-46,-13],[-14,-85],[-25,0],[-14,8],[-1,-28],[33,-39],[-29,14],[-20,34],[-30,17],[14,7],[-91,-1],[-24,16],[-32,0],[-11,-10],[20,-17],[-25,3],[-5,28],[-49,9],[-20,13],[-41,-2],[1,23],[34,-8],[7,4],[-74,20],[16,12]],[[5018,8462],[-11,-8],[54,-14],[-23,-16],[34,-12],[-67,-83],[-30,-30],[-32,-25],[-72,13],[-20,13],[9,18],[30,14],[14,15],[-37,9],[43,25],[-5,17],[19,13],[-9,11],[28,4],[19,-6],[17,24],[-17,7],[20,4],[16,14],[20,-7]],[[8049,5140],[26,-5],[19,-28],[38,-37],[29,-39],[34,-19],[70,-30],[23,1],[18,-19],[88,-33],[6,-11],[26,-2],[30,-10],[10,-19],[42,3],[39,-9],[19,-16],[19,-1],[-9,20],[16,9],[33,5],[14,-21],[14,-6],[84,10],[30,59],[-8,70],[6,23],[26,-2],[3,11],[56,18],[10,-11],[-7,-16],[29,11],[24,-5],[34,14],[38,-7],[43,-1],[-5,-23],[-78,-13],[-17,5],[-64,-7],[-55,2],[-1,-24],[36,6],[38,-5],[-4,-24],[-23,-15],[-18,2],[-6,-14],[-50,-5],[-4,-11],[37,-21]],[[3501,2941],[-3,-16],[-29,-30],[-41,-6],[-39,-27],[-15,-29],[72,-10],[14,-12],[33,-12],[59,-45],[-65,-27],[37,-31],[-37,-15],[-15,0],[-20,-24],[20,-19],[-20,-12],[18,-17],[28,0],[9,-14],[36,-15],[23,-28],[28,-12],[20,15],[38,4],[8,32],[20,9],[28,-3],[25,5]],[[4148,3876],[42,6],[7,-7],[42,-6],[12,-12],[63,15],[75,11],[49,0],[81,-4],[20,24],[22,2],[34,-9],[34,11],[6,13],[219,24]],[[5755,5639],[-13,10]],[[5742,5649],[19,11],[156,-10],[0,17],[23,32],[19,13],[42,-6],[25,3]],[[5716,5718],[-13,-31],[5,-13],[34,-25]],[[3729,6178],[-70,13],[21,46],[-14,53],[-17,40],[-17,23],[6,40],[29,35],[-55,1],[-23,6],[-14,-15],[-16,-3],[-61,14]],[[3498,6431],[12,20],[47,66],[4,32],[-17,60],[-17,25],[-27,70],[-29,40],[-14,33],[8,34],[12,22]],[[4844,7908],[39,6],[27,-1],[123,11],[11,-16],[8,-29],[36,12],[51,-26],[-3,-35]],[[5136,7830],[-27,-1],[23,-37],[-72,-5],[-8,-41],[-16,10],[-54,-1],[-6,-46],[62,-63],[13,-46],[-22,1],[-36,20],[-39,6],[-64,-28],[-77,-9],[-17,-8]],[[4048,7716],[-4,15],[63,4],[50,32],[-14,9],[14,6],[-12,28],[19,38],[36,12]],[[4452,7799],[32,3],[6,17],[-14,32],[17,2],[14,-35],[14,-13],[19,13],[37,46],[-10,10],[12,19],[24,8],[40,-1],[37,5],[14,8],[-6,17],[25,-2],[54,12],[25,-18],[-40,-9],[22,-20],[10,8],[41,-9],[19,16]],[[3328,6048],[34,19],[36,13],[22,15],[36,54],[17,49],[4,168],[11,47],[10,18]],[[6068,9],[-52,-9],[-27,45],[-7,31],[6,8],[-33,42]],[[5136,7830],[-1,-2]],[[5135,7828],[-3,-1],[39,-59],[2,4],[48,-9],[-5,-27],[7,-5],[-22,-23],[34,-26],[68,-62],[113,-17],[-17,-47],[-8,-5],[21,-53],[-122,-46],[-5,0]],[[4844,7908],[-10,12],[38,10],[95,5],[-22,97],[-13,7],[-10,24],[-19,15],[82,-6],[44,-14],[-32,-33],[1,-21],[14,-13],[19,3],[39,-9],[-9,-9],[23,-5],[23,4],[13,22],[-5,8],[23,4],[4,16],[28,-9],[7,5],[16,-17],[-22,-6],[-6,-12],[-28,-17],[29,-25],[25,12],[3,11],[34,21],[27,-1],[6,18],[20,3],[37,-21],[23,-4],[14,-14],[1,-24],[-34,-1],[-54,14],[-5,-8],[26,-31],[-88,-23],[-16,1],[-31,-14],[47,-27],[34,23],[21,-18],[-23,-16],[36,-12],[27,14],[29,-7],[31,11],[24,-4],[10,-22],[-35,-46],[4,-11],[-25,-5],[6,-11],[-60,-12],[-25,36],[-25,8],[-36,21],[-16,-4],[-43,27]]]}
