{"type":"Topology","bbox":[-75.41027927876956,4.287183947009274,-75.03389201458509,4.5585152121285155],"transform":{"scale":[0.00003764249066751403,0.000027135840095933716],"translate":[-75.41027927876956,4.287183947009274]},"objects":{"municipios":{"type":"GeometryCollection","geometries":[{"type":"Polygon","arcs":[[0,1,2,3]],"properties":{"codigo":"73001100000000004502","sector":"730011000000000045","pcode":"CO73001","area_m2":37098}},{"type":"Polygon","arcs":[[4,5,6,7]],"properties":{"codigo":"73001100000000000907","sector":"730011000000000009","pcode":"CO73001","area_m2":83866}},{"type":"Polygon","arcs":[[8,9,10,11,12,13,14]],"properties":{"codigo":"73001100000000000101","sector":"730011000000000001","pcode":"CO73001","area_m2":214635}},{"type":"Polygon","arcs":[[15,16,17,18,19]],"properties":{"codigo":"73001100000000000302","sector":"730011000000000003","pcode":"CO73001","area_m2":104133}},{"type":"Polygon","arcs":[[20,21,22,23,24,25]],"properties":{"codigo":"73001100000000002302","sector":"730011000000000023","pcode":"CO73001","area_m2":102136}},{"type":"Polygon","arcs":[[26,27,-16,28]],"properties":{"codigo":"73001100000000000201","sector":"730011000000000002","pcode":"CO73001","area_m2":106984}},{"type":"Polygon","arcs":[[29,30,31,-19,32]],"properties":{"codigo":"73001100000000000401","sector":"730011000000000004","pcode":"CO73001","area_m2":60845}},{"type":"Polygon","arcs":[[33,-30,34]],"properties":{"codigo":"73001100000000000402","sector":"730011000000000004","pcode":"CO73001","area_m2":32349}},{"type":"Polygon","arcs":[[35,36,-21,37]],"properties":{"codigo":"73001100000000002303","sector":"730011000000000023","pcode":"CO73001","area_m2":86763}},{"type":"Polygon","arcs":[[38,39,40,41,42]],"properties":{"codigo":"73001100000000000502","sector":"730011000000000005","pcode":"CO73001","area_m2":180913}},{"type":"Polygon","arcs":[[43,44,-39,45,46]],"properties":{"codigo":"73001100000000000503","sector":"730011000000000005","pcode":"CO73001","area_m2":236045}},{"type":"Polygon","arcs":[[47,-7,48,49,50,51,52]],"properties":{"codigo":"73001100000000000802","sector":"730011000000000008","pcode":"CO73001","area_m2":208035}},{"type":"Polygon","arcs":[[53,-51,54,55,56,57,58,59,60,-44,61,62]],"properties":{"codigo":"73001100000000000602","sector":"730011000000000006","pcode":"CO73001","area_m2":542221}},{"type":"Polygon","arcs":[[63,64,65,66,67]],"properties":{"codigo":"73001100000000002704","sector":"730011000000000027","pcode":"CO73001","area_m2":54269}},{"type":"Polygon","arcs":[[68,69,-58,70]],"properties":{"codigo":"73001100000000000701","sector":"730011000000000007","pcode":"CO73001","area_m2":101327}},{"type":"Polygon","arcs":[[71,72,73,-71,-57]],"properties":{"codigo":"73001100000000000901","sector":"730011000000000009","pcode":"CO73001","area_m2":153841}},{"type":"Polygon","arcs":[[74,-72,-56,75,76]],"properties":{"codigo":"73001100000000000902","sector":"730011000000000009","pcode":"CO73001","area_m2":119018}},{"type":"Polygon","arcs":[[77,-76,-55,-50,78]],"properties":{"codigo":"73001100000000000903","sector":"730011000000000009","pcode":"CO73001","area_m2":69186}},{"type":"Polygon","arcs":[[79,80,81,-77,-78,82,83]],"properties":{"codigo":"73001100000000000904","sector":"730011000000000009","pcode":"CO73001","area_m2":111126}},{"type":"Polygon","arcs":[[-83,-79,-49,-6,84]],"properties":{"codigo":"73001100000000000905","sector":"730011000000000009","pcode":"CO73001","area_m2":96785}},{"type":"Polygon","arcs":[[85,86,-84,-85,-5,87]],"properties":{"codigo":"73001100000000000906","sector":"730011000000000009","pcode":"CO73001","area_m2":115174}},{"type":"Polygon","arcs":[[88,89,-64,90]],"properties":{"codigo":"73001100000000002705","sector":"730011000000000027","pcode":"CO73001","area_m2":49111}},{"type":"Polygon","arcs":[[91,92,93,94]],"properties":{"codigo":"73001100000000001002","sector":"730011000000000010","pcode":"CO73001","area_m2":29359}},{"type":"Polygon","arcs":[[95,96,97,98,-92]],"properties":{"codigo":"73001100000000001003","sector":"730011000000000010","pcode":"CO73001","area_m2":34831}},{"type":"Polygon","arcs":[[99,-94,100,101]],"properties":{"codigo":"73001100000000001004","sector":"730011000000000010","pcode":"CO73001","area_m2":93295}},{"type":"Polygon","arcs":[[102,103,-98,104,105]],"properties":{"codigo":"73001100000000001005","sector":"730011000000000010","pcode":"CO73001","area_m2":40888}},{"type":"Polygon","arcs":[[106,107,108,109,110,111]],"properties":{"codigo":"73001100000000003701","sector":"730011000000000037","pcode":"CO73001","area_m2":90047}},{"type":"Polygon","arcs":[[112,113,114,-106,115,116]],"properties":{"codigo":"73001100000000003203","sector":"730011000000000032","pcode":"CO73001","area_m2":72075}},{"type":"Polygon","arcs":[[117,118,119,120]],"properties":{"codigo":"73001100000000003101","sector":"730011000000000031","pcode":"CO73001","area_m2":49250}},{"type":"Polygon","arcs":[[121,122,123]],"properties":{"codigo":"73001100000000001104","sector":"730011000000000011","pcode":"CO73001","area_m2":97396}},{"type":"Polygon","arcs":[[124,125,-123,126,127]],"properties":{"codigo":"73001100000000001105","sector":"730011000000000011","pcode":"CO73001","area_m2":95720}},{"type":"Polygon","arcs":[[128,129,-103,-115,130]],"properties":{"codigo":"73001100000000003202","sector":"730011000000000032","pcode":"CO73001","area_m2":78323}},{"type":"Polygon","arcs":[[131,132,133,134,135]],"properties":{"codigo":"73001100000000001203","sector":"730011000000000012","pcode":"CO73001","area_m2":115881}},{"type":"Polygon","arcs":[[136,137,138,139,140,141]],"properties":{"codigo":"73001100000000001302","sector":"730011000000000013","pcode":"CO73001","area_m2":147036}},{"type":"Polygon","arcs":[[142,143,144]],"properties":{"codigo":"73001100000000002101","sector":"730011000000000021","pcode":"CO73001","area_m2":104642}},{"type":"Polygon","arcs":[[145,-139,146,147]],"properties":{"codigo":"73001100000000001401","sector":"730011000000000014","pcode":"CO73001","area_m2":75511}},{"type":"Polygon","arcs":[[148,-116,-105,-97,149,150,151]],"properties":{"codigo":"73001100000000001402","sector":"730011000000000014","pcode":"CO73001","area_m2":82168}},{"type":"Polygon","arcs":[[-146,152,153,-152,154]],"properties":{"codigo":"73001100000000001403","sector":"730011000000000014","pcode":"CO73001","area_m2":93078}},{"type":"Polygon","arcs":[[-151,155,156,157,-140,-155]],"properties":{"codigo":"73001100000000001404","sector":"730011000000000014","pcode":"CO73001","area_m2":63286}},{"type":"Polygon","arcs":[[158,-156,-150,-96,-95,159]],"properties":{"codigo":"73001100000000001405","sector":"730011000000000014","pcode":"CO73001","area_m2":58556}},{"type":"Polygon","arcs":[[-160,-100,160,161]],"properties":{"codigo":"73001100000000001406","sector":"730011000000000014","pcode":"CO73001","area_m2":32990}},{"type":"Polygon","arcs":[[-159,-162,162]],"properties":{"codigo":"73001100000000001407","sector":"730011000000000014","pcode":"CO73001","area_m2":47264}},{"type":"Polygon","arcs":[[-157,-163,-161,163,164,165]],"properties":{"codigo":"73001100000000001408","sector":"730011000000000014","pcode":"CO73001","area_m2":98626}},{"type":"Polygon","arcs":[[-158,-166,166,-141]],"properties":{"codigo":"73001100000000001409","sector":"730011000000000014","pcode":"CO73001","area_m2":39829}},{"type":"Polygon","arcs":[[167,168,169,170,171,172]],"properties":{"codigo":"73001100000000001503","sector":"730011000000000015","pcode":"CO73001","area_m2":208723}},{"type":"Polygon","arcs":[[-173,173,-101,-93,-99,-104,-130]],"properties":{"codigo":"73001100000000001504","sector":"730011000000000015","pcode":"CO73001","area_m2":156894}},{"type":"Polygon","arcs":[[174,175,176,177,178,-171]],"properties":{"codigo":"73001100000000001505","sector":"730011000000000015","pcode":"CO73001","area_m2":172845}},{"type":"Polygon","arcs":[[179,180,181,182,-2,183]],"properties":{"codigo":"73001100000000004503","sector":"730011000000000045","pcode":"CO73001","area_m2":35511}},{"type":"Polygon","arcs":[[184,185,-73,-75,186,187]],"properties":{"codigo":"73001100000000001601","sector":"730011000000000016","pcode":"CO73001","area_m2":193337}},{"type":"Polygon","arcs":[[-187,-82,188]],"properties":{"codigo":"73001100000000001602","sector":"730011000000000016","pcode":"CO73001","area_m2":19712}},{"type":"Polygon","arcs":[[189,190,191]],"properties":{"codigo":"73001100000000001603","sector":"730011000000000016","pcode":"CO73001","area_m2":70416}},{"type":"Polygon","arcs":[[192,193,194,-190,195]],"properties":{"codigo":"73001100000000001604","sector":"730011000000000016","pcode":"CO73001","area_m2":96908}},{"type":"Polygon","arcs":[[-196,196,-80,-87,197]],"properties":{"codigo":"73001100000000001605","sector":"730011000000000016","pcode":"CO73001","area_m2":50563}},{"type":"Polygon","arcs":[[-192,198,199,-188,-189,-81,-197]],"properties":{"codigo":"73001100000000001606","sector":"730011000000000016","pcode":"CO73001","area_m2":139463}},{"type":"Polygon","arcs":[[-66,200,201,202,-59,-70,203]],"properties":{"codigo":"73001100000000001701","sector":"730011000000000017","pcode":"CO73001","area_m2":109345}},{"type":"Polygon","arcs":[[204,-23,205,206,-145,207]],"properties":{"codigo":"73001100000000002102","sector":"730011000000000021","pcode":"CO73001","area_m2":100750}},{"type":"Polygon","arcs":[[208,-67,-204,-69,-74,-186]],"properties":{"codigo":"73001100000000001702","sector":"730011000000000017","pcode":"CO73001","area_m2":109025}},{"type":"Polygon","arcs":[[-203,209,210,211,-60]],"properties":{"codigo":"73001100000000001801","sector":"730011000000000018","pcode":"CO73001","area_m2":67763}},{"type":"Polygon","arcs":[[-211,212,213,214,215]],"properties":{"codigo":"73001100000000001802","sector":"730011000000000018","pcode":"CO73001","area_m2":128164}},{"type":"Polygon","arcs":[[216,217,-213,-210,-202]],"properties":{"codigo":"73001100000000001803","sector":"730011000000000018","pcode":"CO73001","area_m2":96975}},{"type":"Polygon","arcs":[[-45,-61,-212,-216,218,219,220,-40]],"properties":{"codigo":"73001100000000001901","sector":"730011000000000019","pcode":"CO73001","area_m2":111315}},{"type":"Polygon","arcs":[[-220,221,-25,222]],"properties":{"codigo":"73001100000000002002","sector":"730011000000000020","pcode":"CO73001","area_m2":51703}},{"type":"Polygon","arcs":[[-207,223,224,-12,-143]],"properties":{"codigo":"73001100000000002103","sector":"730011000000000021","pcode":"CO73001","area_m2":60768}},{"type":"Polygon","arcs":[[225,226,-13,-225]],"properties":{"codigo":"73001100000000002104","sector":"730011000000000021","pcode":"CO73001","area_m2":80452}},{"type":"Polygon","arcs":[[227,228,229,-14,-227]],"properties":{"codigo":"73001100000000002202","sector":"730011000000000022","pcode":"CO73001","area_m2":66070}},{"type":"Polygon","arcs":[[230,231,-228,-226,-224,-206,-22,-37]],"properties":{"codigo":"73001100000000002301","sector":"730011000000000023","pcode":"CO73001","area_m2":115884}},{"type":"Polygon","arcs":[[232,233,-231,-36,234,235]],"properties":{"codigo":"73001100000000002401","sector":"730011000000000024","pcode":"CO73001","area_m2":102276}},{"type":"Polygon","arcs":[[236,237,238,239,-233]],"properties":{"codigo":"73001100000000002501","sector":"730011000000000025","pcode":"CO73001","area_m2":103200}},{"type":"Polygon","arcs":[[240,241,-184,-1,-238]],"properties":{"codigo":"73001100000000002502","sector":"730011000000000025","pcode":"CO73001","area_m2":86077}},{"type":"Polygon","arcs":[[242,-26,-222,-219,-215,243,244]],"properties":{"codigo":"73001100000000002601","sector":"730011000000000026","pcode":"CO73001","area_m2":128013}},{"type":"Polygon","arcs":[[-235,-38,-243,245]],"properties":{"codigo":"73001100000000002602","sector":"730011000000000026","pcode":"CO73001","area_m2":149006}},{"type":"Polygon","arcs":[[246,247,248,-241,-237,-236,-246,-245,249]],"properties":{"codigo":"73001100000000002701","sector":"730011000000000027","pcode":"CO73001","area_m2":212186}},{"type":"Polygon","arcs":[[250,-250,-244,-214,-218,251]],"properties":{"codigo":"73001100000000002702","sector":"730011000000000027","pcode":"CO73001","area_m2":152244}},{"type":"Polygon","arcs":[[-65,-90,252,253,-252,-217,-201]],"properties":{"codigo":"73001100000000002703","sector":"730011000000000027","pcode":"CO73001","area_m2":156655}},{"type":"Polygon","arcs":[[254,255,256,-110,257,258,259,-91,-68,-209,-185,-200,260]],"properties":{"codigo":"73001100000000002801","sector":"730011000000000028","pcode":"CO73001","area_m2":175708}},{"type":"Polygon","arcs":[[261,262,263,264,-111,-257,265]],"properties":{"codigo":"73001100000000002902","sector":"730011000000000029","pcode":"CO73001","area_m2":100582}},{"type":"Polygon","arcs":[[266,-119,267,268,269]],"properties":{"codigo":"73001100000000003003","sector":"730011000000000030","pcode":"CO73001","area_m2":74344}},{"type":"Polygon","arcs":[[270,271,272,273]],"properties":{"codigo":"73001100000000005302","sector":"730011000000000053","pcode":"CO73001","area_m2":37894}},{"type":"Polygon","arcs":[[274,275,276,277,278,-169,279]],"properties":{"codigo":"73001100000000003103","sector":"730011000000000031","pcode":"CO73001","area_m2":114717}},{"type":"Polygon","arcs":[[280,-120,-267,281,-278]],"properties":{"codigo":"73001100000000003105","sector":"730011000000000031","pcode":"CO73001","area_m2":55051}},{"type":"Polygon","arcs":[[-280,-168,-129,282]],"properties":{"codigo":"73001100000000003201","sector":"730011000000000032","pcode":"CO73001","area_m2":67265}},{"type":"Polygon","arcs":[[-275,-283,-131,-114,283,284]],"properties":{"codigo":"73001100000000003204","sector":"730011000000000032","pcode":"CO73001","area_m2":91160}},{"type":"Polygon","arcs":[[285,-117,-149,-154,286,287]],"properties":{"codigo":"73001100000000003205","sector":"730011000000000032","pcode":"CO73001","area_m2":74735}},{"type":"Polygon","arcs":[[288,289,-284,-113,-286,290]],"properties":{"codigo":"73001100000000003206","sector":"730011000000000032","pcode":"CO73001","area_m2":63777}},{"type":"Polygon","arcs":[[291,-291,-288,292,293]],"properties":{"codigo":"73001100000000003207","sector":"730011000000000032","pcode":"CO73001","area_m2":80754}},{"type":"Polygon","arcs":[[294,-112,-265,295]],"properties":{"codigo":"73001100000000003702","sector":"730011000000000037","pcode":"CO73001","area_m2":54402}},{"type":"Polygon","arcs":[[296,297,298,299,300,301]],"properties":{"codigo":"73001100000000004301","sector":"730011000000000043","pcode":"CO73001","area_m2":126024}},{"type":"Polygon","arcs":[[302,303,304,305,306,307]],"properties":{"codigo":"73001100000000003304","sector":"730011000000000033","pcode":"CO73001","area_m2":118415}},{"type":"Polygon","arcs":[[308,-308,309,310,311]],"properties":{"codigo":"73001100000000003305","sector":"730011000000000033","pcode":"CO73001","area_m2":43544}},{"type":"Polygon","arcs":[[312,313,314,315,316,-306]],"properties":{"codigo":"73001100000000003308","sector":"730011000000000033","pcode":"CO73001","area_m2":126686}},{"type":"Polygon","arcs":[[-317,317,318,-307]],"properties":{"codigo":"73001100000000003309","sector":"730011000000000033","pcode":"CO73001","area_m2":176286}},{"type":"Polygon","arcs":[[319,320,-293,-287,-153,-148,321,322]],"properties":{"codigo":"73001100000000003311","sector":"730011000000000033","pcode":"CO73001","area_m2":148819}},{"type":"Polygon","arcs":[[-269,323,324,325,326,327,328,329,330]],"properties":{"codigo":"73001100000000003601","sector":"730011000000000036","pcode":"CO73001","area_m2":125063}},{"type":"Polygon","arcs":[[331,332,333]],"properties":{"codigo":"73001100000000003501","sector":"730011000000000035","pcode":"CO73001","area_m2":50226}},{"type":"Polygon","arcs":[[334,335,-334,336,337,-327]],"properties":{"codigo":"73001100000000003503","sector":"730011000000000035","pcode":"CO73001","area_m2":292854}},{"type":"Polygon","arcs":[[338,-329,339,-107,-295]],"properties":{"codigo":"73001100000000003703","sector":"730011000000000037","pcode":"CO73001","area_m2":91456}},{"type":"Polygon","arcs":[[-330,-339,-296,-264]],"properties":{"codigo":"73001100000000003704","sector":"730011000000000037","pcode":"CO73001","area_m2":96413}},{"type":"Polygon","arcs":[[-340,-328,-338,340,341,342,343,-108]],"properties":{"codigo":"73001100000000003801","sector":"730011000000000038","pcode":"CO73001","area_m2":116540}},{"type":"Polygon","arcs":[[-254,344,345,-247,-251]],"properties":{"codigo":"73001100000000003901","sector":"730011000000000039","pcode":"CO73001","area_m2":141120}},{"type":"Polygon","arcs":[[-89,-260,346,347,348,-345,-253]],"properties":{"codigo":"73001100000000003902","sector":"730011000000000039","pcode":"CO73001","area_m2":141294}},{"type":"Polygon","arcs":[[349,350,-347,-259,351]],"properties":{"codigo":"73001100000000003903","sector":"730011000000000039","pcode":"CO73001","area_m2":90235}},{"type":"Polygon","arcs":[[-344,352,-352,-258,-109]],"properties":{"codigo":"73001100000000003904","sector":"730011000000000039","pcode":"CO73001","area_m2":61149}},{"type":"Polygon","arcs":[[-343,353,354,-350,-353]],"properties":{"codigo":"73001100000000003905","sector":"730011000000000039","pcode":"CO73001","area_m2":40472}},{"type":"Polygon","arcs":[[355,356,-348,-351,-355]],"properties":{"codigo":"73001100000000004001","sector":"730011000000000040","pcode":"CO73001","area_m2":107595}},{"type":"Polygon","arcs":[[-337,-333,357,358,359,360,-341]],"properties":{"codigo":"73001100000000004003","sector":"730011000000000040","pcode":"CO73001","area_m2":148208}},{"type":"Polygon","arcs":[[361,362,363,-298,364]],"properties":{"codigo":"73001100000000004103","sector":"730011000000000041","pcode":"CO73001","area_m2":294371}},{"type":"Polygon","arcs":[[365,366,-248,-346,367]],"properties":{"codigo":"73001100000000004201","sector":"730011000000000042","pcode":"CO73001","area_m2":130538}},{"type":"Polygon","arcs":[[368,-299,-364]],"properties":{"codigo":"73001100000000004304","sector":"730011000000000043","pcode":"CO73001","area_m2":39257}},{"type":"Polygon","arcs":[[-302,369,-366,370]],"properties":{"codigo":"73001100000000004401","sector":"730011000000000044","pcode":"CO73001","area_m2":153015}},{"type":"Polygon","arcs":[[-367,-370,-301,371,372,-180,-242,-249]],"properties":{"codigo":"73001100000000004402","sector":"730011000000000044","pcode":"CO73001","area_m2":278610}},{"type":"Polygon","arcs":[[-4,373,374,375,-239]],"properties":{"codigo":"73001100000000004501","sector":"730011000000000045","pcode":"CO73001","area_m2":62440}},{"type":"Polygon","arcs":[[376,377,378,379]],"properties":{"codigo":"73001100000000005905","sector":"730011000000000059","pcode":"CO73001","area_m2":62946}},{"type":"Polygon","arcs":[[380,381,382,383,384,385,386,387,388,389,390]],"properties":{"codigo":"73001100000000004602","sector":"730011000000000046","pcode":"CO73001","area_m2":169457}},{"type":"Polygon","arcs":[[391,-386]],"properties":{"codigo":"73001100000000004604","sector":"730011000000000046","pcode":"CO73001","area_m2":51443}},{"type":"Polygon","arcs":[[392,393,394,395,-374,-3]],"properties":{"codigo":"73001100000000004701","sector":"730011000000000047","pcode":"CO73001","area_m2":54868}},{"type":"Polygon","arcs":[[396,-394,397]],"properties":{"codigo":"73001100000000004702","sector":"730011000000000047","pcode":"CO73001","area_m2":42362}},{"type":"Polygon","arcs":[[398,399,400,401,-398,-393,-183]],"properties":{"codigo":"73001100000000004703","sector":"730011000000000047","pcode":"CO73001","area_m2":108023}},{"type":"Polygon","arcs":[[-399,-182,402]],"properties":{"codigo":"73001100000000004801","sector":"730011000000000048","pcode":"CO73001","area_m2":24103}},{"type":"Polygon","arcs":[[403,-400,-403,-181,-373,404]],"properties":{"codigo":"73001100000000004802","sector":"730011000000000048","pcode":"CO73001","area_m2":57307}},{"type":"Polygon","arcs":[[405,406,-405,407]],"properties":{"codigo":"73001100000000004803","sector":"730011000000000048","pcode":"CO73001","area_m2":60722}},{"type":"Polygon","arcs":[[-402,408,409,-381,410,-395,-397]],"properties":{"codigo":"73001100000000004901","sector":"730011000000000049","pcode":"CO73001","area_m2":87700}},{"type":"Polygon","arcs":[[411,412,413,-409,-401,-404,-407]],"properties":{"codigo":"73001100000000004902","sector":"730011000000000049","pcode":"CO73001","area_m2":79241}},{"type":"Polygon","arcs":[[414,-271,415]],"properties":{"codigo":"73001100000000005303","sector":"730011000000000053","pcode":"CO73001","area_m2":46539}},{"type":"Polygon","arcs":[[416,417,418,-273]],"properties":{"codigo":"73001100000000005301","sector":"730011000000000053","pcode":"CO73001","area_m2":30603}},{"type":"Polygon","arcs":[[419,420,-417,-272,-415,421]],"properties":{"codigo":"73001100000000005304","sector":"730011000000000053","pcode":"CO73001","area_m2":75375}},{"type":"Polygon","arcs":[[422,423,424,425,426]],"properties":{"codigo":"73001100000000005307","sector":"730011000000000053","pcode":"CO73001","area_m2":63877}},{"type":"Polygon","arcs":[[-427,427,428,429]],"properties":{"codigo":"73001100000000005308","sector":"730011000000000053","pcode":"CO73001","area_m2":24328}},{"type":"Polygon","arcs":[[-429,430,431,432]],"properties":{"codigo":"73001100000000005309","sector":"730011000000000053","pcode":"CO73001","area_m2":25036}},{"type":"Polygon","arcs":[[433,434,435,436,437,438]],"properties":{"codigo":"73001100000000005606","sector":"730011000000000056","pcode":"CO73001","area_m2":137723}},{"type":"Polygon","arcs":[[439,440,441]],"properties":{"codigo":"73001100000000005607","sector":"730011000000000056","pcode":"CO73001","area_m2":62892}},{"type":"Polygon","arcs":[[442,443,444,445,-442,446]],"properties":{"codigo":"73001100000000005608","sector":"730011000000000056","pcode":"CO73001","area_m2":241055}},{"type":"Polygon","arcs":[[447,448,449]],"properties":{"codigo":"73001100000000005806","sector":"730011000000000058","pcode":"CO73001","area_m2":49107}},{"type":"Polygon","arcs":[[-438,450,451,452]],"properties":{"codigo":"73001100000000005610","sector":"730011000000000056","pcode":"CO73001","area_m2":44336}},{"type":"Polygon","arcs":[[453,454,455,456,457,458]],"properties":{"codigo":"73001100000000005612","sector":"730011000000000056","pcode":"CO73001","area_m2":724829}},{"type":"Polygon","arcs":[[459,460,-456]],"properties":{"codigo":"73001100000000005613","sector":"730011000000000056","pcode":"CO73001","area_m2":55120}},{"type":"Polygon","arcs":[[461,462,463,464]],"properties":{"codigo":"73001100000000005708","sector":"730011000000000057","pcode":"CO73001","area_m2":66153}},{"type":"Polygon","arcs":[[465,-449,466,467,468,469,470]],"properties":{"codigo":"73001100000000005805","sector":"730011000000000058","pcode":"CO73001","area_m2":60921}},{"type":"Polygon","arcs":[[471,472,473,474,475,476]],"properties":{"codigo":"73001100000000005704","sector":"730011000000000057","pcode":"CO73001","area_m2":223070}},{"type":"Polygon","arcs":[[477,-476,478,479,480]],"properties":{"codigo":"73001100000000005705","sector":"730011000000000057","pcode":"CO73001","area_m2":85454}},{"type":"Polygon","arcs":[[-463,481,482,483,484,485]],"properties":{"codigo":"73001100000000005707","sector":"730011000000000057","pcode":"CO73001","area_m2":184820}},{"type":"Polygon","arcs":[[486,487,-470,488,489,490,-420,491,492]],"properties":{"codigo":"73001100000000005807","sector":"730011000000000058","pcode":"CO73001","area_m2":239058}},{"type":"Polygon","arcs":[[493,-471,-488]],"properties":{"codigo":"73001100000000005808","sector":"730011000000000058","pcode":"CO73001","area_m2":57560}},{"type":"Polygon","arcs":[[494,-490,495,-312,496,497]],"properties":{"codigo":"73001100000000005901","sector":"730011000000000059","pcode":"CO73001","area_m2":69244}},{"type":"Polygon","arcs":[[-421,-491,-495,498]],"properties":{"codigo":"73001100000000005902","sector":"730011000000000059","pcode":"CO73001","area_m2":78039}},{"type":"Polygon","arcs":[[-489,-469,499,-303,-309,-496]],"properties":{"codigo":"73001100000000005903","sector":"730011000000000059","pcode":"CO73001","area_m2":35601}},{"type":"Polygon","arcs":[[-319,500,-377,501,-310]],"properties":{"codigo":"73001100000000005904","sector":"730011000000000059","pcode":"CO73001","area_m2":74559}},{"type":"Polygon","arcs":[[-311,-502,-380,502,-497]],"properties":{"codigo":"73001100000000005906","sector":"730011000000000059","pcode":"CO73001","area_m2":66643}},{"type":"Polygon","arcs":[[503,-418,-499,-498,-503,-379,504,505,506]],"properties":{"codigo":"73001100000000005907","sector":"730011000000000059","pcode":"CO73001","area_m2":225265}},{"type":"Polygon","arcs":[[507,508,509]],"properties":{"codigo":"73001100000000006008","sector":"730011000000000060","pcode":"CO73001","area_m2":66109}},{"type":"Polygon","arcs":[[510,511,-465,512,513,514]],"properties":{"codigo":"73001100000000007001","sector":"730011000000000070","pcode":"CO73001","area_m2":74363}},{"type":"Polygon","arcs":[[515,516,517,518,519,520]],"properties":{"codigo":"73001100000000006003","sector":"730011000000000060","pcode":"CO73001","area_m2":78198}},{"type":"Polygon","arcs":[[521,522,-517,523,524]],"properties":{"codigo":"73001100000000006004","sector":"730011000000000060","pcode":"CO73001","area_m2":45042}},{"type":"Polygon","arcs":[[-523,525,526,-518]],"properties":{"codigo":"73001100000000006005","sector":"730011000000000060","pcode":"CO73001","area_m2":46778}},{"type":"Polygon","arcs":[[-522,527,528,-526]],"properties":{"codigo":"73001100000000006006","sector":"730011000000000060","pcode":"CO73001","area_m2":41009}},{"type":"Polygon","arcs":[[-529,529,-509,530,-519,-527]],"properties":{"codigo":"73001100000000006007","sector":"730011000000000060","pcode":"CO73001","area_m2":47426}},{"type":"Polygon","arcs":[[531,532,533]],"properties":{"codigo":"73001100000000006009","sector":"730011000000000060","pcode":"CO73001","area_m2":75739}},{"type":"Polygon","arcs":[[534,535,536]],"properties":{"codigo":"73001100000000007103","sector":"730011000000000071","pcode":"CO73001","area_m2":71796}},{"type":"Polygon","arcs":[[537,538,539]],"properties":{"codigo":"73001100000000007003","sector":"730011000000000070","pcode":"CO73001","area_m2":82363}},{"type":"Polygon","arcs":[[540,-540,541,-482,-462,-512,542]],"properties":{"codigo":"73001100000000007004","sector":"730011000000000070","pcode":"CO73001","area_m2":219224}},{"type":"Polygon","arcs":[[543,-543,-511,544,545]],"properties":{"codigo":"73001100000000007005","sector":"730011000000000070","pcode":"CO73001","area_m2":186041}},{"type":"Polygon","arcs":[[546,-536,547,548,549]],"properties":{"codigo":"73001100000000007102","sector":"730011000000000071","pcode":"CO73001","area_m2":58751}},{"type":"Polygon","arcs":[[-432,550,551]],"properties":{"codigo":"73001100000000007402","sector":"730011000000000074","pcode":"CO73001","area_m2":37908}},{"type":"Polygon","arcs":[[552,553,554]],"properties":{"codigo":"73001100000000007105","sector":"730011000000000071","pcode":"CO73001","area_m2":65512}},{"type":"Polygon","arcs":[[555,556,557]],"properties":{"codigo":"73001100000000007106","sector":"730011000000000071","pcode":"CO73001","area_m2":68967}},{"type":"Polygon","arcs":[[-557,558,559]],"properties":{"codigo":"73001100000000007107","sector":"730011000000000071","pcode":"CO73001","area_m2":91955}},{"type":"Polygon","arcs":[[560,-551,-431,561]],"properties":{"codigo":"73001100000000007401","sector":"730011000000000074","pcode":"CO73001","area_m2":54222}},{"type":"Polygon","arcs":[[562,563,564,-459,565,-435,566,-559,-556]],"properties":{"codigo":"73001100000000007109","sector":"730011000000000071","pcode":"CO73001","area_m2":167942}},{"type":"Polygon","arcs":[[567,-439,-453,568]],"properties":{"codigo":"73001100000000007110","sector":"730011000000000071","pcode":"CO73001","area_m2":65237}},{"type":"Polygon","arcs":[[-554,569,-548,-535,570]],"properties":{"codigo":"73001100000000007111","sector":"730011000000000071","pcode":"CO73001","area_m2":88586}},{"type":"Polygon","arcs":[[-423,-430,-433,-552,-561,571,572]],"properties":{"codigo":"73001100000000007403","sector":"730011000000000074","pcode":"CO73001","area_m2":253848}},{"type":"Polygon","arcs":[[573,574]],"properties":{"codigo":"73001100000000007701","sector":"730011000000000077","pcode":"CO73001","area_m2":63748}},{"type":"Polygon","arcs":[[575,-524,-516,576,577]],"properties":{"codigo":"73001100000000007901","sector":"730011000000000079","pcode":"CO73001","area_m2":64638}},{"type":"Polygon","arcs":[[578,-578,579,580]],"properties":{"codigo":"73001100000000007902","sector":"730011000000000079","pcode":"CO73001","area_m2":45776}},{"type":"Polygon","arcs":[[581,582]],"properties":{"codigo":"73001201305025000101","sector":"730012013050250001","pcode":"CO73001","area_m2":74395}},{"type":"Polygon","arcs":[[583]],"properties":{"codigo":"73001200302009000101","sector":"730012003020090001","pcode":"CO73001","area_m2":92534}},{"type":"MultiPolygon","arcs":[[[584]],[[585]]],"properties":{"codigo":"73001200301010000101","sector":"730012003010100001","pcode":"CO73001","area_m2":65142}},{"type":"MultiPolygon","arcs":[[[586]],[[587]],[[588]],[[589]],[[590]]],"properties":{"codigo":"73001201002011000101","sector":"730012010020110001","pcode":"CO73001","area_m2":54425}},{"type":"Polygon","arcs":[[591]],"properties":{"codigo":"73001200103014000101","sector":"730012001030140001","pcode":"CO73001","area_m2":32475}},{"type":"Polygon","arcs":[[592]],"properties":{"codigo":"73001200802020000101","sector":"730012008020200001","pcode":"CO73001","area_m2":28193}},{"type":"Polygon","arcs":[[-583,593]],"properties":{"codigo":"73001201305027000101","sector":"730012013050270001","pcode":"CO73001","area_m2":17916}},{"type":"MultiPolygon","arcs":[[[594]],[[595]]],"properties":{"codigo":"73001200401028000101","sector":"730012004010280001","pcode":"CO73001","area_m2":97173}},{"type":"MultiPolygon","arcs":[[[596]],[[597]],[[598]]],"properties":{"codigo":"73001200305038000101","sector":"730012003050380001","pcode":"CO73001","area_m2":52763}},{"type":"Polygon","arcs":[[599]],"properties":{"codigo":"73001200401047000101","sector":"730012004010470001","pcode":"CO73001","area_m2":290775}},{"type":"Polygon","arcs":[[600]],"properties":{"codigo":"73001200103059000101","sector":"730012001030590001","pcode":"CO73001","area_m2":119240}},{"type":"Polygon","arcs":[[601]],"properties":{"codigo":"73001200103065000101","sector":"730012001030650001","pcode":"CO73001","area_m2":16060}},{"type":"Polygon","arcs":[[602,603]],"properties":{"codigo":"73001100000000000603","sector":"730011000000000006","pcode":"CO73001","area_m2":77748}},{"type":"Polygon","arcs":[[604,605,-17,-28,606,607]],"properties":{"codigo":"73001100000000000301","sector":"730011000000000003","pcode":"CO73001","area_m2":158408}},{"type":"Polygon","arcs":[[-164,-102,-174,-172,-179,608,609,-88,-8,-48,610]],"properties":{"codigo":"73001100000000001001","sector":"730011000000000010","pcode":"CO73001","area_m2":501126}},{"type":"Polygon","arcs":[[611,612,613,614]],"properties":{"codigo":"73001100000000000504","sector":"730011000000000005","pcode":"CO73001","area_m2":150097}},{"type":"MultiPolygon","arcs":[[[-607,-27,615,616,-208,-144,-11,617]],[[-9,618]]],"properties":{"codigo":"73001100000000000202","sector":"730011000000000002","pcode":"CO73001","area_m2":360420}},{"type":"Polygon","arcs":[[-359,619,-362,620,621]],"properties":{"codigo":"73001100000000004101","sector":"730011000000000041","pcode":"CO73001","area_m2":113358}},{"type":"Polygon","arcs":[[622,-127,-122,623,624,625]],"properties":{"codigo":"73001100000000001101","sector":"730011000000000011","pcode":"CO73001","area_m2":345315}},{"type":"Polygon","arcs":[[626,627,-611,628,-624,-124,-126,629]],"properties":{"codigo":"73001100000000001102","sector":"730011000000000011","pcode":"CO73001","area_m2":306274}},{"type":"Polygon","arcs":[[630,-137,631,632,633,634]],"properties":{"codigo":"73001100000000001301","sector":"730011000000000013","pcode":"CO73001","area_m2":90016}},{"type":"Polygon","arcs":[[635,636,637,638]],"properties":{"codigo":"73001100000000001201","sector":"730011000000000012","pcode":"CO73001","area_m2":192783}},{"type":"Polygon","arcs":[[639,640,-639,641]],"properties":{"codigo":"73001100000000001202","sector":"730011000000000012","pcode":"CO73001","area_m2":136672}},{"type":"Polygon","arcs":[[-135,642,643,-637,644]],"properties":{"codigo":"73001100000000001204","sector":"730011000000000012","pcode":"CO73001","area_m2":93000}},{"type":"Polygon","arcs":[[645,646,-643,-134,647,-634,648,649]],"properties":{"codigo":"73001100000000001205","sector":"730011000000000012","pcode":"CO73001","area_m2":250721}},{"type":"Polygon","arcs":[[650,-335,-326,651]],"properties":{"codigo":"73001100000000003502","sector":"730011000000000035","pcode":"CO73001","area_m2":300971}},{"type":"Polygon","arcs":[[652,653,654,655,-645,-636,-641]],"properties":{"codigo":"73001100000000001206","sector":"730011000000000012","pcode":"CO73001","area_m2":246962}},{"type":"Polygon","arcs":[[656,657,-136,-656]],"properties":{"codigo":"73001100000000001207","sector":"730011000000000012","pcode":"CO73001","area_m2":97120}},{"type":"Polygon","arcs":[[-506,658,659,-132,-658]],"properties":{"codigo":"73001100000000001208","sector":"730011000000000012","pcode":"CO73001","area_m2":96352}},{"type":"Polygon","arcs":[[-653,-640,660]],"properties":{"codigo":"73001100000000001209","sector":"730011000000000012","pcode":"CO73001","area_m2":51544}},{"type":"Polygon","arcs":[[661,-315,662,-322,-147,-138,-631,663]],"properties":{"codigo":"73001100000000001303","sector":"730011000000000013","pcode":"CO73001","area_m2":206810}},{"type":"Polygon","arcs":[[-133,-660,664,665,-664,-635,-648]],"properties":{"codigo":"73001100000000001305","sector":"730011000000000013","pcode":"CO73001","area_m2":227350}},{"type":"Polygon","arcs":[[666,-356,-354,-342,-361]],"properties":{"codigo":"73001100000000004002","sector":"730011000000000040","pcode":"CO73001","area_m2":96962}},{"type":"Polygon","arcs":[[-232,-234,-240,-376,667,668,-229]],"properties":{"codigo":"73001100000000002201","sector":"730011000000000022","pcode":"CO73001","area_m2":205983}},{"type":"Polygon","arcs":[[-176,669,-262,-194,670]],"properties":{"codigo":"73001100000000003001","sector":"730011000000000030","pcode":"CO73001","area_m2":153697}},{"type":"Polygon","arcs":[[-279,-282,-270,-331,-263,-670,-175,-170]],"properties":{"codigo":"73001100000000003002","sector":"730011000000000030","pcode":"CO73001","area_m2":131724}},{"type":"Polygon","arcs":[[671,672,673,-324,-268,-118]],"properties":{"codigo":"73001100000000003102","sector":"730011000000000031","pcode":"CO73001","area_m2":200343}},{"type":"Polygon","arcs":[[-360,-622,674,675,-667]],"properties":{"codigo":"73001100000000004102","sector":"730011000000000041","pcode":"CO73001","area_m2":149982}},{"type":"Polygon","arcs":[[676,-294,-321,677]],"properties":{"codigo":"73001100000000003301","sector":"730011000000000033","pcode":"CO73001","area_m2":92181}},{"type":"Polygon","arcs":[[678,679,680,-678,-320]],"properties":{"codigo":"73001100000000003302","sector":"730011000000000033","pcode":"CO73001","area_m2":64423}},{"type":"Polygon","arcs":[[681,-679,-323,-663,-314]],"properties":{"codigo":"73001100000000003303","sector":"730011000000000033","pcode":"CO73001","area_m2":146340}},{"type":"Polygon","arcs":[[682,-368,-349,-357,-676]],"properties":{"codigo":"73001100000000004202","sector":"730011000000000042","pcode":"CO73001","area_m2":67091}},{"type":"Polygon","arcs":[[-675,-621,-365,-297,-371,-683]],"properties":{"codigo":"73001100000000004302","sector":"730011000000000043","pcode":"CO73001","area_m2":125422}},{"type":"Polygon","arcs":[[-668,-375,-396,-411,-391,683,684]],"properties":{"codigo":"73001100000000004601","sector":"730011000000000046","pcode":"CO73001","area_m2":130140}},{"type":"Polygon","arcs":[[685,686,687,-413,688,689]],"properties":{"codigo":"73001100000000004903","sector":"730011000000000049","pcode":"CO73001","area_m2":134993}},{"type":"Polygon","arcs":[[-688,690,691,-382,-410,-414]],"properties":{"codigo":"73001100000000005001","sector":"730011000000000050","pcode":"CO73001","area_m2":113396}},{"type":"Polygon","arcs":[[692,693,-383,-692]],"properties":{"codigo":"73001100000000005002","sector":"730011000000000050","pcode":"CO73001","area_m2":98338}},{"type":"Polygon","arcs":[[694,695,-477,-478,696,697,698]],"properties":{"codigo":"73001100000000006011","sector":"730011000000000060","pcode":"CO73001","area_m2":227330}},{"type":"Polygon","arcs":[[-384,-694,699,700,701]],"properties":{"codigo":"73001100000000005206","sector":"730011000000000052","pcode":"CO73001","area_m2":267020}},{"type":"Polygon","arcs":[[702,703]],"properties":{"codigo":"73001100000000006012","sector":"730011000000000060","pcode":"CO73001","area_m2":48177}},{"type":"Polygon","arcs":[[-701,704,705]],"properties":{"codigo":"73001100000000005205","sector":"730011000000000052","pcode":"CO73001","area_m2":35930}},{"type":"Polygon","arcs":[[-572,-562,-428,-426,-493,706,707,708]],"properties":{"codigo":"73001100000000005306","sector":"730011000000000053","pcode":"CO73001","area_m2":183848}},{"type":"Polygon","arcs":[[-605,709,710]],"properties":{"codigo":"73001100000000005401","sector":"730011000000000054","pcode":"CO73001","area_m2":35397}},{"type":"Polygon","arcs":[[711,-35,-33,-18,-606,-711,712,-614]],"properties":{"codigo":"73001100000000005402","sector":"730011000000000054","pcode":"CO73001","area_m2":324832}},{"type":"Polygon","arcs":[[-533,713,-479,-475,714,715,-574,716]],"properties":{"codigo":"73001100000000005703","sector":"730011000000000057","pcode":"CO73001","area_m2":246555}},{"type":"Polygon","arcs":[[717,718,-128,-623,719]],"properties":{"codigo":"73001100000000005501","sector":"730011000000000055","pcode":"CO73001","area_m2":322845}},{"type":"Polygon","arcs":[[720,-650,721,722,-627,723]],"properties":{"codigo":"73001100000000005503","sector":"730011000000000055","pcode":"CO73001","area_m2":535382}},{"type":"Polygon","arcs":[[724,725,-447,-441,726,-289,-292,-677,-681,727]],"properties":{"codigo":"73001100000000005601","sector":"730011000000000056","pcode":"CO73001","area_m2":349155}},{"type":"Polygon","arcs":[[-715,-474,728,-546,729,730]],"properties":{"codigo":"73001100000000005702","sector":"730011000000000057","pcode":"CO73001","area_m2":288776}},{"type":"Polygon","arcs":[[731,732,733]],"properties":{"codigo":"73001100000000005604","sector":"730011000000000056","pcode":"CO73001","area_m2":702504}},{"type":"Polygon","arcs":[[-542,-539,734,735,-507,-657,-655,736,-483]],"properties":{"codigo":"73001100000000005709","sector":"730011000000000057","pcode":"CO73001","area_m2":260485}},{"type":"Polygon","arcs":[[737,-728,-680,-682,-313,-305,738]],"properties":{"codigo":"73001100000000005801","sector":"730011000000000058","pcode":"CO73001","area_m2":118189}},{"type":"Polygon","arcs":[[739,740,-725,-738,741,742]],"properties":{"codigo":"73001100000000005802","sector":"730011000000000058","pcode":"CO73001","area_m2":175642}},{"type":"Polygon","arcs":[[-742,-739,-304,-500,-468,743]],"properties":{"codigo":"73001100000000005803","sector":"730011000000000058","pcode":"CO73001","area_m2":88810}},{"type":"Polygon","arcs":[[-448,744,-743,-744,-467]],"properties":{"codigo":"73001100000000005804","sector":"730011000000000058","pcode":"CO73001","area_m2":52338}},{"type":"Polygon","arcs":[[745,746,-740,-745,-450,-466,-494,-487,-425]],"properties":{"codigo":"73001100000000005809","sector":"730011000000000058","pcode":"CO73001","area_m2":296691}},{"type":"Polygon","arcs":[[-698,747]],"properties":{"codigo":"73001100000000006010","sector":"730011000000000060","pcode":"CO73001","area_m2":53096}},{"type":"Polygon","arcs":[[748,-580,-577,-521,749,-480,-714,-532,750,-703,751]],"properties":{"codigo":"73001100000000006001","sector":"730011000000000060","pcode":"CO73001","area_m2":464450}},{"type":"Polygon","arcs":[[-531,-508,752,-699,-748,-697,-481,-750,-520]],"properties":{"codigo":"73001100000000006002","sector":"730011000000000060","pcode":"CO73001","area_m2":108606}},{"type":"Polygon","arcs":[[753]],"properties":{"codigo":"73001200407039000101","sector":"730012004070390001","pcode":"CO73001","area_m2":881620}},{"type":"Polygon","arcs":[[754,-581,-749,755]],"properties":{"codigo":"73001100000000006013","sector":"730011000000000060","pcode":"CO73001","area_m2":151004}},{"type":"Polygon","arcs":[[756,-730,-545,-515,757,758]],"properties":{"codigo":"73001100000000007002","sector":"730011000000000070","pcode":"CO73001","area_m2":320462}},{"type":"Polygon","arcs":[[759,-550,760,761]],"properties":{"codigo":"73001100000000007101","sector":"730011000000000071","pcode":"CO73001","area_m2":62962}},{"type":"Polygon","arcs":[[-761,-549,-570,-553,762,-564,763,764]],"properties":{"codigo":"73001100000000007112","sector":"730011000000000071","pcode":"CO73001","area_m2":422725}},{"type":"Polygon","arcs":[[765,-501,-318,-316,-662,-666]],"properties":{"codigo":"73001100000000007301","sector":"730011000000000073","pcode":"CO73001","area_m2":113814}},{"type":"Polygon","arcs":[[-764,-563,-558,-560,-567,-434,-568,766]],"properties":{"codigo":"73001100000000007108","sector":"730011000000000071","pcode":"CO73001","area_m2":214878}},{"type":"Polygon","arcs":[[-378,-766,-665,-659,-505]],"properties":{"codigo":"73001100000000007302","sector":"730011000000000073","pcode":"CO73001","area_m2":101714}},{"type":"MultiPolygon","arcs":[[[767]],[[768]],[[769]]],"properties":{"codigo":"73001200901007000101","sector":"730012009010070001","pcode":"CO73001","area_m2":22509}},{"type":"Polygon","arcs":[[770,-695,-753,-510,-530,-528,-525,-576,-579,-755]],"properties":{"codigo":"73001100000000007903","sector":"730011000000000079","pcode":"CO73001","area_m2":261937}},{"type":"MultiPolygon","arcs":[[[771]],[[772]]],"properties":{"codigo":"73001200604001000101","sector":"730012006040010001","pcode":"CO73001","area_m2":766253}},{"type":"MultiPolygon","arcs":[[[773]],[[774]],[[775]],[[776]]],"properties":{"codigo":"73001200909004000101","sector":"730012009090040001","pcode":"CO73001","area_m2":6315}},{"type":"MultiPolygon","arcs":[[[777]],[[778]]],"properties":{"codigo":"73001200505049000101","sector":"730012005050490001","pcode":"CO73001","area_m2":278727}},{"type":"Polygon","arcs":[[779]],"properties":{"codigo":"73001201304006000101","sector":"730012013040060001","pcode":"CO73001","area_m2":26869}},{"type":"Polygon","arcs":[[780]],"properties":{"codigo":"73001201204012000101","sector":"730012012040120001","pcode":"CO73001","area_m2":39599}},{"type":"MultiPolygon","arcs":[[[781]],[[782]]],"properties":{"codigo":"73001201103013000101","sector":"730012011030130001","pcode":"CO73001","area_m2":129300}},{"type":"Polygon","arcs":[[783]],"properties":{"codigo":"73001200601015000101","sector":"730012006010150001","pcode":"CO73001","area_m2":746541}},{"type":"Polygon","arcs":[[784]],"properties":{"codigo":"73001200706024000101","sector":"730012007060240001","pcode":"CO73001","area_m2":150478}},{"type":"Polygon","arcs":[[785]],"properties":{"codigo":"73001200607016000101","sector":"730012006070160001","pcode":"CO73001","area_m2":628451}},{"type":"Polygon","arcs":[[786]],"properties":{"codigo":"73001200705017000101","sector":"730012007050170001","pcode":"CO73001","area_m2":154259}},{"type":"Polygon","arcs":[[787,788]],"properties":{"codigo":"73001200205018000101","sector":"730012002050180001","pcode":"CO73001","area_m2":251533}},{"type":"Polygon","arcs":[[789]],"properties":{"codigo":"73001200104030000101","sector":"730012001040300001","pcode":"CO73001","area_m2":213859}},{"type":"Polygon","arcs":[[790]],"properties":{"codigo":"73001200504032000101","sector":"730012005040320001","pcode":"CO73001","area_m2":35841}},{"type":"MultiPolygon","arcs":[[[791]],[[792]],[[793]]],"properties":{"codigo":"73001200602034000101","sector":"730012006020340001","pcode":"CO73001","area_m2":56358}},{"type":"Polygon","arcs":[[794]],"properties":{"codigo":"73001200504036000101","sector":"730012005040360001","pcode":"CO73001","area_m2":49902}},{"type":"MultiPolygon","arcs":[[[795]],[[796]],[[797]],[[798]]],"properties":{"codigo":"73001200202050000101","sector":"730012002020500001","pcode":"CO73001","area_m2":45069}},{"type":"MultiPolygon","arcs":[[[799]],[[800,801]],[[802]],[[803]]],"properties":{"codigo":"73001200701057000101","sector":"730012007010570001","pcode":"CO73001","area_m2":72359}},{"type":"MultiPolygon","arcs":[[[804]],[[805]]],"properties":{"codigo":"73001201106058000101","sector":"730012011060580001","pcode":"CO73001","area_m2":33892}},{"type":"Polygon","arcs":[[-788,806]],"properties":{"codigo":"73001200606066000101","sector":"730012006060660001","pcode":"CO73001","area_m2":253279}},{"type":"MultiPolygon","arcs":[[[807,-388]],[[-684,-390,808]]],"properties":{"codigo":"73001100000000004603","sector":"730011000000000046","pcode":"CO73001","area_m2":147752}},{"type":"Polygon","arcs":[[809]],"properties":{"codigo":"73001100000000000102","sector":"730011000000000001","pcode":"CO73001","area_m2":594053}},{"type":"MultiPolygon","arcs":[[[810]],[[-691,-687,811,812,813,-693]]],"properties":{"codigo":"73001100000000005101","sector":"730011000000000051","pcode":"CO73001","area_m2":646770}},{"type":"Polygon","arcs":[[-436,-566,-458,814,815,816]],"properties":{"codigo":"73001100000000005602","sector":"730011000000000056","pcode":"CO73001","area_m2":1979302}},{"type":"Polygon","arcs":[[817,818,-732,819,820,821,-460,-455,822,823]],"properties":{"codigo":"73001100000000005605","sector":"730011000000000056","pcode":"CO73001","area_m2":1987654}},{"type":"Polygon","arcs":[[824,-408,-372,-300,-369,825]],"properties":{"codigo":"73001100000000004303","sector":"730011000000000043","pcode":"CO73001","area_m2":152946}},{"type":"Polygon","arcs":[[826,-690,827]],"properties":{"codigo":"73001100000000004905","sector":"730011000000000049","pcode":"CO73001","area_m2":106639}},{"type":"Polygon","arcs":[[-266,-256,828,-261,-199,-191,-195]],"properties":{"codigo":"73001100000000002901","sector":"730011000000000029","pcode":"CO73001","area_m2":87553}},{"type":"Polygon","arcs":[[-829,-255]],"properties":{"codigo":"73001100000000002802","sector":"730011000000000028","pcode":"CO73001","area_m2":73747}},{"type":"Polygon","arcs":[[-625,-629,-53,829,830]],"properties":{"codigo":"73001100000000001106","sector":"730011000000000011","pcode":"CO73001","area_m2":221736}},{"type":"Polygon","arcs":[[831,832,833]],"properties":{"codigo":"73001100000000005615","sector":"730011000000000056","pcode":"CO73001","area_m2":251803}},{"type":"Polygon","arcs":[[834,-485,835]],"properties":{"codigo":"73001100000000005710","sector":"730011000000000057","pcode":"CO73001","area_m2":85334}},{"type":"Polygon","arcs":[[-41,-221,-223,-24,-205,-617,836]],"properties":{"codigo":"73001100000000002001","sector":"730011000000000020","pcode":"CO73001","area_m2":97657}},{"type":"Polygon","arcs":[[-646,-721,837]],"properties":{"codigo":"73001100000000005504","sector":"730011000000000055","pcode":"CO73001","area_m2":54455}},{"type":"Polygon","arcs":[[-42,-837,-616,-29,-20,-32,838]],"properties":{"codigo":"73001100000000000203","sector":"730011000000000002","pcode":"CO73001","area_m2":89694}},{"type":"Polygon","arcs":[[-193,-198,-86,-610,839,-177,-671]],"properties":{"codigo":"73001100000000001501","sector":"730011000000000015","pcode":"CO73001","area_m2":125876}},{"type":"Polygon","arcs":[[-513,-464,-486,-835,840]],"properties":{"codigo":"73001100000000005701","sector":"730011000000000057","pcode":"CO73001","area_m2":42299}},{"type":"Polygon","arcs":[[-718,841]],"properties":{"codigo":"73001100000000005502","sector":"730011000000000055","pcode":"CO73001","area_m2":175568}},{"type":"Polygon","arcs":[[842,843,-801,844]],"properties":{"codigo":"73001100000000005204","sector":"730011000000000052","pcode":"CO73001","area_m2":256932}},{"type":"Polygon","arcs":[[-727,-440,-446,845,-673,846,847,848,849,850,-276,-285,-290]],"properties":{"codigo":"73001100000000005614","sector":"730011000000000056","pcode":"CO73001","area_m2":561212}},{"type":"Polygon","arcs":[[-705,-700,-814,851,852,853]],"properties":{"codigo":"73001100000000005202","sector":"730011000000000052","pcode":"CO73001","area_m2":331471}},{"type":"Polygon","arcs":[[854]],"properties":{"codigo":"73001100000000007601","sector":"730011000000000076","pcode":"CO73001","area_m2":204820}},{"type":"Polygon","arcs":[[855,-821]],"properties":{"codigo":"73001100000000007801","sector":"730011000000000078","pcode":"CO73001","area_m2":496904}},{"type":"Polygon","arcs":[[-830,-52,-54,856]],"properties":{"codigo":"73001100000000001107","sector":"730011000000000011","pcode":"CO73001","area_m2":183901}},{"type":"Polygon","arcs":[[-633,857,858,859,860,861,862,863,-722,-649]],"properties":{"codigo":"73001100000000005505","sector":"730011000000000055","pcode":"CO73001","area_m2":428256}},{"type":"Polygon","arcs":[[864,-833,865,866,-443,-726,-741,-747]],"properties":{"codigo":"73001100000000005609","sector":"730011000000000056","pcode":"CO73001","area_m2":1053098}},{"type":"Polygon","arcs":[[-851,867,-849,868,-847,-672,-121,-281,-277]],"properties":{"codigo":"73001100000000003104","sector":"730011000000000031","pcode":"CO73001","area_m2":164588}},{"type":"Polygon","arcs":[[-759,869]],"properties":{"codigo":"73001100000000007006","sector":"730011000000000070","pcode":"CO73001","area_m2":56481}},{"type":"Polygon","arcs":[[870,-828,-689,-412,-406,-825]],"properties":{"codigo":"73001100000000004904","sector":"730011000000000049","pcode":"CO73001","area_m2":254495}},{"type":"Polygon","arcs":[[871,872,-852,-813,873]],"properties":{"codigo":"73001100000000005102","sector":"730011000000000051","pcode":"CO73001","area_m2":476367}},{"type":"Polygon","arcs":[[874,-866,-832,875]],"properties":{"codigo":"73001100000000005611","sector":"730011000000000056","pcode":"CO73001","area_m2":1156894}},{"type":"Polygon","arcs":[[876,-46,-43,-839,-31,-34,-712,-613]],"properties":{"codigo":"73001100000000000501","sector":"730011000000000005","pcode":"CO73001","area_m2":175930}},{"type":"Polygon","arcs":[[-142,877,-861,878,879,-858,-632]],"properties":{"codigo":"73001100000000001304","sector":"730011000000000013","pcode":"CO73001","area_m2":115968}},{"type":"Polygon","arcs":[[-707,-492,-422,-416,-274,-419,-504,-736,880]],"properties":{"codigo":"73001100000000005305","sector":"730011000000000053","pcode":"CO73001","area_m2":155569}},{"type":"Polygon","arcs":[[-873,881,882,-853]],"properties":{"codigo":"73001100000000005201","sector":"730011000000000052","pcode":"CO73001","area_m2":318433}},{"type":"Polygon","arcs":[[-840,-609,-178]],"properties":{"codigo":"73001100000000001502","sector":"730011000000000015","pcode":"CO73001","area_m2":80393}},{"type":"Polygon","arcs":[[-846,-445,883,-816,884,-652,-325,-674]],"properties":{"codigo":"73001100000000003402","sector":"730011000000000034","pcode":"CO73001","area_m2":1202345}},{"type":"Polygon","arcs":[[-733,-819,885,886,-823,-454,-565,-763,-555,-571,-537,-547,-760,887]],"properties":{"codigo":"73001100000000007104","sector":"730011000000000071","pcode":"CO73001","area_m2":557603}},{"type":"Polygon","arcs":[[888,-451,-437,-817,-884,-444,-867,-875]],"properties":{"codigo":"73001100000000005603","sector":"730011000000000056","pcode":"CO73001","area_m2":790805}},{"type":"Polygon","arcs":[[889,-843,890,-882,-872]],"properties":{"codigo":"73001100000000005203","sector":"730011000000000052","pcode":"CO73001","area_m2":774776}},{"type":"Polygon","arcs":[[-62,-47,-877,-612,891,-603,892]],"properties":{"codigo":"73001100000000000601","sector":"730011000000000006","pcode":"CO73001","area_m2":975887}},{"type":"Polygon","arcs":[[893,-708,-881,-735,-538,-541,-544,-729,-473]],"properties":{"codigo":"73001100000000005706","sector":"730011000000000057","pcode":"CO73001","area_m2":1189393}},{"type":"Polygon","arcs":[[-167,-165,-628,-723,-864,894,-862,-878]],"properties":{"codigo":"73001100000000001103","sector":"730011000000000011","pcode":"CO73001","area_m2":227146}},{"type":"MultiPolygon","arcs":[[[895]],[[896]]],"properties":{"codigo":"73001200211067000101","sector":"730012002110670001","pcode":"CO73001","area_m2":18820}}]}},"arcs":[[[4547,5485],[5,-8],[5,-14],[2,-12]],[[4559,5451],[-5,-5],[-22,-26],[-11,-12]],[[4521,5408],[-20,33],[-18,28],[8,13]],[[4491,5482],[24,-27],[19,33],[9,-8],[4,5]],[[5348,5748],[-5,1],[13,68],[-18,1],[0,12],[-22,9]],[[5316,5839],[0,34]],[[5316,5873],[19,-2],[43,4],[9,3]],[[5387,5878],[9,-27],[14,-31],[-31,-44],[-19,-35],[-12,7]],[[4160,6278],[6,-10],[8,1],[4,-3],[-1,-14],[2,-12],[8,-25],[8,-10],[8,-7]],[[4203,6198],[2,-3]],[[4205,6195],[5,-11],[15,-22],[28,-28],[5,-8],[10,-22],[5,-15],[9,-43],[7,-18],[3,-14],[9,-16],[5,7],[17,-22]],[[4323,5983],[-16,-23],[-7,-16]],[[4300,5944],[-10,-29]],[[4290,5915],[-7,6],[-12,14],[-10,16],[-5,-2]],[[4256,5949],[-9,7],[-9,13],[-2,21],[4,32],[-2,18],[-13,15],[-21,33],[2,3],[-5,10],[-8,20],[4,9],[-16,8],[-12,-3],[-12,2],[-7,7],[-2,9],[9,0],[3,8],[14,-7],[7,5],[-6,25],[-3,35],[-7,30],[-7,17],[-5,1],[-3,6],[10,5]],[[4519,6017],[-44,19],[-38,20],[-7,8]],[[4430,6064],[10,23],[26,55],[6,15]],[[4472,6157],[10,-10],[19,-28]],[[4501,6119],[32,-44]],[[4533,6075],[14,-39],[-21,0],[-3,-3],[-4,-16]],[[4567,5708],[-62,56],[-23,22]],[[4482,5786],[16,32],[-22,19]],[[4476,5837],[9,18]],[[4485,5855],[22,-17]],[[4507,5838],[28,-20],[22,-15],[22,-10],[24,-16]],[[4603,5777],[-5,-13],[-27,-51],[-4,-5]],[[4507,5957],[-28,12],[6,29],[-22,9],[-13,14],[-21,19],[-31,32],[-20,19],[2,6],[-26,18],[-22,30],[-2,12],[2,10],[-5,18],[6,8],[17,7],[20,-2]],[[4370,6198],[5,-40],[10,-37],[-2,-9],[47,-48]],[[4519,6017],[-5,-32],[-7,-28]],[[4596,6138],[-4,-40]],[[4592,6098],[-6,-1],[-25,-8]],[[4561,6089],[-14,-6],[-14,-8]],[[4501,6119],[19,35],[10,17],[9,-17],[-1,-11],[16,-6],[12,6],[14,-6],[16,1]],[[4655,6142],[0,-19],[-22,-12],[-3,-4],[-2,-31],[-36,22]],[[4596,6138],[17,-3],[21,3],[7,18],[4,-6],[10,-8]],[[4537,5661],[-15,12],[-44,30],[-8,4],[-22,13]],[[4448,5720],[11,22],[11,19],[12,25]],[[4567,5708],[-22,-33],[-8,-14]],[[4655,6033],[2,-21],[4,-46],[18,0],[13,2],[2,-95],[-12,-1],[-12,7],[-15,1],[-14,-8],[-6,-9]],[[4635,5863],[0,0]],[[4635,5863],[-21,6],[-11,10],[-18,11],[-17,8],[-3,5],[-10,2]],[[4555,5905],[5,15],[5,11],[7,4],[4,20]],[[4576,5955],[6,1],[9,-6],[5,1],[8,29],[1,8],[-5,18],[8,13],[14,10],[6,18],[14,-9],[4,-5],[9,0]],[[4769,5900],[-31,-51],[-12,-12]],[[4726,5837],[-5,5],[-53,12],[-33,9]],[[4655,6033],[34,13],[13,9]],[[4702,6055],[3,2],[2,-18],[6,3],[4,-7],[20,-1],[5,2],[14,-2],[12,-3],[7,-9],[-7,-17],[13,-14],[8,-15],[-6,-15],[-2,-17],[-3,-30],[-9,-14]],[[5478,5908],[-15,-6],[-36,-9],[-20,-7],[-4,-5],[-16,-3]],[[5316,5873],[-10,1],[-33,-2],[-38,-1]],[[5235,5871],[-33,-2],[-36,-21]],[[5166,5848],[-13,41],[-10,3],[0,2]],[[5143,5894],[4,1],[20,23],[9,4],[15,-4],[13,7],[8,-17],[28,-5],[20,6],[4,4],[5,23],[15,17],[14,3],[4,-7],[-2,-7],[2,-8],[10,-13],[14,-4],[6,1],[23,26],[6,5],[5,10],[11,2],[13,-2],[23,2]],[[5413,5961],[3,-12],[-2,-30],[4,-4],[20,7],[7,-3],[13,-9],[20,-2]],[[5114,5888],[9,-12],[5,5],[3,10],[12,3]],[[5166,5848],[-5,-3]],[[5161,5845],[-37,-21]],[[5124,5824],[-6,25],[-7,-6],[-11,7],[-7,10],[-4,1],[-21,0],[-29,-12],[-7,4],[-6,0]],[[5026,5853],[-13,-13],[-20,-5],[-24,-3],[-7,-16],[-12,-4],[-9,-7],[-19,-2],[-9,-7],[-15,0],[-2,-6],[-11,-10],[3,-6],[20,-30]],[[4908,5744],[-13,-13]],[[4895,5731],[-12,13],[-13,7],[-16,5],[-14,7],[-19,6],[-48,34],[-12,15],[-30,13],[-2,3]],[[4729,5834],[-3,3]],[[4769,5900],[39,23],[9,-1],[79,-4],[12,33],[13,11],[17,21],[7,6],[8,2]],[[4953,5991],[-1,-17],[2,-12],[3,-10],[16,-22],[8,-7],[12,-1],[13,11],[6,-2],[2,-14],[8,-6],[13,7],[9,-4],[6,-20],[5,-11],[6,-1],[10,11],[18,0],[19,4],[6,-9]],[[4964,5556],[-36,16],[-26,13]],[[4902,5585],[11,50]],[[4913,5635],[27,-7]],[[4940,5628],[17,-1],[31,-4]],[[4988,5623],[-24,-67]],[[5012,5777],[-66,-16]],[[4946,5761],[-29,-9],[-9,-8]],[[5026,5853],[-1,-20],[2,-10],[7,2],[7,7],[5,-40],[-34,-15]],[[5124,5824],[-11,-6],[1,-30],[-30,-86]],[[5084,5702],[-39,10],[-28,10],[-15,-4]],[[5002,5718],[10,59]],[[5154,5684],[-27,9],[-43,9]],[[5161,5845],[9,-36],[18,-6],[-8,-29]],[[5180,5774],[-9,-30],[-11,-32],[-6,-28]],[[5229,5769],[-49,5]],[[5235,5871],[-6,-102]],[[5292,5681],[-19,1]],[[5273,5682],[-18,2],[-22,-5],[-19,2],[-15,-8],[-14,-1]],[[5185,5672],[-7,1],[-24,11]],[[5229,5769],[23,-3]],[[5252,5766],[0,-69],[14,0],[13,11],[12,-8],[1,-19]],[[5316,5839],[0,-40],[-32,-12],[-32,-21]],[[5330,5726],[-13,-8],[0,-38]],[[5317,5680],[-25,1]],[[5348,5748],[-10,-12],[-5,-12],[-3,2]],[[4973,5507],[-49,2]],[[4924,5509],[4,25],[-35,15],[9,36]],[[4964,5556],[19,-8],[-10,-41]],[[5651,5656],[-43,0]],[[5608,5656],[-9,50]],[[5599,5706],[41,9]],[[5640,5715],[11,-59]],[[5651,5656],[1,-4]],[[5652,5652],[11,-51]],[[5663,5601],[-44,-14]],[[5619,5587],[-11,69]],[[5631,5768],[9,-53]],[[5599,5706],[-67,-14]],[[5532,5692],[-13,53],[-6,22],[20,21],[12,-18],[9,-16],[5,0],[21,24],[16,-29],[22,25],[13,-6]],[[5634,5517],[-3,-1]],[[5631,5516],[-9,51],[-3,20]],[[5663,5601],[12,-70]],[[5675,5531],[-41,-14]],[[5141,5359],[-9,9],[-7,2],[-12,9]],[[5113,5379],[-39,-22],[-12,-6],[-23,7]],[[5039,5358],[18,36],[25,54]],[[5082,5448],[36,-7]],[[5118,5441],[4,-4],[36,-6]],[[5158,5431],[-3,-34],[-2,-21],[-12,-17]],[[5714,5470],[-11,-3],[3,-18],[-11,-3]],[[5695,5446],[-45,-16]],[[5650,5430],[-14,80],[-2,7]],[[5675,5531],[39,14]],[[5714,5545],[0,-9],[-22,-7],[6,-31],[11,3],[5,-31]],[[5462,5295],[-6,-2],[-4,6],[-9,2],[-21,-10],[-7,-1],[-11,5],[-9,-1],[-4,16]],[[5391,5310],[3,10],[3,18],[5,18],[8,11],[19,12]],[[5429,5379],[15,-27],[6,-23]],[[5450,5329],[6,-24],[6,-10]],[[5518,6036],[-22,13],[-11,10],[4,40],[0,15],[-10,34]],[[5479,6148],[31,13],[20,10],[13,-36],[30,-64]],[[5573,6071],[-55,-35]],[[5597,6091],[0,-3]],[[5597,6088],[-24,-17]],[[5479,6148],[-4,14],[-3,61]],[[5472,6223],[10,1],[0,8],[32,8],[0,15],[6,-3],[26,-24],[-4,-9],[8,-13],[0,-7],[-5,-16],[-1,-12],[5,-17],[8,-14],[7,-10],[8,-1],[7,-6],[2,-18],[4,-5],[6,-3],[6,-6]],[[5595,5395],[-18,94],[0,8]],[[5577,5497],[54,19]],[[5650,5430],[2,-16],[-57,-19]],[[6165,5873],[0,-19]],[[6165,5854],[-12,-8],[-8,-1],[-11,-9],[-16,-2],[-4,-5],[-14,-5],[-20,-16],[-6,-1],[-6,10],[-26,24],[-7,1],[-9,-5],[-5,2],[-4,22]],[[6017,5861],[31,9],[9,5],[-1,12],[12,9]],[[6068,5896],[21,8],[16,5],[13,2],[45,-6]],[[6163,5905],[2,-32]],[[5892,5751],[13,-9],[4,0]],[[5909,5742],[-5,-24],[-4,-14],[-5,-12],[-5,-20],[10,-5],[9,-8],[3,-15]],[[5912,5644],[-10,1],[-55,13],[-12,2],[-33,-11]],[[5802,5649],[-4,34],[1,24]],[[5799,5707],[7,80],[5,12]],[[5811,5799],[5,-14],[8,-16],[13,-6],[5,3],[16,15],[10,2],[8,-22],[16,-10]],[[4386,5915],[-19,17],[-39,45],[-5,6]],[[4323,5983],[14,16],[4,9],[1,11],[14,7],[12,15],[5,16],[31,-23],[16,-13],[16,-35]],[[4436,5986],[-21,-30],[-5,-2],[-9,4],[1,-7],[-16,-36]],[[5814,5579],[-10,57],[-2,13]],[[5912,5644],[6,-27]],[[5918,5617],[-51,-18],[-53,-20]],[[5715,5545],[-1,0]],[[5652,5652],[17,0],[50,-2]],[[5719,5650],[29,-1]],[[5748,5649],[-1,-34],[-18,1],[-28,-3],[3,-6],[11,-62]],[[5814,5579],[-21,-7]],[[5793,5572],[-78,-27]],[[5748,5649],[43,-2],[11,2]],[[5719,5650],[0,64]],[[5719,5714],[33,-1],[22,-2]],[[5774,5711],[25,-4]],[[5674,5716],[45,-2]],[[5640,5715],[15,1],[19,0]],[[5631,5768],[20,-1],[3,8],[4,0],[1,25],[3,7],[13,0]],[[5675,5807],[-1,-17],[0,-74]],[[5675,5807],[9,0],[0,-8],[12,-1],[0,-9],[20,-1],[0,11],[6,0],[-1,-20],[-2,-65]],[[5631,5768],[-4,23]],[[5627,5791],[8,-4],[12,-2],[6,2],[3,5],[1,18],[3,8],[7,6],[9,0],[15,-9],[11,-12],[6,-3],[4,3],[3,22],[8,10],[15,6],[11,-16],[14,-2]],[[5763,5823],[-3,-10],[15,-8],[-1,-94]],[[5763,5823],[32,-12],[16,-12]],[[5577,5497],[-68,-23]],[[5509,5474],[-27,-10]],[[5482,5464],[-7,36],[-9,-3],[-12,1]],[[5454,5498],[-5,27],[10,4],[-2,17],[37,13],[-2,14],[-13,75],[-7,32]],[[5472,5680],[59,12]],[[5531,5692],[29,-125],[17,-70]],[[5531,5692],[1,0]],[[5454,5498],[-13,1]],[[5441,5499],[-29,3],[-19,-5],[-28,-13],[0,17]],[[5365,5501],[1,50]],[[5366,5551],[45,-3],[0,67],[1,59]],[[5412,5674],[18,-1],[42,7]],[[4581,5423],[5,-10]],[[4586,5413],[-10,-16],[-17,-21]],[[4559,5376],[-14,-14]],[[4545,5362],[-24,46]],[[4559,5451],[2,-16],[3,-8],[5,-2],[4,4],[8,-6]],[[5124,5565],[-63,24],[-49,27]],[[5012,5616],[3,6],[11,40],[-26,13],[6,21],[-4,22]],[[5154,5684],[-10,-50]],[[5144,5634],[-12,-39],[-8,-30]],[[5185,5672],[-10,-48],[-31,10]],[[5260,5606],[-5,-24],[-33,-88]],[[5222,5494],[-44,33]],[[5178,5527],[35,92],[9,-4],[12,1],[26,-10]],[[5317,5599],[0,-48],[1,-45]],[[5318,5506],[-11,4],[-7,7],[-17,10],[-25,-62]],[[5258,5465],[-12,11],[-24,18]],[[5260,5606],[10,-5],[17,-3],[4,3],[26,-2]],[[5260,5606],[9,35],[1,17],[3,24]],[[5317,5680],[0,-81]],[[5178,5527],[-24,18]],[[5154,5545],[-11,9],[-19,11]],[[4913,5635],[-28,6],[-27,1]],[[4858,5642],[5,32],[11,25],[12,19]],[[4886,5718],[9,13]],[[4946,5761],[5,-35],[22,-13],[4,-1],[-16,-4],[-5,-4],[-16,-76]],[[4498,5907],[-9,-44],[-4,-8]],[[4476,5837],[-43,38]],[[4433,5875],[-47,40]],[[4436,5986],[19,-39],[43,-40]],[[5012,5616],[-24,7]],[[4886,5718],[-11,9],[-23,8],[-56,25]],[[4796,5760],[-26,6],[-27,3],[-24,19]],[[4719,5788],[5,19],[5,27]],[[4796,5760],[-4,-38],[-4,-18],[-8,-38]],[[4780,5666],[-52,23],[-31,21]],[[4697,5710],[-46,34]],[[4651,5744],[16,45],[45,-25],[7,24]],[[4858,5642],[-22,4]],[[4836,5646],[-15,4],[-41,16]],[[4651,5744],[-43,32],[-4,3]],[[4604,5779],[18,44]],[[4622,5823],[6,17],[7,23]],[[4604,5779],[-1,-2]],[[4507,5838],[10,19],[48,-32],[12,31],[20,-14],[25,-19]],[[4433,5875],[-15,-29]],[[4418,5846],[-20,18],[-27,23],[-19,18],[-23,41],[-16,-18],[-13,16]],[[4418,5846],[-29,-59]],[[4389,5787],[-18,28],[-15,17],[-8,15],[8,13],[-16,20],[-15,10],[-35,25]],[[4389,5787],[16,-24],[-7,-10]],[[4398,5753],[-17,32],[-16,17],[-7,13],[-7,6],[-19,21],[-8,19],[-8,-19],[-6,16],[-11,11],[-8,-13],[-10,8],[-19,45],[-9,12]],[[4253,5921],[4,18],[-1,10]],[[4448,5720],[-1,1]],[[4447,5721],[-22,19],[-12,-2],[-9,6],[-6,9]],[[4599,5527],[-9,3],[-25,40],[-7,7],[-17,12],[-7,8],[-43,36],[-18,12],[-21,8]],[[4452,5653],[12,23],[-20,24],[-12,8],[12,5],[3,8]],[[4537,5661],[4,-5],[11,-24],[12,-22],[33,-50]],[[4597,5560],[-1,-11],[3,-22]],[[4599,5527],[1,-6]],[[4600,5521],[-13,3],[-5,-4],[-2,10],[-17,20],[-20,9],[-14,17],[-23,-29],[5,-11],[0,-10],[17,-19],[6,-3],[15,-16],[-2,-3]],[[4547,5485],[-13,12],[-10,5],[-12,8],[-6,11],[-7,20],[-5,7],[-12,9],[-12,4],[-16,14],[-8,21],[-14,26]],[[4432,5622],[20,31]],[[4600,5521],[10,-47]],[[4610,5474],[-10,8],[-3,5],[-17,-24],[12,-19],[-3,-15],[-8,-6]],[[4660,5621],[-43,40],[-50,47]],[[4697,5710],[-16,-36]],[[4681,5674],[-21,-53]],[[4660,5621],[-5,-38],[0,-20],[2,-10],[-5,-12],[-14,-25],[-3,-11],[-14,18],[10,2],[-34,35]],[[4748,5519],[-13,1]],[[4735,5520],[-9,0],[-9,5],[-8,-8],[0,-25],[-8,-34]],[[4701,5458],[-16,16],[-52,26],[-14,-20],[-9,-6]],[[4681,5674],[18,-11],[15,-24],[17,-19],[21,-26],[24,-22],[-28,-53]],[[4781,5518],[-33,1]],[[4836,5646],[-5,-28],[-34,-70],[-16,-30]],[[4924,5509],[-37,2]],[[4887,5511],[-19,2],[-53,2],[-8,2],[-26,1]],[[5144,5520],[-22,16],[-1,-13],[-40,3],[-24,10],[-7,-21],[-11,-17],[15,-24],[13,-12],[10,-5],[42,-7]],[[5119,5450],[0,-5]],[[5119,5445],[-1,-4]],[[5082,5448],[-15,4],[-9,6],[-24,21]],[[5034,5479],[-22,18],[-10,6]],[[5002,5503],[-10,3],[-19,1]],[[5154,5545],[-10,-25]],[[5258,5465],[36,-44],[8,-25]],[[5302,5396],[-2,-10],[2,-45],[-1,-2]],[[5301,5339],[-17,20],[-9,7],[-13,13],[-28,27],[-26,13]],[[5208,5419],[-29,9],[-21,3]],[[5119,5445],[24,-3],[17,45],[16,-11],[65,-50],[17,39]],[[5428,5384],[1,-5]],[[5391,5310],[-9,-11],[-12,-5],[-18,3],[-16,10]],[[5336,5307],[-3,9],[3,10]],[[5336,5326],[-9,8],[-10,31],[18,12],[36,24],[16,-40],[41,23]],[[6457,5700],[-2,-12],[5,-1],[-5,-31]],[[6455,5656],[-27,8],[-10,2]],[[6418,5666],[-2,34],[-2,62]],[[6414,5762],[1,2],[23,2],[6,-9],[-10,-17],[2,-36],[21,-4]],[[5563,5383],[26,-45]],[[5589,5338],[1,-2]],[[5590,5336],[-7,-3],[-27,1],[-15,4],[-5,14],[-3,-3]],[[5533,5349],[-17,46],[-46,-32],[-17,48],[-4,21]],[[5449,5432],[6,9],[12,13],[15,10]],[[5509,5474],[3,-5],[51,-86]],[[5533,5349],[-14,-11],[-30,-3],[-3,7],[-10,4],[-26,-17]],[[5428,5384],[10,9],[4,8],[7,31]],[[5595,5395],[-25,-8],[-7,-4]],[[5695,5446],[2,-2],[10,-60]],[[5707,5384],[-34,-11],[0,-8],[-9,1],[-29,-5],[-21,-11],[-17,-5],[-8,-7]],[[5736,5492],[-12,-4],[2,-14],[-12,-4]],[[5793,5572],[11,-56]],[[5804,5516],[-68,-24]],[[5788,5397],[-4,-4],[-5,4]],[[5779,5397],[-17,-3],[-6,-10],[-6,-3],[-9,15],[-34,-12]],[[5736,5492],[5,-32],[-12,-2],[6,-30],[42,15],[3,-1],[8,-45]],[[5824,5410],[-10,-7],[-13,3],[-13,-9]],[[5804,5516],[3,-16]],[[5807,5500],[13,-77],[4,-13]],[[5206,5337],[-14,0],[-11,-11],[-6,-1],[-6,5],[-4,16],[-2,17],[-3,2],[-14,-14],[-5,8]],[[5208,5419],[-13,-65],[12,0],[-1,-17]],[[4792,5279],[10,-11],[-18,-34],[-4,-14]],[[4780,5220],[-3,-17],[-15,-26],[-6,-18],[-25,8]],[[4731,5167],[-25,6]],[[4706,5173],[-5,37],[-5,31],[-2,5]],[[4694,5246],[-2,7],[-4,34],[-1,21]],[[4687,5308],[25,-20],[28,-29],[25,46],[27,-26]],[[6217,5518],[2,-10]],[[6219,5508],[0,-4],[-14,-8],[-15,-2],[-23,-9],[-14,-3],[-10,0],[-4,-3],[-10,-1],[-17,1],[-12,4],[-12,2],[-8,-4]],[[6080,5481],[-1,-16],[-2,-4],[-14,-1]],[[6063,5460],[-2,10],[8,3],[-3,19]],[[6066,5492],[25,7],[-5,28],[-3,-1],[-6,29],[29,10],[7,-35],[19,6],[-6,35],[31,9]],[[6157,5580],[3,-23],[11,4],[2,-14],[18,6],[4,-22],[18,5],[4,-18]],[[6257,5563],[5,-30],[-45,-15]],[[6157,5580],[47,14]],[[6204,5594],[0,-4]],[[6204,5590],[7,-42],[46,15]],[[6063,5460],[-11,-5],[-31,1]],[[6021,5456],[-2,3],[-3,18],[-22,121],[-8,43]],[[5986,5641],[39,14]],[[6025,5655],[10,4]],[[6035,5659],[12,-58],[6,-38],[13,-71]],[[6035,5659],[62,21],[39,14]],[[6136,5694],[12,-61],[-1,-3],[10,-50]],[[5939,5511],[-26,-8],[-8,47],[-25,-8],[4,-24]],[[5884,5518],[-51,-17],[-1,8],[-25,-9]],[[5918,5617],[20,7]],[[5938,5624],[1,-16],[1,-47],[-1,-50]],[[5336,5307],[13,-35]],[[5349,5272],[-4,-5]],[[5345,5267],[-12,4],[-34,-11],[-8,0],[-1,-5],[-7,-1],[-3,11],[-3,3],[-54,-20],[1,-3]],[[5224,5245],[-25,-20],[-4,20],[-30,-12],[2,-11],[-8,-7],[-22,38],[-3,3]],[[5134,5256],[3,7]],[[5137,5263],[10,2],[69,25]],[[5216,5290],[76,28],[9,21]],[[5301,5339],[8,-8],[9,-6],[12,-1],[6,2]],[[5167,5052],[-24,-8],[-10,3],[-5,-2]],[[5128,5045],[0,8],[16,3],[-2,13],[-2,28],[-3,5],[-26,14],[-10,25],[-5,17]],[[5096,5158],[34,13],[23,10],[0,-7],[-7,-18],[4,-12],[0,-36],[7,-24],[8,-22],[2,-10]],[[5224,5245],[5,-33],[-1,-24],[38,1],[7,-4],[1,-8],[-3,-12],[17,-18],[14,-28],[6,-20],[4,-7],[5,-22],[11,-15],[1,-5]],[[5329,5050],[-7,6],[-17,7],[-9,0],[-18,-5],[-16,8],[-20,17],[-16,6],[-8,-1],[-12,-6],[-22,-21],[-17,-9]],[[5096,5158],[-1,8],[12,36],[-8,0],[0,8]],[[5099,5210],[9,-4],[10,2],[6,5],[8,16],[2,27]],[[5206,5337],[10,-47]],[[5137,5263],[-13,28],[-8,9],[-8,4],[5,75]],[[5099,5210],[-5,4],[-20,37],[-11,36],[-14,17]],[[5049,5304],[-13,14]],[[5036,5318],[4,21],[-1,18]],[[5039,5357],[0,1]],[[4887,5511],[17,-17],[-32,-65],[-22,-44]],[[4850,5385],[-33,39],[-10,10],[-20,24],[-43,51],[-9,11]],[[5002,5503],[-8,-38],[-27,12],[-23,-43],[-18,-35]],[[4926,5399],[-6,-13],[-16,-25],[-11,-23]],[[4893,5338],[-29,30],[-14,17]],[[5004,5420],[-34,-67]],[[4970,5353],[-16,17],[-28,29]],[[5034,5479],[-30,-59]],[[5039,5357],[-31,34],[8,16],[-12,13]],[[5036,5318],[-19,18]],[[5017,5336],[-14,13],[-11,-18],[-22,22]],[[5017,5336],[-26,-52],[-6,3],[-9,-1],[-5,3],[-7,-12],[-14,14],[-7,-6],[-7,-15]],[[4936,5270],[-38,34],[-1,6],[-6,5],[8,17],[-6,6]],[[5128,5045],[-15,-6],[-14,-4],[-13,1],[-10,5],[-2,7],[-2,25],[-5,14],[-10,7]],[[5057,5094],[1,8],[-5,25]],[[5053,5127],[-4,15],[8,21],[-1,27],[-4,6],[-18,10],[-10,-3],[-9,7]],[[5015,5210],[16,13],[5,-4],[14,-5],[4,1],[9,28],[-1,10],[-12,38],[-1,13]],[[4888,5227],[5,-11],[-14,-25],[16,-18],[-6,-15],[5,1],[4,-18],[8,-2],[3,-17],[8,-1],[15,-5],[1,-6],[18,-15]],[[4951,5095],[-5,-2],[-12,2],[-18,15],[-18,3],[-13,-1],[-12,-6],[-8,-13],[-2,-12],[3,-12],[-2,-22],[-4,-15],[-10,-12],[-13,5],[-19,14],[-14,7],[-15,18],[-7,5],[-7,-5],[-14,-16],[-10,-6],[-11,1],[-9,10],[-5,11]],[[4726,5064],[4,9],[2,17],[-5,12],[6,-4],[5,-12],[7,-4],[19,1],[1,3],[-8,9],[-4,22],[-3,1],[-1,11],[-10,3],[-2,22],[-6,2],[0,11]],[[4780,5220],[26,8],[43,-46],[15,53],[15,-15],[9,7]],[[4832,5345],[-67,56],[-28,20],[-3,3]],[[4734,5424],[-33,34]],[[4850,5385],[-18,-40]],[[4726,5064],[-8,17],[-11,9],[4,13],[8,11],[-7,13],[-6,46]],[[4687,5308],[29,61],[8,20],[4,23],[6,12]],[[4832,5345],[-3,-10],[-6,2],[-9,-26],[-4,4],[-18,-36]],[[4694,5246],[-19,16],[-23,25],[-7,11],[-6,17],[-5,-2],[-4,-18]],[[4630,5295],[-15,11],[-14,15],[-4,12],[5,29],[-2,27],[-5,17],[-9,7]],[[4491,5482],[-8,8],[-21,25],[-4,10],[-6,32],[-5,9]],[[4447,5566],[-19,35]],[[4428,5601],[-2,8],[6,13]],[[6195,5651],[-9,60]],[[6186,5711],[78,28]],[[6264,5739],[8,-47],[3,-14]],[[6275,5678],[-80,-27]],[[4440,5438],[4,-23],[0,-10],[-15,-37],[12,-15],[2,-5],[12,-75]],[[4455,5273],[-18,-8],[-12,-7],[-31,-12]],[[4394,5246],[-22,-9],[-10,4],[-14,-18]],[[4348,5223],[-7,9],[3,13],[15,10]],[[4359,5255],[2,3],[-3,14],[3,5]],[[4361,5277],[6,-2],[8,35],[13,14],[3,20],[-3,8],[-9,9]],[[4379,5361],[-5,13],[-5,1]],[[4369,5375],[7,25],[-4,3]],[[4372,5403],[0,4]],[[4372,5407],[1,3],[-1,57],[4,-3]],[[4376,5464],[3,-2],[6,-21],[15,-16],[8,12],[13,12],[3,-15],[16,4]],[[4361,5277],[-13,5],[-2,13],[-3,-1],[-15,5],[-21,-4],[-2,-3],[-19,8],[13,4],[-1,8],[9,18],[9,2],[13,-7],[2,6],[18,-2],[1,10],[-3,6],[6,-1],[0,7],[7,-1],[19,11]],[[4521,5408],[-9,-10],[-12,6]],[[4500,5404],[-2,5],[-38,-35]],[[4460,5374],[-9,35],[17,15],[-4,12],[-1,30],[0,14],[-7,23]],[[4456,5503],[-6,50],[-3,13]],[[4483,5312],[-5,35],[-10,-8],[-8,35]],[[4500,5404],[26,-53],[-38,-36],[-5,-3]],[[4545,5362],[11,-32],[5,-23],[5,-14]],[[4566,5293],[6,-13]],[[4572,5280],[-3,-2],[2,-18],[-1,-16],[-4,-6],[-11,-3],[-4,-5],[-9,-2],[-12,4],[-25,20],[-1,4]],[[4504,5256],[0,5],[-17,34],[-4,17]],[[4559,5376],[33,-53],[3,-6],[-29,-24]],[[4584,5251],[-12,29]],[[4630,5295],[-2,-9],[-44,-35]],[[4662,5233],[-7,3],[-3,-28],[-2,-21],[-4,-2],[-5,13],[6,5],[0,5],[-6,16],[-15,-13],[7,-19],[-18,-13],[0,10],[-10,11],[-10,21]],[[4595,5221],[-11,30]],[[4630,5295],[9,-9],[7,-13],[10,-11],[6,-10],[0,-19]],[[4504,5256],[-42,-36]],[[4462,5220],[-7,53]],[[4440,5438],[1,6],[11,36],[4,23]],[[4595,5221],[-18,-12],[-3,-18],[-24,-1],[-4,2]],[[4546,5192],[-11,17],[-45,-38],[-12,-10]],[[4478,5161],[-16,59]],[[6511,5638],[-56,18]],[[6457,5700],[59,-18],[1,2],[16,8],[3,-1],[9,-38],[-30,-14],[-4,-1]],[[6418,5666],[-24,2]],[[6394,5668],[-4,100],[-3,9]],[[6387,5777],[22,-10],[5,-5]],[[6446,5606],[5,-11],[-12,-9],[-6,3],[-13,-1],[-2,-5],[-7,-4],[-13,-1]],[[6398,5578],[-4,90]],[[6511,5638],[-2,-10],[-10,3],[-1,-10],[-5,-5],[-16,0],[-3,-12],[-31,10],[-14,6],[-1,-16],[18,2]],[[6644,5466],[10,-17]],[[6654,5449],[-10,-2],[-16,1],[-14,0],[-14,14],[-9,12],[-14,0]],[[6577,5474],[0,16],[-7,31],[-2,4]],[[6568,5525],[11,4],[44,22],[3,-13]],[[6626,5538],[7,-29],[11,-43]],[[6626,5538],[11,11],[11,5]],[[6648,5554],[19,-78]],[[6667,5476],[-23,-10]],[[6648,5554],[23,11]],[[6671,5565],[15,-61],[4,-17]],[[6690,5487],[-23,-11]],[[6649,4411],[13,-9]],[[6662,4402],[-8,-23],[-11,-41],[0,-10],[8,-10]],[[6651,4318],[-45,3],[-9,2],[-12,8],[-44,36],[-17,16]],[[6524,4383],[30,49],[1,3],[18,-20],[15,36]],[[6588,4451],[18,-13]],[[6606,4438],[43,-27]],[[5869,5129],[-36,13],[-17,4],[0,1],[-9,66]],[[5807,5213],[23,6],[-1,4],[11,2],[2,11],[26,8]],[[5868,5244],[5,-37],[-12,-24],[8,-54]],[[5948,5246],[9,-176]],[[5957,5070],[5,-92]],[[5962,4978],[-24,6],[-5,4],[-28,57],[-16,25],[-22,22]],[[5867,5092],[3,23],[-1,14]],[[5868,5244],[32,8],[-2,8],[17,1],[25,-15],[8,0]],[[6194,5412],[49,17],[-3,22],[14,4]],[[6254,5455],[42,14],[8,-47]],[[6304,5422],[-24,-8],[-58,-20],[-4,9],[-19,-6],[-5,15]],[[6588,4451],[-19,12],[21,68],[32,-4]],[[6622,4527],[13,-1]],[[6635,4526],[-29,-88]],[[6971,4189],[12,-4],[19,-12]],[[7002,4173],[0,-11],[4,-9],[10,-11],[7,-11],[3,-15],[0,-11],[-2,-11],[-13,-30]],[[7011,4064],[-37,27],[-8,17],[-7,9],[-33,23],[-3,-1],[1,-40],[7,-24],[4,-7],[42,-28],[10,2],[9,-5]],[[6996,4037],[-15,-10],[-16,-7],[-10,1],[-18,9],[-21,19],[-22,30],[-4,-8],[-19,-14],[-16,-2],[-18,5],[-18,-1],[-5,-9],[-16,-21],[-9,-15],[-5,-13],[-34,50],[-36,50],[-15,-4],[-9,-6],[-10,-2],[-8,3]],[[6672,4092],[0,9],[-20,76],[9,17],[43,32],[10,3],[18,2],[12,-1],[19,9],[11,10],[4,8],[-5,26],[-6,27]],[[6767,4310],[15,-7],[17,-11],[19,-15],[42,-31],[20,-13],[31,-17],[29,-15],[31,-12]],[[7011,4064],[-10,-22]],[[7001,4042],[-5,-5]],[[6615,5884],[-32,1],[-29,2]],[[6554,5887],[-4,54],[17,4],[-3,29],[11,2],[-1,3]],[[6574,5979],[24,21],[4,-1]],[[6602,5999],[4,-24],[7,-66],[2,-25]],[[6320,5429],[-16,-7]],[[6254,5455],[-10,53]],[[6244,5508],[-1,7]],[[6243,5515],[29,11],[13,6],[12,12],[6,2]],[[6303,5546],[11,-46]],[[6314,5500],[-7,-2],[11,-65],[2,-4]],[[7153,5871],[9,-49]],[[7162,5822],[-66,14],[-22,0],[-50,3],[-112,6]],[[6912,5845],[15,20],[38,36],[11,12]],[[6976,5913],[13,13],[17,20],[37,19]],[[7043,5965],[12,5]],[[7055,5970],[13,-53],[13,1],[10,-9],[18,-35],[14,10],[16,2],[7,0],[7,-15]],[[7171,6020],[-41,-17],[-54,-22],[-21,-11]],[[7043,5965],[-5,17],[-4,20]],[[7034,6002],[20,11],[12,9],[30,24],[27,11],[34,10],[12,5]],[[7169,6072],[7,-24],[-11,-6],[6,-22]],[[6554,5887],[-32,3]],[[6522,5890],[-26,-2],[-16,-4],[-19,-7],[-11,105]],[[6450,5982],[15,12],[21,7],[8,11],[11,6],[3,17],[10,14]],[[6518,6049],[18,13],[16,-3]],[[6552,6059],[8,-13],[6,-17],[-9,-4],[-12,-2],[29,-44]],[[6568,5525],[-102,-12],[-12,-4],[-20,-10],[-34,-20],[-25,-7]],[[6375,5472],[-8,46],[-39,-14],[-14,-4]],[[6303,5546],[28,10]],[[6331,5556],[12,2]],[[6343,5558],[16,0],[15,13],[24,2],[0,5]],[[6446,5606],[6,-1],[11,-7],[11,-3]],[[6474,5595],[18,-2],[16,3],[25,1],[18,-2],[17,-70]],[[6375,5472],[-20,-6],[7,-43],[-28,-9],[-10,0],[-4,15]],[[6334,5616],[3,-29],[6,-8],[0,-21]],[[6331,5556],[-3,18],[-7,-3],[-2,13],[-36,-14],[-26,-7]],[[6204,5590],[42,13],[44,16]],[[6290,5619],[4,-16],[40,13]],[[6334,5616],[-2,52],[62,0]],[[6243,5515],[-24,-7]],[[6136,5694],[50,17]],[[6195,5651],[9,-57]],[[6275,5678],[15,-59]],[[6398,5792],[-13,-10],[2,-5]],[[6264,5739],[62,21],[-27,65]],[[6299,5825],[-2,15]],[[6297,5840],[9,-5],[22,-19],[9,-4],[6,2],[13,14],[6,-2],[5,-10],[12,-12],[19,-12]],[[7243,5958],[-11,39],[47,23]],[[7279,6020],[12,6],[21,-78]],[[7312,5948],[-34,-17],[-9,-3],[-17,-9],[-9,39]],[[6672,5904],[-16,-6]],[[6656,5898],[-34,-13],[-7,-1]],[[6602,5999],[4,-1],[-4,23],[-1,46]],[[6601,6067],[11,-2],[13,-13]],[[6625,6052],[-8,-21],[-4,-20],[-2,-14],[36,-13],[3,-14],[22,-66]],[[7427,6156],[3,-24],[-12,-7],[-14,3],[-1,-11],[-8,2],[-6,-54]],[[7389,6065],[-9,-5]],[[7380,6060],[-9,37],[-9,26],[-7,-3],[-2,10],[-22,-8]],[[7331,6122],[-14,-6],[-24,-30]],[[7293,6086],[-11,20],[-4,21]],[[7278,6127],[74,32],[14,2],[46,-6],[15,1]],[[7373,5979],[-18,69]],[[7355,6048],[25,12]],[[7389,6065],[13,6]],[[7402,6071],[17,-68],[-46,-24]],[[7355,6048],[-24,-13],[-10,35]],[[7321,6070],[-5,21],[-2,5],[23,13],[-6,13]],[[7373,5979],[-36,-18]],[[7337,5961],[-12,44],[-15,59],[11,6]],[[7337,5961],[-25,-13]],[[7279,6020],[10,16],[12,6],[-4,17],[13,6],[-3,8],[-14,13]],[[7102,6127],[0,-18],[-3,-19],[-6,1],[-1,-11],[-7,-7],[-3,-18],[-6,-2],[-1,-6],[-24,-6],[-9,-4],[-13,-9]],[[7029,6028],[-13,52],[-2,17],[4,46]],[[7018,6143],[6,-3],[9,-10],[3,-6],[16,-14],[4,-1],[14,8],[5,6],[15,1],[12,3]],[[7011,4412],[3,10],[-12,8]],[[7002,4430],[68,36],[1,3],[23,12],[10,4]],[[7104,4485],[-22,-116],[-71,43]],[[6525,5750],[-16,17],[-5,-1],[-2,12],[-7,10],[-7,3],[-9,-3],[-4,-5],[-4,-13],[-27,34],[23,20],[-9,24]],[[6458,5848],[16,13],[13,2],[17,1]],[[6504,5864],[15,-20],[10,-12],[14,-22],[8,-10],[-26,-50]],[[6656,5856],[-1,-107],[-9,-10],[-40,1],[0,9],[-31,4],[-24,11],[-5,-15],[-7,-6],[-5,-1],[-9,8]],[[6504,5864],[22,-1],[-4,27]],[[6656,5898],[0,-42]],[[6854,5847],[-32,3],[-15,0],[-44,3],[-72,3],[-35,0]],[[6672,5904],[77,30],[12,3],[42,17],[22,9]],[[6825,5963],[2,0],[10,-46],[6,-19],[11,-51]],[[7108,4505],[-4,-20]],[[7002,4430],[-18,11]],[[6984,4441],[0,8],[-5,17],[12,7]],[[6991,4473],[67,37],[5,-17],[15,8],[3,-8],[17,9],[10,3]],[[6671,5565],[1,2],[37,17]],[[6709,5584],[1,-11],[-2,-22],[1,-7],[-7,-4],[8,-26],[1,-17],[0,-29],[-1,-4],[-15,-3],[-5,26]],[[6987,4249],[-4,7],[-32,-3],[-4,60],[-24,-3],[3,9],[-1,18],[4,9]],[[6929,4346],[50,5]],[[6979,4351],[2,-34],[35,3],[-29,-71]],[[6786,4357],[-22,-1],[0,-2],[-60,42],[6,16]],[[6710,4412],[40,3],[0,-13],[33,3],[-1,13],[40,4]],[[6822,4422],[3,-27],[2,-11],[-8,-26],[-33,-1]],[[6710,4412],[-35,25],[-7,-28]],[[6668,4409],[-12,7],[16,52],[17,-10],[31,-22],[18,51],[14,2],[2,-11],[11,0],[46,-33],[10,-6],[1,-17]],[[6708,5628],[-1,-22],[2,-22]],[[6648,5554],[-11,42],[-8,35],[48,-2],[30,-2],[1,1]],[[6786,4357],[-10,-30],[10,-9],[18,-10]],[[6804,4308],[47,-32],[25,-15],[29,-20],[23,-13],[19,-13],[20,-16]],[[6967,4199],[4,-10]],[[6767,4310],[-30,11],[-11,3],[-15,0],[-21,-6],[-9,-1],[-30,1]],[[6662,4402],[3,-2],[3,9]],[[6687,4526],[-22,-63],[-16,-52]],[[6635,4526],[19,-1],[33,1]],[[6929,4346],[-2,0],[10,22],[7,22],[22,60],[0,2],[18,-11]],[[7011,4412],[1,-19],[17,2],[2,-39],[-7,-17],[-27,-4],[-2,18],[-16,-2]],[[6708,5628],[3,0]],[[6711,5628],[12,5],[9,1],[41,-11],[40,-12],[7,-4],[5,-15],[1,-10],[5,-5],[41,-19],[-17,-6],[-8,-4],[-23,-4],[-6,-20],[-13,-7],[-1,-16],[9,-12],[-1,-32],[-6,8],[-8,5],[-23,-15],[-8,-10],[-14,3],[-21,12],[-12,0],[-11,-5],[-14,-4],[-17,6],[-5,4],[-7,-1],[-4,-7],[-8,-4]],[[6920,6175],[10,-10],[24,-21],[3,-7],[-5,-4],[-5,-12],[-9,-31],[-4,-10],[-7,-3],[-11,0]],[[6916,6077],[0,15],[3,10],[-10,5],[-44,39],[-14,6],[-5,5],[9,20],[11,-9],[1,-6],[6,3],[7,-3],[12,3],[28,10]],[[7478,6108],[-22,-8],[3,-18],[-33,-11],[-18,11],[-6,-11]],[[7427,6156],[25,5],[8,7]],[[7460,6168],[14,-28],[-2,-2],[6,-30]],[[7541,6117],[-15,-6],[-3,-6],[-18,-7],[-1,3],[-11,-4],[-1,8],[-12,-4],[-2,7]],[[7460,6168],[14,13]],[[7474,6181],[7,-16],[21,-11],[25,8],[11,-40],[3,-5]],[[2953,8179],[-5,-5],[8,-11],[13,14],[5,-10],[29,-37],[10,-8],[4,0],[5,-7],[-13,-20],[2,-6],[-11,-11],[-15,23],[-21,28],[-19,16],[-30,21],[-6,10],[-5,29],[10,17],[3,11],[3,-1],[12,18],[3,-5]],[[2935,8245],[-2,-8],[12,-26],[3,-21],[5,-11]],[[8817,7796],[9,-10],[11,-6],[-7,11],[20,0],[1,-8],[9,1],[5,-10],[2,-16],[5,-9],[12,-18],[8,5],[16,1],[10,-6],[9,-2],[8,-17],[6,-7],[3,-23],[4,-7],[-3,-21],[-7,-1],[-5,8],[-10,5],[-11,2],[-12,-29],[-6,4],[1,14],[-4,3],[1,7],[-11,-1],[2,15],[-7,12],[-13,4],[-2,10],[-11,13],[-3,1],[0,10],[-4,22],[-3,8],[-7,8],[-14,9],[-5,7],[-2,16],[5,-5]],[[8914,9431],[-6,-9],[-14,-45],[3,-2],[-11,-22],[-7,-22],[-5,-8],[-11,-44],[-4,-2],[-4,-12],[5,-6],[-6,-3],[-8,8],[-6,-3],[-3,15],[6,16],[1,12],[-5,1],[1,29],[1,12],[7,11],[12,11],[6,14],[9,15],[2,-2],[10,16],[6,7],[4,15],[5,-3],[7,18],[5,-10],[0,-7]],[[8944,9486],[-4,-5],[7,31],[8,2],[5,-8],[-16,-20]],[[1596,6169],[12,3],[0,-6],[-10,-22],[-4,-26],[-7,-24],[5,-1],[8,7],[3,-4],[11,10],[5,-4],[3,8],[4,-4],[-15,-19],[-12,2],[-18,-1],[0,-6],[-8,5],[0,15],[-3,0],[-9,7],[0,4],[12,7],[-1,21],[3,-1],[5,21],[-6,4],[3,5],[8,-3],[5,9],[6,-7]],[[1617,6226],[3,-9],[-4,-13],[-6,7],[-5,-13],[-5,7],[-15,1],[-9,-11],[-4,5],[5,7],[2,14],[-14,12],[20,15],[3,-7],[16,-17],[6,1],[-3,13],[10,13],[8,-14],[-8,-11]],[[1559,6199],[-1,-5],[13,-9],[1,-7],[-4,-4],[-7,-1],[0,9],[-6,4],[0,6],[-7,3],[-1,14],[10,-4],[2,-6]],[[1592,6197],[1,-5],[-7,-4],[-2,6],[8,3]],[[1565,6156],[-5,-1],[0,6],[5,-5]],[[3240,7568],[1,3],[12,-11],[-1,-4],[15,-13],[4,-9],[6,3],[2,-4],[-3,-7],[7,-8],[2,5],[7,-7],[-2,-8],[3,-4],[-5,-11],[11,-16],[17,-29],[7,7],[-3,-17],[0,-7],[-5,-4],[1,-19],[-5,-1],[1,-18],[-5,-5],[-1,22],[3,27],[-7,12],[-5,2],[0,6],[-9,23],[-14,21],[-10,18],[-9,25],[-13,9],[0,6],[-9,10],[3,6],[4,-3]],[[3212,4148],[-7,4],[-15,-7],[-8,-1],[-34,22],[-10,1],[-7,-2],[-1,23],[9,-1],[20,-18],[14,-6],[-1,12],[-3,4],[0,8],[9,-4],[23,4],[16,-19],[3,-8],[-1,-19],[-7,7]],[[2935,8245],[6,3],[12,14],[6,-9],[-12,-14],[7,-9],[3,-10],[10,-20],[-1,-2],[9,-14],[-4,-3],[-18,-2]],[[8324,7254],[-14,-16],[-14,-6],[-13,-1],[0,-4],[-7,-14],[-5,-16],[-16,5],[-11,-20],[-8,2],[-5,7],[-7,2],[-13,-4],[-19,-1],[-5,1],[-5,10],[18,2],[18,10],[-4,1],[-8,15],[3,11],[15,3],[-4,11],[6,3],[5,-10],[6,0],[10,-6],[5,-11],[1,5],[7,-3],[10,2],[4,3],[3,12],[4,5],[9,1],[5,8],[4,1],[15,-8],[17,15],[2,-5],[-9,-10]],[[8112,7306],[1,-11],[10,-2],[-3,-7],[-7,0],[13,-12],[8,-18],[6,7],[13,-10],[0,-9],[8,-15],[9,-7],[-7,-1],[-9,-11],[-14,0],[-8,22],[-11,6],[-8,20],[-6,8],[-17,2],[-2,9],[-16,-12],[-13,4],[1,16],[3,3],[15,-6],[13,6],[9,-3],[5,-6],[2,11],[-8,4],[-14,1],[-8,3],[3,5],[18,0],[-1,4],[7,10],[8,-11]],[[6486,6972],[2,-4],[11,-7],[11,-16],[4,0],[23,-5],[13,-9],[12,-6],[1,-7],[-9,3],[-6,6],[-10,-4],[-6,5],[-12,-5],[-19,0],[-26,-6],[-8,5],[-10,-2],[-8,3],[-4,7],[-11,2],[-6,11],[5,4],[9,-8],[15,0],[14,5],[2,5],[-7,19],[17,6],[3,-2]],[[6488,7060],[10,-3],[-3,-11],[0,-11],[9,-12],[-5,-12],[5,-23],[-7,-3],[0,16],[-17,31],[-5,5],[6,12],[-2,11],[9,0]],[[6521,7003],[-2,-2],[-9,12],[4,5],[10,-12],[-3,-3]],[[7927,7180],[3,-4],[14,0],[6,-8],[15,-28],[7,-4],[12,-1],[18,-25],[4,-20],[3,8],[6,-4],[-3,-9],[-4,2],[-10,-18],[-22,-14],[-4,-6],[3,-15],[10,-18],[4,-16],[6,3],[5,-17],[1,-9],[-6,-41],[-1,-25],[-16,-37],[-23,-12],[-11,7],[-11,-1],[-11,-13],[-4,-8],[-15,-8],[-10,-14],[-9,-8],[-6,2],[-11,-9],[-8,-12],[-12,-10],[-7,8],[0,8],[-4,6],[8,8],[6,9],[0,10],[21,37],[14,-13],[29,48],[19,17],[16,18],[-19,49],[-19,24],[0,11],[25,8],[-4,25],[-16,39],[1,59],[10,21]],[[3387,6941],[-1,-4],[-21,17],[-21,16],[-20,17],[-18,11],[-10,3],[-13,2],[-10,24],[-4,27],[-7,33],[-7,21],[1,11],[3,10],[9,12],[19,19],[11,15],[5,-2],[-14,-39],[11,-3],[-5,-40],[-2,-31],[19,-26],[20,-10],[19,-5],[5,-3],[12,-2],[9,-9],[12,-2],[-1,-14],[11,-6],[-12,-42]],[[3131,7803],[2,13],[3,10],[3,25],[5,0],[11,-22],[-9,-12],[11,-27],[-1,-22],[-6,-1],[-9,14],[-10,22]],[[4827,6257],[0,-9],[10,-27],[-1,-18],[-5,-12],[-9,-16],[2,-19],[-9,-7],[-12,-4],[-9,4],[-5,-1],[-13,2]],[[4776,6150],[0,29],[-4,15],[4,3],[-1,20],[3,12],[-1,17],[8,18],[17,6],[12,-3],[13,-10]],[[4417,6295],[1,-16],[11,-15],[-2,-3],[-9,-30],[-5,-6],[-5,-15],[23,-22],[18,-13]],[[4449,6175],[23,-18]],[[4370,6198],[-2,15],[8,17],[-1,18],[2,6],[9,6]],[[4386,6260],[4,-11],[6,-1],[-2,15],[4,7],[0,19],[-10,28],[4,15],[6,-9],[16,9],[3,-1],[-1,-32],[1,-4]],[[5412,5674],[0,12],[-21,7],[-24,1]],[[5367,5694],[-33,2],[0,12],[-4,12],[0,6]],[[5478,5908],[9,-3],[7,2],[6,-5],[6,-12],[1,-15],[7,-5],[8,0],[11,2],[14,14],[5,1],[17,-25],[5,0],[13,12],[12,-2],[3,-10],[-10,-16],[-3,-15],[5,-5],[11,-6],[9,-10],[10,-17],[3,-2]],[[4702,6134],[-4,-6],[-1,-11],[-10,-6],[-3,4],[-3,20]],[[4681,6135],[11,4],[-5,15],[-7,28],[-2,18],[-12,-2],[-10,8],[-3,0]],[[4653,6206],[-12,4],[1,7],[7,5],[-1,14],[-13,14],[0,14],[-7,18],[-11,-1],[-5,5],[-2,13],[8,13],[-3,19],[-2,1]],[[4613,6332],[-1,22],[5,5],[8,0],[10,-10],[8,6],[2,32],[1,14],[11,2],[8,-2],[-5,-11],[-5,0],[-1,-16],[3,-4],[-9,2],[-2,-10],[3,-20],[0,-20],[7,-14],[0,-10],[7,-9],[4,2],[9,-5],[2,-7],[6,3],[-4,5],[4,3],[2,10],[5,-2],[8,17],[2,12],[12,-10],[9,-3],[-1,-9],[-6,-8],[6,-4],[13,-20],[-1,-13],[-12,3],[-3,-2],[-8,6],[-5,0],[4,-5],[0,-10],[-9,-2],[-2,9],[-8,1],[-5,7],[6,-18],[4,-2],[3,-16],[9,-16],[3,-23],[-1,-17],[2,-12],[-11,-8],[6,-8],[-4,-13]],[[4507,5957],[-6,-32]],[[4501,5925],[-3,-18]],[[4205,6195],[6,-4],[7,1],[4,-10],[6,2],[6,12],[2,17],[8,7],[8,-10],[8,-33],[4,-5],[0,-7],[9,-18],[16,-14],[4,2],[1,10],[5,-5],[10,9],[-4,11],[-3,19],[10,5],[1,4],[12,14],[7,5],[3,6],[8,-2],[8,3],[-3,7],[1,8],[-11,23],[-5,8],[-3,15],[0,7],[-8,12],[8,3],[3,10],[6,-18],[6,-5],[5,7],[0,19],[-3,9],[5,4],[5,-15],[1,-9],[5,-10],[6,-20],[4,-3],[-3,12],[3,18],[10,-21],[3,-1],[3,-12],[-3,-2]],[[4160,6278],[3,9],[0,8],[-9,-6],[-6,17],[1,8],[7,5],[-6,16],[-8,0],[-3,3],[14,6],[1,7],[5,-3],[2,7],[8,-7],[0,-5],[6,-9],[8,-4],[-3,-12],[12,3],[-6,-11],[-6,-2],[0,-7],[5,-3],[-3,-18],[11,-6],[1,-4],[-9,-8],[-2,-19],[4,-17],[9,-15],[6,-4],[1,-9]],[[5057,5094],[-14,15],[-12,5],[-5,-2],[-16,-18],[-12,-8],[-20,0],[-14,8],[-13,1]],[[4888,5227],[17,9],[8,-14]],[[4913,5222],[8,-23],[5,-26],[3,-4],[21,-10],[13,-4],[22,-14],[12,-3],[23,-3],[0,-8],[33,0]],[[5434,6479],[6,-19],[6,-29],[15,-43],[6,-46],[3,-48],[0,-58],[2,-13]],[[5518,6036],[11,-21],[17,-57],[10,-40],[-13,-2],[-23,-9],[-37,6]],[[5483,5913],[-1,16],[-14,-1],[-17,0],[-10,17],[5,16],[3,23],[8,15],[-8,57],[7,4],[7,-9],[6,6],[0,13],[-3,4],[-14,7],[-4,10],[-1,12],[-4,24],[1,18],[10,13],[7,21],[-3,8]],[[5458,6187],[-7,18],[-4,18],[-5,5],[1,15],[-19,-3],[1,11],[-4,8],[-2,-12],[-5,2],[-4,33],[5,12],[9,13],[3,13],[-4,17],[1,8],[9,9],[-3,15],[-8,3],[-7,11],[2,9],[-2,13],[0,20],[-6,24],[-6,5],[3,12],[-2,19],[3,7],[9,6],[6,16],[12,-35]],[[5621,6025],[4,-9],[9,-9],[4,-12],[17,-7],[5,6],[7,0],[9,-13],[3,-20],[10,-22],[8,-4],[9,0],[7,-6],[0,-17]],[[5713,5912],[-21,6],[-21,2],[-30,1],[-1,-8],[-7,-6],[-10,-69],[-1,-20],[5,-27]],[[5478,5908],[5,5]],[[5597,6088],[3,-17],[6,-15],[5,-8],[6,-18],[4,-5]],[[5967,5780],[-4,9],[-9,3],[-18,-20],[-15,-11],[-12,-19]],[[5892,5751],[4,20],[21,1],[-1,50],[-3,53]],[[5913,5875],[30,0],[10,-2],[0,-5],[10,-2]],[[5963,5866],[2,0]],[[5965,5866],[2,-11],[11,-3],[0,-17],[20,1],[0,-11],[-11,-45],[-20,0]],[[6130,6056],[6,-33]],[[6136,6023],[-52,-22]],[[6084,6001],[-10,7],[-6,-1],[-12,32],[-2,6],[26,15],[6,1],[-2,8],[5,3],[2,11],[-2,6],[-11,9],[1,14],[-8,21],[-6,8],[2,8],[-6,-1],[-1,7],[5,4],[-2,4],[-1,19],[-7,-6],[-6,2],[-9,12],[-8,4],[-15,-2],[2,23],[2,2],[12,-1],[11,15],[7,15],[4,1],[-4,14],[2,4],[-3,41],[-8,33],[-4,3],[12,4],[1,8],[8,-16],[3,11],[20,12]],[[6082,6361],[1,-4],[-7,-21],[-8,-10],[0,-13],[2,-14],[8,-23],[6,-30],[19,-46],[4,-15],[2,-34],[10,-48],[11,-47]],[[6160,6137],[-7,-1],[-9,-12],[-7,-20],[0,-16],[10,-9],[14,-5],[1,-6]],[[6162,6068],[-32,-12]],[[6082,6361],[4,0],[5,-8],[0,-7],[-5,-11],[-6,-9],[6,-16],[-4,-9],[8,-9],[2,-9],[-2,-9],[2,-12],[-4,-6],[0,-7],[6,-15],[1,2],[-4,18],[4,3],[2,10],[8,4],[2,-12],[13,-9],[-4,-8],[9,-5],[4,-9],[7,-27],[-7,-4],[-6,18],[-8,5],[6,-23],[11,-21],[5,2],[5,-22],[-4,-2],[0,-9],[4,0],[9,16],[9,24],[2,23],[12,34],[3,25],[0,14],[8,-1],[2,-6],[7,3],[1,12],[4,-1],[3,-26],[4,-24],[-4,-13],[1,-19],[-3,1],[-5,-11],[-11,-8],[-4,-6],[0,-12],[-7,-6],[-10,-16],[-3,-11]],[[6068,5896],[-12,31],[-7,3],[-3,10]],[[6046,5940],[7,4],[-2,7],[14,8],[2,-6],[5,3],[8,-21],[7,1],[0,-6],[17,3],[2,25],[4,1],[-6,17],[-10,2],[-7,-3],[-5,12],[6,7],[-4,7]],[[6136,6023],[27,-118]],[[5948,6037],[-3,-19],[3,-10],[12,-9],[6,-12],[8,-12],[1,-7],[12,-18],[1,-20],[23,25],[-26,41],[10,11]],[[5995,6007],[7,-13],[10,5],[2,-4],[6,6],[6,-3],[1,-26],[12,-14],[7,-18]],[[6017,5861],[-15,-2],[-14,1],[-23,6]],[[5963,5866],[0,5],[14,-4],[-12,19],[-14,28],[-47,64],[-16,3],[-13,-6],[1,29],[-9,42],[-3,18],[-15,29],[-11,7],[-9,-2]],[[5829,6098],[7,18],[6,12],[9,35],[3,-5],[1,-19],[5,-20],[8,-10],[-1,-10],[4,-20],[4,-6],[10,-7],[12,0],[5,-2],[12,-12],[5,-12],[7,-3],[8,5],[14,-5]],[[5384,5035],[-23,8],[-16,2],[-16,5]],[[5345,5267],[11,-10],[15,-37],[15,-7],[5,-29],[1,-25],[0,-48],[1,-58],[-5,-1],[-4,-17]],[[6162,6068],[0,-15],[16,-20],[5,2],[-3,11],[10,4]],[[6190,6050],[8,-4],[2,-7],[22,-3],[9,9],[4,-7],[16,0],[17,12],[4,7],[10,-8],[1,-17],[-3,-13],[1,-9],[-3,-11],[5,-23],[7,-15],[3,-17],[3,-5],[10,0]],[[6306,5939],[-1,-18],[-6,-23],[-2,-13]],[[6297,5885],[-25,12],[-17,21],[-13,6],[-11,-3],[-26,-10],[-22,-6],[-20,0]],[[6297,5885],[14,-7],[12,-3],[0,-19],[4,-14],[-11,-4],[-18,11],[-1,-9]],[[6297,5840],[-8,1],[-3,28],[-9,7],[-9,1],[-17,-28],[-10,5],[-41,-13],[-13,8],[-1,26],[-21,-2]],[[6299,5825],[-13,-6],[-3,-7],[-16,-14],[-12,-4],[-16,-10],[-17,0],[-11,-3],[-16,-10],[-3,2]],[[6192,5773],[9,26],[-17,8],[-7,9],[-7,13],[-2,17],[3,6],[-6,2]],[[6160,6137],[2,-6],[6,0],[13,-11],[4,3],[8,-4],[11,-1],[2,-5],[-4,-23],[-9,-18],[-3,-22]],[[6058,5725],[-1,-13],[-5,-19],[-12,-8],[-6,-12],[-7,0],[-5,-8],[3,-10]],[[5986,5641],[-48,-17]],[[5967,5780],[-3,-13],[3,-21],[7,-4],[11,11],[7,0],[18,-15],[7,2],[1,9],[8,-1],[12,-17],[12,-11],[8,5]],[[6192,5773],[-4,-4],[-10,-2],[2,-15]],[[6180,5752],[-2,-3],[-13,1],[-12,-1],[-2,11],[-8,-2],[-6,10],[-7,17],[-5,-1],[-22,-18],[-18,-31],[-4,-4],[-23,-6]],[[5015,5210],[-6,17],[0,10],[6,3],[-17,6],[-3,-13],[-59,37]],[[4428,5601],[-5,-6],[-6,10]],[[4417,5605],[-4,1],[-1,9],[-6,4],[-5,10],[9,8],[4,7],[-7,8],[-4,9],[-6,26],[-7,18],[-11,12],[-17,5],[-14,16],[-16,37],[-12,8],[-20,2],[-7,3],[-8,16],[-18,29],[-7,18],[-10,12],[-4,12],[-2,17],[2,14],[7,15]],[[5441,5499],[0,-1],[5,-37],[-17,-8],[-7,16],[-18,-15],[-44,-29],[-41,-17],[-17,-12]],[[5318,5506],[-1,-8],[48,3]],[[5462,5295],[10,-12],[61,-43],[2,-5],[27,-18],[21,-7],[1,3],[12,-2]],[[5596,5211],[1,-29]],[[5597,5182],[-36,2],[-59,-1],[-10,1],[-41,12],[-26,12],[-19,14],[-57,50]],[[4913,5222],[5,1]],[[4918,5223],[5,4],[13,43]],[[5926,5436],[-3,-3],[-12,-2],[-26,-7],[-12,0],[-11,-4],[-11,-7],[-2,5],[-25,-8]],[[5884,5518],[13,-76],[2,-7],[25,9],[2,-8]],[[5939,5511],[0,-48],[5,1],[48,-13],[0,-14]],[[5992,5437],[-28,3],[-6,5],[-7,-2],[-12,1],[0,-5]],[[5939,5439],[-13,-3]],[[6021,5456],[-8,-13],[-4,-2],[-17,-4]],[[4918,5223],[-5,21],[-16,-2],[-8,13],[-15,19],[11,23],[-53,48]],[[4376,5464],[11,33],[5,2],[-6,32],[1,7],[10,9],[5,20],[-5,4],[-5,20],[-23,18]],[[4369,5609],[4,6],[-13,21],[0,3],[14,4],[15,-4],[1,-6],[5,-2],[-17,-11],[1,-8],[22,-19],[16,12]],[[4489,5001],[-4,6]],[[4485,5007],[2,11],[-5,19],[6,15],[-4,9],[-21,6],[-12,18],[-12,11]],[[4439,5096],[4,6],[0,9],[4,2],[9,-12],[-1,19],[8,5],[-4,13],[20,17],[-1,6]],[[4546,5192],[16,-24],[-10,-17],[-9,-10],[8,-15]],[[4551,5126],[-21,-22],[10,-21],[-13,0],[-29,-24],[6,-17],[-3,-18],[1,-6],[-13,-17]],[[4439,5096],[-4,6],[4,18],[-1,15],[-8,0]],[[4430,5135],[-13,15],[-5,13],[-11,6],[-3,6],[-11,-2],[-11,10],[3,9],[26,39],[-11,15]],[[4430,5135],[-9,-5],[-10,-20],[-10,-2],[-9,5],[-12,15],[-13,11],[-35,13],[-7,4],[-12,2],[-13,-2],[-2,6]],[[4298,5162],[24,27],[26,34]],[[7234,5953],[7,-3],[8,-40]],[[7249,5910],[-76,-29],[-20,-10]],[[7171,6020],[6,-28],[29,12],[6,12],[12,9]],[[7224,6025],[3,-5]],[[7227,6020],[-1,-6],[-8,0],[-8,-17],[-4,-5],[7,-5],[14,-39],[7,5]],[[4298,5162],[-7,3],[-19,1],[-4,-1],[-6,-20],[-20,-4],[-15,2],[-5,-2],[-5,-11],[-10,-4],[-12,4],[-10,1]],[[4185,5131],[0,12],[-6,3],[-16,13],[4,22],[5,14],[5,29],[1,19]],[[4178,5243],[13,7],[8,11],[0,15],[3,3],[20,-2],[7,9],[9,2],[16,23],[8,2],[7,-8],[11,-28],[8,-11],[14,2],[5,12],[9,5],[8,-1],[18,-11],[17,-18]],[[7398,6267],[4,-14],[17,6],[3,2],[19,-32],[-4,-8],[-2,-16],[-18,-22],[-6,15],[-29,7],[0,4],[-9,11],[-4,10]],[[7369,6230],[4,10],[-4,11],[-1,14],[3,4],[10,-6],[11,-1],[6,5]],[[4185,5131],[-17,0],[-15,4],[-4,4],[-3,8],[1,10],[7,4],[2,9],[-10,0]],[[4146,5170],[2,11],[2,0],[7,46],[-2,46],[6,1],[10,-4],[6,-15],[1,-12]],[[6474,5595],[12,11],[5,2],[20,-3],[5,3],[7,12],[6,0],[2,-6],[15,13],[7,2],[9,8],[4,0],[14,8],[8,2],[6,5],[10,5],[25,15],[7,3],[6,10],[14,-4]],[[6656,5681],[7,-10],[8,2],[21,16],[8,3],[10,-1]],[[6710,5691],[-2,-12],[0,-18],[3,-33]],[[4417,6295],[5,20],[4,-1]],[[4426,6314],[2,-13],[1,-22],[2,-11],[7,-13],[17,-16],[0,-5],[-5,-29],[-1,-30]],[[4653,6206],[0,-8],[5,-22],[-3,-34]],[[4426,6314],[6,-3],[4,5],[6,-7],[-5,-9],[-2,-10],[5,-4],[4,-18],[12,-4],[5,19],[5,0],[7,-18],[6,-5],[5,2],[2,-19],[6,8],[6,13],[10,15],[11,-1],[1,-10],[6,-16],[5,-1],[15,5],[4,-5],[11,-1],[5,2],[10,12],[8,3],[0,8],[7,13],[1,10],[-5,8],[6,8],[11,0],[6,5],[0,9],[3,4]],[[7029,6028],[5,-26]],[[6976,5913],[-8,22],[-9,-1],[-11,-5],[-18,57],[21,6],[-16,50],[-5,9],[-11,17],[-3,9]],[[6916,6077],[0,0]],[[6920,6175],[-3,10],[7,15],[4,-3],[15,-20],[5,-5],[20,-10],[24,-4],[16,-15],[10,0]],[[5485,6502],[-1,-6],[14,-5],[7,-7],[3,-22],[0,-13],[-2,-20],[10,-3],[7,-6],[3,-10],[1,-17],[8,-23],[11,-10],[1,-16],[13,-15],[2,-5],[-5,-14],[0,-5],[10,-17],[5,9],[5,20],[-4,19],[18,7]],[[5591,6343],[1,-8],[-12,-44],[1,-16],[-9,-3],[5,-5],[0,-7],[-7,-21],[4,-5],[11,-4],[1,-10],[-14,-18],[-4,-19],[0,-15],[3,-9],[28,-20],[5,-10],[-2,-19],[-4,-8],[-1,-11]],[[5434,6479],[21,22],[8,6],[2,10],[9,-5],[11,-10]],[[5939,6090],[-9,-25],[27,-18],[-9,-10]],[[5829,6098],[-10,-11],[-16,-9],[-23,-2],[-24,-5],[-2,-1],[-30,-116],[8,-42],[3,-8]],[[5735,5904],[-22,8]],[[5621,6025],[14,5],[18,37],[-7,5],[3,7],[18,-11],[2,4],[-8,8],[17,27],[-12,13],[-3,13],[4,12],[8,7],[18,5],[9,8],[1,6],[-4,7],[-5,19],[0,9],[5,3],[15,-2],[8,-25],[8,7],[4,9],[10,12],[16,17],[4,6],[16,19],[14,8],[22,23],[18,34],[16,-33],[1,-19],[4,-22],[6,-12],[-2,-22],[7,-11],[-11,-10],[-6,-13],[9,-14],[5,-12],[-1,-14],[6,-11],[10,-12],[26,-25],[20,-16],[8,23],[7,-4]],[[5939,5425],[1,-22],[6,-117]],[[5946,5286],[2,-40]],[[5807,5213],[-3,7],[-8,42],[-10,56],[-6,42],[-1,37]],[[5939,5439],[0,-14]],[[6912,5845],[-58,2]],[[6825,5963],[-5,35],[0,4],[7,17],[3,13]],[[6830,6032],[10,-6],[17,-2],[9,8],[3,19],[11,29],[6,3],[23,-7],[7,1]],[[7391,3803],[-91,104],[-10,13],[-109,129],[-17,14],[-71,52]],[[7093,4115],[13,50],[14,41],[7,29]],[[7127,4235],[23,1],[6,-3],[0,-5],[14,8],[6,-3],[-5,-12],[1,-12],[7,-6],[15,-5],[38,-8],[7,-25],[51,-45],[67,-58],[25,-32],[17,-26],[-6,-7],[3,-4],[18,-9],[2,-5],[12,6],[9,-7],[11,-16],[5,-14],[-1,-17],[-12,-5],[-28,-5],[-13,1],[-19,6],[0,-23],[-5,-11],[19,-33],[-1,-22],[10,-16],[-12,-20]],[[6458,5848],[-34,-32],[-17,-15],[-7,-7]],[[6400,5794],[-2,-2]],[[6306,5939],[2,12],[15,10],[4,1],[9,-12],[2,-17],[9,-2],[23,6],[30,-1],[13,4],[18,16],[16,17],[3,9]],[[6097,5405],[0,-22],[-5,-8],[-27,-13],[-6,0],[-21,13],[-12,3],[-16,-3],[-5,23],[-17,-8],[3,19],[-19,10],[-33,6]],[[6080,5481],[5,-17],[7,-11],[5,-48]],[[6184,5414],[-2,-20]],[[6182,5394],[-19,18],[-5,-2],[-5,-14],[-5,-7],[-5,-15],[-16,2],[-13,-8],[-10,-24],[-21,-7],[-8,-10],[-19,-3],[-18,14],[-14,0],[-11,11],[-5,0],[-12,-4],[-4,-62],[-46,3]],[[6097,5405],[9,1],[-1,4],[36,12],[33,5]],[[6174,5427],[10,-13]],[[6244,5508],[-3,-8],[-8,-7],[-22,-7],[4,-19],[-46,-16],[5,-24]],[[6194,5412],[-10,2]],[[6577,5474],[-8,5],[-8,2],[-9,-11],[-15,-8],[-12,-2],[-34,-23],[-4,6],[-9,4],[-8,-8],[1,-5],[-5,-9],[-24,-13],[-7,-7],[-9,-4],[-8,-7],[-9,0],[-14,-6],[-1,-7],[-11,-3],[-11,-5],[-16,4],[-13,-9],[-12,8],[-12,0],[-5,-9],[-12,-8],[-7,-1],[-9,4],[0,8],[-5,4],[-15,-7],[-8,1],[-12,5],[-21,1],[-9,10],[-6,-2],[-5,-6]],[[6205,5376],[-5,-4],[-14,6],[-4,16]],[[7224,6025],[-8,16],[1,7],[-7,1],[-2,-5],[-12,29],[21,12],[11,-8],[12,-1],[-2,16],[17,6],[-1,4],[13,4],[1,-19],[-11,-4],[0,-4],[17,2],[11,-21],[0,-15],[-9,-17],[-4,-1],[-3,10],[-22,-2],[-6,-1],[-11,-18],[-3,4]],[[7561,6264],[-2,-3],[-53,-51],[-32,-29]],[[7278,6127],[-30,-14],[-42,-17],[-37,-24]],[[7102,6127],[20,0],[14,-5],[7,1],[6,12],[1,22],[2,13],[5,-1],[18,-10],[7,-1],[16,9],[10,10],[8,16],[20,11],[5,6],[21,4],[9,-7],[7,2],[27,26],[17,7],[21,-1],[21,-11],[5,0]],[[7398,6267],[3,4],[13,4],[10,2],[11,-9],[3,-8],[16,-15],[10,-3],[8,1],[6,7],[3,11],[11,23],[12,0],[19,11],[14,3],[8,-5],[7,-9],[11,-6],[-2,-14]],[[7243,5958],[-9,-5]],[[9518,6714],[0,-4],[10,2],[6,-35],[-5,-17],[-12,2],[6,-23],[-1,-16],[5,-26],[5,-16],[-13,-6],[12,-51],[17,6],[8,-2],[0,-17],[-6,-4],[3,-34],[-38,-8],[-1,18],[-43,-2],[-36,-2],[0,-6],[-22,-3],[-1,-8],[-38,0],[-4,1],[-17,-3],[-13,5],[-4,14],[-4,3],[-13,-1],[-7,-3],[-7,8],[-21,-17],[-29,81],[-6,29],[1,29],[11,1],[-5,6],[2,7],[-11,13],[4,17],[6,4],[5,-2],[5,34],[1,3],[13,6],[8,1],[26,18],[11,-1],[42,-8],[10,7],[6,16],[56,21],[47,8],[46,10],[-5,-42],[-10,-13]],[[7544,6094],[-3,23]],[[7561,6264],[3,-16],[9,-25],[5,-24],[22,1],[10,-24],[18,9],[25,-5],[-4,-7],[-1,-13],[-23,-5],[-3,-7],[-23,-12],[-7,-8],[-7,3],[-15,-14],[-14,-18],[-12,-5]],[[6758,6081],[23,-2],[7,-3],[8,-12],[4,-17],[6,-7],[24,-8]],[[6625,6052],[7,-3],[11,12],[6,4],[31,6],[16,-6],[10,-1],[5,12],[7,0],[6,-4],[8,3]],[[6732,6075],[14,6],[12,0]],[[7077,4546],[2,-11],[8,-23],[7,3],[14,-10]],[[6991,4473],[-7,25],[21,14],[-9,33]],[[6996,4545],[19,-1],[11,6],[6,9],[6,1],[8,-8],[20,-9],[11,3]],[[6987,4249],[-20,-50]],[[6804,4308],[23,73],[7,20],[4,6],[25,75],[10,26],[5,-1],[34,-21],[7,25],[-5,7]],[[6914,4518],[14,5],[10,1],[16,15],[11,4],[17,-6],[14,8]],[[6180,5752],[6,-41]],[[6687,4526],[65,4],[26,2],[20,-1],[38,-4],[20,-3],[16,-6],[1,-2],[8,12],[33,-10]],[[1231,3038],[-10,-8],[1,-17],[0,-13],[-8,-6],[-3,8],[-8,4],[11,19],[-3,15],[4,13],[7,9],[4,14],[10,0],[10,-17],[-15,-21]],[[1249,3040],[5,-8],[-1,-6],[-8,-5],[-4,18],[8,1]],[[1267,3077],[-10,-6],[-13,2],[14,19],[4,0],[7,-13],[-2,-2]],[[7544,6094],[0,-24],[5,-26],[2,-18],[-3,-2],[-16,0],[-13,-5],[-2,-5],[-11,-6],[-7,0],[-14,-7],[-3,-12],[-13,-14],[-9,0],[-5,-6],[-16,-11],[-12,-7],[-13,-15],[-9,-4],[-6,-6],[-18,-5],[-14,-6],[-17,-2],[-25,19],[-11,-1],[-19,-7],[-25,-13],[-20,-7],[-1,6]],[[8735,1663],[2,-1],[29,15],[12,2],[12,-1],[22,-6],[17,-1],[17,-3],[22,4],[2,-8],[-27,-18],[-24,-29],[0,-5],[-8,-6],[-29,-39],[-6,-10],[97,-56],[7,14],[18,25],[8,-5],[14,19],[15,-15],[6,-4],[-39,-52],[18,-18],[51,-61],[84,-104],[25,44],[19,-20],[-14,-59],[2,-7],[-10,8],[-10,4],[-68,13],[-17,4],[-15,7],[-13,12],[-41,57],[-9,11],[5,-20],[-3,-19],[-11,-21],[-5,-5],[-6,8],[-2,7],[-21,36],[-19,31],[-66,106],[-33,54],[-12,20],[-11,3],[-18,25],[2,16],[-11,-7],[-6,-14],[-1,-11],[-27,-9],[-11,35],[23,12],[12,9],[-21,33],[10,11],[-17,26],[-10,14],[9,10],[-5,10],[30,40],[8,-3],[42,-48],[2,-34],[6,-15],[-2,-11]],[[9151,1180],[-23,-41],[-54,67],[26,38],[25,-28],[27,-34],[-1,-2]],[[437,2273],[11,-1],[-12,-7],[-8,0],[-24,-12],[-6,3],[0,5],[7,0],[10,8],[12,5],[10,-1]],[[442,2258],[0,0]],[[457,2258],[0,0]],[[463,2223],[-15,29],[-1,9],[17,-37],[-1,-1]],[[7831,3146],[64,-95],[148,-223],[23,28],[22,-33],[5,-17],[2,-16],[22,2],[2,-39],[-16,-1],[-26,-18],[1,-9],[-9,-5],[-18,-18],[-10,24],[12,11],[-9,18],[13,16],[-13,18],[-12,12],[-20,29],[-12,37],[-15,6],[-13,19],[-18,24],[-3,-5],[-10,13],[4,6],[-25,28],[-10,15],[-33,62],[-8,20],[-1,6],[-12,11],[-3,18],[-17,33],[-13,4],[-2,5],[-10,5],[-8,-1],[-7,18],[-14,21],[13,26],[36,-55]],[[8201,2869],[12,0],[6,-26],[-3,-1],[4,-27],[-1,-9],[-13,-16],[1,-14],[-3,-1],[-5,-15],[-11,16],[-19,14],[-2,27],[-19,-2],[5,18],[10,50],[22,-10],[16,-4]],[[2370,9955],[-3,-15],[8,-1],[-3,-17],[-4,-2],[-4,-9],[-13,-16],[-4,7],[-8,-12],[-8,-23],[15,-5],[-7,-14],[0,-13],[-12,-5],[7,-39],[-6,9],[-8,3],[-6,13],[2,8],[5,2],[3,17],[-2,3],[6,22],[3,5],[-1,9],[10,17],[1,7],[9,16],[5,13],[5,17],[6,1],[4,14],[6,32],[1,-4],[-7,-40]],[[28,8614],[11,-2],[10,-9],[2,-11],[0,-15],[-19,-13],[0,-24],[-7,-33],[-14,19],[-8,10],[-3,23],[8,13],[2,10],[1,21],[4,12],[7,10],[6,-11]],[[2663,8802],[6,-27],[1,-38],[-2,-7],[2,-12],[5,-1],[1,-21],[-7,-11],[4,-5],[-3,-7],[7,-17],[4,-23],[-6,-14],[-6,-3],[-22,-1],[-10,2],[-15,7],[0,10],[3,9],[-11,2],[4,24],[9,41],[-3,6],[2,34],[1,9],[-5,6],[-1,17],[-3,6],[15,12],[-1,10],[-6,11],[22,7],[9,-1],[2,-17],[4,-8]],[[2689,8833],[-2,-22],[-5,-20],[-12,23],[5,4],[2,14],[12,1]],[[5952,3826],[13,-27],[7,-7],[17,-9],[-3,-17],[-11,-24],[28,-9],[2,-2],[11,-35],[17,10],[23,-18],[7,59],[25,-11],[16,3],[4,-29],[-3,-14],[7,-18],[6,-5],[15,-6],[5,-32],[10,-17],[-15,-15],[-14,-9],[-17,-4],[-28,-5],[-3,-43],[23,-3],[-5,-25],[6,-3],[26,-5],[-1,-10],[-22,2],[-5,-16],[-8,4],[1,-8],[8,-4],[-3,-16],[34,-16],[4,-3],[-4,-13],[0,-9],[-5,-21],[6,-2],[-2,-11],[-8,3],[-21,-2],[-6,-39],[43,-16],[-3,-26],[22,-8],[-1,-28],[-9,8],[-11,1],[-28,11],[-57,17],[-2,-24],[-3,1],[-8,-41],[-26,10],[-1,2],[-31,10],[2,20],[-2,19],[-14,-3],[5,17],[21,-1],[-1,19],[-28,3],[9,29],[10,-1],[28,-6],[1,18],[-9,2],[0,16],[-5,1],[1,19],[2,0],[0,29],[-6,4],[-23,0],[-2,34],[40,-2],[-1,37],[-24,-1],[-1,35],[31,-2],[-1,36],[-2,33],[-3,12],[-5,59],[-19,10],[-9,7],[-1,-2],[-15,12],[-4,0],[1,13],[-7,7],[-7,-2],[-6,9],[8,8],[0,7],[-2,21],[-16,19],[11,11],[4,-8],[1,12],[5,-1],[11,15]],[[4109,5948],[6,-2],[14,-16],[-5,-8],[-4,-22],[-15,23],[-7,-15],[-8,-10],[-4,4],[-8,-9],[-10,-4],[-8,-8],[-5,-9],[-6,5],[-3,-7],[11,-8],[-5,-9],[-8,2],[-5,-6],[-4,-24],[-4,-2],[-4,8],[-2,-2],[-16,6],[3,-8],[-6,-13],[8,-3],[19,-25],[1,-7],[-3,-10],[-8,7],[-3,-18],[-7,11],[-3,11],[-2,-5],[-3,11],[-11,-31],[-7,7],[5,7],[2,24],[-4,-1],[-28,-16],[-3,-8],[-4,8],[-12,-8],[-14,-4],[-11,5],[2,27],[-8,0],[-11,5],[-9,-2],[-1,5],[34,16],[7,9],[6,-7],[23,4],[13,7],[26,-13],[2,0],[-2,14],[-11,10],[-3,-6],[-7,8],[3,6],[13,6],[11,-12],[2,-8],[8,-4],[10,1],[11,15],[-20,16],[-14,15],[10,15],[-15,13],[5,6],[15,6],[11,-11],[21,19],[23,15],[18,-28],[11,11],[-9,10],[5,11],[-5,7],[2,4],[14,-11]],[[6515,2046],[11,-3],[7,-5],[3,-20],[4,-5],[4,-23],[11,-31],[4,-4],[4,-11],[0,-17],[7,-19],[1,-7],[10,-42],[15,-27],[10,-34],[5,-15],[9,-15],[34,26],[10,-30],[-2,-10],[-11,-18],[-12,-13],[-4,-18],[5,-23],[16,-10],[-3,-3],[9,-9],[-12,-14],[16,-33],[2,2],[12,-22],[9,6],[7,-28],[5,0],[9,-24],[3,-12],[5,-13],[7,-4],[2,-8],[26,-22],[-14,-19],[-3,-14],[-7,15],[-18,-15],[-10,5],[-6,13],[-3,12],[-5,7],[-10,6],[-13,18],[-4,2],[-6,11],[-9,12],[-8,9],[-15,20],[-6,6],[-13,22],[-7,16],[-3,0],[-8,12],[-7,17],[-12,19],[-2,9],[-6,8],[-17,36],[0,15],[-6,17],[-14,23],[-9,19],[-3,9],[-4,5],[-1,13],[-10,20],[-13,60],[-2,16],[13,20],[-5,15],[-7,11],[-17,50],[-4,3],[-8,26],[2,15],[15,10],[5,-18],[29,23],[13,-21]],[[5514,691],[6,-17],[6,-2],[8,-10],[2,-11],[7,-7],[3,11],[6,-2],[3,12],[6,2],[8,-6],[1,5],[12,-4],[3,-8],[12,1],[3,-14],[13,2],[1,17],[3,2],[6,15],[18,-10],[2,-6],[6,1],[-4,-5],[5,-5],[-1,-10],[-9,0],[1,-11],[4,-1],[3,-21],[-5,-2],[1,-5],[-12,-8],[-21,-7],[-2,4],[-34,-7],[-26,-13],[1,-4],[-23,0],[-17,-14],[-6,17],[1,62],[3,30],[-14,16],[-2,-6],[-12,11],[-4,8],[7,6],[16,2],[5,-10],[4,11],[6,-9]],[[5872,2612],[-8,5],[-9,15],[-7,6]],[[5848,2638],[3,15],[-16,9],[-4,-5],[-18,15],[2,5],[-26,22],[-16,21],[3,12],[-10,12],[2,3],[-43,43],[-3,6],[-17,19],[-7,5],[1,8],[4,12],[7,6],[17,-11],[2,4],[10,-9],[7,-11],[9,-31],[3,-3],[11,0],[9,-7],[6,-13],[7,-12],[10,8],[11,5],[-1,8],[6,9],[13,-13],[7,18],[7,-6],[6,1],[12,24],[-7,4],[2,10],[5,-2],[2,8],[-4,10],[14,8],[-6,18],[3,13],[11,-6],[-1,-12],[7,-19],[1,-14],[8,0],[1,-23],[2,-12],[5,-17],[-1,-22],[-6,-28],[-4,-25],[-4,-14],[-8,-12],[-1,-20],[12,-3],[2,-12],[-3,-18],[-2,-6],[-18,-1]],[[4117,6812],[-7,-35],[1,-15],[-5,-6],[-4,-13],[-14,-27],[-17,-17],[-6,-12],[-2,-19],[-4,-13],[-1,-18],[-6,-5],[1,-30],[-18,-21],[-11,-9],[-8,-9],[-10,-25],[-18,-15],[-2,-4],[4,-17],[8,-3],[-11,-13],[-14,-11],[-12,-6],[-5,6],[2,17],[-6,-6],[1,10],[-8,1],[8,13],[5,18],[-1,19],[-1,9],[-7,-12],[-5,-5],[-5,-19],[-5,-8],[-11,-25],[-10,-2],[-3,16],[1,10],[6,6],[8,-6],[2,11],[-1,9],[-7,6],[4,9],[-8,8],[-20,11],[-5,1],[-9,-16],[-5,-15],[12,-11],[7,-29],[7,-18],[-5,-3],[-9,16],[-6,24],[0,7],[-11,4],[-8,6],[-3,16],[-12,0],[-1,3],[8,12],[4,-7],[9,6],[-2,6],[5,5],[-3,7],[4,4],[7,-4],[5,9],[11,-6],[13,-5],[10,0],[-9,28],[-9,10],[-8,-2],[-5,8],[11,7],[6,-3],[9,-16],[6,-14],[13,-10],[16,-15],[7,-3],[1,-10],[9,-4],[-1,12],[7,3],[5,-4],[9,-1],[8,8],[-1,5],[7,8],[12,1],[2,13],[8,16],[6,9],[-4,2],[6,19],[-3,8],[3,9],[-2,3],[5,8],[-2,4],[8,6],[-8,22],[-5,-3],[-2,14],[6,8],[14,4],[18,11],[20,13],[6,11],[-1,16],[-2,2],[7,18],[-1,10],[8,-2],[1,5],[8,-4],[5,21],[5,7],[6,-8],[-6,-15]],[[9635,487],[14,-11],[-2,-21],[-3,2],[-7,-11],[-26,-31],[-23,35],[-6,13],[10,11],[22,12],[21,1]],[[6625,3000],[4,-16],[13,5],[5,-17],[5,-37],[7,-13],[8,-38],[-15,-7],[-34,92],[-1,0],[-6,21],[14,10]],[[6610,2793],[6,-10],[-7,-7],[-3,5],[-9,-8],[-7,11],[-5,2],[0,7],[15,-2],[2,-5],[8,7]],[[6584,2758],[-14,-16],[-6,12],[-9,-7],[-14,31],[6,9],[18,21],[13,-25],[-8,-7],[6,-13],[8,-5]],[[9996,140],[-3,-15],[0,-19],[2,-28],[2,-33],[-11,-45],[-12,9],[4,24],[-1,10],[-3,6],[-1,11],[4,11],[-5,11],[0,18],[-2,8],[1,22],[3,9],[8,0],[6,5],[-5,9],[4,50],[-1,11],[-3,14],[-11,31],[10,1],[4,-20],[7,-13],[5,-14],[1,-18],[-5,-36],[-3,-12],[6,-4],[-1,-3]],[[6814,6383],[1,-24],[-19,-10],[3,-23],[3,3],[7,-5],[-2,-9],[-5,-6],[4,-17],[-18,-13],[-1,-8],[-15,22],[10,28],[11,9],[-1,17],[-13,21],[7,14],[6,-3],[3,11],[6,28],[11,-3],[2,-7],[0,-25]],[[6822,6220],[-3,17],[17,8],[2,-7],[-14,-11],[-2,-7]],[[6813,6265],[-3,11],[26,16],[1,-12],[-5,-10],[-9,-1],[-1,-3],[-9,-1]],[[6778,6378],[-9,3],[-1,9],[15,-8],[-5,-4]],[[3519,4743],[-3,-4],[-10,10],[-8,15],[-12,27],[-17,28],[-9,10],[-24,9],[-10,38],[21,7],[7,-23],[19,-6],[33,-71],[-7,-6],[10,-18],[10,-16]],[[3805,4652],[0,-9],[-3,-8],[1,-8]],[[3803,4627],[-12,-1],[-15,6],[-11,14],[-7,15],[-31,26],[-6,-7],[6,-12],[-4,-7],[-7,0],[-10,6],[4,1],[6,20],[-6,12],[3,11],[6,-4],[15,-5],[17,-7],[10,-10],[11,-12],[8,-24],[7,-5],[1,8],[10,-2],[7,2]],[[3532,4719],[0,0]],[[3628,4701],[-3,5],[1,26],[-10,4],[1,7],[14,-5],[-3,-37]],[[2799,8369],[2,-7],[4,4],[12,-27],[3,3],[22,-26],[3,-10],[24,-30],[18,-17],[15,-8],[11,-3],[9,12],[1,-2],[-12,-19],[-12,3],[-13,7],[-2,-5],[-26,25],[2,2],[-30,34],[-11,11],[-11,17],[-15,26],[-5,12],[4,20],[3,-1],[4,-21]],[[2782,8378],[-13,10],[7,13],[12,-9],[-6,-14]],[[5872,2612],[-7,-14],[-1,-9],[7,-6],[9,-13],[1,-11],[-2,-8],[-7,-7],[-16,-6],[-10,-22],[3,-27],[-20,3],[4,-35],[16,-6],[-3,-21],[-4,-6],[5,-12],[2,-22],[-26,36],[-11,-52],[4,-3],[8,-15],[-5,-8],[-4,-13],[-16,-6],[-8,9],[2,7],[11,-3],[5,18],[-20,14],[-13,-1],[-4,-13],[-3,-24],[5,-9],[-5,-11],[-8,9],[-6,-9],[-9,9],[-6,-7],[-12,-3],[-3,15],[5,2],[0,10],[6,0],[10,6],[3,20],[4,0],[8,11],[-11,15],[12,6],[10,-1],[12,36],[14,17],[9,18],[-30,29],[-2,-5],[-1,27],[8,17],[4,6],[9,1],[-1,10],[-6,19],[-1,28],[-12,23],[18,-1],[1,13],[17,1],[3,13],[7,-6],[9,-2],[8,2],[10,-7]],[[4369,5375],[-6,4],[-10,0],[1,14],[13,-1],[5,11]],[[4372,5407],[-6,-3],[-12,6],[1,15],[-8,0],[-6,12],[1,9],[-6,1],[-5,8],[-11,7],[-5,-2],[-5,5],[-5,13],[-1,16],[-6,24],[-1,16],[-8,9],[-3,14],[5,15],[8,-7],[5,-22],[8,17],[6,1],[4,-15],[4,-2],[4,-34],[3,-6],[8,2],[2,23],[4,6],[14,-4],[0,10],[-3,12],[-7,3],[-3,12],[-1,12],[-7,-5],[-2,19],[5,9],[5,3],[3,9],[11,1],[7,-7]],[[3765,6514],[-18,-41],[-8,-10],[5,-10],[10,-5],[-1,-6],[-6,-3],[2,-14],[-2,-17],[8,11],[2,-6],[9,5],[2,5],[8,-2],[14,8],[14,4],[15,1],[6,15],[2,-10],[-5,-11],[2,-12],[6,-13],[7,-2],[7,2],[4,10],[-3,9],[13,1],[11,-10],[5,-17],[7,-6],[-1,-10],[11,2],[10,6],[6,9],[13,8],[5,-9],[-4,-6],[15,-21],[-25,-35],[-16,22],[-4,-8],[-6,-33],[-14,-24],[-3,-8],[0,-21],[7,-4],[3,-7],[10,-5],[3,-12],[6,-9],[-6,-11],[7,-6],[-2,-7],[-11,8],[-2,-3],[-12,18],[-24,16],[-4,-18],[1,-14],[-11,-14],[1,-13],[-7,-9],[-12,24],[-8,9],[-7,1],[-15,8],[-5,5],[-16,12],[-8,3],[-7,-4],[-10,11],[-15,6],[-25,-5],[-12,3],[-9,15],[-17,17],[4,10],[0,14],[-4,16],[-1,19],[5,5],[4,18],[-2,9],[5,8],[-3,5],[-5,17],[-6,43],[0,22],[12,2],[9,12],[6,-21],[12,-15],[-2,-19],[-3,-5],[6,-7],[10,9],[8,0],[7,-6],[3,6],[-3,7],[3,29],[7,16],[14,15],[8,17],[1,11],[5,10],[-3,15],[2,13],[8,4],[13,-16],[-1,-8],[-13,-11],[-2,-7]],[[4424,4855],[-5,-2],[-15,0],[-10,2],[-6,-7],[-8,-3],[1,-10],[7,-5],[4,-12],[-3,-7],[-10,-4],[-2,8],[-12,10],[-4,14],[-6,4],[0,20],[33,-8],[1,6],[10,12],[8,0],[0,4],[8,1],[12,6],[3,-4],[2,-20],[-8,-5]],[[4485,5007],[-7,3],[-11,-2],[-8,-12],[-14,-7],[-11,-1],[-11,2],[-12,-12],[-11,-16],[-5,-11],[-10,-5],[-3,-5],[5,-8],[-3,-10],[-6,-3],[-12,-20],[-11,-15],[-16,1],[-12,-9],[-11,1],[-7,-9]],[[4309,4869],[-1,15],[-8,10],[-57,53],[-24,23],[-7,15],[-2,23],[0,49],[0,14]],[[4210,5071],[27,31],[40,41],[21,19]],[[6672,4092],[-6,-32],[-7,-49],[-5,-14],[-11,-10],[-16,-29],[-12,-16],[-46,15],[-15,-12],[-33,51],[-30,48],[-27,43],[29,39],[5,20],[5,25],[-16,5],[-1,7],[-18,14],[-7,17],[-1,26],[-5,29],[-10,38],[3,11],[-4,14],[-8,8],[-19,5],[-4,6],[-10,18],[-6,27],[-9,21],[-20,26],[-2,6],[-12,10],[-9,5],[-22,9],[-28,5],[-10,24],[-5,4],[-8,17],[-15,7],[-8,-3],[-6,7],[-2,10],[-20,6],[-4,15],[-10,9],[-3,7],[-1,15],[-3,29],[-8,21],[-24,-57],[-11,19],[-10,48],[-7,10],[-12,-8]],[[6128,4658],[-7,35],[-3,6],[-28,43],[-8,15],[-28,65],[-4,8],[-12,11],[-39,26],[-5,12],[-1,24],[-2,9],[-5,8],[-25,31],[8,0],[4,4],[-1,13]],[[5972,4968],[7,-13],[10,-10],[54,-29],[22,-14],[12,-5],[37,-10],[14,-11],[24,-32],[12,-13],[30,-26],[17,-17],[10,-14],[69,-94],[14,-27],[16,-34],[9,-13],[18,-18],[22,-25],[49,-52],[13,-15],[76,-94],[17,-19]],[[7031,4142],[8,10]],[[7039,4152],[7,-2],[22,-15],[25,-20]],[[7391,3803],[20,-25],[9,-12],[62,-95],[5,3],[39,-58],[-4,-5],[45,-67],[4,3],[26,-38],[-2,-7],[100,-151],[19,-29],[-45,-59],[-27,50],[-11,24],[-2,8],[-21,31],[-13,21],[-25,45],[-17,26],[-13,20],[-3,-4],[-68,-91],[-31,-44],[-37,-35],[-13,-10],[-5,3],[-9,14],[-5,18],[-7,13],[-5,16],[-12,31],[-14,28],[-9,28],[-4,8],[-8,7],[-40,43],[-13,12],[-8,13],[0,26],[6,17],[3,5],[22,16],[7,6],[23,10],[12,2],[22,0],[15,-3],[10,2],[13,17],[9,21],[4,17],[8,10],[-11,-7],[-8,0],[-10,9],[-1,13],[24,20],[6,7],[16,-27],[5,6],[-41,67],[-3,-2],[-26,31],[-41,-63],[-12,-9],[-12,0],[-3,-13],[-8,-11],[-7,-1]],[[7271,3704],[-36,6],[-11,11],[17,30],[-17,21],[-3,1],[-27,33],[-50,59],[-23,29],[-20,16],[-12,5],[-59,34],[-4,-3],[-7,17],[-8,27],[-6,6],[-16,-12],[-2,2]],[[6987,3986],[17,28],[9,18],[-12,10]],[[7002,4173],[19,-12]],[[7021,4161],[0,-9],[6,-9],[4,-1]],[[4650,5009],[-7,13],[-2,10],[4,15],[-2,6],[9,6],[12,13],[13,38],[-19,55],[-3,15],[2,36],[5,17]],[[4726,5064],[-8,-15],[-8,-10],[-60,-30]],[[4580,5036],[-2,-5],[-27,-14],[-4,-10],[-10,7],[-4,5],[-11,-19],[-14,-12],[-15,1],[-4,12]],[[4551,5126],[11,-20],[10,7],[14,17],[19,-33],[1,-5],[-4,-29],[-19,-13],[-4,1],[-6,-14],[7,-1]],[[5119,5450],[0,10],[25,60]],[[5413,5961],[-1,7],[-24,30],[-4,11],[15,12],[-15,7],[2,17]],[[5386,6045],[12,2],[13,-11],[-3,6],[5,8],[-4,10],[-15,13],[-5,0],[-2,12],[-20,2],[-5,-8],[-13,-2],[-2,14],[12,3],[3,10],[-11,15],[1,33],[8,-20],[5,-7],[6,-2],[9,4],[12,16],[4,11],[1,11],[7,2],[2,13],[-4,6],[-1,9],[6,21],[1,13],[-6,26],[1,15],[4,-6],[3,-20],[6,-13],[11,-8],[1,-15],[3,-18],[4,-5],[19,0],[4,2]],[[6398,5142],[-13,-3],[-1,4],[-108,-19],[-6,-1]],[[6270,5123],[7,47],[7,17],[2,16]],[[6286,5203],[3,31],[6,52],[1,16],[13,0],[3,-7],[2,5],[5,0],[6,-10],[5,1],[8,9],[11,-1],[13,9],[8,-7],[9,4],[4,7],[11,0],[6,10],[8,-2],[3,-6],[-8,-35],[-10,-45],[22,-7],[-17,-85]],[[6552,6059],[0,0]],[[6518,6049],[-16,15],[-7,-4],[-11,25],[-14,46],[-2,-3],[-8,15],[-7,21],[-1,9],[-1,19],[2,5],[9,-3],[7,6],[22,-46],[12,11],[4,-25],[11,6],[6,-2],[26,-80],[2,-5]],[[4501,5925],[35,-18],[19,-2]],[[5939,6090],[12,-7],[9,-1],[15,-29],[-3,-4],[1,-7],[10,-11],[9,-14],[3,-10]],[[4561,6089],[1,-27],[-2,-43],[-2,-19],[-4,-8],[-2,-22],[3,-15],[3,-2],[11,6],[7,-4]],[[5367,5694],[-1,-98],[0,-45]],[[6552,6059],[7,-2],[9,10],[9,2],[24,-2]],[[5485,6502],[8,2],[13,12],[11,-8],[-5,-11],[1,-15],[10,2],[-1,14],[10,15],[2,7],[10,-11],[7,-3],[10,5],[10,-8],[5,-7],[-3,-13],[3,-1],[-6,-8],[4,-2],[9,2],[-1,-8],[8,-7],[6,1],[9,-7],[7,-12],[-12,-31],[2,-20],[7,-10],[4,-11],[-2,-14],[-8,-14],[-7,6],[-5,-4]],[[3941,4776],[18,1],[0,-5],[-9,-2],[-9,-6],[-7,-10],[-8,-27],[-4,-8],[2,-12],[8,-9],[-21,-43],[-3,-11],[-10,-17],[-19,-24],[-20,-34],[-14,-33],[-12,-15],[-14,-24]],[[3819,4497],[-7,23],[-2,27],[6,22],[-5,11],[0,10],[-7,4],[7,1],[1,33],[-9,-1]],[[3805,4652],[-1,15],[-5,6],[1,16],[4,16],[6,3],[1,-8],[4,0],[9,13],[-6,15],[-2,17],[0,11],[4,3],[6,-6],[4,2],[4,-12],[1,-17],[2,-7],[6,14],[13,3],[5,11],[4,0],[-2,24],[15,12],[7,-21],[4,2],[7,-6],[-2,-4],[6,-3],[31,21],[10,4]],[[5867,5092],[-18,13],[-25,13],[-53,14],[-18,8],[-20,12],[-15,8],[-38,12],[-16,4],[-18,3],[-49,3]],[[5596,5211],[2,73],[1,0]],[[5599,5284],[3,5]],[[5602,5289],[0,0]],[[5602,5289],[-3,5]],[[5599,5294],[-1,27],[-8,15]],[[4210,5071],[-23,-27],[-10,-14],[-46,-82]],[[4131,4948],[-11,10],[-24,7],[-11,0],[11,63],[7,-1],[12,7],[5,19],[-9,7],[-7,16],[-10,-2],[-10,6],[-19,-20],[-4,4],[20,48],[13,15],[2,8],[0,36],[-22,1],[-1,7],[2,7],[-19,0],[-4,3]],[[4052,5189],[-15,23],[-11,1],[9,2],[5,5],[-18,0],[-15,-4],[-1,-14],[-16,2],[0,11],[-15,0],[-15,6],[3,18],[12,-10],[1,8],[15,0],[-1,14],[31,3],[9,-5],[0,-6],[9,-5],[3,22],[-8,10],[1,3],[7,-8],[6,-11],[3,-10],[-6,-10],[23,-6],[6,-7],[26,-18],[6,-7],[23,-7],[0,-8],[5,-9],[12,-2]],[[6203,4208],[-16,-18],[-22,-5],[-21,-31],[-8,10],[5,11],[-11,9],[3,6],[-12,9],[-10,3],[1,-22],[2,-16],[-12,4],[-3,-13],[13,-14],[-2,-6],[-10,-6],[-4,3],[-6,-37],[-10,1],[-4,-14],[-36,-53],[0,6],[4,13],[-2,20],[5,21],[17,23],[14,42],[-2,10],[4,52],[-6,13],[5,3],[-1,21],[17,45],[-12,7],[0,38],[48,-26],[11,-5],[14,-8],[-2,-7],[3,-56],[37,-20],[13,-8],[-4,-5]],[[7271,3704],[-2,-11],[-18,-19],[-12,2],[-16,18],[-11,5],[-8,0],[-4,-4],[-1,-15],[-7,-9],[-20,8],[-9,-8],[0,-12],[-8,-8],[-7,0],[-18,7],[-8,12],[-8,15],[-9,26],[-13,33],[-9,27],[0,5],[-44,47],[-45,45],[-46,51],[39,67]],[[5114,5888],[5,10],[-1,25],[-5,6],[3,19],[11,-2],[6,-10],[9,2],[7,-3],[16,3],[-3,-15],[8,5],[10,0],[21,7],[5,8],[8,-7],[1,4],[-6,15],[0,23],[6,-18],[8,-6],[2,-13],[4,0],[2,10],[6,14],[-1,28],[-3,9],[7,-4],[4,5],[6,-3],[11,0],[8,-9],[-2,15],[2,2],[10,-7],[3,-18],[8,-4],[6,-12],[13,-9],[2,-9],[5,-2],[5,3],[11,24],[4,-1],[6,-11],[6,-5],[3,12],[10,8],[-14,9],[-2,6],[11,17],[-15,8],[-9,13],[0,14],[20,5],[12,10],[21,-1],[1,-13]],[[5913,5875],[-48,-7],[-16,3]],[[5849,5871],[-4,-8]],[[5845,5863],[-1,-1]],[[5844,5862],[-4,-2]],[[5840,5860],[-4,4]],[[5836,5864],[-3,10]],[[5833,5874],[0,1],[-54,14],[-44,15]],[[6205,5376],[4,-9],[12,-46],[-17,-8],[-4,-6],[-2,-17],[32,-6],[1,-9],[15,-4],[-7,-69],[47,1]],[[6270,5123],[-38,-6],[-1,-5],[-32,-8],[-3,-48],[-24,-7],[-32,-5],[-17,2],[-1,-5],[-23,3],[-2,-19],[-17,5],[4,47],[-37,-9],[-25,1],[-12,-48]],[[6010,5021],[-24,20],[-29,29]],[[5599,5294],[3,-5]],[[5602,5289],[-3,-5]],[[6732,6075],[-6,11],[2,4],[-13,23],[-11,23],[17,15],[34,36],[4,5],[2,-14],[9,1],[-1,-20],[-5,-27],[4,-17],[-1,-12],[-7,-13],[-2,-9]],[[4650,5009],[-14,-7],[-9,-8],[-18,-11],[-31,-28],[-31,-28],[-26,-10],[-2,22],[-7,20],[-5,10],[12,8],[13,17],[12,-6],[5,-15],[4,5],[19,-12],[7,14],[13,15],[7,5],[-3,16],[8,5],[-12,16],[-12,-1]],[[4264,4725],[-7,-4],[-9,9],[-10,6],[-12,-4],[-17,-20],[-14,-6],[-8,4],[-5,8],[-3,11],[-3,18],[-19,39],[6,5],[-1,12],[-9,3],[-3,6],[-1,24],[-2,9],[-5,6],[-29,22],[-15,16]],[[4098,4889],[33,59]],[[4309,4869],[2,-8],[-14,-14],[-7,-1],[-5,-5],[-1,-16],[12,-10],[0,-10],[-3,-7],[-15,-18],[-3,-9],[-7,-7],[6,-21],[0,-12],[-10,-6]],[[6302,4756],[-9,6],[-11,3],[-26,34],[-44,44],[-9,4],[-27,24],[-27,28],[-25,19],[-61,56],[-53,47]],[[6398,5142],[33,5],[11,-8],[2,-6],[2,-55],[2,-44],[-1,-6],[1,-65],[-14,-24],[-14,-47],[-6,-52],[-67,19],[-65,20],[-7,-23],[12,-5],[6,-5],[4,-14],[0,-19],[-2,-12],[2,-21],[6,-20],[-1,-4]],[[4681,6135],[-5,15],[-7,2],[-5,-3],[-1,-11],[5,1],[4,-4],[-1,-24],[16,-28],[6,-3],[2,-12],[7,-13]],[[5811,5799],[12,16],[6,35],[11,10]],[[5844,5862],[1,1]],[[5845,5863],[4,8]],[[6400,5794],[9,-15],[25,-7],[17,0],[8,-4],[1,-14],[-4,-8],[-8,-26],[8,-2],[12,8],[9,-1],[8,4],[10,-4],[14,-13],[17,-10],[10,7],[8,17],[8,-3],[6,-12],[4,0],[13,23],[7,-5],[5,-18],[27,-9],[19,1],[13,-3],[10,-19]],[[4098,4889],[-51,52],[-16,-37],[-7,-22],[-6,-10],[-7,-4],[-1,-7],[2,-16],[-13,-4],[-8,-10],[-23,11],[-2,-28],[-18,-4],[-5,-20]],[[3943,4790],[-5,5],[-10,4],[-3,10],[4,10],[1,18],[8,1],[-2,15],[11,20],[-1,19],[10,9],[7,-1],[11,5],[15,-2],[7,5],[-13,9],[-4,9],[0,10],[14,12],[2,10],[9,-1],[4,-14],[1,12],[-12,7],[-9,1],[5,17],[18,3],[15,-3],[7,6],[7,-6],[4,-17],[5,0],[4,9],[5,-10],[5,-5],[12,7],[-6,6],[-9,3],[-3,34],[-6,7],[6,10],[-8,2],[0,6],[-5,7],[2,13],[-5,13],[-6,-3],[1,-9],[-3,2],[-9,-4],[-7,4],[-18,-7],[-9,13],[-8,0],[6,6],[16,8],[19,14],[16,19],[2,20],[15,25],[-15,2],[11,34]],[[5962,4978],[10,-10]],[[6128,4658],[7,-36],[13,-33],[21,-45],[5,-18],[-7,0],[-7,6],[-39,73],[-9,37],[-4,8],[-26,8],[-12,-1],[-15,3],[-2,6],[-8,5],[-5,-9],[-9,8],[-10,3],[-16,-3],[-13,0],[-2,2],[-13,31],[-11,15],[-2,11],[2,12],[-2,30],[-6,26],[-12,9],[-4,8],[0,10],[10,27],[1,12],[-4,7],[-9,33],[-4,4],[-31,14],[-9,2],[-5,9],[-15,38],[-7,8],[-18,8],[-6,9],[-2,10],[-5,5],[-3,17],[6,9],[-3,24],[-3,16],[-6,2],[-10,-8],[-10,-15],[-11,-21],[-11,-5],[-19,-2],[-6,-2],[-17,-19],[-11,10],[-16,-1],[-22,2],[-6,3],[-3,13],[3,24],[4,13],[0,6],[-7,19],[-12,24],[-13,9],[-7,1],[-19,-12],[-9,-10],[-17,-28],[-6,-13],[-10,-19],[-19,-8],[-12,3],[-5,10],[-8,2],[-26,-13],[-14,0],[-25,8],[-25,5],[-24,-1],[-28,-16],[-18,-4],[-6,2]],[[7039,4152],[-8,-10]],[[7031,4142],[-9,5],[-1,14]],[[7077,4546],[9,1],[10,6],[16,-10],[24,-9],[37,2],[25,-8],[3,-5],[-21,-13],[-2,-6],[-7,-32],[-6,-35],[-13,-66],[-8,-46],[-9,-44],[-3,-21],[-5,-25]],[[6302,4756],[-3,-9],[31,-39],[25,-29],[17,-22],[3,5],[5,-3],[13,3],[6,-4],[10,-2],[6,-5],[3,-11],[6,-4],[3,-7],[10,-8],[9,-3],[14,-10],[8,-13],[14,-13],[14,-10],[17,-10],[11,-5],[5,3],[22,-1],[3,41],[74,-14],[-2,-11],[4,-7],[0,-20],[-5,1],[-3,-22]],[[4264,4725],[1,-12],[-1,-8],[3,-8],[-4,-28],[-1,-37],[-12,3],[-5,19],[-7,16],[1,9],[-33,19],[-10,-5],[-23,-25],[-14,-11],[-3,-11],[-12,11],[-13,-7],[-5,-1],[-1,13],[15,7],[-3,13],[3,27],[-3,15],[-9,10],[-13,1],[-18,-12],[-9,0],[-13,3],[-11,-7],[-6,-6],[-11,-20],[-4,-5],[-15,-7],[-26,-20],[-14,-4],[2,-7],[-8,-5],[-19,-32],[2,-12],[4,-6],[6,-26],[10,-12],[-4,-6],[-12,-9],[0,-14],[-3,-5],[1,-15],[-2,-10],[-9,-4],[-4,4],[-1,22],[-5,2],[4,30],[-12,-2],[-6,22],[-8,-24],[-11,-1],[-17,-12],[-6,-17],[-4,-1],[-8,-13],[-14,3],[-3,-18],[0,-12],[6,-28],[2,2],[4,-15],[-4,-7],[-1,-7],[-8,-2],[-6,19],[2,12],[-2,10],[-1,18],[2,17],[4,12],[-7,5],[-5,-12],[-5,7],[-6,-4],[-12,-14],[2,-11],[-4,2],[-8,-8],[-5,-1],[5,-17],[7,-12],[-8,-12],[-5,-1],[-8,8],[-7,20],[3,12],[13,5],[3,10],[-3,1],[4,9],[6,2]],[[3941,4776],[2,14]],[[4702,6134],[6,5],[3,17],[5,-2],[2,-9],[-4,-6],[-2,-13],[-9,-1],[1,-11],[52,2],[18,23],[2,11]],[[4827,6257],[2,11],[-3,12],[-1,16],[-6,3],[-15,13],[1,7],[-4,6],[4,3],[12,0],[3,6],[9,4],[3,-7],[10,4],[9,6],[2,10],[-7,22],[-6,2],[-8,17],[-10,9],[-6,9],[2,10],[5,-1],[16,-12],[4,-5],[9,-22],[3,-18],[-1,-7],[10,-9],[3,-7],[7,8],[7,2],[5,8],[2,8],[-4,22],[1,23],[4,10],[8,-4],[10,15],[-1,9],[6,8],[0,17],[2,5],[21,-11],[16,2],[2,-2],[3,-15],[-2,-5],[5,-5],[11,-3],[4,-8],[1,-13],[-3,-9],[-1,-11],[5,2],[-4,-10],[1,-12],[8,-3],[-1,-7],[6,-7],[1,-12],[-16,14],[-3,-5],[9,-17],[1,-11],[-9,-12],[-5,4],[1,-21],[-1,-10],[-13,-11],[-7,-14],[-23,-10],[-11,-25],[3,-17],[4,-2],[3,-14],[9,-14],[9,-16],[2,-12],[-4,-14],[-8,-8],[-1,-10],[6,-13],[12,-2],[8,5],[4,-2],[6,-18],[-7,-24],[-6,-15],[2,-10],[9,-5],[1,-5],[1,-19],[-6,-17],[-4,0]],[[7162,5822],[5,-1],[0,-31],[-66,-5],[-17,-23],[-9,-9],[-16,-9],[-15,-16],[-26,-36],[-6,-12],[-23,-34],[-16,-10],[-11,4],[-5,-3],[-1,-7],[-10,-27],[-13,-9],[-31,2],[-9,15],[-7,2],[-12,-18],[-4,0],[-2,7],[2,29],[-4,13],[-20,-3],[-12,9],[-9,2],[-16,-18],[-10,7],[-12,15],[-9,18],[1,20],[-7,2],[-13,-21],[-12,-5],[-15,1],[-10,-2],[-6,15],[-6,7]],[[5833,5874],[3,-10]],[[4883,4344],[4,12],[3,-1],[-7,-24],[0,-5],[-6,-8],[-6,4],[12,22]],[[4988,4446],[3,-8],[-10,-6],[-14,-3],[-11,-6],[-8,-1],[-1,5],[-7,-5],[3,-7],[-8,-6],[-17,-8],[-8,0],[-2,-8],[-8,-4],[-6,-21],[-6,6],[3,17],[0,8],[3,6],[7,3],[14,0],[16,7],[-1,4],[13,9],[0,4],[18,8],[2,-5],[9,9],[16,2]]]}
