{"type":"Topology","bbox":[-76.63821972261292,3.2971501466482316,-76.46006643460362,3.5219353604685875],"transform":{"scale":[0.000017817110511981018,0.000022480769458981488],"translate":[-76.63821972261292,3.2971501466482316]},"objects":{"municipios":{"type":"GeometryCollection","geometries":[{"type":"Polygon","arcs":[[0,1,2,3,4]],"properties":{"codigo":"76001100000000180802","sector":"760011000000001808","pcode":"CO76001","area_m2":29450}},{"type":"Polygon","arcs":[[5,6,7,8,9,10]],"properties":{"codigo":"76001100000000100901","sector":"760011000000001009","pcode":"CO76001","area_m2":81687}},{"type":"Polygon","arcs":[[11,12,13,14,15,16]],"properties":{"codigo":"76001100000000081502","sector":"760011000000000815","pcode":"CO76001","area_m2":127284}},{"type":"Polygon","arcs":[[17,-11,18,19]],"properties":{"codigo":"76001100000000100902","sector":"760011000000001009","pcode":"CO76001","area_m2":37136}},{"type":"Polygon","arcs":[[20,21,22,23]],"properties":{"codigo":"76001100000000171901","sector":"760011000000001719","pcode":"CO76001","area_m2":69422}},{"type":"Polygon","arcs":[[24,25,26,27]],"properties":{"codigo":"76001100000000041404","sector":"760011000000000414","pcode":"CO76001","area_m2":59030}},{"type":"Polygon","arcs":[[28,29,30,31]],"properties":{"codigo":"76001100000000171601","sector":"760011000000001716","pcode":"CO76001","area_m2":48482}},{"type":"Polygon","arcs":[[32,-32,33,34,35]],"properties":{"codigo":"76001100000000171602","sector":"760011000000001716","pcode":"CO76001","area_m2":43858}},{"type":"Polygon","arcs":[[36,37,38,39]],"properties":{"codigo":"76001100000000041401","sector":"760011000000000414","pcode":"CO76001","area_m2":54529}},{"type":"Polygon","arcs":[[-35,40,41,42]],"properties":{"codigo":"76001100000000171603","sector":"760011000000001716","pcode":"CO76001","area_m2":51733}},{"type":"Polygon","arcs":[[43,44,45,46,-38]],"properties":{"codigo":"76001100000000041402","sector":"760011000000000414","pcode":"CO76001","area_m2":50309}},{"type":"Polygon","arcs":[[47,48,49,50,51]],"properties":{"codigo":"76001100000000210109","sector":"760011000000002101","pcode":"CO76001","area_m2":52929}},{"type":"Polygon","arcs":[[52,53,54,55]],"properties":{"codigo":"76001100000000210201","sector":"760011000000002102","pcode":"CO76001","area_m2":40269}},{"type":"Polygon","arcs":[[56,-48,57,-53,58]],"properties":{"codigo":"76001100000000210202","sector":"760011000000002102","pcode":"CO76001","area_m2":38956}},{"type":"Polygon","arcs":[[59,60,-28,61,-45]],"properties":{"codigo":"76001100000000041403","sector":"760011000000000414","pcode":"CO76001","area_m2":84208}},{"type":"Polygon","arcs":[[62,63,64,65,66]],"properties":{"codigo":"76001100000000160303","sector":"760011000000001603","pcode":"CO76001","area_m2":89421}},{"type":"Polygon","arcs":[[67,68,-66,69,70,71]],"properties":{"codigo":"76001100000000160304","sector":"760011000000001603","pcode":"CO76001","area_m2":97810}},{"type":"Polygon","arcs":[[72,73,74,-70,-65]],"properties":{"codigo":"76001100000000160305","sector":"760011000000001603","pcode":"CO76001","area_m2":96347}},{"type":"Polygon","arcs":[[75,76,77]],"properties":{"codigo":"76001100000000210206","sector":"760011000000002102","pcode":"CO76001","area_m2":47769}},{"type":"Polygon","arcs":[[78,-26,79,80,81]],"properties":{"codigo":"76001100000000041501","sector":"760011000000000415","pcode":"CO76001","area_m2":88174}},{"type":"Polygon","arcs":[[82,83,84,85,86]],"properties":{"codigo":"76001100000000180501","sector":"760011000000001805","pcode":"CO76001","area_m2":234688}},{"type":"Polygon","arcs":[[87,88,-2,89,90]],"properties":{"codigo":"76001100000000180601","sector":"760011000000001806","pcode":"CO76001","area_m2":44486}},{"type":"Polygon","arcs":[[91,-91,92]],"properties":{"codigo":"76001100000000180602","sector":"760011000000001806","pcode":"CO76001","area_m2":77661}},{"type":"Polygon","arcs":[[93,94,-88,-92,95]],"properties":{"codigo":"76001100000000180701","sector":"760011000000001807","pcode":"CO76001","area_m2":37908}},{"type":"Polygon","arcs":[[96,97,98,99,100,101]],"properties":{"codigo":"76001100000000190701","sector":"760011000000001907","pcode":"CO76001","area_m2":80634}},{"type":"Polygon","arcs":[[102,103,-6,-18,104,105]],"properties":{"codigo":"76001100000000101001","sector":"760011000000001010","pcode":"CO76001","area_m2":109582}},{"type":"Polygon","arcs":[[106,107,108,109,110]],"properties":{"codigo":"76001100000000190801","sector":"760011000000001908","pcode":"CO76001","area_m2":60540}},{"type":"Polygon","arcs":[[111,-110,-101,112,113,114,115,116]],"properties":{"codigo":"76001100000000190901","sector":"760011000000001909","pcode":"CO76001","area_m2":131962}},{"type":"Polygon","arcs":[[-100,117,118,-113]],"properties":{"codigo":"76001100000000191001","sector":"760011000000001910","pcode":"CO76001","area_m2":40829}},{"type":"Polygon","arcs":[[119,-118,-99,120,121]],"properties":{"codigo":"76001100000000191101","sector":"760011000000001911","pcode":"CO76001","area_m2":94337}},{"type":"Polygon","arcs":[[-114,-119,-120,122]],"properties":{"codigo":"76001100000000191201","sector":"760011000000001912","pcode":"CO76001","area_m2":37627}},{"type":"Polygon","arcs":[[123,-115,-123,-122,124,125,126]],"properties":{"codigo":"76001100000000191301","sector":"760011000000001913","pcode":"CO76001","area_m2":118035}},{"type":"Polygon","arcs":[[127,128,129,130]],"properties":{"codigo":"76001100000000130801","sector":"760011000000001308","pcode":"CO76001","area_m2":32520}},{"type":"Polygon","arcs":[[131,132,133,134,135]],"properties":{"codigo":"76001100000000131503","sector":"760011000000001315","pcode":"CO76001","area_m2":46654}},{"type":"Polygon","arcs":[[136,-135,137,138]],"properties":{"codigo":"76001100000000131504","sector":"760011000000001315","pcode":"CO76001","area_m2":47842}},{"type":"Polygon","arcs":[[139,140,141,142,143,144]],"properties":{"codigo":"76001100000000160404","sector":"760011000000001604","pcode":"CO76001","area_m2":95798}},{"type":"Polygon","arcs":[[145,146,147]],"properties":{"codigo":"76001100000000131602","sector":"760011000000001316","pcode":"CO76001","area_m2":54208}},{"type":"Polygon","arcs":[[148,149,150,151,152]],"properties":{"codigo":"76001100000000160402","sector":"760011000000001604","pcode":"CO76001","area_m2":115414}},{"type":"Polygon","arcs":[[-68,153,-140,154,-150]],"properties":{"codigo":"76001100000000160403","sector":"760011000000001604","pcode":"CO76001","area_m2":115949}},{"type":"Polygon","arcs":[[155,-78,156,157,158]],"properties":{"codigo":"76001100000000210204","sector":"760011000000002102","pcode":"CO76001","area_m2":68978}},{"type":"Polygon","arcs":[[159,160,-157,-77,161]],"properties":{"codigo":"76001100000000210205","sector":"760011000000002102","pcode":"CO76001","area_m2":54927}},{"type":"Polygon","arcs":[[162,163,164,-160,165]],"properties":{"codigo":"76001100000000210208","sector":"760011000000002102","pcode":"CO76001","area_m2":36613}},{"type":"Polygon","arcs":[[166,167,168,169]],"properties":{"codigo":"76001100000000150909","sector":"760011000000001509","pcode":"CO76001","area_m2":127105}},{"type":"Polygon","arcs":[[170,171,172,173,174]],"properties":{"codigo":"76001100000000031401","sector":"760011000000000314","pcode":"CO76001","area_m2":130483}},{"type":"Polygon","arcs":[[175,176,177,178,-23]],"properties":{"codigo":"76001100000000172103","sector":"760011000000001721","pcode":"CO76001","area_m2":103508}},{"type":"Polygon","arcs":[[179,180,181,182,183,184]],"properties":{"codigo":"76001100000000192502","sector":"760011000000001925","pcode":"CO76001","area_m2":103123}},{"type":"Polygon","arcs":[[185,186,187,188,189,190]],"properties":{"codigo":"76001100000000193601","sector":"760011000000001936","pcode":"CO76001","area_m2":184901}},{"type":"Polygon","arcs":[[191,192,193,-180,194]],"properties":{"codigo":"76001100000000192503","sector":"760011000000001925","pcode":"CO76001","area_m2":108420}},{"type":"Polygon","arcs":[[-194,195,196,197,198,199,-181]],"properties":{"codigo":"76001100000000192601","sector":"760011000000001926","pcode":"CO76001","area_m2":234586}},{"type":"Polygon","arcs":[[200,201,202,-196,-193]],"properties":{"codigo":"76001100000000192602","sector":"760011000000001926","pcode":"CO76001","area_m2":72745}},{"type":"Polygon","arcs":[[203,204,-201]],"properties":{"codigo":"76001100000000192701","sector":"760011000000001927","pcode":"CO76001","area_m2":55261}},{"type":"Polygon","arcs":[[205,206,207,208]],"properties":{"codigo":"76001100000000192801","sector":"760011000000001928","pcode":"CO76001","area_m2":64651}},{"type":"Polygon","arcs":[[209,210,211,212]],"properties":{"codigo":"76001100000000172802","sector":"760011000000001728","pcode":"CO76001","area_m2":118337}},{"type":"Polygon","arcs":[[-186,213,214,215]],"properties":{"codigo":"76001100000000193502","sector":"760011000000001935","pcode":"CO76001","area_m2":144340}},{"type":"Polygon","arcs":[[216,-27,-79,217,218]],"properties":{"codigo":"76001100000000050103","sector":"760011000000000501","pcode":"CO76001","area_m2":80814}},{"type":"Polygon","arcs":[[-182,-200,219,220,221]],"properties":{"codigo":"76001100000000193301","sector":"760011000000001933","pcode":"CO76001","area_m2":140378}},{"type":"Polygon","arcs":[[-82,222,223,-218]],"properties":{"codigo":"76001100000000050104","sector":"760011000000000501","pcode":"CO76001","area_m2":62210}},{"type":"Polygon","arcs":[[224,225,226,227,228]],"properties":{"codigo":"76001100000000101501","sector":"760011000000001015","pcode":"CO76001","area_m2":136934}},{"type":"Polygon","arcs":[[-219,-224,229,230,231,232,233,234]],"properties":{"codigo":"76001100000000050201","sector":"760011000000000502","pcode":"CO76001","area_m2":273204}},{"type":"Polygon","arcs":[[235,236,237,-234,238,239]],"properties":{"codigo":"76001100000000050301","sector":"760011000000000503","pcode":"CO76001","area_m2":148652}},{"type":"Polygon","arcs":[[-233,240,241,242,-239]],"properties":{"codigo":"76001100000000050401","sector":"760011000000000504","pcode":"CO76001","area_m2":65093}},{"type":"Polygon","arcs":[[-143,243,244,245,246]],"properties":{"codigo":"76001100000000160407","sector":"760011000000001604","pcode":"CO76001","area_m2":104070}},{"type":"Polygon","arcs":[[247,248,-242,249,250]],"properties":{"codigo":"76001100000000050402","sector":"760011000000000504","pcode":"CO76001","area_m2":63760}},{"type":"Polygon","arcs":[[251,252,253,254,255]],"properties":{"codigo":"76001100000000050605","sector":"760011000000000506","pcode":"CO76001","area_m2":53305}},{"type":"Polygon","arcs":[[256,257,258,259,-231]],"properties":{"codigo":"76001100000000051102","sector":"760011000000000511","pcode":"CO76001","area_m2":116429}},{"type":"Polygon","arcs":[[260,261,262,263,-184,264,265,-188]],"properties":{"codigo":"76001100000000193602","sector":"760011000000001936","pcode":"CO76001","area_m2":295133}},{"type":"Polygon","arcs":[[266,267,268,-258]],"properties":{"codigo":"76001100000000051103","sector":"760011000000000511","pcode":"CO76001","area_m2":92494}},{"type":"Polygon","arcs":[[-241,-232,-260,269,270,-250]],"properties":{"codigo":"76001100000000051104","sector":"760011000000000511","pcode":"CO76001","area_m2":57149}},{"type":"Polygon","arcs":[[271,272,273,274]],"properties":{"codigo":"76001100000000060101","sector":"760011000000000601","pcode":"CO76001","area_m2":67358}},{"type":"Polygon","arcs":[[275,-273,276,-256,277,278]],"properties":{"codigo":"76001100000000060102","sector":"760011000000000601","pcode":"CO76001","area_m2":92862}},{"type":"Polygon","arcs":[[279,280,281,282,283,284,285,286]],"properties":{"codigo":"76001100000000110801","sector":"760011000000001108","pcode":"CO76001","area_m2":152913}},{"type":"Polygon","arcs":[[287,-283,288,289,290]],"properties":{"codigo":"76001100000000110802","sector":"760011000000001108","pcode":"CO76001","area_m2":134816}},{"type":"Polygon","arcs":[[-290,291,292,293,294,295]],"properties":{"codigo":"76001100000000110803","sector":"760011000000001108","pcode":"CO76001","area_m2":109723}},{"type":"Polygon","arcs":[[296,297,298,-189,-266]],"properties":{"codigo":"76001100000000193701","sector":"760011000000001937","pcode":"CO76001","area_m2":145678}},{"type":"Polygon","arcs":[[299,300,-284,-288,301]],"properties":{"codigo":"76001100000000110902","sector":"760011000000001109","pcode":"CO76001","area_m2":123953}},{"type":"Polygon","arcs":[[302,303,304,305,306,-133,307]],"properties":{"codigo":"76001100000000131701","sector":"760011000000001317","pcode":"CO76001","area_m2":67712}},{"type":"Polygon","arcs":[[308,-39,-47,309,310,311,312]],"properties":{"codigo":"76001100000000050101","sector":"760011000000000501","pcode":"CO76001","area_m2":261926}},{"type":"Polygon","arcs":[[313,314,315,316]],"properties":{"codigo":"76001100000000150903","sector":"760011000000001509","pcode":"CO76001","area_m2":47109}},{"type":"Polygon","arcs":[[317,318,319,320]],"properties":{"codigo":"76001100000000150905","sector":"760011000000001509","pcode":"CO76001","area_m2":59887}},{"type":"Polygon","arcs":[[321,322,-274,-276,323,324,325,326,327]],"properties":{"codigo":"76001100000000060201","sector":"760011000000000602","pcode":"CO76001","area_m2":144772}},{"type":"Polygon","arcs":[[328,329,330,331,332,333]],"properties":{"codigo":"76001100000000040301","sector":"760011000000000403","pcode":"CO76001","area_m2":172340}},{"type":"Polygon","arcs":[[-329,334,335,336,337]],"properties":{"codigo":"76001100000000040303","sector":"760011000000000403","pcode":"CO76001","area_m2":72054}},{"type":"Polygon","arcs":[[338,339,340,341,342,343,344]],"properties":{"codigo":"76001100000000061306","sector":"760011000000000613","pcode":"CO76001","area_m2":65187}},{"type":"Polygon","arcs":[[345,346,347,-339,348]],"properties":{"codigo":"76001100000000061307","sector":"760011000000000613","pcode":"CO76001","area_m2":51775}},{"type":"Polygon","arcs":[[-302,-291,-296,349,350,351]],"properties":{"codigo":"76001100000000111001","sector":"760011000000001110","pcode":"CO76001","area_m2":111901}},{"type":"Polygon","arcs":[[352,353,-352,354,355,356,357]],"properties":{"codigo":"76001100000000111002","sector":"760011000000001110","pcode":"CO76001","area_m2":97129}},{"type":"Polygon","arcs":[[358,359,360,361]],"properties":{"codigo":"76001100000000061309","sector":"760011000000000613","pcode":"CO76001","area_m2":48899}},{"type":"Polygon","arcs":[[362,363,364,365,366]],"properties":{"codigo":"76001100000000061401","sector":"760011000000000614","pcode":"CO76001","area_m2":105851}},{"type":"Polygon","arcs":[[367,-367,368,369,370]],"properties":{"codigo":"76001100000000061402","sector":"760011000000000614","pcode":"CO76001","area_m2":45173}},{"type":"Polygon","arcs":[[371,372,-370]],"properties":{"codigo":"76001100000000061403","sector":"760011000000000614","pcode":"CO76001","area_m2":42124}},{"type":"Polygon","arcs":[[373,374,375,376,377,378,379,380]],"properties":{"codigo":"76001100000000130203","sector":"760011000000001302","pcode":"CO76001","area_m2":97092}},{"type":"Polygon","arcs":[[381,-319,382,-168,383,384,385,386]],"properties":{"codigo":"76001100000000150906","sector":"760011000000001509","pcode":"CO76001","area_m2":268800}},{"type":"Polygon","arcs":[[387,-320,-382,388,389,-315,390]],"properties":{"codigo":"76001100000000150907","sector":"760011000000001509","pcode":"CO76001","area_m2":79143}},{"type":"Polygon","arcs":[[391,-389,-387]],"properties":{"codigo":"76001100000000150908","sector":"760011000000001509","pcode":"CO76001","area_m2":63176}},{"type":"Polygon","arcs":[[392,393,394,395,396,-40,-309]],"properties":{"codigo":"76001100000000041301","sector":"760011000000000413","pcode":"CO76001","area_m2":203074}},{"type":"Polygon","arcs":[[397,398,399,400,401,402]],"properties":{"codigo":"76001100000000031202","sector":"760011000000000312","pcode":"CO76001","area_m2":197664}},{"type":"Polygon","arcs":[[403,404,405]],"properties":{"codigo":"76001100000000061502","sector":"760011000000000615","pcode":"CO76001","area_m2":44174}},{"type":"Polygon","arcs":[[406,407,408,409,410]],"properties":{"codigo":"76001100000000070502","sector":"760011000000000705","pcode":"CO76001","area_m2":47834}},{"type":"Polygon","arcs":[[-398,411,412,413,414]],"properties":{"codigo":"76001100000000031701","sector":"760011000000000317","pcode":"CO76001","area_m2":123846}},{"type":"Polygon","arcs":[[-399,-415,415,416,417]],"properties":{"codigo":"76001100000000031702","sector":"760011000000000317","pcode":"CO76001","area_m2":174719}},{"type":"Polygon","arcs":[[418,419,420,421]],"properties":{"codigo":"76001100000000040102","sector":"760011000000000401","pcode":"CO76001","area_m2":90587}},{"type":"Polygon","arcs":[[422,423,-421,424,425,426,427,-395]],"properties":{"codigo":"76001100000000040201","sector":"760011000000000402","pcode":"CO76001","area_m2":209065}},{"type":"Polygon","arcs":[[428,-174,429,430,431,-400,432]],"properties":{"codigo":"76001100000000031301","sector":"760011000000000313","pcode":"CO76001","area_m2":196601}},{"type":"Polygon","arcs":[[433,434,435,436,437,438]],"properties":{"codigo":"76001100000000080702","sector":"760011000000000807","pcode":"CO76001","area_m2":135555}},{"type":"Polygon","arcs":[[-426,439,-337,440]],"properties":{"codigo":"76001100000000040202","sector":"760011000000000402","pcode":"CO76001","area_m2":99608}},{"type":"Polygon","arcs":[[441,-16,442,443,444]],"properties":{"codigo":"76001100000000081602","sector":"760011000000000816","pcode":"CO76001","area_m2":99184}},{"type":"Polygon","arcs":[[445,446,447,-436,448,449]],"properties":{"codigo":"76001100000000080703","sector":"760011000000000807","pcode":"CO76001","area_m2":42882}},{"type":"Polygon","arcs":[[450,451,452,453,454,455]],"properties":{"codigo":"76001100000000021302","sector":"760011000000000213","pcode":"CO76001","area_m2":143804}},{"type":"Polygon","arcs":[[456,457,458,459,460]],"properties":{"codigo":"76001100000000081604","sector":"760011000000000816","pcode":"CO76001","area_m2":93429}},{"type":"Polygon","arcs":[[-416,-414,461,462,463,464]],"properties":{"codigo":"76001100000000031703","sector":"760011000000000317","pcode":"CO76001","area_m2":205947}},{"type":"Polygon","arcs":[[465,466,467,468,-447]],"properties":{"codigo":"76001100000000080801","sector":"760011000000000808","pcode":"CO76001","area_m2":94446}},{"type":"Polygon","arcs":[[469,470,471,472,-466,-446]],"properties":{"codigo":"76001100000000080901","sector":"760011000000000809","pcode":"CO76001","area_m2":193871}},{"type":"Polygon","arcs":[[-413,473,474,475,476,-462]],"properties":{"codigo":"76001100000000031705","sector":"760011000000000317","pcode":"CO76001","area_m2":166997}},{"type":"Polygon","arcs":[[477,478,479,480,481,482,483]],"properties":{"codigo":"76001100000000021304","sector":"760011000000000213","pcode":"CO76001","area_m2":199239}},{"type":"Polygon","arcs":[[-470,-450,484,485,486]],"properties":{"codigo":"76001100000000081001","sector":"760011000000000810","pcode":"CO76001","area_m2":151277}},{"type":"Polygon","arcs":[[487,488,489]],"properties":{"codigo":"76001100000000020903","sector":"760011000000000209","pcode":"CO76001","area_m2":149239}},{"type":"Polygon","arcs":[[-481,490,491,492,493,-454,494,495]],"properties":{"codigo":"76001100000000021303","sector":"760011000000000213","pcode":"CO76001","area_m2":224071}},{"type":"Polygon","arcs":[[496,497,498,499,500]],"properties":{"codigo":"76001100000000030602","sector":"760011000000000306","pcode":"CO76001","area_m2":145611}},{"type":"Polygon","arcs":[[-443,-15,501,502,503]],"properties":{"codigo":"76001100000000081503","sector":"760011000000000815","pcode":"CO76001","area_m2":162713}},{"type":"Polygon","arcs":[[504,505,506,507,508]],"properties":{"codigo":"76001100000000022202","sector":"760011000000000222","pcode":"CO76001","area_m2":152199}},{"type":"Polygon","arcs":[[-444,-504,509,510]],"properties":{"codigo":"76001100000000081601","sector":"760011000000000816","pcode":"CO76001","area_m2":123491}},{"type":"Polygon","arcs":[[-456,511,512,513,514]],"properties":{"codigo":"76001100000000021301","sector":"760011000000000213","pcode":"CO76001","area_m2":173910}},{"type":"Polygon","arcs":[[-310,-46,-62,-217,-235,-238]],"properties":{"codigo":"76001100000000050102","sector":"760011000000000501","pcode":"CO76001","area_m2":206537}},{"type":"Polygon","arcs":[[515,-509,516]],"properties":{"codigo":"76001100000000022203","sector":"760011000000000222","pcode":"CO76001","area_m2":88878}},{"type":"Polygon","arcs":[[-460,517,-17,-442,518]],"properties":{"codigo":"76001100000000081603","sector":"760011000000000816","pcode":"CO76001","area_m2":109682}},{"type":"Polygon","arcs":[[519,520,521,522,523,524]],"properties":{"codigo":"76001100000000170403","sector":"760011000000001704","pcode":"CO76001","area_m2":617332}},{"type":"Polygon","arcs":[[-41,-34,-31,525,526,527]],"properties":{"codigo":"76001100000000171604","sector":"760011000000001716","pcode":"CO76001","area_m2":67520}},{"type":"Polygon","arcs":[[528,529,530,531,532,533]],"properties":{"codigo":"76001100000000172502","sector":"760011000000001725","pcode":"CO76001","area_m2":132470}},{"type":"Polygon","arcs":[[534,535,536,537,538]],"properties":{"codigo":"76001100000000010304","sector":"760011000000000103","pcode":"CO76001","area_m2":87147}},{"type":"Polygon","arcs":[[539,-488,540,541,542,-478,543]],"properties":{"codigo":"76001100000000020901","sector":"760011000000000209","pcode":"CO76001","area_m2":207219}},{"type":"Polygon","arcs":[[544,545,-539,546,547]],"properties":{"codigo":"76001100000000010305","sector":"760011000000000103","pcode":"CO76001","area_m2":130115}},{"type":"Polygon","arcs":[[548,549,550,-396,-428]],"properties":{"codigo":"76001100000000041202","sector":"760011000000000412","pcode":"CO76001","area_m2":87160}},{"type":"Polygon","arcs":[[551,-402,552,553,554,555,556]],"properties":{"codigo":"76001100000000020601","sector":"760011000000000206","pcode":"CO76001","area_m2":279110}},{"type":"Polygon","arcs":[[557,558]],"properties":{"codigo":"76001100000000010105","sector":"760011000000000101","pcode":"CO76001","area_m2":108348}},{"type":"Polygon","arcs":[[559,560,561,562,563,564]],"properties":{"codigo":"76001100000000010107","sector":"760011000000000101","pcode":"CO76001","area_m2":610142}},{"type":"Polygon","arcs":[[565,-555,566,567,568]],"properties":{"codigo":"76001100000000020602","sector":"760011000000000206","pcode":"CO76001","area_m2":260104}},{"type":"Polygon","arcs":[[569,570,571,572]],"properties":{"codigo":"76001100000000010201","sector":"760011000000000102","pcode":"CO76001","area_m2":159584}},{"type":"Polygon","arcs":[[573,-537,574,575,576,-561,577,578,-571]],"properties":{"codigo":"76001100000000010301","sector":"760011000000000103","pcode":"CO76001","area_m2":354564}},{"type":"Polygon","arcs":[[-547,-538,-574,-570,579,580]],"properties":{"codigo":"76001100000000010302","sector":"760011000000000103","pcode":"CO76001","area_m2":123662}},{"type":"Polygon","arcs":[[581,-575,-536,582,583]],"properties":{"codigo":"76001100000000010303","sector":"760011000000000103","pcode":"CO76001","area_m2":421816}},{"type":"Polygon","arcs":[[584,-583,-535,-546,585]],"properties":{"codigo":"76001100000000010306","sector":"760011000000000103","pcode":"CO76001","area_m2":271333}},{"type":"Polygon","arcs":[[586,-586,-545,587,588]],"properties":{"codigo":"76001100000000010402","sector":"760011000000000104","pcode":"CO76001","area_m2":517751}},{"type":"Polygon","arcs":[[589,-589,590,591]],"properties":{"codigo":"76001100000000010502","sector":"760011000000000105","pcode":"CO76001","area_m2":126776}},{"type":"Polygon","arcs":[[592,593,594,595,596,597,598]],"properties":{"codigo":"76001100000000020102","sector":"760011000000000201","pcode":"CO76001","area_m2":490294}},{"type":"Polygon","arcs":[[599,-598,600,601]],"properties":{"codigo":"76001100000000020103","sector":"760011000000000201","pcode":"CO76001","area_m2":91181}},{"type":"Polygon","arcs":[[602,603,604,-602,605,606,-590,607]],"properties":{"codigo":"76001100000000020301","sector":"760011000000000203","pcode":"CO76001","area_m2":554422}},{"type":"Polygon","arcs":[[-554,608,609,-604,610,-567]],"properties":{"codigo":"76001100000000020401","sector":"760011000000000204","pcode":"CO76001","area_m2":477808}},{"type":"Polygon","arcs":[[-479,-543,611,612,613,614]],"properties":{"codigo":"76001100000000020804","sector":"760011000000000208","pcode":"CO76001","area_m2":219045}},{"type":"Polygon","arcs":[[-611,-603,615,-568]],"properties":{"codigo":"76001100000000020402","sector":"760011000000000204","pcode":"CO76001","area_m2":294292}},{"type":"Polygon","arcs":[[616,617,618,-609,-553]],"properties":{"codigo":"76001100000000020501","sector":"760011000000000205","pcode":"CO76001","area_m2":233297}},{"type":"Polygon","arcs":[[619,620,-556,-566,621,-613,622,623]],"properties":{"codigo":"76001100000000020603","sector":"760011000000000206","pcode":"CO76001","area_m2":148356}},{"type":"Polygon","arcs":[[624,625,-557,-621,626,627,628]],"properties":{"codigo":"76001100000000020701","sector":"760011000000000207","pcode":"CO76001","area_m2":247642}},{"type":"Polygon","arcs":[[629,-627,-620,630]],"properties":{"codigo":"76001100000000020801","sector":"760011000000000208","pcode":"CO76001","area_m2":127944}},{"type":"Polygon","arcs":[[631,-629,632,-489,-540,633,634]],"properties":{"codigo":"76001100000000020904","sector":"760011000000000209","pcode":"CO76001","area_m2":264281}},{"type":"Polygon","arcs":[[635,-635,636,637,638]],"properties":{"codigo":"76001100000000021001","sector":"760011000000000210","pcode":"CO76001","area_m2":191788}},{"type":"Polygon","arcs":[[-637,-634,-544,639,640]],"properties":{"codigo":"76001100000000021101","sector":"760011000000000211","pcode":"CO76001","area_m2":198817}},{"type":"Polygon","arcs":[[-640,-484,641,642]],"properties":{"codigo":"76001100000000021102","sector":"760011000000000211","pcode":"CO76001","area_m2":174877}},{"type":"Polygon","arcs":[[643,644,645,646,647,648,649,650]],"properties":{"codigo":"76001100000000021203","sector":"760011000000000212","pcode":"CO76001","area_m2":185132}},{"type":"Polygon","arcs":[[651,-495,-453,652,-648]],"properties":{"codigo":"76001100000000021204","sector":"760011000000000212","pcode":"CO76001","area_m2":147042}},{"type":"Polygon","arcs":[[-491,-480,-615,653,654,655]],"properties":{"codigo":"76001100000000021401","sector":"760011000000000214","pcode":"CO76001","area_m2":547528}},{"type":"Polygon","arcs":[[-492,-656,656,657]],"properties":{"codigo":"76001100000000021501","sector":"760011000000000215","pcode":"CO76001","area_m2":81347}},{"type":"Polygon","arcs":[[-493,-658,658,659]],"properties":{"codigo":"76001100000000021601","sector":"760011000000000216","pcode":"CO76001","area_m2":59340}},{"type":"Polygon","arcs":[[660,-512,-455,-494,-660,661,662]],"properties":{"codigo":"76001100000000021701","sector":"760011000000000217","pcode":"CO76001","area_m2":287222}},{"type":"Polygon","arcs":[[-650,663,664]],"properties":{"codigo":"76001100000000022101","sector":"760011000000000221","pcode":"CO76001","area_m2":130429}},{"type":"Polygon","arcs":[[-551,665,-60,-44,-37,-397]],"properties":{"codigo":"76001100000000041203","sector":"760011000000000412","pcode":"CO76001","area_m2":69953}},{"type":"Polygon","arcs":[[-506,666,667,668,669]],"properties":{"codigo":"76001100000000022002","sector":"760011000000000220","pcode":"CO76001","area_m2":242567}},{"type":"Polygon","arcs":[[-516,670,671,-667,-505]],"properties":{"codigo":"76001100000000022201","sector":"760011000000000222","pcode":"CO76001","area_m2":129857}},{"type":"Polygon","arcs":[[-498,672,673,674,675]],"properties":{"codigo":"76001100000000030701","sector":"760011000000000307","pcode":"CO76001","area_m2":105930}},{"type":"Polygon","arcs":[[676,677]],"properties":{"codigo":"76001100000000030201","sector":"760011000000000302","pcode":"CO76001","area_m2":15394}},{"type":"Polygon","arcs":[[678,679,-678,680,681]],"properties":{"codigo":"76001100000000030301","sector":"760011000000000303","pcode":"CO76001","area_m2":61340}},{"type":"Polygon","arcs":[[-675,682,-682,683,684,-593,685,686]],"properties":{"codigo":"76001100000000030401","sector":"760011000000000304","pcode":"CO76001","area_m2":240652}},{"type":"Polygon","arcs":[[-619,687,-500,688,-686,-599,-600,-605,-610]],"properties":{"codigo":"76001100000000030501","sector":"760011000000000305","pcode":"CO76001","area_m2":160462}},{"type":"Polygon","arcs":[[-499,-676,-687,-689]],"properties":{"codigo":"76001100000000030601","sector":"760011000000000306","pcode":"CO76001","area_m2":72443}},{"type":"Polygon","arcs":[[689,690,691,-679,-683,-674]],"properties":{"codigo":"76001100000000030702","sector":"760011000000000307","pcode":"CO76001","area_m2":130483}},{"type":"Polygon","arcs":[[692,693,694,-691]],"properties":{"codigo":"76001100000000030802","sector":"760011000000000308","pcode":"CO76001","area_m2":117940}},{"type":"Polygon","arcs":[[695,696,697,698,-430,-173]],"properties":{"codigo":"76001100000000030902","sector":"760011000000000309","pcode":"CO76001","area_m2":152429}},{"type":"Polygon","arcs":[[-699,699,-497,700,701,-431]],"properties":{"codigo":"76001100000000031001","sector":"760011000000000310","pcode":"CO76001","area_m2":191156}},{"type":"Polygon","arcs":[[-701,-501,-688,-618,702]],"properties":{"codigo":"76001100000000031101","sector":"760011000000000311","pcode":"CO76001","area_m2":163509}},{"type":"Polygon","arcs":[[-703,-617,-401,-432,-702]],"properties":{"codigo":"76001100000000031201","sector":"760011000000000312","pcode":"CO76001","area_m2":137431}},{"type":"Polygon","arcs":[[-474,-412,-403,-552,-626,703]],"properties":{"codigo":"76001100000000031501","sector":"760011000000000315","pcode":"CO76001","area_m2":134672}},{"type":"Polygon","arcs":[[-632,704,705,-475,-704,-625]],"properties":{"codigo":"76001100000000031601","sector":"760011000000000316","pcode":"CO76001","area_m2":147517}},{"type":"Polygon","arcs":[[-331,706,-705,-636,707]],"properties":{"codigo":"76001100000000040401","sector":"760011000000000404","pcode":"CO76001","area_m2":94766}},{"type":"Polygon","arcs":[[708,709,-332,-708,-639,710]],"properties":{"codigo":"76001100000000040501","sector":"760011000000000405","pcode":"CO76001","area_m2":93188}},{"type":"Polygon","arcs":[[-333,-710,711]],"properties":{"codigo":"76001100000000040601","sector":"760011000000000406","pcode":"CO76001","area_m2":25020}},{"type":"Polygon","arcs":[[712,713,714,-712,-709,715,716,717]],"properties":{"codigo":"76001100000000040801","sector":"760011000000000408","pcode":"CO76001","area_m2":179931}},{"type":"Polygon","arcs":[[718,-644,719,720,721,722]],"properties":{"codigo":"76001100000000040903","sector":"760011000000000409","pcode":"CO76001","area_m2":43530}},{"type":"Polygon","arcs":[[-713,723,724,725]],"properties":{"codigo":"76001100000000041001","sector":"760011000000000410","pcode":"CO76001","area_m2":68558}},{"type":"Polygon","arcs":[[-718,726,727,728,-724]],"properties":{"codigo":"76001100000000041002","sector":"760011000000000410","pcode":"CO76001","area_m2":75365}},{"type":"Polygon","arcs":[[729,730,731,732,733,734]],"properties":{"codigo":"76001100000000042301","sector":"760011000000000423","pcode":"CO76001","area_m2":194502}},{"type":"Polygon","arcs":[[-25,-61,-666,-550,735,736,-714,-726,737,-80]],"properties":{"codigo":"76001100000000041101","sector":"760011000000000411","pcode":"CO76001","area_m2":275378}},{"type":"Polygon","arcs":[[738,-335,-334,-715,-737]],"properties":{"codigo":"76001100000000041102","sector":"760011000000000411","pcode":"CO76001","area_m2":148249}},{"type":"Polygon","arcs":[[-549,-427,-441,-336,-739,-736]],"properties":{"codigo":"76001100000000041201","sector":"760011000000000412","pcode":"CO76001","area_m2":127994}},{"type":"Polygon","arcs":[[-223,-81,-738,739,740,741]],"properties":{"codigo":"76001100000000041601","sector":"760011000000000416","pcode":"CO76001","area_m2":258110}},{"type":"Polygon","arcs":[[742,743,-740,-725,-729,744,-723,745]],"properties":{"codigo":"76001100000000041701","sector":"760011000000000417","pcode":"CO76001","area_m2":149799}},{"type":"Polygon","arcs":[[-743,746,747]],"properties":{"codigo":"76001100000000041801","sector":"760011000000000418","pcode":"CO76001","area_m2":36020}},{"type":"Polygon","arcs":[[-744,-748,748,749,-741]],"properties":{"codigo":"76001100000000041901","sector":"760011000000000419","pcode":"CO76001","area_m2":133499}},{"type":"Polygon","arcs":[[-746,-722,750,751,-749,-747]],"properties":{"codigo":"76001100000000042001","sector":"760011000000000420","pcode":"CO76001","area_m2":153824}},{"type":"Polygon","arcs":[[-750,752,753,-730,754,-268,755]],"properties":{"codigo":"76001100000000042102","sector":"760011000000000421","pcode":"CO76001","area_m2":281640}},{"type":"Polygon","arcs":[[756,-732,757,758,759,760,761,-365]],"properties":{"codigo":"76001100000000042202","sector":"760011000000000422","pcode":"CO76001","area_m2":91842}},{"type":"Polygon","arcs":[[762,-312,763,764,765,766,767]],"properties":{"codigo":"76001100000000050501","sector":"760011000000000505","pcode":"CO76001","area_m2":443360}},{"type":"Polygon","arcs":[[768,769,770,-766]],"properties":{"codigo":"76001100000000050502","sector":"760011000000000505","pcode":"CO76001","area_m2":39004}},{"type":"Polygon","arcs":[[-311,-237,771,772,-764]],"properties":{"codigo":"76001100000000050503","sector":"760011000000000505","pcode":"CO76001","area_m2":104260}},{"type":"Polygon","arcs":[[-772,-236,773,774,-770,775]],"properties":{"codigo":"76001100000000050504","sector":"760011000000000505","pcode":"CO76001","area_m2":49469}},{"type":"Polygon","arcs":[[-773,-776,-769,-765]],"properties":{"codigo":"76001100000000050505","sector":"760011000000000505","pcode":"CO76001","area_m2":30628}},{"type":"Polygon","arcs":[[-771,776,777,778,-767]],"properties":{"codigo":"76001100000000050506","sector":"760011000000000505","pcode":"CO76001","area_m2":105725}},{"type":"Polygon","arcs":[[-775,779,780,-777]],"properties":{"codigo":"76001100000000050507","sector":"760011000000000505","pcode":"CO76001","area_m2":53372}},{"type":"Polygon","arcs":[[-240,-243,-249,781,782,783,-774]],"properties":{"codigo":"76001100000000050508","sector":"760011000000000505","pcode":"CO76001","area_m2":69775}},{"type":"Polygon","arcs":[[-781,784,785,786,-778]],"properties":{"codigo":"76001100000000050509","sector":"760011000000000505","pcode":"CO76001","area_m2":47398}},{"type":"Polygon","arcs":[[-783,787,788,789,790]],"properties":{"codigo":"76001100000000050601","sector":"760011000000000506","pcode":"CO76001","area_m2":72441}},{"type":"Polygon","arcs":[[-788,-782,-248,791,792,793]],"properties":{"codigo":"76001100000000050602","sector":"760011000000000506","pcode":"CO76001","area_m2":68327}},{"type":"Polygon","arcs":[[794,-789,-794,795,796,-253]],"properties":{"codigo":"76001100000000050603","sector":"760011000000000506","pcode":"CO76001","area_m2":85733}},{"type":"Polygon","arcs":[[-786,797,-790,-795,-252,-277,-272]],"properties":{"codigo":"76001100000000050604","sector":"760011000000000506","pcode":"CO76001","area_m2":114349}},{"type":"Polygon","arcs":[[-784,-791,-798,-785,-780]],"properties":{"codigo":"76001100000000050606","sector":"760011000000000506","pcode":"CO76001","area_m2":46090}},{"type":"Polygon","arcs":[[798,-792,-251,-271,799,800]],"properties":{"codigo":"76001100000000050701","sector":"760011000000000507","pcode":"CO76001","area_m2":57921}},{"type":"Polygon","arcs":[[-800,-270,-259,801]],"properties":{"codigo":"76001100000000050702","sector":"760011000000000507","pcode":"CO76001","area_m2":42004}},{"type":"Polygon","arcs":[[802,-801,-802,-269,-755,803,804,805]],"properties":{"codigo":"76001100000000050703","sector":"760011000000000507","pcode":"CO76001","area_m2":164491}},{"type":"Polygon","arcs":[[-805,806,807]],"properties":{"codigo":"76001100000000050801","sector":"760011000000000508","pcode":"CO76001","area_m2":66670}},{"type":"Polygon","arcs":[[808,-807,-804,-735,809]],"properties":{"codigo":"76001100000000050802","sector":"760011000000000508","pcode":"CO76001","area_m2":97725}},{"type":"Polygon","arcs":[[-806,-808,-809,810,811,812]],"properties":{"codigo":"76001100000000050901","sector":"760011000000000509","pcode":"CO76001","area_m2":110407}},{"type":"Polygon","arcs":[[-799,-803,-813,813,814,-796,-793]],"properties":{"codigo":"76001100000000050902","sector":"760011000000000509","pcode":"CO76001","area_m2":96160}},{"type":"Polygon","arcs":[[-815,815,816,-797]],"properties":{"codigo":"76001100000000050903","sector":"760011000000000509","pcode":"CO76001","area_m2":51381}},{"type":"Polygon","arcs":[[817,-254,-817,818]],"properties":{"codigo":"76001100000000050904","sector":"760011000000000509","pcode":"CO76001","area_m2":61115}},{"type":"Polygon","arcs":[[-816,-814,-812,819,820,821,-819]],"properties":{"codigo":"76001100000000051001","sector":"760011000000000510","pcode":"CO76001","area_m2":124270}},{"type":"Polygon","arcs":[[-811,-810,-734,822,823,-820]],"properties":{"codigo":"76001100000000051002","sector":"760011000000000510","pcode":"CO76001","area_m2":205140}},{"type":"Polygon","arcs":[[-257,-230,-742,-756,-267]],"properties":{"codigo":"76001100000000051101","sector":"760011000000000511","pcode":"CO76001","area_m2":252981}},{"type":"Polygon","arcs":[[824,825,826,-322,827]],"properties":{"codigo":"76001100000000060203","sector":"760011000000000602","pcode":"CO76001","area_m2":150023}},{"type":"Polygon","arcs":[[-768,828,-826,829]],"properties":{"codigo":"76001100000000060204","sector":"760011000000000602","pcode":"CO76001","area_m2":73740}},{"type":"Polygon","arcs":[[-779,-787,-275,-323,-827,-829]],"properties":{"codigo":"76001100000000060205","sector":"760011000000000602","pcode":"CO76001","area_m2":101721}},{"type":"Polygon","arcs":[[830,831,-327,832]],"properties":{"codigo":"76001100000000060301","sector":"760011000000000603","pcode":"CO76001","area_m2":73822}},{"type":"Polygon","arcs":[[-833,-326,833,834,835]],"properties":{"codigo":"76001100000000060302","sector":"760011000000000603","pcode":"CO76001","area_m2":61888}},{"type":"Polygon","arcs":[[-835,836,837,838,839]],"properties":{"codigo":"76001100000000060401","sector":"760011000000000604","pcode":"CO76001","area_m2":67782}},{"type":"Polygon","arcs":[[-839,840,841,842,843]],"properties":{"codigo":"76001100000000060501","sector":"760011000000000605","pcode":"CO76001","area_m2":55983}},{"type":"Polygon","arcs":[[844,845,846,-841,847]],"properties":{"codigo":"76001100000000060502","sector":"760011000000000605","pcode":"CO76001","area_m2":54144}},{"type":"Polygon","arcs":[[-847,848,849,-842]],"properties":{"codigo":"76001100000000060503","sector":"760011000000000605","pcode":"CO76001","area_m2":44745}},{"type":"Polygon","arcs":[[-846,850,851,852,-849]],"properties":{"codigo":"76001100000000060504","sector":"760011000000000605","pcode":"CO76001","area_m2":38437}},{"type":"Polygon","arcs":[[-278,-255,-818,-822,853,854]],"properties":{"codigo":"76001100000000060601","sector":"760011000000000606","pcode":"CO76001","area_m2":102358}},{"type":"Polygon","arcs":[[855,856,-854,-821,-824,857,858]],"properties":{"codigo":"76001100000000060603","sector":"760011000000000606","pcode":"CO76001","area_m2":140286}},{"type":"Polygon","arcs":[[-852,859,-856,860,861,862,863]],"properties":{"codigo":"76001100000000060604","sector":"760011000000000606","pcode":"CO76001","area_m2":110525}},{"type":"Polygon","arcs":[[864,865,866,867,-861,-859]],"properties":{"codigo":"76001100000000060701","sector":"760011000000000607","pcode":"CO76001","area_m2":109602}},{"type":"Polygon","arcs":[[868,-865,-858,-823,869,870,871]],"properties":{"codigo":"76001100000000060801","sector":"760011000000000608","pcode":"CO76001","area_m2":103421}},{"type":"Polygon","arcs":[[-866,-869,872,873]],"properties":{"codigo":"76001100000000060901","sector":"760011000000000609","pcode":"CO76001","area_m2":36854}},{"type":"Polygon","arcs":[[-872,874,875,876,877,-873]],"properties":{"codigo":"76001100000000060902","sector":"760011000000000609","pcode":"CO76001","area_m2":96179}},{"type":"Polygon","arcs":[[-874,-878,878,879,-867]],"properties":{"codigo":"76001100000000061001","sector":"760011000000000610","pcode":"CO76001","area_m2":55107}},{"type":"Polygon","arcs":[[-868,-880,880,881,882,883,-862]],"properties":{"codigo":"76001100000000061002","sector":"760011000000000610","pcode":"CO76001","area_m2":110766}},{"type":"Polygon","arcs":[[-877,884,-881,-879]],"properties":{"codigo":"76001100000000061003","sector":"760011000000000610","pcode":"CO76001","area_m2":68697}},{"type":"Polygon","arcs":[[-882,-885,-876,885,886,887]],"properties":{"codigo":"76001100000000061004","sector":"760011000000000610","pcode":"CO76001","area_m2":107199}},{"type":"Polygon","arcs":[[-349,-345,888,-359,889]],"properties":{"codigo":"76001100000000061308","sector":"760011000000000613","pcode":"CO76001","area_m2":53677}},{"type":"Polygon","arcs":[[890,891,-831,-836,-840,-844,892,893,-883,-888,894,895,896,897]],"properties":{"codigo":"76001100000000061101","sector":"760011000000000611","pcode":"CO76001","area_m2":488150}},{"type":"Polygon","arcs":[[898,-863,-884,-894]],"properties":{"codigo":"76001100000000061102","sector":"760011000000000611","pcode":"CO76001","area_m2":65410}},{"type":"Polygon","arcs":[[-864,-899,-893,-843,-850,-853]],"properties":{"codigo":"76001100000000061103","sector":"760011000000000611","pcode":"CO76001","area_m2":63345}},{"type":"Polygon","arcs":[[-896,899,900,901]],"properties":{"codigo":"76001100000000061202","sector":"760011000000000612","pcode":"CO76001","area_m2":88805}},{"type":"Polygon","arcs":[[-895,-887,902,-900]],"properties":{"codigo":"76001100000000061203","sector":"760011000000000612","pcode":"CO76001","area_m2":89730}},{"type":"Polygon","arcs":[[903,904,905,906,907]],"properties":{"codigo":"76001100000000061301","sector":"760011000000000613","pcode":"CO76001","area_m2":73682}},{"type":"Polygon","arcs":[[-907,908,-347,909]],"properties":{"codigo":"76001100000000061302","sector":"760011000000000613","pcode":"CO76001","area_m2":44867}},{"type":"Polygon","arcs":[[-906,910,-340,-348,-909]],"properties":{"codigo":"76001100000000061303","sector":"760011000000000613","pcode":"CO76001","area_m2":72015}},{"type":"Polygon","arcs":[[-341,-911,911,912,913]],"properties":{"codigo":"76001100000000061304","sector":"760011000000000613","pcode":"CO76001","area_m2":73542}},{"type":"Polygon","arcs":[[-914,914,915,-342]],"properties":{"codigo":"76001100000000061305","sector":"760011000000000613","pcode":"CO76001","area_m2":58462}},{"type":"Polygon","arcs":[[916,-870,-733,-757,-364,917,-405]],"properties":{"codigo":"76001100000000061503","sector":"760011000000000615","pcode":"CO76001","area_m2":95135}},{"type":"Polygon","arcs":[[918,-343,-916,919,920]],"properties":{"codigo":"76001100000000061701","sector":"760011000000000617","pcode":"CO76001","area_m2":72432}},{"type":"Polygon","arcs":[[-344,-919,921,922,-360,-889]],"properties":{"codigo":"76001100000000061702","sector":"760011000000000617","pcode":"CO76001","area_m2":78893}},{"type":"Polygon","arcs":[[-922,-921,923]],"properties":{"codigo":"76001100000000061703","sector":"760011000000000617","pcode":"CO76001","area_m2":86125}},{"type":"Polygon","arcs":[[924,925,926,-423,-394,927]],"properties":{"codigo":"76001100000000070101","sector":"760011000000000701","pcode":"CO76001","area_m2":209191}},{"type":"Polygon","arcs":[[928,929,930,931,932]],"properties":{"codigo":"76001100000000070302","sector":"760011000000000703","pcode":"CO76001","area_m2":117876}},{"type":"Polygon","arcs":[[933,934,935]],"properties":{"codigo":"76001100000000070401","sector":"760011000000000704","pcode":"CO76001","area_m2":33788}},{"type":"Polygon","arcs":[[936,-935,937,938]],"properties":{"codigo":"76001100000000070402","sector":"760011000000000704","pcode":"CO76001","area_m2":34101}},{"type":"Polygon","arcs":[[939,-410,940,941,-930]],"properties":{"codigo":"76001100000000070501","sector":"760011000000000705","pcode":"CO76001","area_m2":59286}},{"type":"Polygon","arcs":[[942,943,944,-408]],"properties":{"codigo":"76001100000000070603","sector":"760011000000000706","pcode":"CO76001","area_m2":63955}},{"type":"Polygon","arcs":[[945,946,947,948,949,-943,-407]],"properties":{"codigo":"76001100000000070604","sector":"760011000000000706","pcode":"CO76001","area_m2":126628}},{"type":"Polygon","arcs":[[950,951,-948,952,953,954,955]],"properties":{"codigo":"76001100000000070701","sector":"760011000000000707","pcode":"CO76001","area_m2":162065}},{"type":"Polygon","arcs":[[956,957,958,959,960,-951]],"properties":{"codigo":"76001100000000070702","sector":"760011000000000707","pcode":"CO76001","area_m2":167211}},{"type":"Polygon","arcs":[[961,962,963,964,965,966,-958,967]],"properties":{"codigo":"76001100000000070703","sector":"760011000000000707","pcode":"CO76001","area_m2":223710}},{"type":"Polygon","arcs":[[968,969,970,-933,971,972]],"properties":{"codigo":"76001100000000071302","sector":"760011000000000713","pcode":"CO76001","area_m2":125570}},{"type":"Polygon","arcs":[[973,974,975,976,977]],"properties":{"codigo":"76001100000000070902","sector":"760011000000000709","pcode":"CO76001","area_m2":44131}},{"type":"Polygon","arcs":[[-953,-947,978,979]],"properties":{"codigo":"76001100000000071001","sector":"760011000000000710","pcode":"CO76001","area_m2":189111}},{"type":"Polygon","arcs":[[980,-954,-980,981,982]],"properties":{"codigo":"76001100000000071002","sector":"760011000000000710","pcode":"CO76001","area_m2":135368}},{"type":"Polygon","arcs":[[983,984,985]],"properties":{"codigo":"76001100000000071004","sector":"760011000000000710","pcode":"CO76001","area_m2":60120}},{"type":"Polygon","arcs":[[-979,-946,-411,-940,-929,-971,986]],"properties":{"codigo":"76001100000000071201","sector":"760011000000000712","pcode":"CO76001","area_m2":148213}},{"type":"Polygon","arcs":[[987,-982,-987,-970,988]],"properties":{"codigo":"76001100000000071202","sector":"760011000000000712","pcode":"CO76001","area_m2":124446}},{"type":"Polygon","arcs":[[989,-830,-825,990,-972]],"properties":{"codigo":"76001100000000071301","sector":"760011000000000713","pcode":"CO76001","area_m2":138499}},{"type":"Polygon","arcs":[[-459,991,992,993,-12,-518]],"properties":{"codigo":"76001100000000081501","sector":"760011000000000815","pcode":"CO76001","area_m2":108095}},{"type":"Polygon","arcs":[[994,995,996,997,998,999]],"properties":{"codigo":"76001100000000080101","sector":"760011000000000801","pcode":"CO76001","area_m2":116549}},{"type":"Polygon","arcs":[[-467,1000,1001,-998,1002,1003]],"properties":{"codigo":"76001100000000080102","sector":"760011000000000801","pcode":"CO76001","area_m2":64345}},{"type":"Polygon","arcs":[[-999,-1002,1004]],"properties":{"codigo":"76001100000000080103","sector":"760011000000000801","pcode":"CO76001","area_m2":75913}},{"type":"Polygon","arcs":[[-1003,-997,1005,1006,1007]],"properties":{"codigo":"76001100000000080201","sector":"760011000000000802","pcode":"CO76001","area_m2":76451}},{"type":"Polygon","arcs":[[-468,-1004,-1008,1008,1009,1010,1011]],"properties":{"codigo":"76001100000000080301","sector":"760011000000000803","pcode":"CO76001","area_m2":109482}},{"type":"Polygon","arcs":[[-1012,1012,1013,-469]],"properties":{"codigo":"76001100000000080302","sector":"760011000000000803","pcode":"CO76001","area_m2":123032}},{"type":"Polygon","arcs":[[-448,-1014,-437]],"properties":{"codigo":"76001100000000080303","sector":"760011000000000803","pcode":"CO76001","area_m2":34305}},{"type":"Polygon","arcs":[[1014,-1010,1015,1016,1017]],"properties":{"codigo":"76001100000000080401","sector":"760011000000000804","pcode":"CO76001","area_m2":98438}},{"type":"Polygon","arcs":[[1018,1019,1020,1021,-1018]],"properties":{"codigo":"76001100000000080501","sector":"760011000000000805","pcode":"CO76001","area_m2":197192}},{"type":"Polygon","arcs":[[-449,-435,1022,1023,1024,-485]],"properties":{"codigo":"76001100000000081101","sector":"760011000000000811","pcode":"CO76001","area_m2":111628}},{"type":"Polygon","arcs":[[1025,-1023,-434,1026,1027]],"properties":{"codigo":"76001100000000081102","sector":"760011000000000811","pcode":"CO76001","area_m2":147054}},{"type":"Polygon","arcs":[[1028,-1027,1029,1030]],"properties":{"codigo":"76001100000000081103","sector":"760011000000000811","pcode":"CO76001","area_m2":40363}},{"type":"Polygon","arcs":[[1031,-926,1032,1033]],"properties":{"codigo":"76001100000000081202","sector":"760011000000000812","pcode":"CO76001","area_m2":125898}},{"type":"Polygon","arcs":[[-1033,-925,1034,1035,1036,1037]],"properties":{"codigo":"76001100000000081203","sector":"760011000000000812","pcode":"CO76001","area_m2":142783}},{"type":"Polygon","arcs":[[-14,1038,-1036,1039,-502]],"properties":{"codigo":"76001100000000081204","sector":"760011000000000812","pcode":"CO76001","area_m2":120372}},{"type":"Polygon","arcs":[[1040,1041,1042,-1037,-1039,-13,-994]],"properties":{"codigo":"76001100000000081205","sector":"760011000000000812","pcode":"CO76001","area_m2":76680}},{"type":"Polygon","arcs":[[-1029,-1034,-1038,-1043,1043]],"properties":{"codigo":"76001100000000081301","sector":"760011000000000813","pcode":"CO76001","area_m2":80656}},{"type":"Polygon","arcs":[[1044,-1028,-1044,-1042]],"properties":{"codigo":"76001100000000081302","sector":"760011000000000813","pcode":"CO76001","area_m2":77437}},{"type":"Polygon","arcs":[[1045,-1024,-1026,-1045,1046]],"properties":{"codigo":"76001100000000081401","sector":"760011000000000814","pcode":"CO76001","area_m2":95273}},{"type":"Polygon","arcs":[[-961,1047,-959,-967,1048,1049,1050,-461,-519,-445,-511,1051,-949,-952]],"properties":{"codigo":"76001100000000081801","sector":"760011000000000818","pcode":"CO76001","area_m2":419064}},{"type":"Polygon","arcs":[[-1049,-966,1052]],"properties":{"codigo":"76001100000000081802","sector":"760011000000000818","pcode":"CO76001","area_m2":59051}},{"type":"Polygon","arcs":[[-1048,-960]],"properties":{"codigo":"76001100000000081803","sector":"760011000000000818","pcode":"CO76001","area_m2":46728}},{"type":"Polygon","arcs":[[-191,1053,1054,1055,1056,1057]],"properties":{"codigo":"76001100000000090102","sector":"760011000000000901","pcode":"CO76001","area_m2":91726}},{"type":"Polygon","arcs":[[1058,-1056,1059,1060]],"properties":{"codigo":"76001100000000090103","sector":"760011000000000901","pcode":"CO76001","area_m2":43763}},{"type":"Polygon","arcs":[[1061,-1061,1062,-697,1063]],"properties":{"codigo":"76001100000000090201","sector":"760011000000000902","pcode":"CO76001","area_m2":142094}},{"type":"Polygon","arcs":[[1064,1065,-214,-1058]],"properties":{"codigo":"76001100000000090203","sector":"760011000000000902","pcode":"CO76001","area_m2":119302}},{"type":"Polygon","arcs":[[1066,1067,-171,1068]],"properties":{"codigo":"76001100000000090302","sector":"760011000000000903","pcode":"CO76001","area_m2":107607}},{"type":"Polygon","arcs":[[1069,1070,-1067,1071]],"properties":{"codigo":"76001100000000090303","sector":"760011000000000903","pcode":"CO76001","area_m2":95275}},{"type":"Polygon","arcs":[[1072,1073,-19,-10,1074,1075,1076,1077]],"properties":{"codigo":"76001100000000100701","sector":"760011000000001007","pcode":"CO76001","area_m2":113285}},{"type":"Polygon","arcs":[[1078,1079,-215,-1066,1080,1081]],"properties":{"codigo":"76001100000000090401","sector":"760011000000000904","pcode":"CO76001","area_m2":129998}},{"type":"Polygon","arcs":[[1082,1083,1084,-1082,-1070,1085]],"properties":{"codigo":"76001100000000090402","sector":"760011000000000904","pcode":"CO76001","area_m2":120125}},{"type":"Polygon","arcs":[[1086,1087,-1083,1088,1089]],"properties":{"codigo":"76001100000000090501","sector":"760011000000000905","pcode":"CO76001","area_m2":105990}},{"type":"Polygon","arcs":[[-995,1090,-1087,1091,1092]],"properties":{"codigo":"76001100000000090601","sector":"760011000000000906","pcode":"CO76001","area_m2":70770}},{"type":"Polygon","arcs":[[-1092,-1090,1093,1094,1095]],"properties":{"codigo":"76001100000000090701","sector":"760011000000000907","pcode":"CO76001","area_m2":112056}},{"type":"Polygon","arcs":[[-996,-1093,-1096,1096,1097,-1006]],"properties":{"codigo":"76001100000000090803","sector":"760011000000000908","pcode":"CO76001","area_m2":91956}},{"type":"Polygon","arcs":[[1098,1099,-175,-429,1100,1101]],"properties":{"codigo":"76001100000000090901","sector":"760011000000000909","pcode":"CO76001","area_m2":131515}},{"type":"Polygon","arcs":[[-433,-418,1102,-1101]],"properties":{"codigo":"76001100000000090902","sector":"760011000000000909","pcode":"CO76001","area_m2":129208}},{"type":"Polygon","arcs":[[1103,1104,1105,-1019,-1017,1106]],"properties":{"codigo":"76001100000000091003","sector":"760011000000000910","pcode":"CO76001","area_m2":166889}},{"type":"Polygon","arcs":[[1107,1108,1109,1110,1111]],"properties":{"codigo":"76001100000000100301","sector":"760011000000001003","pcode":"CO76001","area_m2":173470}},{"type":"Polygon","arcs":[[1112,1113,1114,1115,1116,1117,-1110]],"properties":{"codigo":"76001100000000100302","sector":"760011000000001003","pcode":"CO76001","area_m2":212977}},{"type":"Polygon","arcs":[[1118,1119,-1073,1120,1121,1122,1123]],"properties":{"codigo":"76001100000000100502","sector":"760011000000001005","pcode":"CO76001","area_m2":116517}},{"type":"Polygon","arcs":[[-105,-20,-1074,-1120,1124]],"properties":{"codigo":"76001100000000100503","sector":"760011000000001005","pcode":"CO76001","area_m2":49247}},{"type":"Polygon","arcs":[[1125,1126,-103,1127,1128]],"properties":{"codigo":"76001100000000101103","sector":"760011000000001011","pcode":"CO76001","area_m2":102515}},{"type":"Polygon","arcs":[[1129,1130,1131,-1129,1132,1133,1134,1135,1136,1137,1138]],"properties":{"codigo":"76001100000000101104","sector":"760011000000001011","pcode":"CO76001","area_m2":178507}},{"type":"Polygon","arcs":[[-1128,-106,-1125,-1119,1139,-1133]],"properties":{"codigo":"76001100000000101105","sector":"760011000000001011","pcode":"CO76001","area_m2":95012}},{"type":"Polygon","arcs":[[1140,-1134,-1140,-1124,1141]],"properties":{"codigo":"76001100000000101106","sector":"760011000000001011","pcode":"CO76001","area_m2":97177}},{"type":"Polygon","arcs":[[-1142,-1123,1142,1143,1144,1145,1146]],"properties":{"codigo":"76001100000000101107","sector":"760011000000001011","pcode":"CO76001","area_m2":88226}},{"type":"Polygon","arcs":[[-1141,-1147,1147,1148,-1135]],"properties":{"codigo":"76001100000000101108","sector":"760011000000001011","pcode":"CO76001","area_m2":127768}},{"type":"Polygon","arcs":[[1149,1150,1151,-1113,-1109]],"properties":{"codigo":"76001100000000101201","sector":"760011000000001012","pcode":"CO76001","area_m2":128586}},{"type":"Polygon","arcs":[[1152,-1114,-1152,1153,1154,-1145]],"properties":{"codigo":"76001100000000101202","sector":"760011000000001012","pcode":"CO76001","area_m2":152097}},{"type":"Polygon","arcs":[[1155,1156,-1154,-1151,1157]],"properties":{"codigo":"76001100000000101301","sector":"760011000000001013","pcode":"CO76001","area_m2":89924}},{"type":"Polygon","arcs":[[1158,1159,-1158,-1150,-1108]],"properties":{"codigo":"76001100000000101401","sector":"760011000000001014","pcode":"CO76001","area_m2":143279}},{"type":"Polygon","arcs":[[-1112,-1079,-1085,1160,-226,1161,-1159]],"properties":{"codigo":"76001100000000101402","sector":"760011000000001014","pcode":"CO76001","area_m2":155287}},{"type":"Polygon","arcs":[[1162,-293,1163,1164,-1160,-1162,-225]],"properties":{"codigo":"76001100000000101403","sector":"760011000000001014","pcode":"CO76001","area_m2":124224}},{"type":"Polygon","arcs":[[1165,1166,1167]],"properties":{"codigo":"76001100000000110101","sector":"760011000000001101","pcode":"CO76001","area_m2":79544}},{"type":"Polygon","arcs":[[1168,1169,1170,-1167,1171,-1131,1172]],"properties":{"codigo":"76001100000000110201","sector":"760011000000001102","pcode":"CO76001","area_m2":116160}},{"type":"Polygon","arcs":[[-1173,-1130,1173,1174,1175]],"properties":{"codigo":"76001100000000110202","sector":"760011000000001102","pcode":"CO76001","area_m2":85446}},{"type":"Polygon","arcs":[[1176,-1174,-1139,1177]],"properties":{"codigo":"76001100000000110301","sector":"760011000000001103","pcode":"CO76001","area_m2":55842}},{"type":"Polygon","arcs":[[-1138,1178,-280,1179,1180,-1178]],"properties":{"codigo":"76001100000000110302","sector":"760011000000001103","pcode":"CO76001","area_m2":88591}},{"type":"Polygon","arcs":[[-1175,-1177,-1181,1181,1182]],"properties":{"codigo":"76001100000000110303","sector":"760011000000001103","pcode":"CO76001","area_m2":59617}},{"type":"Polygon","arcs":[[-1183,1183,1184,1185,1186]],"properties":{"codigo":"76001100000000110304","sector":"760011000000001103","pcode":"CO76001","area_m2":68805}},{"type":"Polygon","arcs":[[-1186,1187,1188]],"properties":{"codigo":"76001100000000110305","sector":"760011000000001103","pcode":"CO76001","area_m2":24588}},{"type":"Polygon","arcs":[[1189,-1184,-1182,-1180,-287,1190]],"properties":{"codigo":"76001100000000110401","sector":"760011000000001104","pcode":"CO76001","area_m2":46535}},{"type":"Polygon","arcs":[[1191,-1191,-286,1192,1193,1194,1195,1196,-245,1197]],"properties":{"codigo":"76001100000000110502","sector":"760011000000001105","pcode":"CO76001","area_m2":150891}},{"type":"Polygon","arcs":[[1198,1199,1200,-1195,1201,-353]],"properties":{"codigo":"76001100000000111201","sector":"760011000000001112","pcode":"CO76001","area_m2":53930}},{"type":"Polygon","arcs":[[1202,1203,-1196,-1201,1204]],"properties":{"codigo":"76001100000000111301","sector":"760011000000001113","pcode":"CO76001","area_m2":39735}},{"type":"Polygon","arcs":[[1205,-1205,-1200,1206]],"properties":{"codigo":"76001100000000111302","sector":"760011000000001113","pcode":"CO76001","area_m2":55287}},{"type":"Polygon","arcs":[[1207,-1203,-1206,1208]],"properties":{"codigo":"76001100000000111303","sector":"760011000000001113","pcode":"CO76001","area_m2":48492}},{"type":"Polygon","arcs":[[1209,1210,-246,-1197,-1204,-1208,1211]],"properties":{"codigo":"76001100000000111401","sector":"760011000000001114","pcode":"CO76001","area_m2":78260}},{"type":"Polygon","arcs":[[-376,1212,-1212,1213,1214]],"properties":{"codigo":"76001100000000111501","sector":"760011000000001115","pcode":"CO76001","area_m2":48760}},{"type":"Polygon","arcs":[[1215,-377,-1215,1216,1217,1218,1219]],"properties":{"codigo":"76001100000000111502","sector":"760011000000001115","pcode":"CO76001","area_m2":47599}},{"type":"Polygon","arcs":[[-1214,-1209,1220,1221,-1217]],"properties":{"codigo":"76001100000000111601","sector":"760011000000001116","pcode":"CO76001","area_m2":50970}},{"type":"Polygon","arcs":[[-1222,1222,1223,1224,-1218]],"properties":{"codigo":"76001100000000111602","sector":"760011000000001116","pcode":"CO76001","area_m2":51659}},{"type":"Polygon","arcs":[[-1207,-1199,-358,1225,-1221]],"properties":{"codigo":"76001100000000111701","sector":"760011000000001117","pcode":"CO76001","area_m2":56866}},{"type":"Polygon","arcs":[[-1226,-357,1226,1227,-1223]],"properties":{"codigo":"76001100000000111702","sector":"760011000000001117","pcode":"CO76001","area_m2":45479}},{"type":"Polygon","arcs":[[-1227,-356,1228,1229]],"properties":{"codigo":"76001100000000111801","sector":"760011000000001118","pcode":"CO76001","area_m2":72394}},{"type":"Polygon","arcs":[[1230,-1229,-355,-351,1231,1232,1233]],"properties":{"codigo":"76001100000000111901","sector":"760011000000001119","pcode":"CO76001","area_m2":171245}},{"type":"Polygon","arcs":[[-350,-295,1234,1235,1236,-1232]],"properties":{"codigo":"76001100000000112001","sector":"760011000000001120","pcode":"CO76001","area_m2":76130}},{"type":"Polygon","arcs":[[1237,-1235,-294,-1163,-229]],"properties":{"codigo":"76001100000000112203","sector":"760011000000001122","pcode":"CO76001","area_m2":91940}},{"type":"Polygon","arcs":[[-1234,1238,1239,-1005,-1001,-473,1240]],"properties":{"codigo":"76001100000000112301","sector":"760011000000001123","pcode":"CO76001","area_m2":91988}},{"type":"Polygon","arcs":[[-1233,-1237,1241,1242,-1239]],"properties":{"codigo":"76001100000000112302","sector":"760011000000001123","pcode":"CO76001","area_m2":125852}},{"type":"Polygon","arcs":[[-1228,-1230,-1231,-1241,1243,1244,1245,-1224]],"properties":{"codigo":"76001100000000120101","sector":"760011000000001201","pcode":"CO76001","area_m2":138633}},{"type":"Polygon","arcs":[[1246,1247,1248,-1244,-472]],"properties":{"codigo":"76001100000000120201","sector":"760011000000001202","pcode":"CO76001","area_m2":119839}},{"type":"Polygon","arcs":[[-1247,-471,-487,1249,1250]],"properties":{"codigo":"76001100000000120301","sector":"760011000000001203","pcode":"CO76001","area_m2":106352}},{"type":"Polygon","arcs":[[1251,1252,-1248,-1251,1253,1254]],"properties":{"codigo":"76001100000000120302","sector":"760011000000001203","pcode":"CO76001","area_m2":116521}},{"type":"Polygon","arcs":[[1255,1256,-1255,1257,1258,1259,1260,1261,1262]],"properties":{"codigo":"76001100000000120303","sector":"760011000000001203","pcode":"CO76001","area_m2":92066}},{"type":"Polygon","arcs":[[-1260,1263,1264,1265]],"properties":{"codigo":"76001100000000120304","sector":"760011000000001203","pcode":"CO76001","area_m2":30863}},{"type":"Polygon","arcs":[[-1257,1266,1267,-1252]],"properties":{"codigo":"76001100000000120401","sector":"760011000000001204","pcode":"CO76001","area_m2":38991}},{"type":"Polygon","arcs":[[1268,1269,-1245,-1249,-1253,-1268]],"properties":{"codigo":"76001100000000120501","sector":"760011000000001205","pcode":"CO76001","area_m2":151818}},{"type":"Polygon","arcs":[[1270,1271,1272,-378,-1216,1273]],"properties":{"codigo":"76001100000000130204","sector":"760011000000001302","pcode":"CO76001","area_m2":86783}},{"type":"Polygon","arcs":[[1274,-1225,-1246,-1270,1275]],"properties":{"codigo":"76001100000000120601","sector":"760011000000001206","pcode":"CO76001","area_m2":105807}},{"type":"Polygon","arcs":[[-1219,-1275,1276,1277]],"properties":{"codigo":"76001100000000120701","sector":"760011000000001207","pcode":"CO76001","area_m2":102955}},{"type":"Polygon","arcs":[[1278,1279,1280,-1274,-1220,-1278,1281]],"properties":{"codigo":"76001100000000120801","sector":"760011000000001208","pcode":"CO76001","area_m2":120302}},{"type":"Polygon","arcs":[[1282,1283,-1282,-1277,-1276,-1269,-1267,-1256,1284]],"properties":{"codigo":"76001100000000120901","sector":"760011000000001209","pcode":"CO76001","area_m2":175833}},{"type":"Polygon","arcs":[[-1285,-1263,1285,1286]],"properties":{"codigo":"76001100000000121001","sector":"760011000000001210","pcode":"CO76001","area_m2":95276}},{"type":"Polygon","arcs":[[1287,1288,-1286,-1262,1289,1290]],"properties":{"codigo":"76001100000000121002","sector":"760011000000001210","pcode":"CO76001","area_m2":97994}},{"type":"Polygon","arcs":[[-1290,-1261,-1266,1291]],"properties":{"codigo":"76001100000000121003","sector":"760011000000001210","pcode":"CO76001","area_m2":82460}},{"type":"Polygon","arcs":[[1292,1293,-1291,-1292,1294,1295]],"properties":{"codigo":"76001100000000121004","sector":"760011000000001210","pcode":"CO76001","area_m2":137613}},{"type":"Polygon","arcs":[[1296,1297,-1296,1298,1299,1300,1301]],"properties":{"codigo":"76001100000000121005","sector":"760011000000001210","pcode":"CO76001","area_m2":147970}},{"type":"Polygon","arcs":[[-1302,1302,-1050,-1053,-965,1303]],"properties":{"codigo":"76001100000000121006","sector":"760011000000001210","pcode":"CO76001","area_m2":157418}},{"type":"Polygon","arcs":[[1304,-379,-1273,1305,1306]],"properties":{"codigo":"76001100000000130301","sector":"760011000000001303","pcode":"CO76001","area_m2":51211}},{"type":"Polygon","arcs":[[1307,1308,1309,-1264,-1259]],"properties":{"codigo":"76001100000000121201","sector":"760011000000001212","pcode":"CO76001","area_m2":96185}},{"type":"Polygon","arcs":[[-1254,-1250,1310,-1308,-1258]],"properties":{"codigo":"76001100000000121202","sector":"760011000000001212","pcode":"CO76001","area_m2":39404}},{"type":"Polygon","arcs":[[-151,-155,-145,1311,1312,1313,1314]],"properties":{"codigo":"76001100000000130101","sector":"760011000000001301","pcode":"CO76001","area_m2":75315}},{"type":"Polygon","arcs":[[-1313,1315,-381,1316,1317,1318,1319]],"properties":{"codigo":"76001100000000130105","sector":"760011000000001301","pcode":"CO76001","area_m2":46766}},{"type":"Polygon","arcs":[[-1317,-380,-1305,1320]],"properties":{"codigo":"76001100000000130106","sector":"760011000000001301","pcode":"CO76001","area_m2":38366}},{"type":"Polygon","arcs":[[-144,-247,-1211,1321,-374,-1316,-1312]],"properties":{"codigo":"76001100000000130201","sector":"760011000000001302","pcode":"CO76001","area_m2":86816}},{"type":"Polygon","arcs":[[-1322,-1210,-1213,-375]],"properties":{"codigo":"76001100000000130202","sector":"760011000000001302","pcode":"CO76001","area_m2":120604}},{"type":"Polygon","arcs":[[1322,-1307,1323,1324]],"properties":{"codigo":"76001100000000130302","sector":"760011000000001303","pcode":"CO76001","area_m2":40821}},{"type":"Polygon","arcs":[[1325,1326,-1324,1327,1328]],"properties":{"codigo":"76001100000000130304","sector":"760011000000001303","pcode":"CO76001","area_m2":43724}},{"type":"Polygon","arcs":[[-1306,-1272,-129,1329,-1328]],"properties":{"codigo":"76001100000000130305","sector":"760011000000001303","pcode":"CO76001","area_m2":51687}},{"type":"Polygon","arcs":[[1330,1331,1332,1333]],"properties":{"codigo":"76001100000000130401","sector":"760011000000001304","pcode":"CO76001","area_m2":53634}},{"type":"Polygon","arcs":[[1334,1335,-1334,1336,-1326,1337,1338,1339]],"properties":{"codigo":"76001100000000130402","sector":"760011000000001304","pcode":"CO76001","area_m2":85025}},{"type":"Polygon","arcs":[[1340,-1340,1341]],"properties":{"codigo":"76001100000000130403","sector":"760011000000001304","pcode":"CO76001","area_m2":50360}},{"type":"Polygon","arcs":[[1342,-1342,1343,1344]],"properties":{"codigo":"76001100000000130404","sector":"760011000000001304","pcode":"CO76001","area_m2":56166}},{"type":"Polygon","arcs":[[1345,-1345,1346,1347]],"properties":{"codigo":"76001100000000130405","sector":"760011000000001304","pcode":"CO76001","area_m2":74769}},{"type":"Polygon","arcs":[[1348,-1344,-1339,1349,1350,1351,1352]],"properties":{"codigo":"76001100000000130501","sector":"760011000000001305","pcode":"CO76001","area_m2":51247}},{"type":"Polygon","arcs":[[-1350,-1338,-1329,-1330,-128,1353]],"properties":{"codigo":"76001100000000130601","sector":"760011000000001306","pcode":"CO76001","area_m2":51642}},{"type":"Polygon","arcs":[[-1351,-1354,-131,1354,1355]],"properties":{"codigo":"76001100000000130701","sector":"760011000000001307","pcode":"CO76001","area_m2":27977}},{"type":"Polygon","arcs":[[1356,-130,-1271,-1281,1357]],"properties":{"codigo":"76001100000000130901","sector":"760011000000001309","pcode":"CO76001","area_m2":58701}},{"type":"Polygon","arcs":[[1358,-1358,-1280,1359]],"properties":{"codigo":"76001100000000131001","sector":"760011000000001310","pcode":"CO76001","area_m2":73448}},{"type":"Polygon","arcs":[[1360,1361,-1360,-1279,1362]],"properties":{"codigo":"76001100000000131101","sector":"760011000000001311","pcode":"CO76001","area_m2":69803}},{"type":"Polygon","arcs":[[-1352,-1356,1363,1364,1365,1366]],"properties":{"codigo":"76001100000000131202","sector":"760011000000001312","pcode":"CO76001","area_m2":80317}},{"type":"Polygon","arcs":[[-1353,-1367,1367,-306,1368]],"properties":{"codigo":"76001100000000131203","sector":"760011000000001312","pcode":"CO76001","area_m2":56277}},{"type":"Polygon","arcs":[[-1347,-1349,-1369,-305,1369]],"properties":{"codigo":"76001100000000131204","sector":"760011000000001312","pcode":"CO76001","area_m2":56525}},{"type":"Polygon","arcs":[[1370,1371,-308,-132]],"properties":{"codigo":"76001100000000131401","sector":"760011000000001314","pcode":"CO76001","area_m2":82984}},{"type":"Polygon","arcs":[[1372,-1283,-1287,-1289,1373,1374]],"properties":{"codigo":"76001100000000131901","sector":"760011000000001319","pcode":"CO76001","area_m2":28333}},{"type":"Polygon","arcs":[[-1375,1375,1376]],"properties":{"codigo":"76001100000000131902","sector":"760011000000001319","pcode":"CO76001","area_m2":31895}},{"type":"Polygon","arcs":[[-1376,-1374,-1288,-1294,1377,1378,1379]],"properties":{"codigo":"76001100000000131903","sector":"760011000000001319","pcode":"CO76001","area_m2":47714}},{"type":"Polygon","arcs":[[1380,1381,-1379,1382,1383]],"properties":{"codigo":"76001100000000132101","sector":"760011000000001321","pcode":"CO76001","area_m2":68491}},{"type":"Polygon","arcs":[[1384,-1384,1385,1386]],"properties":{"codigo":"76001100000000132102","sector":"760011000000001321","pcode":"CO76001","area_m2":65993}},{"type":"Polygon","arcs":[[1387,1388,1389,1390,1391,1392,1393]],"properties":{"codigo":"76001100000000140104","sector":"760011000000001401","pcode":"CO76001","area_m2":92763}},{"type":"Polygon","arcs":[[1394,1395,1396,-1386,-1383,-1378,-1293,-1298,1397]],"properties":{"codigo":"76001100000000132201","sector":"760011000000001322","pcode":"CO76001","area_m2":113088}},{"type":"Polygon","arcs":[[-1398,-1297,-1304,-964,1398]],"properties":{"codigo":"76001100000000132401","sector":"760011000000001324","pcode":"CO76001","area_m2":118619}},{"type":"Polygon","arcs":[[1399,1400,1401,-1390,1402]],"properties":{"codigo":"76001100000000140101","sector":"760011000000001401","pcode":"CO76001","area_m2":87912}},{"type":"Polygon","arcs":[[1403,1404,1405,1406,1407,1408,1409,1410]],"properties":{"codigo":"76001100000000140302","sector":"760011000000001403","pcode":"CO76001","area_m2":67029}},{"type":"Polygon","arcs":[[1411,1412,1413,-1346,1414,1415,-1392]],"properties":{"codigo":"76001100000000140105","sector":"760011000000001401","pcode":"CO76001","area_m2":66412}},{"type":"Polygon","arcs":[[-1416,1416,1417,1418,1419,-1393]],"properties":{"codigo":"76001100000000140106","sector":"760011000000001401","pcode":"CO76001","area_m2":94711}},{"type":"Polygon","arcs":[[1420,1421,-1394,-1420,1422,1423]],"properties":{"codigo":"76001100000000140107","sector":"760011000000001401","pcode":"CO76001","area_m2":110308}},{"type":"Polygon","arcs":[[1424,1425,-1400,1426,1427]],"properties":{"codigo":"76001100000000140201","sector":"760011000000001402","pcode":"CO76001","area_m2":85508}},{"type":"Polygon","arcs":[[1428,1429,1430]],"properties":{"codigo":"76001100000000140206","sector":"760011000000001402","pcode":"CO76001","area_m2":54249}},{"type":"Polygon","arcs":[[1431,1432,1433,1434,1435,1436]],"properties":{"codigo":"76001100000000140501","sector":"760011000000001405","pcode":"CO76001","area_m2":136903}},{"type":"Polygon","arcs":[[1437,1438,-1431,1439,1440,1441,1442]],"properties":{"codigo":"76001100000000140207","sector":"760011000000001402","pcode":"CO76001","area_m2":97753}},{"type":"Polygon","arcs":[[1443,-1409,1444,1445,1446,1447]],"properties":{"codigo":"76001100000000140304","sector":"760011000000001403","pcode":"CO76001","area_m2":102221}},{"type":"Polygon","arcs":[[1448,-1446,1449,1450]],"properties":{"codigo":"76001100000000140307","sector":"760011000000001403","pcode":"CO76001","area_m2":107171}},{"type":"Polygon","arcs":[[1451,-1450,-1445,-1408,1452,1453,1454,1455,1456]],"properties":{"codigo":"76001100000000140308","sector":"760011000000001403","pcode":"CO76001","area_m2":116252}},{"type":"Polygon","arcs":[[1457,-1451,-1452,1458,1459]],"properties":{"codigo":"76001100000000140309","sector":"760011000000001403","pcode":"CO76001","area_m2":50453}},{"type":"Polygon","arcs":[[1460,1461,1462,-1405]],"properties":{"codigo":"76001100000000140401","sector":"760011000000001404","pcode":"CO76001","area_m2":57863}},{"type":"Polygon","arcs":[[-1453,-1407,1463,1464,1465]],"properties":{"codigo":"76001100000000140404","sector":"760011000000001404","pcode":"CO76001","area_m2":63165}},{"type":"Polygon","arcs":[[-1466,1466,1467,-1454]],"properties":{"codigo":"76001100000000140405","sector":"760011000000001404","pcode":"CO76001","area_m2":36356}},{"type":"Polygon","arcs":[[1468,-1456,1469,1470,-1437,1471]],"properties":{"codigo":"76001100000000140504","sector":"760011000000001405","pcode":"CO76001","area_m2":61847}},{"type":"Polygon","arcs":[[-1457,-1469,1472,1473,-1459]],"properties":{"codigo":"76001100000000140507","sector":"760011000000001405","pcode":"CO76001","area_m2":48597}},{"type":"Polygon","arcs":[[1474,1475,1476]],"properties":{"codigo":"76001100000000140508","sector":"760011000000001405","pcode":"CO76001","area_m2":95023}},{"type":"Polygon","arcs":[[1477,1478,-1432,-1471]],"properties":{"codigo":"76001100000000140509","sector":"760011000000001405","pcode":"CO76001","area_m2":74444}},{"type":"Polygon","arcs":[[1479,1480,1481,1482]],"properties":{"codigo":"76001100000000140602","sector":"760011000000001406","pcode":"CO76001","area_m2":65191}},{"type":"Polygon","arcs":[[-1470,1483,1484,1485,1486,1487,1488,1489,-1480,1490,-1478]],"properties":{"codigo":"76001100000000140702","sector":"760011000000001407","pcode":"CO76001","area_m2":66906}},{"type":"Polygon","arcs":[[-1490,1491,1492,1493,1494,1495,-1481]],"properties":{"codigo":"76001100000000140802","sector":"760011000000001408","pcode":"CO76001","area_m2":43487}},{"type":"Polygon","arcs":[[1496,1497,1498,1499,1500]],"properties":{"codigo":"76001100000000140902","sector":"760011000000001409","pcode":"CO76001","area_m2":54056}},{"type":"Polygon","arcs":[[-1499,1501,1502,-1485,1503]],"properties":{"codigo":"76001100000000140905","sector":"760011000000001409","pcode":"CO76001","area_m2":55933}},{"type":"Polygon","arcs":[[1504,1505,-1486,-1503]],"properties":{"codigo":"76001100000000140906","sector":"760011000000001409","pcode":"CO76001","area_m2":53190}},{"type":"Polygon","arcs":[[1506,1507,-1487,-1506,1508]],"properties":{"codigo":"76001100000000141001","sector":"760011000000001410","pcode":"CO76001","area_m2":50271}},{"type":"Polygon","arcs":[[-317,1509,1510,1511,1512,1513,1514]],"properties":{"codigo":"76001100000000150103","sector":"760011000000001501","pcode":"CO76001","area_m2":99973}},{"type":"Polygon","arcs":[[1515,1516,1517,-1514]],"properties":{"codigo":"76001100000000150104","sector":"760011000000001501","pcode":"CO76001","area_m2":58983}},{"type":"Polygon","arcs":[[-1515,-1518,1518,1519,1520]],"properties":{"codigo":"76001100000000150105","sector":"760011000000001501","pcode":"CO76001","area_m2":148838}},{"type":"Polygon","arcs":[[1521,1522,-314,-1521,1523]],"properties":{"codigo":"76001100000000150106","sector":"760011000000001501","pcode":"CO76001","area_m2":128358}},{"type":"Polygon","arcs":[[1524,-1524,1525,1526,1527]],"properties":{"codigo":"76001100000000150203","sector":"760011000000001502","pcode":"CO76001","area_m2":42307}},{"type":"Polygon","arcs":[[1528,-1522,-1525,1529,1530,1531,1532]],"properties":{"codigo":"76001100000000150204","sector":"760011000000001502","pcode":"CO76001","area_m2":91358}},{"type":"Polygon","arcs":[[-1532,1533]],"properties":{"codigo":"76001100000000150205","sector":"760011000000001502","pcode":"CO76001","area_m2":33157}},{"type":"Polygon","arcs":[[1534,1535,-169,-383,-318,1536,1537,-1533,-1534,-1531,1538,1539]],"properties":{"codigo":"76001100000000150206","sector":"760011000000001502","pcode":"CO76001","area_m2":163224}},{"type":"Polygon","arcs":[[1540,-1540,1541,1542,1543]],"properties":{"codigo":"76001100000000150207","sector":"760011000000001502","pcode":"CO76001","area_m2":69557}},{"type":"Polygon","arcs":[[1544,1545,1546,1547]],"properties":{"codigo":"76001100000000150302","sector":"760011000000001503","pcode":"CO76001","area_m2":40634}},{"type":"Polygon","arcs":[[-1542,-1539,-1530,-1528,1548,-1548,1549,1550]],"properties":{"codigo":"76001100000000150303","sector":"760011000000001503","pcode":"CO76001","area_m2":80647}},{"type":"Polygon","arcs":[[1551,1552,1553,-1543,-1551,1554,1555]],"properties":{"codigo":"76001100000000150307","sector":"760011000000001503","pcode":"CO76001","area_m2":71542}},{"type":"Polygon","arcs":[[1556,-1544,-1554,1557,1558,1559]],"properties":{"codigo":"76001100000000150501","sector":"760011000000001505","pcode":"CO76001","area_m2":91560}},{"type":"Polygon","arcs":[[-1553,1560,1561,1562,-1558]],"properties":{"codigo":"76001100000000150503","sector":"760011000000001505","pcode":"CO76001","area_m2":72902}},{"type":"Polygon","arcs":[[1563,1564,1565,-1562,1566,1567,1568]],"properties":{"codigo":"76001100000000150504","sector":"760011000000001505","pcode":"CO76001","area_m2":110212}},{"type":"Polygon","arcs":[[1569,-1564,1570,-1332,1571]],"properties":{"codigo":"76001100000000150505","sector":"760011000000001505","pcode":"CO76001","area_m2":84262}},{"type":"Polygon","arcs":[[1572,-1560,1573,1574]],"properties":{"codigo":"76001100000000150506","sector":"760011000000001505","pcode":"CO76001","area_m2":62496}},{"type":"Polygon","arcs":[[1575,-1535,-1541,-1557,-1573]],"properties":{"codigo":"76001100000000150507","sector":"760011000000001505","pcode":"CO76001","area_m2":27039}},{"type":"Polygon","arcs":[[1576,1577,1578,1579,-1413]],"properties":{"codigo":"76001100000000150601","sector":"760011000000001506","pcode":"CO76001","area_m2":64699}},{"type":"Polygon","arcs":[[1580,1581,1582,1583]],"properties":{"codigo":"76001100000000150602","sector":"760011000000001506","pcode":"CO76001","area_m2":52323}},{"type":"Polygon","arcs":[[-1583,1584,-1577,1585,1586]],"properties":{"codigo":"76001100000000150604","sector":"760011000000001506","pcode":"CO76001","area_m2":76695}},{"type":"Polygon","arcs":[[-1582,1587,1588,-1578,-1585]],"properties":{"codigo":"76001100000000150607","sector":"760011000000001506","pcode":"CO76001","area_m2":52436}},{"type":"Polygon","arcs":[[-1581,1589,1590,-1565,-1570,1591,-1588]],"properties":{"codigo":"76001100000000150608","sector":"760011000000001506","pcode":"CO76001","area_m2":48983}},{"type":"Polygon","arcs":[[1592,-1566,-1591,1593]],"properties":{"codigo":"76001100000000150609","sector":"760011000000001506","pcode":"CO76001","area_m2":31713}},{"type":"Polygon","arcs":[[1594,1595,-1574,1596,1597]],"properties":{"codigo":"76001100000000150610","sector":"760011000000001506","pcode":"CO76001","area_m2":138030}},{"type":"Polygon","arcs":[[1598,-1586,-1412,-1391,-1402]],"properties":{"codigo":"76001100000000150701","sector":"760011000000001507","pcode":"CO76001","area_m2":75953}},{"type":"Polygon","arcs":[[1599,1600,1601,1602,1603,1604,1605]],"properties":{"codigo":"76001100000000150801","sector":"760011000000001508","pcode":"CO76001","area_m2":194613}},{"type":"Polygon","arcs":[[1606,1607,-1602,1608]],"properties":{"codigo":"76001100000000150803","sector":"760011000000001508","pcode":"CO76001","area_m2":127124}},{"type":"Polygon","arcs":[[-1529,-1538,1609,-391,-1523]],"properties":{"codigo":"76001100000000150901","sector":"760011000000001509","pcode":"CO76001","area_m2":103593}},{"type":"Polygon","arcs":[[-321,-388,-1610,-1537]],"properties":{"codigo":"76001100000000150902","sector":"760011000000001509","pcode":"CO76001","area_m2":97741}},{"type":"Polygon","arcs":[[-1605,1610,1611,1612,1613,1614]],"properties":{"codigo":"76001100000000160102","sector":"760011000000001601","pcode":"CO76001","area_m2":104981}},{"type":"Polygon","arcs":[[-1613,1615,1616,1617,1618]],"properties":{"codigo":"76001100000000160103","sector":"760011000000001601","pcode":"CO76001","area_m2":81883}},{"type":"Polygon","arcs":[[1619,1620,-1614,-1619,1621,1622]],"properties":{"codigo":"76001100000000160104","sector":"760011000000001601","pcode":"CO76001","area_m2":105147}},{"type":"Polygon","arcs":[[1623,-1623,1624,1625,-1512,1626]],"properties":{"codigo":"76001100000000160105","sector":"760011000000001601","pcode":"CO76001","area_m2":94838}},{"type":"Polygon","arcs":[[-1622,-1618,1627,1628,1629,-1625]],"properties":{"codigo":"76001100000000160106","sector":"760011000000001601","pcode":"CO76001","area_m2":101212}},{"type":"Polygon","arcs":[[-1617,1630,1631,1632,-1628]],"properties":{"codigo":"76001100000000160107","sector":"760011000000001601","pcode":"CO76001","area_m2":103118}},{"type":"Polygon","arcs":[[1633,1634,1635,-1168,-1171,1636,-1631,-1616,-1612]],"properties":{"codigo":"76001100000000160108","sector":"760011000000001601","pcode":"CO76001","area_m2":222010}},{"type":"Polygon","arcs":[[-1516,-1513,-1626,-1630,1637,1638]],"properties":{"codigo":"76001100000000160201","sector":"760011000000001602","pcode":"CO76001","area_m2":101164}},{"type":"Polygon","arcs":[[-1639,1639,1640,-63,1641,1642,-1517]],"properties":{"codigo":"76001100000000160202","sector":"760011000000001602","pcode":"CO76001","area_m2":129885}},{"type":"Polygon","arcs":[[-1638,-1629,-1633,1643,1644,-1640]],"properties":{"codigo":"76001100000000160203","sector":"760011000000001602","pcode":"CO76001","area_m2":94263}},{"type":"Polygon","arcs":[[-1645,1645,1646,-73,-64,-1641]],"properties":{"codigo":"76001100000000160204","sector":"760011000000001602","pcode":"CO76001","area_m2":103571}},{"type":"Polygon","arcs":[[-1644,-1632,1647,-1646]],"properties":{"codigo":"76001100000000160205","sector":"760011000000001602","pcode":"CO76001","area_m2":51200}},{"type":"Polygon","arcs":[[1648,-1519,-1643,1649,1650]],"properties":{"codigo":"76001100000000160301","sector":"760011000000001603","pcode":"CO76001","area_m2":115747}},{"type":"Polygon","arcs":[[-1642,-67,-69,-149,-1650]],"properties":{"codigo":"76001100000000160302","sector":"760011000000001603","pcode":"CO76001","area_m2":116327}},{"type":"Polygon","arcs":[[1651,1652,-1634,-1611,-1604]],"properties":{"codigo":"76001100000000160501","sector":"760011000000001605","pcode":"CO76001","area_m2":109063}},{"type":"Polygon","arcs":[[1653,1654,1655,1656]],"properties":{"codigo":"76001100000000170301","sector":"760011000000001703","pcode":"CO76001","area_m2":3998489}},{"type":"Polygon","arcs":[[-1654,1657,1658,1659,1660]],"properties":{"codigo":"76001100000000170302","sector":"760011000000001703","pcode":"CO76001","area_m2":676486}},{"type":"Polygon","arcs":[[-1660,1661,1662]],"properties":{"codigo":"76001100000000170303","sector":"760011000000001703","pcode":"CO76001","area_m2":1492269}},{"type":"Polygon","arcs":[[1663,1664,1665,-520]],"properties":{"codigo":"76001100000000170401","sector":"760011000000001704","pcode":"CO76001","area_m2":536749}},{"type":"Polygon","arcs":[[1666,1667,-523]],"properties":{"codigo":"76001100000000170502","sector":"760011000000001705","pcode":"CO76001","area_m2":84059}},{"type":"Polygon","arcs":[[-1668,1668,1669,1670,1671,1672,-524]],"properties":{"codigo":"76001100000000170503","sector":"760011000000001705","pcode":"CO76001","area_m2":506026}},{"type":"Polygon","arcs":[[1673,1674,1675]],"properties":{"codigo":"76001100000000170506","sector":"760011000000001705","pcode":"CO76001","area_m2":250854}},{"type":"Polygon","arcs":[[1676,1677,1678,1679,1680,1681]],"properties":{"codigo":"76001100000000171505","sector":"760011000000001715","pcode":"CO76001","area_m2":203611}},{"type":"Polygon","arcs":[[1682,1683,1684,1685]],"properties":{"codigo":"76001100000000170802","sector":"760011000000001708","pcode":"CO76001","area_m2":467584}},{"type":"Polygon","arcs":[[-1671,1686,1687,-1684,1688]],"properties":{"codigo":"76001100000000170803","sector":"760011000000001708","pcode":"CO76001","area_m2":527395}},{"type":"Polygon","arcs":[[-1688,1689,1690,1691,-1685]],"properties":{"codigo":"76001100000000171301","sector":"760011000000001713","pcode":"CO76001","area_m2":976722}},{"type":"Polygon","arcs":[[-1670,1692,-1690,-1687]],"properties":{"codigo":"76001100000000171302","sector":"760011000000001713","pcode":"CO76001","area_m2":242701}},{"type":"Polygon","arcs":[[1693,-83,1694,1695]],"properties":{"codigo":"76001100000000171402","sector":"760011000000001714","pcode":"CO76001","area_m2":69269}},{"type":"Polygon","arcs":[[1696,1697,1698,1699]],"properties":{"codigo":"76001100000000171101","sector":"760011000000001711","pcode":"CO76001","area_m2":289452}},{"type":"Polygon","arcs":[[1700,1701,1702,-1699]],"properties":{"codigo":"76001100000000171102","sector":"760011000000001711","pcode":"CO76001","area_m2":81848}},{"type":"Polygon","arcs":[[1703,-1701,-1698,1704,1705,-84,-1694,1706]],"properties":{"codigo":"76001100000000171201","sector":"760011000000001712","pcode":"CO76001","area_m2":174035}},{"type":"Polygon","arcs":[[1707,-1702,1708,1709,1710]],"properties":{"codigo":"76001100000000171501","sector":"760011000000001715","pcode":"CO76001","area_m2":220758}},{"type":"Polygon","arcs":[[1711,1712,-1677,1713,-29,-33,1714]],"properties":{"codigo":"76001100000000171606","sector":"760011000000001716","pcode":"CO76001","area_m2":95698}},{"type":"Polygon","arcs":[[1715,-1678,-1713,1716,1717]],"properties":{"codigo":"76001100000000171607","sector":"760011000000001716","pcode":"CO76001","area_m2":362456}},{"type":"Polygon","arcs":[[1718,1719,-1717,-1712,1720]],"properties":{"codigo":"76001100000000171608","sector":"760011000000001716","pcode":"CO76001","area_m2":151348}},{"type":"Polygon","arcs":[[1721,-1721,-1715,-36,-43,1722,1723]],"properties":{"codigo":"76001100000000171609","sector":"760011000000001716","pcode":"CO76001","area_m2":290359}},{"type":"Polygon","arcs":[[1724,1725,1726]],"properties":{"codigo":"76001100000000171801","sector":"760011000000001718","pcode":"CO76001","area_m2":144508}},{"type":"Polygon","arcs":[[1727,-531,1728]],"properties":{"codigo":"76001100000000172401","sector":"760011000000001724","pcode":"CO76001","area_m2":40086}},{"type":"Polygon","arcs":[[-205,1729,1730,-209,1731,1732,-202]],"properties":{"codigo":"76001100000000191801","sector":"760011000000001918","pcode":"CO76001","area_m2":137111}},{"type":"Polygon","arcs":[[-1608,1733,1734,1735,1736,1737,1738,1739,-210,1740,-1652,-1603]],"properties":{"codigo":"76001100000000173301","sector":"760011000000001733","pcode":"CO76001","area_m2":621229}},{"type":"Polygon","arcs":[[1741,-1727,1742,1743,-1735,1744]],"properties":{"codigo":"76001100000000173302","sector":"760011000000001733","pcode":"CO76001","area_m2":255924}},{"type":"Polygon","arcs":[[-1737,1745,1746,1747,-529,1748]],"properties":{"codigo":"76001100000000173401","sector":"760011000000001734","pcode":"CO76001","area_m2":140436}},{"type":"Polygon","arcs":[[-1744,1749,1750,-1746,-1736]],"properties":{"codigo":"76001100000000173402","sector":"760011000000001734","pcode":"CO76001","area_m2":148939}},{"type":"Polygon","arcs":[[1751,1752,-1679,-1716,1753,1754]],"properties":{"codigo":"76001100000000173601","sector":"760011000000001736","pcode":"CO76001","area_m2":749901}},{"type":"Polygon","arcs":[[1755,-96,-93,-90,-1,1756,1757,1758,1759,1760]],"properties":{"codigo":"76001100000000180702","sector":"760011000000001807","pcode":"CO76001","area_m2":260802}},{"type":"Polygon","arcs":[[-1757,-5,1761,1762,1763]],"properties":{"codigo":"76001100000000180801","sector":"760011000000001808","pcode":"CO76001","area_m2":54755}},{"type":"Polygon","arcs":[[-220,-199,1764,1765,1766]],"properties":{"codigo":"76001100000000193202","sector":"760011000000001932","pcode":"CO76001","area_m2":203890}},{"type":"Polygon","arcs":[[1767,1768,1769,1770,1771]],"properties":{"codigo":"76001100000000173611","sector":"760011000000001736","pcode":"CO76001","area_m2":238195}},{"type":"Polygon","arcs":[[1772,1773,1774]],"properties":{"codigo":"76001100000000180201","sector":"760011000000001802","pcode":"CO76001","area_m2":98819}},{"type":"Polygon","arcs":[[-1775,1775,1776,1777]],"properties":{"codigo":"76001100000000180202","sector":"760011000000001802","pcode":"CO76001","area_m2":193107}},{"type":"Polygon","arcs":[[-1695,-87,1778,-1777,1779,1780,1781,1782,1783,1784,1785,-94,-1756,1786,1787]],"properties":{"codigo":"76001100000000180203","sector":"760011000000001802","pcode":"CO76001","area_m2":1266388}},{"type":"Polygon","arcs":[[-86,1788,-1778,-1779]],"properties":{"codigo":"76001100000000180401","sector":"760011000000001804","pcode":"CO76001","area_m2":109378}},{"type":"Polygon","arcs":[[-1758,-1764,1789,1790,1791,1792,1793]],"properties":{"codigo":"76001100000000180901","sector":"760011000000001809","pcode":"CO76001","area_m2":209902}},{"type":"Polygon","arcs":[[1794,1795,1796,-1792]],"properties":{"codigo":"76001100000000181001","sector":"760011000000001810","pcode":"CO76001","area_m2":66079}},{"type":"Polygon","arcs":[[1797,-1793,-1797,1798,1799]],"properties":{"codigo":"76001100000000181002","sector":"760011000000001810","pcode":"CO76001","area_m2":97161}},{"type":"Polygon","arcs":[[-1763,1800,1801,1802,1803,1804,1805,1806,-1790]],"properties":{"codigo":"76001100000000181201","sector":"760011000000001812","pcode":"CO76001","area_m2":110904}},{"type":"Polygon","arcs":[[1807,-1801,-1762,-4,1808]],"properties":{"codigo":"76001100000000181301","sector":"760011000000001813","pcode":"CO76001","area_m2":74827}},{"type":"Polygon","arcs":[[1809,1810,-1802,-1808]],"properties":{"codigo":"76001100000000181302","sector":"760011000000001813","pcode":"CO76001","area_m2":62596}},{"type":"Polygon","arcs":[[-95,-1786,1811,1812,-1810,-1809,-3,-89]],"properties":{"codigo":"76001100000000181401","sector":"760011000000001814","pcode":"CO76001","area_m2":249016}},{"type":"Polygon","arcs":[[-1785,1813,1814,1815,1816,-1812]],"properties":{"codigo":"76001100000000181402","sector":"760011000000001814","pcode":"CO76001","area_m2":99261}},{"type":"Polygon","arcs":[[-1816,1817,1818,-1804,1819]],"properties":{"codigo":"76001100000000181403","sector":"760011000000001814","pcode":"CO76001","area_m2":134090}},{"type":"Polygon","arcs":[[-1781,1820,1821,1822,-1783,1823]],"properties":{"codigo":"76001100000000181408","sector":"760011000000001814","pcode":"CO76001","area_m2":104041}},{"type":"Polygon","arcs":[[-1805,-1819,1824,1825,1826,1827]],"properties":{"codigo":"76001100000000181404","sector":"760011000000001814","pcode":"CO76001","area_m2":180525}},{"type":"Polygon","arcs":[[1828,-1826,1829,1830]],"properties":{"codigo":"76001100000000181412","sector":"760011000000001814","pcode":"CO76001","area_m2":134430}},{"type":"Polygon","arcs":[[-1824,-1782]],"properties":{"codigo":"76001100000000181409","sector":"760011000000001814","pcode":"CO76001","area_m2":74784}},{"type":"Polygon","arcs":[[-1827,-1829,1831,1832]],"properties":{"codigo":"76001100000000181410","sector":"760011000000001814","pcode":"CO76001","area_m2":131596}},{"type":"Polygon","arcs":[[1833,1834,-1830]],"properties":{"codigo":"76001100000000181411","sector":"760011000000001814","pcode":"CO76001","area_m2":198205}},{"type":"Polygon","arcs":[[-1784,-1823,1835,1836,-1814]],"properties":{"codigo":"76001100000000181417","sector":"760011000000001814","pcode":"CO76001","area_m2":110797}},{"type":"Polygon","arcs":[[-1811,-1813,-1817,-1820,-1803]],"properties":{"codigo":"76001100000000181501","sector":"760011000000001815","pcode":"CO76001","area_m2":108521}},{"type":"Polygon","arcs":[[-1799,-1796,1837,1838,1839,1840]],"properties":{"codigo":"76001100000000190101","sector":"760011000000001901","pcode":"CO76001","area_m2":184614}},{"type":"Polygon","arcs":[[1841,1842,1843,-126,1844]],"properties":{"codigo":"76001100000000190301","sector":"760011000000001903","pcode":"CO76001","area_m2":251787}},{"type":"Polygon","arcs":[[-121,-98,1845,1846,-1845,-125]],"properties":{"codigo":"76001100000000190401","sector":"760011000000001904","pcode":"CO76001","area_m2":214918}},{"type":"Polygon","arcs":[[1847,1848,1849,1850,1851]],"properties":{"codigo":"76001100000000192401","sector":"760011000000001924","pcode":"CO76001","area_m2":123483}},{"type":"Polygon","arcs":[[-1852,-195,-185,-264,1852]],"properties":{"codigo":"76001100000000192501","sector":"760011000000001925","pcode":"CO76001","area_m2":202989}},{"type":"Polygon","arcs":[[-221,-1767,1853,1854,1855]],"properties":{"codigo":"76001100000000193201","sector":"760011000000001932","pcode":"CO76001","area_m2":242631}},{"type":"Polygon","arcs":[[1856,1857,-116,-124,1858,1859,1860,1861,1862]],"properties":{"codigo":"76001100000000191502","sector":"760011000000001915","pcode":"CO76001","area_m2":181580}},{"type":"Polygon","arcs":[[-127,-1844,1863,-1859]],"properties":{"codigo":"76001100000000191503","sector":"760011000000001915","pcode":"CO76001","area_m2":124838}},{"type":"Polygon","arcs":[[-1857,1864,1865,1866]],"properties":{"codigo":"76001100000000191601","sector":"760011000000001916","pcode":"CO76001","area_m2":96092}},{"type":"Polygon","arcs":[[1867,-1858,-1867,1868,-207,1869]],"properties":{"codigo":"76001100000000191701","sector":"760011000000001917","pcode":"CO76001","area_m2":331992}},{"type":"Polygon","arcs":[[-1869,-1866,1870,1871,1872,1873,-1732,-208]],"properties":{"codigo":"76001100000000192901","sector":"760011000000001929","pcode":"CO76001","area_m2":380592}},{"type":"Polygon","arcs":[[-1874,1874,1875,1876,-197,-203,-1733]],"properties":{"codigo":"76001100000000192902","sector":"760011000000001929","pcode":"CO76001","area_m2":191205}},{"type":"Polygon","arcs":[[-1877,1877,1878,1879,-198]],"properties":{"codigo":"76001100000000193001","sector":"760011000000001930","pcode":"CO76001","area_m2":132109}},{"type":"Polygon","arcs":[[-1765,-1880,1880,1881,1882,1883]],"properties":{"codigo":"76001100000000193101","sector":"760011000000001931","pcode":"CO76001","area_m2":260627}},{"type":"Polygon","arcs":[[1884,1885,-1883,1886,1887,1888,1889]],"properties":{"codigo":"76001100000000193102","sector":"760011000000001931","pcode":"CO76001","area_m2":305536}},{"type":"Polygon","arcs":[[-183,-222,-1856,-297,-265]],"properties":{"codigo":"76001100000000193302","sector":"760011000000001933","pcode":"CO76001","area_m2":150505}},{"type":"Polygon","arcs":[[-1118,1890,-261,-187,-216,-1080,-1111]],"properties":{"codigo":"76001100000000193501","sector":"760011000000001935","pcode":"CO76001","area_m2":203468}},{"type":"Polygon","arcs":[[-299,1891,1892,1893,-1054,-190]],"properties":{"codigo":"76001100000000193702","sector":"760011000000001937","pcode":"CO76001","area_m2":200330}},{"type":"Polygon","arcs":[[-298,-1855,1894,1895,-1892]],"properties":{"codigo":"76001100000000193801","sector":"760011000000001938","pcode":"CO76001","area_m2":214586}},{"type":"Polygon","arcs":[[-1895,1896,1897,1898,1899,1900]],"properties":{"codigo":"76001100000000194002","sector":"760011000000001940","pcode":"CO76001","area_m2":193493}},{"type":"Polygon","arcs":[[-1766,-1884,-1886,1901,-1897,-1854]],"properties":{"codigo":"76001100000000194003","sector":"760011000000001940","pcode":"CO76001","area_m2":133829}},{"type":"Polygon","arcs":[[-1902,-1885,1902,-1898]],"properties":{"codigo":"76001100000000194004","sector":"760011000000001940","pcode":"CO76001","area_m2":133720}},{"type":"Polygon","arcs":[[-1899,-1903,-1890,1903,1904]],"properties":{"codigo":"76001100000000194101","sector":"760011000000001941","pcode":"CO76001","area_m2":63060}},{"type":"Polygon","arcs":[[1905,-1904,-1889,1906,1907,1908]],"properties":{"codigo":"76001100000000194201","sector":"760011000000001942","pcode":"CO76001","area_m2":138240}},{"type":"Polygon","arcs":[[1909,-1909,1910,1911]],"properties":{"codigo":"76001100000000194301","sector":"760011000000001943","pcode":"CO76001","area_m2":33241}},{"type":"Polygon","arcs":[[1912,1913,1914,1915,-595]],"properties":{"codigo":"76001100000000194402","sector":"760011000000001944","pcode":"CO76001","area_m2":94097}},{"type":"Polygon","arcs":[[-1916,1916,1917,1918,-596]],"properties":{"codigo":"76001100000000194403","sector":"760011000000001944","pcode":"CO76001","area_m2":126341}},{"type":"Polygon","arcs":[[1919,1920]],"properties":{"codigo":"76001100000000210601","sector":"760011000000002106","pcode":"CO76001","area_m2":57310}},{"type":"Polygon","arcs":[[1921,1922,1923,1924,1925,1926,1927]],"properties":{"codigo":"76001100000000200803","sector":"760011000000002008","pcode":"CO76001","area_m2":57025}},{"type":"Polygon","arcs":[[-1863,1928,1929,-1871,-1865]],"properties":{"codigo":"76001100000000200401","sector":"760011000000002004","pcode":"CO76001","area_m2":129607}},{"type":"Polygon","arcs":[[1930,1931,1932,1933,1934]],"properties":{"codigo":"76001100000000200501","sector":"760011000000002005","pcode":"CO76001","area_m2":134708}},{"type":"Polygon","arcs":[[1935,1936,1937,1938,1939]],"properties":{"codigo":"76001100000000210307","sector":"760011000000002103","pcode":"CO76001","area_m2":68024}},{"type":"Polygon","arcs":[[1940,1941,-1931,1942,1943,1944]],"properties":{"codigo":"76001100000000200503","sector":"760011000000002005","pcode":"CO76001","area_m2":74923}},{"type":"Polygon","arcs":[[1945,1946,1947]],"properties":{"codigo":"76001100000000200602","sector":"760011000000002006","pcode":"CO76001","area_m2":24411}},{"type":"Polygon","arcs":[[1948,1949,1950,1951,-1872,-1930,1952]],"properties":{"codigo":"76001100000000200901","sector":"760011000000002009","pcode":"CO76001","area_m2":82775}},{"type":"Polygon","arcs":[[1953,-1925,1954,1955,1956,1957,1958,1959]],"properties":{"codigo":"76001100000000200604","sector":"760011000000002006","pcode":"CO76001","area_m2":165073}},{"type":"Polygon","arcs":[[-1875,-1873,-1952,1960,1961,1962]],"properties":{"codigo":"76001100000000201001","sector":"760011000000002010","pcode":"CO76001","area_m2":88398}},{"type":"Polygon","arcs":[[1963,1964,1965,-164,1966]],"properties":{"codigo":"76001100000000210308","sector":"760011000000002103","pcode":"CO76001","area_m2":76402}},{"type":"Polygon","arcs":[[1967,1968,-1959]],"properties":{"codigo":"76001100000000200605","sector":"760011000000002006","pcode":"CO76001","area_m2":92152}},{"type":"Polygon","arcs":[[1969,1970,1971,1972]],"properties":{"codigo":"76001100000000200701","sector":"760011000000002007","pcode":"CO76001","area_m2":43947}},{"type":"Polygon","arcs":[[-1923,1973,-1973,1974,-1956,1975]],"properties":{"codigo":"76001100000000200702","sector":"760011000000002007","pcode":"CO76001","area_m2":45732}},{"type":"Polygon","arcs":[[-1924,-1976,-1955]],"properties":{"codigo":"76001100000000200703","sector":"760011000000002007","pcode":"CO76001","area_m2":35021}},{"type":"Polygon","arcs":[[1976,1977,-1949,1978,-1945,-1971,1979]],"properties":{"codigo":"76001100000000200801","sector":"760011000000002008","pcode":"CO76001","area_m2":53258}},{"type":"Polygon","arcs":[[1980,-1980,-1970,-1974,-1922]],"properties":{"codigo":"76001100000000200802","sector":"760011000000002008","pcode":"CO76001","area_m2":50990}},{"type":"Polygon","arcs":[[-1978,1981,1982,-1950]],"properties":{"codigo":"76001100000000200902","sector":"760011000000002009","pcode":"CO76001","area_m2":55618}},{"type":"Polygon","arcs":[[-1982,-1977,-1981,-1928,1983,1984]],"properties":{"codigo":"76001100000000200903","sector":"760011000000002009","pcode":"CO76001","area_m2":48979}},{"type":"Polygon","arcs":[[-1961,-1951,-1983,-1985,1985]],"properties":{"codigo":"76001100000000200904","sector":"760011000000002009","pcode":"CO76001","area_m2":64610}},{"type":"Polygon","arcs":[[-1878,-1876,-1963,1986,1987,1988,1989,1990]],"properties":{"codigo":"76001100000000201002","sector":"760011000000002010","pcode":"CO76001","area_m2":71694}},{"type":"Polygon","arcs":[[-1987,-1962,-1986,-1984,-1927,1991]],"properties":{"codigo":"76001100000000201101","sector":"760011000000002011","pcode":"CO76001","area_m2":62617}},{"type":"Polygon","arcs":[[1992,-1988,-1992,-1926,1993]],"properties":{"codigo":"76001100000000201102","sector":"760011000000002011","pcode":"CO76001","area_m2":54009}},{"type":"Polygon","arcs":[[-1989,-1993,1994,1995]],"properties":{"codigo":"76001100000000201103","sector":"760011000000002011","pcode":"CO76001","area_m2":67540}},{"type":"Polygon","arcs":[[1996,1997,1998,1999,2000]],"properties":{"codigo":"76001100000000210101","sector":"760011000000002101","pcode":"CO76001","area_m2":60292}},{"type":"Polygon","arcs":[[-2001,2001,2002]],"properties":{"codigo":"76001100000000210102","sector":"760011000000002101","pcode":"CO76001","area_m2":45134}},{"type":"Polygon","arcs":[[-1881,-1879,-1991,2003]],"properties":{"codigo":"76001100000000201301","sector":"760011000000002013","pcode":"CO76001","area_m2":74302}},{"type":"Polygon","arcs":[[2004,2005,2006,2007,2008,-2002,-2000,2009]],"properties":{"codigo":"76001100000000210106","sector":"760011000000002101","pcode":"CO76001","area_m2":89310}},{"type":"Polygon","arcs":[[-52,2010,-2007,-54,-58]],"properties":{"codigo":"76001100000000210107","sector":"760011000000002101","pcode":"CO76001","area_m2":53136}},{"type":"Polygon","arcs":[[-1907,-1888,2011,2012,2013,2014]],"properties":{"codigo":"76001100000000201401","sector":"760011000000002014","pcode":"CO76001","area_m2":645193}},{"type":"Polygon","arcs":[[2015,2016,-1997,-2003,-2009,2017,-50,2018,2019,2020,2021,2022,2023,2024,2025,2026,2027,2028,2029,2030]],"properties":{"codigo":"76001100000000210103","sector":"760011000000002101","pcode":"CO76001","area_m2":302987}},{"type":"Polygon","arcs":[[-2006,2031,-55]],"properties":{"codigo":"76001100000000210105","sector":"760011000000002101","pcode":"CO76001","area_m2":64611}},{"type":"Polygon","arcs":[[-2011,-51,-2018,-2008]],"properties":{"codigo":"76001100000000210108","sector":"760011000000002101","pcode":"CO76001","area_m2":47113}},{"type":"Polygon","arcs":[[2032,2033,2034,2035,-1964]],"properties":{"codigo":"76001100000000210301","sector":"760011000000002103","pcode":"CO76001","area_m2":67383}},{"type":"Polygon","arcs":[[2036,2037,2038,2039,2040,2041,2042,-2035]],"properties":{"codigo":"76001100000000210302","sector":"760011000000002103","pcode":"CO76001","area_m2":128251}},{"type":"Polygon","arcs":[[2043,-2037,-2034,2044]],"properties":{"codigo":"76001100000000210303","sector":"760011000000002103","pcode":"CO76001","area_m2":50208}},{"type":"Polygon","arcs":[[-1938,2045,-2038,2046]],"properties":{"codigo":"76001100000000210304","sector":"760011000000002103","pcode":"CO76001","area_m2":89928}},{"type":"Polygon","arcs":[[-1939,-2047,-2044,2047]],"properties":{"codigo":"76001100000000210305","sector":"760011000000002103","pcode":"CO76001","area_m2":57674}},{"type":"Polygon","arcs":[[-1937,2048,-1441,2049,2050,-2039,-2046]],"properties":{"codigo":"76001100000000210306","sector":"760011000000002103","pcode":"CO76001","area_m2":121177}},{"type":"Polygon","arcs":[[-2019,-49,2051,-159,2052]],"properties":{"codigo":"76001100000000210401","sector":"760011000000002104","pcode":"CO76001","area_m2":72079}},{"type":"Polygon","arcs":[[-158,-161,2053,-1965,-2036,-2043,2054,2055,-1477,-2020,-2053]],"properties":{"codigo":"76001100000000210402","sector":"760011000000002104","pcode":"CO76001","area_m2":178464}},{"type":"Polygon","arcs":[[-1966,-2054,-165]],"properties":{"codigo":"76001100000000210403","sector":"760011000000002104","pcode":"CO76001","area_m2":51038}},{"type":"Polygon","arcs":[[2056,2057,2058,2059]],"properties":{"codigo":"76001100000000210501","sector":"760011000000002105","pcode":"CO76001","area_m2":49611}},{"type":"Polygon","arcs":[[2060,2061,-2058,2062]],"properties":{"codigo":"76001100000000210502","sector":"760011000000002105","pcode":"CO76001","area_m2":47498}},{"type":"Polygon","arcs":[[2063,-2061,2064,2065]],"properties":{"codigo":"76001100000000210503","sector":"760011000000002105","pcode":"CO76001","area_m2":42533}},{"type":"Polygon","arcs":[[-2062,-2064,2066,-2059]],"properties":{"codigo":"76001100000000210505","sector":"760011000000002105","pcode":"CO76001","area_m2":47363}},{"type":"Polygon","arcs":[[2067,-2067,-2066,2068,2069,-1443,2070]],"properties":{"codigo":"76001100000000210506","sector":"760011000000002105","pcode":"CO76001","area_m2":206976}},{"type":"Polygon","arcs":[[-1936,2071,2072,2073,-2071,-1442,-2049]],"properties":{"codigo":"76001100000000210507","sector":"760011000000002105","pcode":"CO76001","area_m2":172678}},{"type":"Polygon","arcs":[[2074,-2010,-1999,2075,2076,2077,2078,-1920]],"properties":{"codigo":"76001100000000210602","sector":"760011000000002106","pcode":"CO76001","area_m2":98750}},{"type":"Polygon","arcs":[[-1998,-2017,2079,2080,-2076]],"properties":{"codigo":"76001100000000210603","sector":"760011000000002106","pcode":"CO76001","area_m2":81310}},{"type":"Polygon","arcs":[[2081,2082,-2078]],"properties":{"codigo":"76001100000000210604","sector":"760011000000002106","pcode":"CO76001","area_m2":69915}},{"type":"Polygon","arcs":[[-2081,2083,2084,2085,-2082,-2077]],"properties":{"codigo":"76001100000000210605","sector":"760011000000002106","pcode":"CO76001","area_m2":109011}},{"type":"Polygon","arcs":[[-2016,2086,-2084,-2080]],"properties":{"codigo":"76001100000000210606","sector":"760011000000002106","pcode":"CO76001","area_m2":253579}},{"type":"Polygon","arcs":[[2087]],"properties":{"codigo":"76001200209001000101","sector":"760012002090010001","pcode":"CO76001","area_m2":137471}},{"type":"Polygon","arcs":[[2088]],"properties":{"codigo":"76001200603051000101","sector":"760012006030510001","pcode":"CO76001","area_m2":85766}},{"type":"Polygon","arcs":[[2089]],"properties":{"codigo":"76001200604004000101","sector":"760012006040040001","pcode":"CO76001","area_m2":277437}},{"type":"Polygon","arcs":[[2090,2091]],"properties":{"codigo":"76001200503013000101","sector":"760012005030130001","pcode":"CO76001","area_m2":147129}},{"type":"Polygon","arcs":[[2092,2093,2094,2095,2096]],"properties":{"codigo":"76001200105016000102","sector":"760012001050160001","pcode":"CO76001","area_m2":215562}},{"type":"Polygon","arcs":[[2097]],"properties":{"codigo":"76001200605019000101","sector":"760012006050190001","pcode":"CO76001","area_m2":15904}},{"type":"Polygon","arcs":[[2098,2099]],"properties":{"codigo":"76001200301055000101","sector":"760012003010550001","pcode":"CO76001","area_m2":196557}},{"type":"Polygon","arcs":[[-2092,2100]],"properties":{"codigo":"76001200402046000101","sector":"760012004020460001","pcode":"CO76001","area_m2":33817}},{"type":"Polygon","arcs":[[2101]],"properties":{"codigo":"76001200605050000101","sector":"760012006050500001","pcode":"CO76001","area_m2":47795}},{"type":"Polygon","arcs":[[2102]],"properties":{"codigo":"76001200301054000101","sector":"760012003010540001","pcode":"CO76001","area_m2":121346}},{"type":"Polygon","arcs":[[2103,2104,2105,2106,2107]],"properties":{"codigo":"76001200401059000101","sector":"760012004010590001","pcode":"CO76001","area_m2":81971}},{"type":"Polygon","arcs":[[2108,-176,-22,2109,2110]],"properties":{"codigo":"76001100000000172001","sector":"760011000000001720","pcode":"CO76001","area_m2":165478}},{"type":"Polygon","arcs":[[-111,2111,2112,2113]],"properties":{"codigo":"76001100000000192201","sector":"760011000000001922","pcode":"CO76001","area_m2":55726}},{"type":"Polygon","arcs":[[2114,-107,-2114,2115]],"properties":{"codigo":"76001100000000192202","sector":"760011000000001922","pcode":"CO76001","area_m2":84828}},{"type":"Polygon","arcs":[[2116,2117,2118,-7,-104,2119]],"properties":{"codigo":"76001100000000101002","sector":"760011000000001010","pcode":"CO76001","area_m2":130325}},{"type":"Polygon","arcs":[[2120,-2120,-1127,2121]],"properties":{"codigo":"76001100000000101101","sector":"760011000000001011","pcode":"CO76001","area_m2":122980}},{"type":"Polygon","arcs":[[2122,2123,-8,-2119]],"properties":{"codigo":"76001100000000100801","sector":"760011000000001008","pcode":"CO76001","area_m2":87300}},{"type":"Polygon","arcs":[[2124,2125,-384,2126]],"properties":{"codigo":"76001100000000150911","sector":"760011000000001509","pcode":"CO76001","area_m2":177095}},{"type":"Polygon","arcs":[[2127,-1711,2128,-1680]],"properties":{"codigo":"76001100000000171502","sector":"760011000000001715","pcode":"CO76001","area_m2":178455}},{"type":"Polygon","arcs":[[-1681,-2129,-1710,2129,2130]],"properties":{"codigo":"76001100000000171503","sector":"760011000000001715","pcode":"CO76001","area_m2":149261}},{"type":"Polygon","arcs":[[2131,-1719,-1722,2132,2133]],"properties":{"codigo":"76001100000000173603","sector":"760011000000001736","pcode":"CO76001","area_m2":90682}},{"type":"Polygon","arcs":[[2134,-1606,-1615,-1621]],"properties":{"codigo":"76001100000000160101","sector":"760011000000001601","pcode":"CO76001","area_m2":50623}},{"type":"Polygon","arcs":[[-2133,-1724,2135,2136]],"properties":{"codigo":"76001100000000173604","sector":"760011000000001736","pcode":"CO76001","area_m2":147915}},{"type":"Polygon","arcs":[[-721,2137,2138,-751]],"properties":{"codigo":"76001100000000042002","sector":"760011000000000420","pcode":"CO76001","area_m2":49437}},{"type":"Polygon","arcs":[[2139,-1021,2140,2141]],"properties":{"codigo":"76001100000000080502","sector":"760011000000000805","pcode":"CO76001","area_m2":173587}},{"type":"Polygon","arcs":[[-2116,-2113,2142,2143,2144,2145,-1850,2146]],"properties":{"codigo":"76001100000000192301","sector":"760011000000001923","pcode":"CO76001","area_m2":176312}},{"type":"Polygon","arcs":[[2147,-139,2148,-147,2149,2150]],"properties":{"codigo":"76001100000000131601","sector":"760011000000001316","pcode":"CO76001","area_m2":53461}},{"type":"Polygon","arcs":[[-75,2151,2152,2153,2154,2155,-71]],"properties":{"codigo":"76001100000000160306","sector":"760011000000001603","pcode":"CO76001","area_m2":140259}},{"type":"Polygon","arcs":[[-1651,-153,2156,2157,2158,2159]],"properties":{"codigo":"76001100000000160401","sector":"760011000000001604","pcode":"CO76001","area_m2":116823}},{"type":"Polygon","arcs":[[-72,-2156,2160,-141,-154]],"properties":{"codigo":"76001100000000160405","sector":"760011000000001604","pcode":"CO76001","area_m2":102557}},{"type":"Polygon","arcs":[[2161,-166,-162,-76,2162,2163]],"properties":{"codigo":"76001100000000210207","sector":"760011000000002102","pcode":"CO76001","area_m2":134742}},{"type":"Polygon","arcs":[[2164,-2141,-1020,2165,-422,-424,-927]],"properties":{"codigo":"76001100000000080503","sector":"760011000000000805","pcode":"CO76001","area_m2":214453}},{"type":"Polygon","arcs":[[-486,-1025,-1046,2166,-1309,-1311]],"properties":{"codigo":"76001100000000081002","sector":"760011000000000810","pcode":"CO76001","area_m2":159307}},{"type":"Polygon","arcs":[[-1031,2167,-2142,-2165,-1032]],"properties":{"codigo":"76001100000000081201","sector":"760011000000000812","pcode":"CO76001","area_m2":133550}},{"type":"Polygon","arcs":[[2168,2169,-1047,-1041,-993,2170]],"properties":{"codigo":"76001100000000081402","sector":"760011000000000814","pcode":"CO76001","area_m2":119258}},{"type":"Polygon","arcs":[[2171,-2171,-992,-458,2172]],"properties":{"codigo":"76001100000000081403","sector":"760011000000000814","pcode":"CO76001","area_m2":48090}},{"type":"Polygon","arcs":[[2173,2174,-2134,2175,2176,2177]],"properties":{"codigo":"76001100000000173607","sector":"760011000000001736","pcode":"CO76001","area_m2":367336}},{"type":"Polygon","arcs":[[2178,-1730,-204,-192,-1851,-2146]],"properties":{"codigo":"76001100000000192302","sector":"760011000000001923","pcode":"CO76001","area_m2":163501}},{"type":"Polygon","arcs":[[2179,2180,-1800,-1841,2181,2182]],"properties":{"codigo":"76001100000000190102","sector":"760011000000001901","pcode":"CO76001","area_m2":190542}},{"type":"Polygon","arcs":[[-1840,2183,-2182]],"properties":{"codigo":"76001100000000190103","sector":"760011000000001901","pcode":"CO76001","area_m2":74953}},{"type":"Polygon","arcs":[[2184,-1494,2185,2186,2187,2188]],"properties":{"codigo":"76001100000000140804","sector":"760011000000001408","pcode":"CO76001","area_m2":41794}},{"type":"Polygon","arcs":[[-1495,-2185,2189,2190,-2027,2191]],"properties":{"codigo":"76001100000000140805","sector":"760011000000001408","pcode":"CO76001","area_m2":59907}},{"type":"Polygon","arcs":[[-2190,-2189,2192,-2029,2193]],"properties":{"codigo":"76001100000000140806","sector":"760011000000001408","pcode":"CO76001","area_m2":60599}},{"type":"Polygon","arcs":[[-2194,-2028,-2191]],"properties":{"codigo":"76001100000000140807","sector":"760011000000001408","pcode":"CO76001","area_m2":72506}},{"type":"Polygon","arcs":[[-1468,2194,2195,-1500,-1504,-1484,-1455]],"properties":{"codigo":"76001100000000140901","sector":"760011000000001409","pcode":"CO76001","area_m2":73438}},{"type":"Polygon","arcs":[[2196,2197,2198,2199,2200,2201,-1497]],"properties":{"codigo":"76001100000000140903","sector":"760011000000001409","pcode":"CO76001","area_m2":62854}},{"type":"Polygon","arcs":[[-1498,-2202,2202,-1509,-1505,-1502]],"properties":{"codigo":"76001100000000140904","sector":"760011000000001409","pcode":"CO76001","area_m2":65011}},{"type":"Polygon","arcs":[[2203,2204,-1507,-2203,-2201]],"properties":{"codigo":"76001100000000141002","sector":"760011000000001410","pcode":"CO76001","area_m2":60135}},{"type":"Polygon","arcs":[[2205,-1488,-1508,-2205,-2151,2206]],"properties":{"codigo":"76001100000000141003","sector":"760011000000001410","pcode":"CO76001","area_m2":57181}},{"type":"Polygon","arcs":[[-2150,-146,2207,2208,2209,2210,-2207]],"properties":{"codigo":"76001100000000141004","sector":"760011000000001410","pcode":"CO76001","area_m2":57990}},{"type":"Polygon","arcs":[[-2188,2211,2212,2213,-2030,-2193]],"properties":{"codigo":"76001100000000141006","sector":"760011000000001410","pcode":"CO76001","area_m2":86526}},{"type":"Polygon","arcs":[[2214,-1600,-2135,-1620,-1624,2215]],"properties":{"codigo":"76001100000000150101","sector":"760011000000001501","pcode":"CO76001","area_m2":145448}},{"type":"Polygon","arcs":[[-2109,2216,2217,2218,-177]],"properties":{"codigo":"76001100000000172102","sector":"760011000000001721","pcode":"CO76001","area_m2":142856}},{"type":"Polygon","arcs":[[-1511,2219,2220,2221,-2216,-1627]],"properties":{"codigo":"76001100000000150102","sector":"760011000000001501","pcode":"CO76001","area_m2":124111}},{"type":"Polygon","arcs":[[2222,-2220,2223,-386]],"properties":{"codigo":"76001100000000150107","sector":"760011000000001501","pcode":"CO76001","area_m2":78556}},{"type":"Polygon","arcs":[[2224,-2221,-2223,-385,-2126]],"properties":{"codigo":"76001100000000150108","sector":"760011000000001501","pcode":"CO76001","area_m2":89995}},{"type":"Polygon","arcs":[[-1526,-1520,-1649,-2160,2225]],"properties":{"codigo":"76001100000000150201","sector":"760011000000001502","pcode":"CO76001","area_m2":63012}},{"type":"Polygon","arcs":[[-2226,-2159,2226,-1545,-1549,-1527]],"properties":{"codigo":"76001100000000150202","sector":"760011000000001502","pcode":"CO76001","area_m2":52103}},{"type":"Polygon","arcs":[[-167,2227,2228,-2127]],"properties":{"codigo":"76001100000000150910","sector":"760011000000001509","pcode":"CO76001","area_m2":232157}},{"type":"Polygon","arcs":[[-2227,-2158,2229,2230,-1546]],"properties":{"codigo":"76001100000000150301","sector":"760011000000001503","pcode":"CO76001","area_m2":49096}},{"type":"Polygon","arcs":[[-1547,2231,2232,-1555,-1550]],"properties":{"codigo":"76001100000000150304","sector":"760011000000001503","pcode":"CO76001","area_m2":23929}},{"type":"Polygon","arcs":[[-2231,2233,2234,2235,-2232]],"properties":{"codigo":"76001100000000150305","sector":"760011000000001503","pcode":"CO76001","area_m2":36020}},{"type":"Polygon","arcs":[[-1556,-2233,-2236,2236,2237,2238]],"properties":{"codigo":"76001100000000150306","sector":"760011000000001503","pcode":"CO76001","area_m2":46590}},{"type":"Polygon","arcs":[[-1552,-2239,2239,2240,2241,-1567,-1561]],"properties":{"codigo":"76001100000000150401","sector":"760011000000001504","pcode":"CO76001","area_m2":60500}},{"type":"Polygon","arcs":[[-2242,2242,2243,-1568]],"properties":{"codigo":"76001100000000150402","sector":"760011000000001504","pcode":"CO76001","area_m2":60105}},{"type":"Polygon","arcs":[[-2161,-2155,2244,-1198,-244,-142]],"properties":{"codigo":"76001100000000160406","sector":"760011000000001604","pcode":"CO76001","area_m2":133864}},{"type":"Polygon","arcs":[[-1559,-1563,-1593,2245,-1597]],"properties":{"codigo":"76001100000000150502","sector":"760011000000001505","pcode":"CO76001","area_m2":61765}},{"type":"Polygon","arcs":[[-1051,-1303,-1301,2246,-2173,-457]],"properties":{"codigo":"76001100000000081701","sector":"760011000000000817","pcode":"CO76001","area_m2":150647}},{"type":"Polygon","arcs":[[-1055,-1894,2247,2248,-1063,-1060]],"properties":{"codigo":"76001100000000090101","sector":"760011000000000901","pcode":"CO76001","area_m2":118239}},{"type":"Polygon","arcs":[[-1057,-1059,-1062,2249,-1065]],"properties":{"codigo":"76001100000000090202","sector":"760011000000000902","pcode":"CO76001","area_m2":123473}},{"type":"Polygon","arcs":[[-2250,-1064,-696,-172,-1068,-1071,-1081]],"properties":{"codigo":"76001100000000090301","sector":"760011000000000903","pcode":"CO76001","area_m2":181179}},{"type":"Polygon","arcs":[[-1086,-1072,-1069,-1100,2250,-1094,-1089]],"properties":{"codigo":"76001100000000090304","sector":"760011000000000903","pcode":"CO76001","area_m2":107672}},{"type":"Polygon","arcs":[[-1095,-2251,-1099,2251,2252,-1097]],"properties":{"codigo":"76001100000000090801","sector":"760011000000000908","pcode":"CO76001","area_m2":98187}},{"type":"Polygon","arcs":[[2253,-1193,-285,-301]],"properties":{"codigo":"76001100000000110901","sector":"760011000000001109","pcode":"CO76001","area_m2":110117}},{"type":"Polygon","arcs":[[-1007,-1098,-2253,2254,2255,-1107,-1016,-1009]],"properties":{"codigo":"76001100000000090802","sector":"760011000000000908","pcode":"CO76001","area_m2":149458}},{"type":"Polygon","arcs":[[-1103,-417,-465,2256,2257]],"properties":{"codigo":"76001100000000090903","sector":"760011000000000909","pcode":"CO76001","area_m2":129181}},{"type":"Polygon","arcs":[[2258,-2255,-2252,-1102,-2258]],"properties":{"codigo":"76001100000000090904","sector":"760011000000000909","pcode":"CO76001","area_m2":108862}},{"type":"Polygon","arcs":[[2259,2260,-1075,-9,-2124]],"properties":{"codigo":"76001100000000100702","sector":"760011000000001007","pcode":"CO76001","area_m2":102378}},{"type":"Polygon","arcs":[[-2040,2261,-1411,2262]],"properties":{"codigo":"76001100000000140301","sector":"760011000000001403","pcode":"CO76001","area_m2":116303}},{"type":"Polygon","arcs":[[-2263,-1410,-1444,2263,-2041]],"properties":{"codigo":"76001100000000140303","sector":"760011000000001403","pcode":"CO76001","area_m2":94499}},{"type":"Polygon","arcs":[[-1434,2264,-2024,2265]],"properties":{"codigo":"76001100000000140503","sector":"760011000000001405","pcode":"CO76001","area_m2":67002}},{"type":"Polygon","arcs":[[2266,-2209,2267,2268,-2212,-2187]],"properties":{"codigo":"76001100000000141005","sector":"760011000000001410","pcode":"CO76001","area_m2":43191}},{"type":"Polygon","arcs":[[-2259,2269,-1104,-2256]],"properties":{"codigo":"76001100000000091001","sector":"760011000000000910","pcode":"CO76001","area_m2":107111}},{"type":"Polygon","arcs":[[-2257,-464,-1105,-2270]],"properties":{"codigo":"76001100000000091002","sector":"760011000000000910","pcode":"CO76001","area_m2":132005}},{"type":"Polygon","arcs":[[-2224,-1510,-316,-390,-392]],"properties":{"codigo":"76001100000000150904","sector":"760011000000001509","pcode":"CO76001","area_m2":53978}},{"type":"Polygon","arcs":[[2270,-1848,-1853,-263,2271,2272,-1077]],"properties":{"codigo":"76001100000000100101","sector":"760011000000001001","pcode":"CO76001","area_m2":167846}},{"type":"Polygon","arcs":[[2273,-2147,-1849,-2271,-1076,-2261]],"properties":{"codigo":"76001100000000100102","sector":"760011000000001001","pcode":"CO76001","area_m2":152258}},{"type":"Polygon","arcs":[[-279,2274,2275,2276,-324]],"properties":{"codigo":"76001100000000060202","sector":"760011000000000602","pcode":"CO76001","area_m2":93857}},{"type":"Polygon","arcs":[[2277,-2272,-262,-1891,-1117,2278]],"properties":{"codigo":"76001100000000100201","sector":"760011000000001002","pcode":"CO76001","area_m2":150609}},{"type":"Polygon","arcs":[[2279,-2279,-1116,2280]],"properties":{"codigo":"76001100000000100202","sector":"760011000000001002","pcode":"CO76001","area_m2":76870}},{"type":"Polygon","arcs":[[-1144,2281,2282,-2281,-1115,-1153]],"properties":{"codigo":"76001100000000100401","sector":"760011000000001004","pcode":"CO76001","area_m2":157133}},{"type":"Polygon","arcs":[[-1122,2283,-2282,-1143]],"properties":{"codigo":"76001100000000100501","sector":"760011000000001005","pcode":"CO76001","area_m2":90482}},{"type":"Polygon","arcs":[[-1121,-1078,-2273,-2278,-2280,-2283,-2284]],"properties":{"codigo":"76001100000000100601","sector":"760011000000001006","pcode":"CO76001","area_m2":76374}},{"type":"Polygon","arcs":[[2284,-1299,-1295,-1265,-1310,2285]],"properties":{"codigo":"76001100000000121101","sector":"760011000000001211","pcode":"CO76001","area_m2":83508}},{"type":"Polygon","arcs":[[-2254,-300,-354,-1202,-1194]],"properties":{"codigo":"76001100000000111101","sector":"760011000000001111","pcode":"CO76001","area_m2":73665}},{"type":"Polygon","arcs":[[2286,-2234,-2230,-2157,-152,-1315]],"properties":{"codigo":"76001100000000130102","sector":"760011000000001301","pcode":"CO76001","area_m2":77691}},{"type":"Polygon","arcs":[[-2237,-2235,-2287,-1314,-1320,2287]],"properties":{"codigo":"76001100000000130103","sector":"760011000000001301","pcode":"CO76001","area_m2":42702}},{"type":"Polygon","arcs":[[-371,-373,2288,-912,-905,2289]],"properties":{"codigo":"76001100000000061404","sector":"760011000000000614","pcode":"CO76001","area_m2":83558}},{"type":"Polygon","arcs":[[-2288,-1319,2290,-2240,-2238]],"properties":{"codigo":"76001100000000130104","sector":"760011000000001301","pcode":"CO76001","area_m2":47557}},{"type":"Polygon","arcs":[[-2241,-2291,-1318,-1321,-1323,2291,-2243]],"properties":{"codigo":"76001100000000130107","sector":"760011000000001301","pcode":"CO76001","area_m2":55015}},{"type":"Polygon","arcs":[[2292,-406,-918,-363,-368,-2290,-904]],"properties":{"codigo":"76001100000000061501","sector":"760011000000000615","pcode":"CO76001","area_m2":57488}},{"type":"Polygon","arcs":[[-338,-440,-425,-420,2293,-476,-706,-707,-330]],"properties":{"codigo":"76001100000000040101","sector":"760011000000000401","pcode":"CO76001","area_m2":198189}},{"type":"Polygon","arcs":[[-1571,-1569,-2244,-2292,-1325,-1327,-1337,-1333]],"properties":{"codigo":"76001100000000130303","sector":"760011000000001303","pcode":"CO76001","area_m2":107892}},{"type":"Polygon","arcs":[[2294,-1417,-1415,-1348,-1370,-304,2295]],"properties":{"codigo":"76001100000000130406","sector":"760011000000001304","pcode":"CO76001","area_m2":101613}},{"type":"Polygon","arcs":[[-1357,-1359,-1362,2296,-1364,-1355]],"properties":{"codigo":"76001100000000131002","sector":"760011000000001310","pcode":"CO76001","area_m2":90666}},{"type":"Polygon","arcs":[[2297,2298,-936,-937,2299,-942]],"properties":{"codigo":"76001100000000070601","sector":"760011000000000706","pcode":"CO76001","area_m2":53182}},{"type":"Polygon","arcs":[[-1365,-2297,-1361,2300,2301]],"properties":{"codigo":"76001100000000131201","sector":"760011000000001312","pcode":"CO76001","area_m2":111432}},{"type":"Polygon","arcs":[[2302,-1418,-2295,2303]],"properties":{"codigo":"76001100000000131301","sector":"760011000000001313","pcode":"CO76001","area_m2":64757}},{"type":"Polygon","arcs":[[2304,-2304,-2296,-303,-1372,2305]],"properties":{"codigo":"76001100000000131302","sector":"760011000000001313","pcode":"CO76001","area_m2":78370}},{"type":"Polygon","arcs":[[-2306,-1371,2306,-2199]],"properties":{"codigo":"76001100000000131501","sector":"760011000000001315","pcode":"CO76001","area_m2":64292}},{"type":"Polygon","arcs":[[-2307,-136,-137,-2148,-2204,-2200]],"properties":{"codigo":"76001100000000131502","sector":"760011000000001315","pcode":"CO76001","area_m2":78526}},{"type":"Polygon","arcs":[[2307,2308,-2140,-2168,-1030,-439]],"properties":{"codigo":"76001100000000080601","sector":"760011000000000806","pcode":"CO76001","area_m2":137398}},{"type":"Polygon","arcs":[[-438,-1013,-1011,2309,-2308]],"properties":{"codigo":"76001100000000080701","sector":"760011000000000807","pcode":"CO76001","area_m2":102704}},{"type":"Polygon","arcs":[[-1472,-1436,2310,-2022,2311,-1473]],"properties":{"codigo":"76001100000000140505","sector":"760011000000001405","pcode":"CO76001","area_m2":79982}},{"type":"Polygon","arcs":[[-1460,-1474,-2312,-2021,-1476,2312]],"properties":{"codigo":"76001100000000140506","sector":"760011000000001405","pcode":"CO76001","area_m2":98692}},{"type":"Polygon","arcs":[[-1433,-1479,-1491,-1483,2313,-2025,-2265]],"properties":{"codigo":"76001100000000140601","sector":"760011000000001406","pcode":"CO76001","area_m2":109831}},{"type":"Polygon","arcs":[[-2294,-419,-2166,-1106,-463,-477]],"properties":{"codigo":"76001100000000031704","sector":"760011000000000317","pcode":"CO76001","area_m2":165590}},{"type":"Polygon","arcs":[[-526,-30,-1714,-1682,-2131,2314]],"properties":{"codigo":"76001100000000171504","sector":"760011000000001715","pcode":"CO76001","area_m2":139813}},{"type":"Polygon","arcs":[[-1707,-1696,-1788,2315,-2217,2316]],"properties":{"codigo":"76001100000000171401","sector":"760011000000001714","pcode":"CO76001","area_m2":331749}},{"type":"Polygon","arcs":[[-2316,-1787,-1761,2317,-2218]],"properties":{"codigo":"76001100000000172101","sector":"760011000000001721","pcode":"CO76001","area_m2":136194}},{"type":"Polygon","arcs":[[-178,-2219,-2318,-1760,2318,2319]],"properties":{"codigo":"76001100000000172104","sector":"760011000000001721","pcode":"CO76001","area_m2":106467}},{"type":"Polygon","arcs":[[2320,-24,-179,-2320,2321,2322,-1747,-1751]],"properties":{"codigo":"76001100000000172201","sector":"760011000000001722","pcode":"CO76001","area_m2":206150}},{"type":"Polygon","arcs":[[-2323,2323,-1729,-530,-1748]],"properties":{"codigo":"76001100000000172301","sector":"760011000000001723","pcode":"CO76001","area_m2":170170}},{"type":"Polygon","arcs":[[-532,-1728,-2324,-2322,-2319,-1759,-1794,-1798,-2181,2324,2325]],"properties":{"codigo":"76001100000000172501","sector":"760011000000001725","pcode":"CO76001","area_m2":224132}},{"type":"Polygon","arcs":[[2326,-533,-2326,2327,2328,2329,2330,2331]],"properties":{"codigo":"76001100000000172503","sector":"760011000000001725","pcode":"CO76001","area_m2":173392}},{"type":"Polygon","arcs":[[-2206,-2211,2332,-1492,-1489]],"properties":{"codigo":"76001100000000140701","sector":"760011000000001407","pcode":"CO76001","area_m2":93783}},{"type":"Polygon","arcs":[[-2314,-1482,-1496,-2192,-2026]],"properties":{"codigo":"76001100000000140801","sector":"760011000000001408","pcode":"CO76001","area_m2":112017}},{"type":"Polygon","arcs":[[-2325,-2180,2333,-2328]],"properties":{"codigo":"76001100000000172504","sector":"760011000000001725","pcode":"CO76001","area_m2":127538}},{"type":"Polygon","arcs":[[2334,-1738,-1749,-534,-2327,2335]],"properties":{"codigo":"76001100000000172601","sector":"760011000000001726","pcode":"CO76001","area_m2":297484}},{"type":"Polygon","arcs":[[-1919,2336,2337,-606,-601,-597]],"properties":{"codigo":"76001100000000020101","sector":"760011000000000201","pcode":"CO76001","area_m2":127474}},{"type":"Polygon","arcs":[[-1493,-2333,-2210,-2267,-2186]],"properties":{"codigo":"76001100000000140803","sector":"760011000000001408","pcode":"CO76001","area_m2":54984}},{"type":"Polygon","arcs":[[2338,2339,-572,-579,2340]],"properties":{"codigo":"76001100000000010101","sector":"760011000000000101","pcode":"CO76001","area_m2":202179}},{"type":"Polygon","arcs":[[-591,-588,-548,-581,2341]],"properties":{"codigo":"76001100000000010501","sector":"760011000000000105","pcode":"CO76001","area_m2":430311}},{"type":"Polygon","arcs":[[-720,-651,-665,2342,2343,-672,2344,-2138]],"properties":{"codigo":"76001100000000022102","sector":"760011000000000221","pcode":"CO76001","area_m2":239557}},{"type":"Polygon","arcs":[[2345,2346,-2341,-578,-560,2347,2348,2349]],"properties":{"codigo":"76001100000000010102","sector":"760011000000000101","pcode":"CO76001","area_m2":388887}},{"type":"Polygon","arcs":[[-2348,-565,2350,-558,2351]],"properties":{"codigo":"76001100000000010103","sector":"760011000000000101","pcode":"CO76001","area_m2":153766}},{"type":"Polygon","arcs":[[2352,2353,-2339,-2347]],"properties":{"codigo":"76001100000000010106","sector":"760011000000000101","pcode":"CO76001","area_m2":106789}},{"type":"Polygon","arcs":[[-670,2354,2355,2356,2357,-507]],"properties":{"codigo":"76001100000000022001","sector":"760011000000000220","pcode":"CO76001","area_m2":383794}},{"type":"Polygon","arcs":[[2358,-2337,-1918,2359,2360,-576,-582]],"properties":{"codigo":"76001100000000010601","sector":"760011000000000106","pcode":"CO76001","area_m2":224113}},{"type":"Polygon","arcs":[[-490,-633,-628,-630,2361,2362,-541]],"properties":{"codigo":"76001100000000020902","sector":"760011000000000209","pcode":"CO76001","area_m2":184952}},{"type":"Polygon","arcs":[[-2338,-2359,-584,-585,-587,-607]],"properties":{"codigo":"76001100000000020201","sector":"760011000000000202","pcode":"CO76001","area_m2":185154}},{"type":"Polygon","arcs":[[-631,-624,2363,-2362]],"properties":{"codigo":"76001100000000020802","sector":"760011000000000208","pcode":"CO76001","area_m2":90444}},{"type":"Polygon","arcs":[[-2364,-623,-612,-542,-2363]],"properties":{"codigo":"76001100000000020803","sector":"760011000000000208","pcode":"CO76001","area_m2":133381}},{"type":"Polygon","arcs":[[2364,2365,2366,-638,-641,-643,2367]],"properties":{"codigo":"76001100000000021103","sector":"760011000000000211","pcode":"CO76001","area_m2":227133}},{"type":"Polygon","arcs":[[-2368,-642,-483,2368,2369]],"properties":{"codigo":"76001100000000021104","sector":"760011000000000211","pcode":"CO76001","area_m2":138291}},{"type":"Polygon","arcs":[[-647,2370,-2369,-482,-496,-652]],"properties":{"codigo":"76001100000000021201","sector":"760011000000000212","pcode":"CO76001","area_m2":193727}},{"type":"Polygon","arcs":[[-2365,-2370,-2371,-646,2371,2372]],"properties":{"codigo":"76001100000000021202","sector":"760011000000000212","pcode":"CO76001","area_m2":165870}},{"type":"Polygon","arcs":[[-649,-653,-452,2373,-2343,-664]],"properties":{"codigo":"76001100000000021205","sector":"760011000000000212","pcode":"CO76001","area_m2":159651}},{"type":"Polygon","arcs":[[-662,-659,-657,-655,2374,2375,2376]],"properties":{"codigo":"76001100000000021702","sector":"760011000000000217","pcode":"CO76001","area_m2":231472}},{"type":"Polygon","arcs":[[2377,-663,-2377,2378,2379,2380]],"properties":{"codigo":"76001100000000021703","sector":"760011000000000217","pcode":"CO76001","area_m2":354734}},{"type":"Polygon","arcs":[[-2380,2381,2382]],"properties":{"codigo":"76001100000000021704","sector":"760011000000000217","pcode":"CO76001","area_m2":51105}},{"type":"Polygon","arcs":[[-2379,-2376,2383,-2382]],"properties":{"codigo":"76001100000000021705","sector":"760011000000000217","pcode":"CO76001","area_m2":65302}},{"type":"Polygon","arcs":[[2384,-513,-661,-2378,2385]],"properties":{"codigo":"76001100000000021801","sector":"760011000000000218","pcode":"CO76001","area_m2":508171}},{"type":"Polygon","arcs":[[-514,-2385,2386,-2355,-669]],"properties":{"codigo":"76001100000000021901","sector":"760011000000000219","pcode":"CO76001","area_m2":381590}},{"type":"Polygon","arcs":[[-2374,-451,-515,-668,-2344]],"properties":{"codigo":"76001100000000022003","sector":"760011000000000220","pcode":"CO76001","area_m2":145195}},{"type":"Polygon","arcs":[[-2345,-671,-517,-508,-2358,2387,2388,-760,2389]],"properties":{"codigo":"76001100000000022204","sector":"760011000000000222","pcode":"CO76001","area_m2":357258}},{"type":"Polygon","arcs":[[-2388,-2357,2390,2391,2392]],"properties":{"codigo":"76001100000000022301","sector":"760011000000000223","pcode":"CO76001","area_m2":273537}},{"type":"Polygon","arcs":[[-2392,2393,2394]],"properties":{"codigo":"76001100000000022302","sector":"760011000000000223","pcode":"CO76001","area_m2":190697}},{"type":"Polygon","arcs":[[2395,-761,-2389,-2393,-2395,2396]],"properties":{"codigo":"76001100000000022303","sector":"760011000000000223","pcode":"CO76001","area_m2":224596}},{"type":"Polygon","arcs":[[-680,-692,-695,2397,2398,-1912,2399,-684,-681,-677]],"properties":{"codigo":"76001100000000030801","sector":"760011000000000308","pcode":"CO76001","area_m2":131812}},{"type":"Polygon","arcs":[[-698,-2249,2400,-693,-690,-673,-700]],"properties":{"codigo":"76001100000000030901","sector":"760011000000000309","pcode":"CO76001","area_m2":161658}},{"type":"Polygon","arcs":[[-711,-2367,2401,-716]],"properties":{"codigo":"76001100000000040701","sector":"760011000000000407","pcode":"CO76001","area_m2":59856}},{"type":"Polygon","arcs":[[-2402,-2366,-2373,2402,-727,-717]],"properties":{"codigo":"76001100000000040901","sector":"760011000000000409","pcode":"CO76001","area_m2":37998}},{"type":"Polygon","arcs":[[-2403,-2372,-645,-719,-745,-728]],"properties":{"codigo":"76001100000000040902","sector":"760011000000000409","pcode":"CO76001","area_m2":54366}},{"type":"Polygon","arcs":[[2403,-753,-752,-2139,-2390,-759]],"properties":{"codigo":"76001100000000042101","sector":"760011000000000421","pcode":"CO76001","area_m2":251418}},{"type":"Polygon","arcs":[[-754,-2404,-758,-731]],"properties":{"codigo":"76001100000000042201","sector":"760011000000000422","pcode":"CO76001","area_m2":151212}},{"type":"Polygon","arcs":[[-325,-2277,2404,-837,-834]],"properties":{"codigo":"76001100000000060303","sector":"760011000000000603","pcode":"CO76001","area_m2":46307}},{"type":"Polygon","arcs":[[-2276,-848,-838,-2405]],"properties":{"codigo":"76001100000000060402","sector":"760011000000000604","pcode":"CO76001","area_m2":64518}},{"type":"Polygon","arcs":[[-851,-845,-2275,-855,-857,-860]],"properties":{"codigo":"76001100000000060602","sector":"760011000000000606","pcode":"CO76001","area_m2":129246}},{"type":"Polygon","arcs":[[-886,-875,-871,-917,-404,-2293,-908,-910,-346,-890,-362,2405,-901,-903]],"properties":{"codigo":"76001100000000061201","sector":"760011000000000612","pcode":"CO76001","area_m2":168915}},{"type":"Polygon","arcs":[[2406,-828,-328,-832,-892]],"properties":{"codigo":"76001100000000061601","sector":"760011000000000616","pcode":"CO76001","area_m2":271295}},{"type":"Polygon","arcs":[[-944,-950,-1052,-510,-503,-1040,-1035,-928,-393,-313,-763,-990,-932,2407,-938,-934,-2299,2408]],"properties":{"codigo":"76001100000000070301","sector":"760011000000000703","pcode":"CO76001","area_m2":1839088}},{"type":"Polygon","arcs":[[-2300,-939,-2408,-931]],"properties":{"codigo":"76001100000000070303","sector":"760011000000000703","pcode":"CO76001","area_m2":30216}},{"type":"Polygon","arcs":[[-409,-945,-2409,-2298,-941]],"properties":{"codigo":"76001100000000070602","sector":"760011000000000706","pcode":"CO76001","area_m2":87583}},{"type":"Polygon","arcs":[[-2085,-2087,-2031,-2214,2409,-968,2410,2411,-974,2412]],"properties":{"codigo":"76001100000000070801","sector":"760011000000000708","pcode":"CO76001","area_m2":667192}},{"type":"Polygon","arcs":[[-2411,-957,-956,2413]],"properties":{"codigo":"76001100000000070802","sector":"760011000000000708","pcode":"CO76001","area_m2":93465}},{"type":"Polygon","arcs":[[-975,-2412,-2414,-955,-981,2414]],"properties":{"codigo":"76001100000000070901","sector":"760011000000000709","pcode":"CO76001","area_m2":139210}},{"type":"Polygon","arcs":[[-983,-988,-985,2415,-2415]],"properties":{"codigo":"76001100000000071003","sector":"760011000000000710","pcode":"CO76001","area_m2":183387}},{"type":"Polygon","arcs":[[-976,-2416,-984,2416,2417]],"properties":{"codigo":"76001100000000071101","sector":"760011000000000711","pcode":"CO76001","area_m2":85608}},{"type":"Polygon","arcs":[[-2417,-986,-989,-969,2418,2419,-891,2420]],"properties":{"codigo":"76001100000000071203","sector":"760011000000000712","pcode":"CO76001","area_m2":255996}},{"type":"Polygon","arcs":[[-973,2421,-2419]],"properties":{"codigo":"76001100000000071303","sector":"760011000000000713","pcode":"CO76001","area_m2":96794}},{"type":"Polygon","arcs":[[-991,-2407,-2420,-2422]],"properties":{"codigo":"76001100000000071304","sector":"760011000000000713","pcode":"CO76001","area_m2":130975}},{"type":"Polygon","arcs":[[-2310,-1015,-1022,-2309]],"properties":{"codigo":"76001100000000080402","sector":"760011000000000804","pcode":"CO76001","area_m2":105778}},{"type":"Polygon","arcs":[[-1166,-1636,2422,2423,-2122,-1126,-1132,-1172]],"properties":{"codigo":"76001100000000101102","sector":"760011000000001011","pcode":"CO76001","area_m2":199316}},{"type":"Polygon","arcs":[[-1146,-1155,-1157,2424,-1148]],"properties":{"codigo":"76001100000000101203","sector":"760011000000001012","pcode":"CO76001","area_m2":113500}},{"type":"Polygon","arcs":[[-2425,-1156,-1165,2425,2426,-1136,-1149]],"properties":{"codigo":"76001100000000101204","sector":"760011000000001012","pcode":"CO76001","area_m2":107672}},{"type":"Polygon","arcs":[[-227,-1161,-1084,-1088,-1091,2427,2428]],"properties":{"codigo":"76001100000000101502","sector":"760011000000001015","pcode":"CO76001","area_m2":190252}},{"type":"Polygon","arcs":[[-1169,-1176,-1187,-1189,2429,-2153,2430]],"properties":{"codigo":"76001100000000110203","sector":"760011000000001102","pcode":"CO76001","area_m2":133014}},{"type":"Polygon","arcs":[[-2245,-2154,-2430,-1188,-1185,-1190,-1192]],"properties":{"codigo":"76001100000000110501","sector":"760011000000001105","pcode":"CO76001","area_m2":179452}},{"type":"Polygon","arcs":[[-2427,2431,-281,-1179,-1137]],"properties":{"codigo":"76001100000000110601","sector":"760011000000001106","pcode":"CO76001","area_m2":80100}},{"type":"Polygon","arcs":[[-282,-2432,-2426,-1164,-292,-289]],"properties":{"codigo":"76001100000000110701","sector":"760011000000001107","pcode":"CO76001","area_m2":111148}},{"type":"Polygon","arcs":[[2432,-2428,-1000,-1240,-1243]],"properties":{"codigo":"76001100000000112201","sector":"760011000000001122","pcode":"CO76001","area_m2":111630}},{"type":"Polygon","arcs":[[-1242,-1236,-1238,-228,-2429,-2433]],"properties":{"codigo":"76001100000000112202","sector":"760011000000001122","pcode":"CO76001","area_m2":108503}},{"type":"Polygon","arcs":[[-1300,-2285,2433,-2169,-2172,-2247]],"properties":{"codigo":"76001100000000121007","sector":"760011000000001210","pcode":"CO76001","area_m2":103453}},{"type":"Polygon","arcs":[[-2286,-2167,-2170,-2434]],"properties":{"codigo":"76001100000000121008","sector":"760011000000001210","pcode":"CO76001","area_m2":92445}},{"type":"Polygon","arcs":[[-2149,-138,-134,-307,-1368,-1366,-2302,2434,-1381,-1385,2435,-2268,-2208,-148]],"properties":{"codigo":"76001100000000131702","sector":"760011000000001317","pcode":"CO76001","area_m2":403139}},{"type":"Polygon","arcs":[[2436,2437]],"properties":{"codigo":"76001100000000131703","sector":"760011000000001317","pcode":"CO76001","area_m2":24493}},{"type":"Polygon","arcs":[[-2437,2438,2439,2440]],"properties":{"codigo":"76001100000000131704","sector":"760011000000001317","pcode":"CO76001","area_m2":57270}},{"type":"Polygon","arcs":[[-2441,2441,-962,-2410,2442]],"properties":{"codigo":"76001100000000131705","sector":"760011000000001317","pcode":"CO76001","area_m2":67480}},{"type":"Polygon","arcs":[[-2301,-1363,-1284,-1373,-1377,-1380,-1382,-2435]],"properties":{"codigo":"76001100000000131801","sector":"760011000000001318","pcode":"CO76001","area_m2":155110}},{"type":"Polygon","arcs":[[-2269,-2436,-1387,-1397,2443,2444,2445,-2438,-2443,-2213]],"properties":{"codigo":"76001100000000132301","sector":"760011000000001323","pcode":"CO76001","area_m2":270322}},{"type":"Polygon","arcs":[[-1396,2446,2447,-2444]],"properties":{"codigo":"76001100000000132302","sector":"760011000000001323","pcode":"CO76001","area_m2":45309}},{"type":"Polygon","arcs":[[-2448,2448,2449,-2445]],"properties":{"codigo":"76001100000000132303","sector":"760011000000001323","pcode":"CO76001","area_m2":45800}},{"type":"Polygon","arcs":[[-2450,2450,-2439,-2446]],"properties":{"codigo":"76001100000000132304","sector":"760011000000001323","pcode":"CO76001","area_m2":60906}},{"type":"Polygon","arcs":[[-1739,-2335,2451,2452,2453]],"properties":{"codigo":"76001100000000172701","sector":"760011000000001727","pcode":"CO76001","area_m2":210917}},{"type":"Polygon","arcs":[[-2442,-2440,-2451,-2449,-2447,-1395,-1399,-963]],"properties":{"codigo":"76001100000000132402","sector":"760011000000001324","pcode":"CO76001","area_m2":162589}},{"type":"Polygon","arcs":[[-1403,-1389,2454,2455]],"properties":{"codigo":"76001100000000140102","sector":"760011000000001401","pcode":"CO76001","area_m2":78694}},{"type":"Polygon","arcs":[[2456,-1462,-2455,-1388,-1422,2457]],"properties":{"codigo":"76001100000000140103","sector":"760011000000001401","pcode":"CO76001","area_m2":92308}},{"type":"Polygon","arcs":[[2458,2459,-1424,2460,-2197,-1501,-2196]],"properties":{"codigo":"76001100000000140407","sector":"760011000000001404","pcode":"CO76001","area_m2":61019}},{"type":"Polygon","arcs":[[-1419,-2303,-2305,-2198,-2461,-1423]],"properties":{"codigo":"76001100000000140108","sector":"760011000000001401","pcode":"CO76001","area_m2":78760}},{"type":"Polygon","arcs":[[-2051,2461,-1428,2462,-2262]],"properties":{"codigo":"76001100000000140203","sector":"760011000000001402","pcode":"CO76001","area_m2":109194}},{"type":"Polygon","arcs":[[-1427,-2456,-1461,-1404,-2463]],"properties":{"codigo":"76001100000000140204","sector":"760011000000001402","pcode":"CO76001","area_m2":85644}},{"type":"Polygon","arcs":[[-2055,-2042,-2264,-1448,2463]],"properties":{"codigo":"76001100000000140305","sector":"760011000000001403","pcode":"CO76001","area_m2":111968}},{"type":"Polygon","arcs":[[-2056,-2464,-1447,-1449,-1458,-2313,-1475]],"properties":{"codigo":"76001100000000140306","sector":"760011000000001403","pcode":"CO76001","area_m2":106273}},{"type":"Polygon","arcs":[[-1463,-2457,2464,-1464,-1406]],"properties":{"codigo":"76001100000000140402","sector":"760011000000001404","pcode":"CO76001","area_m2":57117}},{"type":"Polygon","arcs":[[-1465,-2465,-2458,-1421,-2460,2465]],"properties":{"codigo":"76001100000000140403","sector":"760011000000001404","pcode":"CO76001","area_m2":54139}},{"type":"Polygon","arcs":[[-1467,-2466,-2459,-2195]],"properties":{"codigo":"76001100000000140406","sector":"760011000000001404","pcode":"CO76001","area_m2":56608}},{"type":"Polygon","arcs":[[-1435,-2266,-2023,-2311]],"properties":{"codigo":"76001100000000140502","sector":"760011000000001405","pcode":"CO76001","area_m2":65783}},{"type":"Polygon","arcs":[[-1401,-1426,2466,2467,-1598,-2246,-1594,-1590,-1584,-1587,-1599]],"properties":{"codigo":"76001100000000150603","sector":"760011000000001506","pcode":"CO76001","area_m2":272080}},{"type":"Polygon","arcs":[[-1579,-1589,-1592,-1572,-1331,-1336,2468]],"properties":{"codigo":"76001100000000150605","sector":"760011000000001506","pcode":"CO76001","area_m2":99351}},{"type":"Polygon","arcs":[[-2469,-1335,-1341,-1343,-1414,-1580]],"properties":{"codigo":"76001100000000150606","sector":"760011000000001506","pcode":"CO76001","area_m2":51948}},{"type":"Polygon","arcs":[[-2468,2469,-1595]],"properties":{"codigo":"76001100000000150611","sector":"760011000000001506","pcode":"CO76001","area_m2":74728}},{"type":"Polygon","arcs":[[2470,2471,-1609,-1601,-2215,-2222,-2225]],"properties":{"codigo":"76001100000000150802","sector":"760011000000001508","pcode":"CO76001","area_m2":329494}},{"type":"Polygon","arcs":[[-2472,2472,2473,-527,2474,-1745,-1734,-1607]],"properties":{"codigo":"76001100000000150804","sector":"760011000000001508","pcode":"CO76001","area_m2":289106}},{"type":"Polygon","arcs":[[2475,2476,-2473,-2471,-2125,-2229]],"properties":{"codigo":"76001100000000150805","sector":"760011000000001508","pcode":"CO76001","area_m2":232319}},{"type":"Polygon","arcs":[[-1647,-1648,-1637,-1170,-2431,-2152,-74]],"properties":{"codigo":"76001100000000160206","sector":"760011000000001602","pcode":"CO76001","area_m2":101123}},{"type":"Polygon","arcs":[[-1741,-213,2477,-2423,-1635,-1653]],"properties":{"codigo":"76001100000000160502","sector":"760011000000001605","pcode":"CO76001","area_m2":74182}},{"type":"Polygon","arcs":[[-1665,-1656,2478,2479]],"properties":{"codigo":"76001100000000170201","sector":"760011000000001702","pcode":"CO76001","area_m2":4142245}},{"type":"Polygon","arcs":[[-1657,-1664,-525,2480,2481,-1658]],"properties":{"codigo":"76001100000000170402","sector":"760011000000001704","pcode":"CO76001","area_m2":767558}},{"type":"Polygon","arcs":[[2482,-521,-1666,-2480,2483,2484]],"properties":{"codigo":"76001100000000170404","sector":"760011000000001704","pcode":"CO76001","area_m2":756732}},{"type":"Polygon","arcs":[[-1673,2485,2486,-2481]],"properties":{"codigo":"76001100000000170504","sector":"760011000000001705","pcode":"CO76001","area_m2":605057}},{"type":"Polygon","arcs":[[-1662,-1659,-2482,-2487,2487,2488,-1675,2489]],"properties":{"codigo":"76001100000000170505","sector":"760011000000001705","pcode":"CO76001","area_m2":1175917}},{"type":"Polygon","arcs":[[-2485,2490,2491]],"properties":{"codigo":"76001100000000170601","sector":"760011000000001706","pcode":"CO76001","area_m2":560202}},{"type":"Polygon","arcs":[[2492,2493,-2486,-1672,-1689,-1683,2494]],"properties":{"codigo":"76001100000000170701","sector":"760011000000001707","pcode":"CO76001","area_m2":984417}},{"type":"Polygon","arcs":[[2495,-2488,-2494,2496]],"properties":{"codigo":"76001100000000170702","sector":"760011000000001707","pcode":"CO76001","area_m2":1113936}},{"type":"Polygon","arcs":[[-1697,2497,-1692,2498,2499,2500,2501,2502,-1705]],"properties":{"codigo":"76001100000000170901","sector":"760011000000001709","pcode":"CO76001","area_m2":1719558}},{"type":"Polygon","arcs":[[-1752,2503,-2495,-1686,-2498,2504]],"properties":{"codigo":"76001100000000170902","sector":"760011000000001709","pcode":"CO76001","area_m2":449912}},{"type":"Polygon","arcs":[[-1740,-2454,2505,-211]],"properties":{"codigo":"76001100000000172801","sector":"760011000000001728","pcode":"CO76001","area_m2":106880}},{"type":"Polygon","arcs":[[-1693,-1669,-1667,-522,-2483,-2492,2506,2507,-2499,-1691]],"properties":{"codigo":"76001100000000170903","sector":"760011000000001709","pcode":"CO76001","area_m2":3895032}},{"type":"Polygon","arcs":[[-2505,-1700,-1703,-1708,-2128,-1753]],"properties":{"codigo":"76001100000000171001","sector":"760011000000001710","pcode":"CO76001","area_m2":1050503}},{"type":"Polygon","arcs":[[-2477,2508,-2136,-1723,-42,-528,-2474]],"properties":{"codigo":"76001100000000171605","sector":"760011000000001716","pcode":"CO76001","area_m2":195253}},{"type":"Polygon","arcs":[[-2475,-2315,-2130,-1709,-1704,-2317,-2111,2509,-1725,-1742]],"properties":{"codigo":"76001100000000171701","sector":"760011000000001717","pcode":"CO76001","area_m2":562588}},{"type":"Polygon","arcs":[[-2506,-2453,2510,2511,-2117,-2121,-2424,-2478,-212]],"properties":{"codigo":"76001100000000172901","sector":"760011000000001729","pcode":"CO76001","area_m2":369795}},{"type":"Polygon","arcs":[[-2452,-2336,-2332,2512,2513,-2511]],"properties":{"codigo":"76001100000000173001","sector":"760011000000001730","pcode":"CO76001","area_m2":99250}},{"type":"Polygon","arcs":[[-2514,2514,2515,-2123,-2118,-2512]],"properties":{"codigo":"76001100000000173002","sector":"760011000000001730","pcode":"CO76001","area_m2":209724}},{"type":"Polygon","arcs":[[2516,2517,2518,-2330]],"properties":{"codigo":"76001100000000173101","sector":"760011000000001731","pcode":"CO76001","area_m2":77241}},{"type":"Polygon","arcs":[[-2331,-2519,2519,-108,2520,-2515,-2513]],"properties":{"codigo":"76001100000000173102","sector":"760011000000001731","pcode":"CO76001","area_m2":142647}},{"type":"Polygon","arcs":[[-2521,-2115,-2274,-2260,-2516]],"properties":{"codigo":"76001100000000173201","sector":"760011000000001732","pcode":"CO76001","area_m2":212122}},{"type":"Polygon","arcs":[[-2110,-21,-2321,-1750,-1743,-1726,-2510]],"properties":{"codigo":"76001100000000173501","sector":"760011000000001735","pcode":"CO76001","area_m2":113321}},{"type":"Polygon","arcs":[[2521,-1754,-1718,-1720,-2132,-2175]],"properties":{"codigo":"76001100000000173602","sector":"760011000000001736","pcode":"CO76001","area_m2":610859}},{"type":"Polygon","arcs":[[-2174,2522,-1770,2523,-2497,-2493,-2504,-1755,-2522]],"properties":{"codigo":"76001100000000173605","sector":"760011000000001736","pcode":"CO76001","area_m2":1641902}},{"type":"Polygon","arcs":[[2524,2525,-2176,-2137,-2509,-2476]],"properties":{"codigo":"76001100000000173606","sector":"760011000000001736","pcode":"CO76001","area_m2":185717}},{"type":"Polygon","arcs":[[2526,-2177,-2526,2527]],"properties":{"codigo":"76001100000000173608","sector":"760011000000001736","pcode":"CO76001","area_m2":525287}},{"type":"Polygon","arcs":[[2528,-1771,-2523,-2178,-2527]],"properties":{"codigo":"76001100000000173609","sector":"760011000000001736","pcode":"CO76001","area_m2":381076}},{"type":"Polygon","arcs":[[-1870,-206,-1731,-2179,-2145,2529]],"properties":{"codigo":"76001100000000191901","sector":"760011000000001919","pcode":"CO76001","area_m2":204935}},{"type":"Polygon","arcs":[[-1780,-1776,-1774,2530,-2502,2531,2532,-1821]],"properties":{"codigo":"76001100000000180101","sector":"760011000000001801","pcode":"CO76001","area_m2":487765}},{"type":"Polygon","arcs":[[-2531,-1773,-1789,-85,-1706,-2503]],"properties":{"codigo":"76001100000000180301","sector":"760011000000001803","pcode":"CO76001","area_m2":665650}},{"type":"Polygon","arcs":[[-1838,-1795,-1791,-1807,2533,2534]],"properties":{"codigo":"76001100000000181101","sector":"760011000000001811","pcode":"CO76001","area_m2":146487}},{"type":"Polygon","arcs":[[-1806,-1828,-1833,2535,2536,-2534]],"properties":{"codigo":"76001100000000181405","sector":"760011000000001814","pcode":"CO76001","area_m2":184074}},{"type":"Polygon","arcs":[[-1825,-1818,-1815,-1837,2537,2538,2539,-1834]],"properties":{"codigo":"76001100000000181406","sector":"760011000000001814","pcode":"CO76001","area_m2":185820}},{"type":"Polygon","arcs":[[-1836,-1822,-2533,2540,2541,-2538]],"properties":{"codigo":"76001100000000181407","sector":"760011000000001814","pcode":"CO76001","area_m2":264870}},{"type":"Polygon","arcs":[[-117,-1868,-2530,-2144,2542]],"properties":{"codigo":"76001100000000192001","sector":"760011000000001920","pcode":"CO76001","area_m2":56203}},{"type":"Polygon","arcs":[[-2540,2543,2544,2545,-1835]],"properties":{"codigo":"76001100000000181414","sector":"760011000000001814","pcode":"CO76001","area_m2":30554}},{"type":"Polygon","arcs":[[-112,-2543,-2143,-2112]],"properties":{"codigo":"76001100000000192101","sector":"760011000000001921","pcode":"CO76001","area_m2":68546}},{"type":"Polygon","arcs":[[-1842,-1847,2546,-2183,-2184,-1839,-2535,-2537,2547,2548]],"properties":{"codigo":"76001100000000190201","sector":"760011000000001902","pcode":"CO76001","area_m2":477930}},{"type":"Polygon","arcs":[[-1864,-1843,-2549,2549,2550,-1860]],"properties":{"codigo":"76001100000000190302","sector":"760011000000001903","pcode":"CO76001","area_m2":286740}},{"type":"Polygon","arcs":[[-2334,-2547,-1846,-97,2551,-2517,-2329]],"properties":{"codigo":"76001100000000190501","sector":"760011000000001905","pcode":"CO76001","area_m2":148391}},{"type":"Polygon","arcs":[[-2518,-2552,-102,-109,-2520]],"properties":{"codigo":"76001100000000190601","sector":"760011000000001906","pcode":"CO76001","area_m2":77679}},{"type":"Polygon","arcs":[[2552,2553,2554,2555,-1861,-2551]],"properties":{"codigo":"76001100000000191401","sector":"760011000000001914","pcode":"CO76001","area_m2":547575}},{"type":"Polygon","arcs":[[-1862,-2556,2556,2557,2558]],"properties":{"codigo":"76001100000000191501","sector":"760011000000001915","pcode":"CO76001","area_m2":113801}},{"type":"Polygon","arcs":[[-1893,-1896,-1901,2559,-2398,-694,-2401,-2248]],"properties":{"codigo":"76001100000000193901","sector":"760011000000001939","pcode":"CO76001","area_m2":209362}},{"type":"Polygon","arcs":[[-2560,-1900,-1905,-1906,-1910,-2399]],"properties":{"codigo":"76001100000000194001","sector":"760011000000001940","pcode":"CO76001","area_m2":205430}},{"type":"Polygon","arcs":[[-685,-2400,-1911,-1908,-2015,2560,-1913,-594]],"properties":{"codigo":"76001100000000194401","sector":"760011000000001944","pcode":"CO76001","area_m2":367462}},{"type":"Polygon","arcs":[[2561,-2557,-2555,2562,2563,-1933]],"properties":{"codigo":"76001100000000200101","sector":"760011000000002001","pcode":"CO76001","area_m2":285793}},{"type":"Polygon","arcs":[[2564,-1995,-1994,-1954,2565]],"properties":{"codigo":"76001100000000201201","sector":"760011000000002012","pcode":"CO76001","area_m2":153857}},{"type":"Polygon","arcs":[[2566,2567,-1934,-2564,2568,2569,2570]],"properties":{"codigo":"76001100000000200102","sector":"760011000000002001","pcode":"CO76001","area_m2":482704}},{"type":"Polygon","arcs":[[-2558,-2562,-1932,-1942,2571]],"properties":{"codigo":"76001100000000200201","sector":"760011000000002002","pcode":"CO76001","area_m2":103306}},{"type":"Polygon","arcs":[[-2559,-2572,-1941,-1979,-1953,-1929]],"properties":{"codigo":"76001100000000200301","sector":"760011000000002003","pcode":"CO76001","area_m2":37660}},{"type":"Polygon","arcs":[[2572,-1943,-1935,-2568,2573,-1946]],"properties":{"codigo":"76001100000000200502","sector":"760011000000002005","pcode":"CO76001","area_m2":64218}},{"type":"Polygon","arcs":[[-1972,-1944,-2573,-1948,2574,-1957,-1975]],"properties":{"codigo":"76001100000000200601","sector":"760011000000002006","pcode":"CO76001","area_m2":48279}},{"type":"Polygon","arcs":[[-1958,-2575,-1947,-2574,-2567,2575,-1968]],"properties":{"codigo":"76001100000000200603","sector":"760011000000002006","pcode":"CO76001","area_m2":187668}},{"type":"Polygon","arcs":[[2576,2577,-2073]],"properties":{"codigo":"76001100000000210508","sector":"760011000000002105","pcode":"CO76001","area_m2":124100}},{"type":"Polygon","arcs":[[-1887,-1882,-2004,-1990,-1996,-2565,2578,-2012]],"properties":{"codigo":"76001100000000201302","sector":"760011000000002013","pcode":"CO76001","area_m2":320861}},{"type":"Polygon","arcs":[[-1914,-2561,-2014,2579]],"properties":{"codigo":"76001100000000201402","sector":"760011000000002014","pcode":"CO76001","area_m2":408178}},{"type":"Polygon","arcs":[[2580,-59,-56,-2032,-2005,-2075,-1921,-2079,-2083,-2086,-2413,-978,2581]],"properties":{"codigo":"76001100000000210104","sector":"760011000000002101","pcode":"CO76001","area_m2":437372}},{"type":"Polygon","arcs":[[-2163,-156,-2052,-57,-2581,2582]],"properties":{"codigo":"76001100000000210203","sector":"760011000000002102","pcode":"CO76001","area_m2":157744}},{"type":"Polygon","arcs":[[2583,2584,2585,2586,2587,-2577,-2072,-1940,-2048,-2045,-2033,-1967,-163,-2162]],"properties":{"codigo":"76001100000000210309","sector":"760011000000002103","pcode":"CO76001","area_m2":582998}},{"type":"Polygon","arcs":[[-2057,2588,-2587,2589,-2069,-2065,-2063]],"properties":{"codigo":"76001100000000210504","sector":"760011000000002105","pcode":"CO76001","area_m2":119483}},{"type":"Polygon","arcs":[[-2060,-2068,-2074,-2578,-2588,-2589]],"properties":{"codigo":"76001100000000210509","sector":"760011000000002105","pcode":"CO76001","area_m2":211624}},{"type":"Polygon","arcs":[[-897,-902,-2406,-361,-923,-924,-920,-915,-913,-2289,-372,-369,-366,-762,-2396,2590]],"properties":{"codigo":"76001100000000990601","sector":"760011000000009906","pcode":"CO76001","area_m2":552812}},{"type":"Polygon","arcs":[[2591,-2350,2592]],"properties":{"codigo":"76001200111032000101","sector":"760012001110320001","pcode":"CO76001","area_m2":35932}},{"type":"Polygon","arcs":[[2593]],"properties":{"codigo":"76001200102002000101","sector":"760012001020020001","pcode":"CO76001","area_m2":411404}},{"type":"Polygon","arcs":[[2594,2595]],"properties":{"codigo":"76001200602012000201","sector":"760012006020120002","pcode":"CO76001","area_m2":265064}},{"type":"Polygon","arcs":[[2596,2597,2598,2599]],"properties":{"codigo":"76001200105003000101","sector":"760012001050030001","pcode":"CO76001","area_m2":132323}},{"type":"Polygon","arcs":[[2600,-2598,2601,2602]],"properties":{"codigo":"76001200105037000101","sector":"760012001050370001","pcode":"CO76001","area_m2":23629}},{"type":"Polygon","arcs":[[-2500,-2508,2603,2604,2605,2606]],"properties":{"codigo":"76001200401005000101","sector":"760012004010050001","pcode":"CO76001","area_m2":344683}},{"type":"Polygon","arcs":[[2607]],"properties":{"codigo":"76001200104006000101","sector":"760012001040060001","pcode":"CO76001","area_m2":103400}},{"type":"Polygon","arcs":[[2608]],"properties":{"codigo":"76001200101007000101","sector":"760012001010070001","pcode":"CO76001","area_m2":148804}},{"type":"Polygon","arcs":[[2609,2610,-2104,2611]],"properties":{"codigo":"76001200401059000102","sector":"760012004010590001","pcode":"CO76001","area_m2":106784}},{"type":"Polygon","arcs":[[2612]],"properties":{"codigo":"76001200202008000101","sector":"760012002020080001","pcode":"CO76001","area_m2":124667}},{"type":"Polygon","arcs":[[2613]],"properties":{"codigo":"76001200603038000101","sector":"760012006030380001","pcode":"CO76001","area_m2":89393}},{"type":"Polygon","arcs":[[2614]],"properties":{"codigo":"76001200103009000101","sector":"760012001030090001","pcode":"CO76001","area_m2":208273}},{"type":"Polygon","arcs":[[2615]],"properties":{"codigo":"76001200301010000101","sector":"760012003010100001","pcode":"CO76001","area_m2":35573}},{"type":"Polygon","arcs":[[-2595,2616,-2585,2617]],"properties":{"codigo":"76001200602012000101","sector":"760012006020120001","pcode":"CO76001","area_m2":363212}},{"type":"Polygon","arcs":[[2618]],"properties":{"codigo":"76001200306014000101","sector":"760012003060140001","pcode":"CO76001","area_m2":274259}},{"type":"Polygon","arcs":[[2619,2620,2621,2622,2623,-2095]],"properties":{"codigo":"76001200105016000101","sector":"760012001050160001","pcode":"CO76001","area_m2":252167}},{"type":"Polygon","arcs":[[-2602,-2597,2624]],"properties":{"codigo":"76001200105028000101","sector":"760012001050280001","pcode":"CO76001","area_m2":89117}},{"type":"Polygon","arcs":[[-2096,-2624,2625]],"properties":{"codigo":"76001200105016000103","sector":"760012001050160001","pcode":"CO76001","area_m2":347653}},{"type":"Polygon","arcs":[[2626]],"properties":{"codigo":"76001200405020000101","sector":"760012004050200001","pcode":"CO76001","area_m2":11890}},{"type":"Polygon","arcs":[[-2093,2627]],"properties":{"codigo":"76001200105022000101","sector":"760012001050220001","pcode":"CO76001","area_m2":31705}},{"type":"Polygon","arcs":[[2628,2629,2630]],"properties":{"codigo":"76001200105023000101","sector":"760012001050230001","pcode":"CO76001","area_m2":487673}},{"type":"Polygon","arcs":[[2631]],"properties":{"codigo":"76001200605024000101","sector":"760012006050240001","pcode":"CO76001","area_m2":128526}},{"type":"Polygon","arcs":[[2632,2633,2634,2635]],"properties":{"codigo":"76001200301025000101","sector":"760012003010250001","pcode":"CO76001","area_m2":420201}},{"type":"Polygon","arcs":[[-2599,-2601,2636]],"properties":{"codigo":"76001200105026000101","sector":"760012001050260001","pcode":"CO76001","area_m2":40310}},{"type":"Polygon","arcs":[[-2501,-2607,2637,2638,2639,2640,-2541,-2532]],"properties":{"codigo":"76001200401027000101","sector":"760012004010270001","pcode":"CO76001","area_m2":262366}},{"type":"MultiPolygon","arcs":[[[2641]],[[2642]]],"properties":{"codigo":"76001200501029000101","sector":"760012005010290001","pcode":"CO76001","area_m2":103281}},{"type":"Polygon","arcs":[[-2606,2643,2644,-2638]],"properties":{"codigo":"76001200401030000101","sector":"760012004010300001","pcode":"CO76001","area_m2":98507}},{"type":"Polygon","arcs":[[-2605,2645,-2644]],"properties":{"codigo":"76001200401031000101","sector":"760012004010310001","pcode":"CO76001","area_m2":94252}},{"type":"Polygon","arcs":[[-2353,-2346,-2592,2646]],"properties":{"codigo":"76001200111032000102","sector":"760012001110320001","pcode":"CO76001","area_m2":30209}},{"type":"Polygon","arcs":[[2647]],"properties":{"codigo":"76001200605034000101","sector":"760012006050340001","pcode":"CO76001","area_m2":37564}},{"type":"Polygon","arcs":[[-2635,2648,-2570,2649]],"properties":{"codigo":"76001200301044000102","sector":"760012003010440001","pcode":"CO76001","area_m2":102970}},{"type":"MultiPolygon","arcs":[[[2650,-2107]],[[2651]]],"properties":{"codigo":"76001200401035000101","sector":"760012004010350001","pcode":"CO76001","area_m2":218698}},{"type":"Polygon","arcs":[[2652]],"properties":{"codigo":"76001200502036000101","sector":"760012005020360001","pcode":"CO76001","area_m2":102971}},{"type":"Polygon","arcs":[[2653]],"properties":{"codigo":"76001200603041000101","sector":"760012006030410001","pcode":"CO76001","area_m2":94260}},{"type":"Polygon","arcs":[[2654]],"properties":{"codigo":"76001200602042000101","sector":"760012006020420001","pcode":"CO76001","area_m2":112040}},{"type":"Polygon","arcs":[[-2100,2655]],"properties":{"codigo":"76001200301043000101","sector":"760012003010430001","pcode":"CO76001","area_m2":123870}},{"type":"Polygon","arcs":[[2656,-2636,-2650,-2569,-2563,-2554,2657]],"properties":{"codigo":"76001200301044000101","sector":"760012003010440001","pcode":"CO76001","area_m2":143829}},{"type":"Polygon","arcs":[[-2633,-2657,2658]],"properties":{"codigo":"76001200301044000103","sector":"760012003010440001","pcode":"CO76001","area_m2":91054}},{"type":"Polygon","arcs":[[2659]],"properties":{"codigo":"76001200301053000101","sector":"760012003010530001","pcode":"CO76001","area_m2":353494}},{"type":"Polygon","arcs":[[-2622,2660,-2630,2661]],"properties":{"codigo":"76001200104045000101","sector":"760012001040450001","pcode":"CO76001","area_m2":317625}},{"type":"Polygon","arcs":[[2662]],"properties":{"codigo":"76001200104048000101","sector":"760012001040480001","pcode":"CO76001","area_m2":6990}},{"type":"Polygon","arcs":[[2663]],"properties":{"codigo":"76001200401052000101","sector":"760012004010520001","pcode":"CO76001","area_m2":457654}},{"type":"Polygon","arcs":[[2664,-2631,-2661,-2621]],"properties":{"codigo":"76001200105056000101","sector":"760012001050560001","pcode":"CO76001","area_m2":227687}},{"type":"Polygon","arcs":[[2665,-2105,-2611,2666]],"properties":{"codigo":"76001200401057000101","sector":"760012004010570001","pcode":"CO76001","area_m2":73681}},{"type":"Polygon","arcs":[[2667,2668]],"properties":{"codigo":"76001200401058000101","sector":"760012004010580001","pcode":"CO76001","area_m2":53016}},{"type":"Polygon","arcs":[[2669,2670,-562,-577,-2361]],"properties":{"codigo":"76001200201061000102","sector":"760012002010610001","pcode":"CO76001","area_m2":63451}},{"type":"Polygon","arcs":[[-2545,2671,-2640,2672,-2669,2673,-2667,-2610,2674]],"properties":{"codigo":"76001200401060000101","sector":"760012004010600001","pcode":"CO76001","area_m2":326175}},{"type":"Polygon","arcs":[[-2539,-2542,-2641,-2672,-2544]],"properties":{"codigo":"76001200401060000102","sector":"760012004010600001","pcode":"CO76001","area_m2":236951}},{"type":"Polygon","arcs":[[2675,-563,-2671]],"properties":{"codigo":"76001200201061000101","sector":"760012002010610001","pcode":"CO76001","area_m2":85224}},{"type":"Polygon","arcs":[[2676,2677]],"properties":{"codigo":"76001200103062000101","sector":"760012001030620001","pcode":"CO76001","area_m2":84758}},{"type":"Polygon","arcs":[[-2677,2678]],"properties":{"codigo":"76001200103062000102","sector":"760012001030620001","pcode":"CO76001","area_m2":80840}},{"type":"Polygon","arcs":[[-2050,-1440,-1430,2679,2680,-1425,-2462]],"properties":{"codigo":"76001100000000140202","sector":"760011000000001402","pcode":"CO76001","area_m2":279491}},{"type":"Polygon","arcs":[[2681]],"properties":{"codigo":"76001100000000170704","sector":"760011000000001707","pcode":"CO76001","area_m2":333773}},{"type":"Polygon","arcs":[[-1429,-1439,2682,-2680]],"properties":{"codigo":"76001100000000140205","sector":"760011000000001402","pcode":"CO76001","area_m2":59892}},{"type":"Polygon","arcs":[[2683,2684,-1768,2685]],"properties":{"codigo":"76001100000000173610","sector":"760011000000001736","pcode":"CO76001","area_m2":224640}},{"type":"Polygon","arcs":[[2686,2687,-2684]],"properties":{"codigo":"76001100000000170705","sector":"760011000000001707","pcode":"CO76001","area_m2":871879}},{"type":"Polygon","arcs":[[2688,-1676,-2489,-2496,-2524,-1769,-2685,-2688]],"properties":{"codigo":"76001100000000170703","sector":"760011000000001707","pcode":"CO76001","area_m2":1423192}}]}},"arcs":[[[4873,4133],[2,-26]],[[4875,4107],[5,-58]],[[4880,4049],[-103,64],[-37,26]],[[4740,4139],[0,3]],[[4740,4142],[133,-9]],[[6058,5134],[-23,-62]],[[6035,5072],[-16,-39]],[[6019,5033],[-152,41]],[[5867,5074],[25,58]],[[5892,5132],[17,40]],[[5909,5172],[149,-38]],[[7889,6685],[-249,23]],[[7640,6708],[10,69]],[[7650,6777],[5,33]],[[7655,6810],[103,-11],[147,-10]],[[7905,6789],[-10,-69]],[[7895,6720],[-6,-35]],[[6099,5170],[-7,-18],[-27,-1],[-7,-17]],[[5909,5172],[18,42]],[[5927,5214],[172,-44]],[[5770,4218],[-7,-85]],[[5763,4133],[-165,7]],[[5598,4140],[8,86]],[[5606,4226],[164,-8]],[[7343,7519],[-42,75]],[[7301,7594],[99,25],[54,19]],[[7454,7638],[37,-69]],[[7491,7569],[-89,-25],[-59,-25]],[[6521,3853],[-142,2]],[[6379,3855],[4,70]],[[6383,3925],[141,-2]],[[6524,3923],[-3,-70]],[[6621,3852],[-100,1]],[[6524,3923],[0,19]],[[6524,3942],[100,-1]],[[6624,3941],[-3,-89]],[[7460,7307],[-29,57]],[[7431,7364],[143,49]],[[7574,7413],[19,-28],[21,-42]],[[7614,7343],[-154,-36]],[[6524,3942],[3,86]],[[6527,4028],[14,1],[98,28]],[[6639,4057],[-15,-116]],[[7431,7364],[-24,42]],[[7407,7406],[74,24],[-19,37],[70,24]],[[7532,7491],[20,-35]],[[7552,7456],[22,-43]],[[9763,5930],[7,-16]],[[9770,5914],[-124,-76]],[[9646,5838],[-89,92]],[[9557,5930],[107,0]],[[9664,5930],[99,0]],[[9866,6014],[-134,-20]],[[9732,5994],[-26,56]],[[9706,6050],[143,21]],[[9849,6071],[17,-57]],[[9875,5979],[-105,-65]],[[9763,5930],[-31,64]],[[9866,6014],[9,-35]],[[7407,7406],[-21,35]],[[7386,7441],[-43,78]],[[7491,7569],[41,-78]],[[7186,4912],[-37,31]],[[7149,4943],[-36,30]],[[7113,4973],[80,60]],[[7193,5033],[76,58],[73,-61]],[[7342,5030],[-156,-118]],[[7311,5122],[72,-60]],[[7383,5062],[-41,-32]],[[7193,5033],[-81,67]],[[7112,5100],[118,89]],[[7230,5189],[81,-67]],[[7113,4973],[-99,82]],[[7014,5055],[-55,46]],[[6959,5101],[79,61],[74,-62]],[[9923,5746],[-39,-100],[-82,6]],[[9802,5652],[13,102]],[[9815,5754],[108,-8]],[[7445,7655],[9,-17]],[[7301,7594],[-44,-12],[-17,52],[-15,27]],[[7225,7661],[21,13],[166,42]],[[7412,7716],[33,-61]],[[5311,3715],[14,-33],[31,-95]],[[5356,3587],[14,-50]],[[5370,3537],[-124,-41],[-93,-33],[-45,-11]],[[5108,3452],[3,72],[7,23]],[[5118,3547],[21,62],[22,112],[150,-6]],[[5021,4009],[-96,4]],[[4925,4013],[-10,13],[-35,23]],[[4875,4107],[94,-6]],[[4969,4101],[-5,-53],[60,-4],[-3,-35]],[[5057,4007],[-36,2]],[[4969,4101],[196,-13],[12,-85],[-120,4]],[[5052,3942],[-100,3]],[[4952,3945],[-27,68]],[[5057,4007],[-5,-65]],[[5288,4713],[-53,-5],[3,-25],[-93,-9]],[[5145,4674],[-13,85]],[[5132,4759],[-3,19]],[[5129,4778],[110,14]],[[5239,4792],[82,14]],[[5321,4806],[-33,-93]],[[6240,5139],[-40,-114]],[[6200,5025],[-88,24],[-9,6],[-68,17]],[[6099,5170],[47,-11],[12,36]],[[6158,5195],[92,-28],[-10,-28]],[[5421,4895],[96,-25]],[[5517,4870],[-15,-39]],[[5502,4831],[-181,-25]],[[5321,4806],[41,103]],[[5362,4909],[59,-14]],[[5277,4932],[85,-23]],[[5239,4792],[-4,63],[-121,0]],[[5114,4855],[-1,12]],[[5113,4867],[-8,66]],[[5105,4933],[-1,37]],[[5104,4970],[26,0],[147,-38]],[[5129,4778],[-7,32]],[[5122,4810],[-8,45]],[[4965,4872],[2,-49],[155,-13]],[[5132,4759],[-283,23]],[[4849,4782],[13,100],[103,-10]],[[4965,4872],[90,-8],[58,3]],[[4968,4947],[137,-14]],[[4849,4782],[-35,3]],[[4814,4785],[17,115]],[[4831,4900],[8,61],[129,-14]],[[7979,5598],[-19,-58],[48,-5],[0,-7],[-53,-34]],[[7955,5494],[-78,67]],[[7877,5561],[67,41]],[[7944,5602],[35,-4]],[[8515,5875],[-21,8],[-10,-16],[-87,36],[-35,-53],[16,-6]],[[8378,5844],[-10,-15],[-27,12]],[[8341,5841],[5,16],[63,104]],[[8409,5961],[128,-52]],[[8537,5909],[-22,-34]],[[8589,5986],[-52,-77]],[[8409,5961],[20,27],[52,36]],[[8481,6024],[19,-39],[89,1]],[[7503,5276],[-83,-65],[-19,-9],[-10,-18]],[[7391,5184],[-81,65],[11,8]],[[7321,5257],[106,82]],[[7427,5339],[37,-31],[84,65]],[[7548,5373],[40,-33]],[[7588,5340],[-85,-64]],[[8659,6116],[1,-32]],[[8660,6084],[-12,0],[-29,-49],[-143,-3]],[[8476,6032],[-8,30],[11,11],[72,27],[46,-1],[1,13],[61,4]],[[7458,4999],[-75,63]],[[7383,5062],[102,76],[95,74]],[[7580,5212],[7,-6]],[[7587,5206],[68,-57]],[[7655,5149],[-197,-150]],[[7311,5122],[80,62]],[[7503,5276],[77,-64]],[[9780,5894],[31,-66],[97,29],[17,-77],[-2,-34]],[[9815,5754],[3,20],[-55,5]],[[9763,5779],[-11,20]],[[9752,5799],[15,11],[7,64],[6,20]],[[9779,5564],[-44,20]],[[9735,5584],[6,23],[22,172]],[[9802,5652],[-8,-59],[-15,-29]],[[9830,5475],[-71,6]],[[9759,5481],[-34,3]],[[9725,5484],[16,25],[-13,5],[7,70]],[[9779,5564],[-8,-13],[67,-28],[-8,-48]],[[7494,4223],[-6,24],[-21,-23],[-59,-43],[-100,87]],[[7308,4268],[64,47],[98,69],[77,-70]],[[7547,4314],[16,-12]],[[7563,4302],[-69,-79]],[[6300,6469],[-10,4],[-119,5],[-27,-4]],[[6144,6474],[-53,-1]],[[6091,6473],[-6,36],[-24,92]],[[6061,6601],[42,2],[142,14]],[[6245,6617],[15,-52],[4,0],[28,-64],[8,-32]],[[5598,4140],[-1,-10]],[[5597,4130],[-40,2],[-1,-12],[-129,8],[-6,5]],[[5421,4133],[-24,52],[5,55]],[[5402,4240],[204,-14]],[[5551,5417],[-191,46]],[[5360,5463],[51,93]],[[5411,5556],[65,-9]],[[5476,5547],[117,-18]],[[5593,5529],[1,0]],[[5594,5529],[-43,-112]],[[5829,6079],[-4,-12],[11,-34],[-5,-9],[18,-68],[15,-31],[43,-45],[0,-12]],[[5907,5868],[-25,-82],[1,-5]],[[5883,5781],[-101,11],[-93,24]],[[5689,5816],[56,150]],[[5745,5966],[51,138]],[[5796,6104],[33,-25]],[[5515,5317],[-180,40],[-27,8]],[[5308,5365],[24,48]],[[5332,5413],[28,50]],[[5551,5417],[-36,-100]],[[5332,5413],[-108,40],[-157,62]],[[5067,5515],[25,49]],[[5092,5564],[13,30],[-5,2],[30,62],[8,5]],[[5138,5663],[167,-65]],[[5305,5598],[106,-42]],[[5308,5365],[-200,78]],[[5108,5443],[-54,21]],[[5054,5464],[-7,4],[20,47]],[[5308,5365],[-28,-51]],[[5280,5314],[-30,12],[3,5],[-171,68],[26,44]],[[5203,5220],[-126,-126]],[[5077,5094],[-14,77],[-7,25]],[[5056,5196],[-1,72]],[[5055,5268],[24,-6],[124,-42]],[[6429,4549],[-16,-46],[-37,-38],[-32,-14],[-46,4]],[[6298,4455],[15,207]],[[6313,4662],[32,-8],[73,-1],[33,20]],[[6451,4673],[-6,-56],[-16,-68]],[[5829,6079],[4,-4],[247,-61]],[[6080,6014],[6,-13]],[[6086,6001],[-17,-38],[-97,-55],[-44,10],[-21,-50]],[[7663,7611],[-2,-11],[-21,-4],[-8,7],[-141,-34]],[[7445,7655],[173,42]],[[7618,7697],[26,-78],[19,-8]],[[5305,5598],[8,17],[-17,31],[143,81]],[[5439,5727],[84,47],[6,-5]],[[5529,5769],[-48,-88],[49,-12],[-54,-122]],[[7412,7716],[186,46]],[[7598,7762],[20,-65]],[[6639,5873],[-54,5],[-1,-5],[-80,7]],[[6504,5880],[-16,6],[-82,93]],[[6406,5979],[48,27],[16,5],[165,7],[24,0]],[[6659,6018],[-8,-48]],[[6651,5970],[-12,-97]],[[7598,7762],[188,50]],[[7786,7812],[136,31]],[[7922,7843],[14,-36]],[[7936,7807],[43,-112],[1,-7]],[[7980,7688],[-143,-33]],[[7837,7655],[-174,-44]],[[8120,7600],[-23,-6]],[[8097,7594],[-70,-19],[-151,-36]],[[7876,7539],[-39,116]],[[7980,7688],[97,24]],[[8077,7712],[43,-112]],[[7936,7807],[101,25]],[[8037,7832],[47,-118]],[[8084,7714],[-7,-2]],[[7427,5339],[-120,100]],[[7307,5439],[3,1]],[[7310,5440],[80,64]],[[7390,5504],[158,-131]],[[8165,7808],[25,-67]],[[8190,7741],[-106,-27]],[[8037,7832],[-13,37]],[[8024,7869],[39,9],[6,-16],[37,-31],[15,-35],[44,12]],[[8452,7901],[-114,-27]],[[8338,7874],[-25,67]],[[8313,7941],[112,27],[-2,5]],[[8423,7973],[35,3]],[[8458,7976],[21,-66],[-9,-12],[-18,3]],[[7786,7812],[-46,143]],[[7740,7955],[163,37]],[[7903,7992],[7,-14],[31,-24],[11,-27]],[[7952,7927],[-58,-13],[21,-65],[7,-6]],[[5883,5781],[4,-10],[-40,-98]],[[5847,5673],[-71,-175]],[[5776,5498],[0,0]],[[5776,5498],[-182,31]],[[5593,5529],[20,56],[4,77],[18,46],[16,33]],[[5651,5741],[19,25],[19,50]],[[7740,7955],[-12,35],[-15,28],[-17,21],[-37,34]],[[7659,8073],[76,45]],[[7735,8118],[80,-58],[34,-29],[54,-39]],[[7952,7927],[28,8],[6,-15]],[[7986,7920],[28,-26],[10,-25]],[[8529,7701],[2,5],[-53,132]],[[8478,7838],[97,23]],[[8575,7861],[29,-76],[-10,-2],[23,-61]],[[8617,7722],[-88,-21]],[[8609,7870],[-34,-9]],[[8478,7838],[-26,63]],[[8458,7976],[123,30]],[[8581,8006],[33,-79],[-24,-7],[19,-50]],[[6745,5439],[-35,-1]],[[6710,5438],[2,25],[-24,44],[7,57]],[[6695,5564],[9,73]],[[6704,5637],[96,-4],[-2,-25],[81,-4]],[[6879,5604],[-5,-47]],[[6874,5557],[-15,-112]],[[6859,5445],[-1,0]],[[6858,5445],[-113,-6]],[[6889,5692],[-10,-88]],[[6704,5637],[11,92],[4,51]],[[6719,5780],[181,-12]],[[6900,5768],[-11,-76]],[[6719,5780],[-94,6]],[[6625,5786],[13,82]],[[6638,5868],[11,1],[171,-15]],[[6820,5854],[89,-7]],[[6909,5847],[-9,-79]],[[5651,5741],[-88,90]],[[5563,5831],[6,52],[4,106]],[[5573,5989],[77,-1],[95,-22]],[[7087,5676],[-12,-115]],[[7075,5561],[-99,9],[-2,-22],[-100,9]],[[6889,5692],[198,-16]],[[8383,5671],[-6,-10]],[[8377,5661],[-6,-15]],[[8371,5646],[-112,77]],[[8259,5723],[-30,20]],[[8229,5743],[61,48],[27,-15],[18,30],[6,35]],[[8378,5844],[16,-7],[-24,-38],[20,-9],[-40,-62],[33,-57]],[[7664,7247],[-50,96]],[[7552,7456],[49,15],[275,68]],[[7876,7539],[49,-123]],[[7925,7416],[-5,-2],[-178,-41],[-15,-18],[28,-85]],[[7755,7270],[-91,-23]],[[7429,4707],[70,-62]],[[7499,4645],[-84,-62]],[[7415,4583],[-70,63]],[[7345,4646],[84,61]],[[7669,4497],[-62,-97]],[[7607,4400],[-99,84]],[[7508,4484],[46,34],[3,-3],[49,36]],[[7606,4551],[63,-54]],[[8829,7721],[-38,28],[-34,5],[-71,-16]],[[8686,7738],[-69,-16]],[[8609,7870],[148,36]],[[8757,7906],[13,-34]],[[8770,7872],[17,-42]],[[8787,7830],[17,-43]],[[8804,7787],[25,-66]],[[6957,7321],[-73,-19],[-176,-68],[8,-15]],[[6716,7219],[-67,-12],[-38,82]],[[6611,7289],[128,59],[55,31]],[[6794,7379],[36,22]],[[6830,7401],[78,44]],[[6908,7445],[9,-21],[40,-103]],[[6957,7321],[75,20]],[[7032,7341],[21,-52]],[[7053,7289],[-108,-26],[-103,-20]],[[6842,7243],[-126,-24]],[[8221,8810],[-15,-23],[-55,22],[-23,-34]],[[8128,8775],[-59,24],[-8,-12]],[[8061,8787],[-55,25],[8,12]],[[8014,8824],[49,67]],[[8063,8891],[53,-24]],[[8116,8867],[112,-46]],[[8228,8821],[-7,-11]],[[8315,8772],[-39,-59],[-10,-8]],[[8266,8705],[-91,36]],[[8175,8741],[8,11],[-55,23]],[[8221,8810],[94,-38]],[[6909,5847],[35,-3]],[[6944,5844],[100,-8]],[[7044,5836],[-12,-96],[8,-1],[-5,-35],[54,-5],[-2,-23]],[[7161,5670],[-3,0]],[[7158,5670],[-71,6]],[[7044,5836],[57,-5]],[[7101,5831],[80,-6]],[[7181,5825],[-7,-57]],[[7174,5768],[-13,-98]],[[8400,8823],[3,12],[-131,54]],[[8272,8889],[30,47]],[[8302,8936],[135,-55],[46,-18]],[[8483,8863],[-20,-14],[-63,-26]],[[7867,8564],[-12,-23]],[[7855,8541],[-67,-78]],[[7788,8463],[-162,39]],[[7626,8502],[96,120]],[[7722,8622],[82,-41],[8,10],[55,-27]],[[7900,8600],[-33,-36]],[[7722,8622],[25,31]],[[7747,8653],[82,-41],[47,59]],[[7876,8671],[35,-41],[0,-17],[-11,-13]],[[7747,8653],[70,90]],[[7817,8743],[59,-72]],[[7643,5384],[-39,34]],[[7604,5418],[72,54],[-39,31],[35,28],[-120,96]],[[7552,5627],[21,15]],[[7573,5642],[13,10]],[[7586,5652],[108,-87],[93,-73]],[[7787,5492],[-69,-53]],[[7718,5439],[-55,-39]],[[7663,5400],[-20,-16]],[[7500,4491],[8,-7]],[[7607,4400],[-51,-76],[-9,-10]],[[7308,4268],[-149,129]],[[7159,4397],[20,14]],[[7179,4411],[141,103]],[[7320,4514],[99,-83],[81,60]],[[7566,4586],[40,-35]],[[7500,4491],[-96,84]],[[7404,4575],[11,8]],[[7499,4645],[67,-59]],[[7320,4514],[84,61]],[[7664,7247],[-153,-40],[-128,-32]],[[7383,7175],[-122,-31]],[[7261,7144],[-15,39],[45,11],[-25,62]],[[7266,7256],[89,24]],[[7355,7280],[105,27]],[[6059,7018],[30,-48],[-5,-2],[24,-39]],[[6108,6929],[38,-71],[24,-53]],[[6170,6805],[-58,-18],[-109,-25]],[[6003,6762],[-40,112],[-37,91]],[[5926,6965],[13,4],[34,43],[56,55]],[[6029,7067],[-7,-14],[26,-11],[11,-24]],[[8076,8532],[-40,-64]],[[8036,8468],[-91,29],[27,31],[-49,23]],[[7923,8551],[28,32],[125,-51]],[[8605,7057],[-53,20],[-20,-28]],[[8532,7049],[-52,4],[1,10]],[[8481,7063],[9,73],[84,-7]],[[8574,7129],[69,-4]],[[8643,7125],[-32,-51],[-6,-17]],[[6059,7018],[48,12],[22,17],[149,67]],[[6278,7114],[30,-64]],[[6308,7050],[23,-41]],[[6331,7009],[-180,-63],[-43,-17]],[[6331,7009],[0,-4],[42,-75],[31,-64]],[[6404,6866],[-90,-25]],[[6314,6841],[-144,-36]],[[6739,6964],[-32,13],[-19,24]],[[6688,7001],[34,7],[-27,69],[187,37]],[[6882,7114],[20,-60]],[[6902,7054],[-49,-12],[-18,-9],[-29,-43],[-15,-15],[-26,-11],[-26,0]],[[7261,7144],[-84,-19]],[[7177,7125],[-114,-28],[-33,-11],[-128,-32]],[[6882,7114],[-13,43]],[[6869,7157],[249,63]],[[7118,7220],[120,29]],[[7238,7249],[28,7]],[[6241,6636],[4,-19]],[[6061,6601],[-46,-4]],[[6015,6597],[-39,122],[-15,37]],[[5961,6756],[42,6]],[[6170,6805],[35,-86],[11,-20],[25,-63]],[[7172,6635],[30,-108]],[[7202,6527],[20,-68]],[[7222,6459],[-88,12]],[[7134,6471],[-138,26]],[[6996,6497],[45,134]],[[7041,6631],[52,-4],[79,8]],[[6869,7157],[-27,86]],[[7053,7289],[14,-35],[35,8],[16,-42]],[[8107,6696],[-97,15],[-115,9]],[[7905,6789],[3,25]],[[7908,6814],[76,-7],[145,-24]],[[8129,6783],[-22,-87]],[[7250,6364],[-55,19]],[[7195,6383],[-87,31]],[[7108,6414],[26,57]],[[7222,6459],[13,-48]],[[7235,6411],[15,-47]],[[6620,8380],[-1,-4]],[[6619,8376],[-30,-68]],[[6589,8308],[-17,-35]],[[6572,8273],[-188,53],[-71,3]],[[6313,8329],[-6,0],[2,83]],[[6309,8412],[48,4],[58,-7],[68,-19],[10,27],[127,-37]],[[8066,6505],[-53,4],[-46,0],[0,4],[-102,9]],[[7865,6522],[11,77]],[[7876,6599],[4,21]],[[7880,6620],[71,-7],[26,-8],[104,-16]],[[8081,6589],[-10,-41],[-5,-43]],[[6308,7050],[48,19],[124,53]],[[6480,7122],[20,-27],[25,-46],[64,-141]],[[6589,6908],[-130,-27]],[[6459,6881],[-55,-15]],[[7195,6383],[-117,-139],[-29,-38],[-20,-3]],[[7029,6203],[-51,56]],[[6978,6259],[24,28]],[[7002,6287],[106,127]],[[7250,6364],[33,-99],[1,-10]],[[7284,6255],[28,-80]],[[7312,6175],[-99,-21],[-9,28],[-81,-18],[24,-77]],[[7147,6087],[-58,49],[-60,67]],[[6278,7114],[41,19],[-21,35]],[[6298,7168],[53,23],[221,83]],[[6572,7274],[23,-101]],[[6595,7173],[-115,-51]],[[6420,7766],[-34,4],[3,35],[-12,16],[-26,19],[-29,8],[-40,4]],[[6282,7852],[-3,18]],[[6279,7870],[-19,77],[7,33],[54,118]],[[6321,8098],[153,-43]],[[6474,8055],[-12,-27]],[[6462,8028],[-26,-56]],[[6436,7972],[3,-12],[-10,-27],[-14,-84],[5,-83]],[[7235,6411],[75,17],[101,28]],[[7411,6456],[65,-150]],[[7476,6306],[-163,-44],[-29,-7]],[[6183,7613],[236,45],[30,-54]],[[6449,7604],[-27,-44],[-10,-35],[-144,-28]],[[6268,7497],[-49,-9],[-36,125]],[[6321,8098],[18,40]],[[6339,8138],[24,54]],[[6363,8192],[9,4],[-23,32],[-28,63]],[[6321,8291],[-8,38]],[[6572,8273],[-52,-121]],[[6520,8152],[-46,-97]],[[5697,6674],[8,-27],[3,-47]],[[5708,6600],[-153,1],[-46,10]],[[5509,6611],[6,31],[-4,113]],[[5511,6755],[77,4],[29,20],[32,11]],[[5649,6790],[18,-36],[30,-80]],[[7655,6810],[17,115]],[[7672,6925],[124,-2],[165,-9]],[[7961,6914],[-48,-83],[-5,-17]],[[7239,8299],[-183,86]],[[7056,8385],[62,78]],[[7118,8463],[41,60]],[[7159,8523],[126,-61],[-42,-59],[79,-36]],[[7322,8367],[-33,-47],[-22,10],[-28,-31]],[[7961,6914],[104,1],[96,6]],[[8161,6921],[-14,-64],[-18,-74]],[[6309,8412],[2,37],[8,31]],[[6319,8480],[14,25],[37,36]],[[6370,8541],[26,-2],[92,-24],[172,-50]],[[6660,8465],[-40,-85]],[[7324,8258],[-85,41]],[[7322,8367],[22,-10],[33,45],[108,-49],[-17,-23],[-33,-29],[-26,-16],[-44,-18],[-41,-9]],[[7880,6620],[9,65]],[[8107,6696],[-26,-107]],[[5996,1839],[-149,-5],[-104,-34],[-262,-17]],[[5481,1783],[-15,100],[-11,91],[-73,-3],[-3,46]],[[5379,2017],[75,2],[204,10]],[[5658,2029],[109,7]],[[5767,2036],[255,10]],[[6022,2046],[-8,-83],[-18,-124]],[[6383,3925],[7,83]],[[6390,4008],[31,11],[20,-1],[7,10]],[[6448,4028],[79,0]],[[5630,4491],[-9,-100]],[[5621,4391],[-155,-8]],[[5466,4383],[1,55]],[[5467,4438],[40,-1],[0,54]],[[5507,4491],[30,0],[1,97],[114,21],[24,-6]],[[5676,4603],[-46,-112]],[[4423,6999],[32,10],[7,-60],[-38,-8]],[[4424,6941],[-55,-3],[-33,-10],[-88,-12],[-40,1],[-28,-4]],[[4180,6913],[-1,23]],[[4179,6936],[26,26],[0,18],[15,3]],[[4220,6983],[42,0],[20,9],[21,-4],[48,25],[59,-20],[13,6]],[[6466,7631],[-17,-27]],[[6183,7613],[-50,-9],[-13,7]],[[6120,7611],[50,51]],[[6170,7662],[73,94],[40,71],[-1,25]],[[6420,7766],[20,-74],[12,-26],[17,-22],[-3,-13]],[[4430,7107],[-10,-41],[5,-10],[15,11],[16,-4],[2,-12]],[[4458,7051],[-27,-18],[-9,-18],[1,-16]],[[4220,6983],[-16,5],[-3,15],[-12,-4],[4,21],[-6,20]],[[4187,7040],[35,7],[-7,17],[63,44],[43,8],[26,0],[31,15],[24,23],[11,-2],[2,-42],[15,-3]],[[7238,7249],[-7,41],[-17,41],[8,2],[-27,66]],[[7195,7399],[114,25]],[[7309,7424],[46,-144]],[[6100,7146],[-30,0],[-30,-14],[-23,-18],[35,-13],[-23,-34]],[[5926,6965],[-61,79],[-9,17],[-159,-53]],[[5697,7008],[-3,17],[29,34],[72,51],[24,25]],[[5819,7135],[41,44],[80,84]],[[5940,7263],[29,-27],[69,36]],[[6038,7272],[83,-105],[-21,-21]],[[2811,7463],[12,-24],[20,-28],[-36,-6],[-13,25],[-39,-15],[25,-23],[-7,-5]],[[2773,7387],[-52,44],[-25,42],[-11,-4],[2,17],[-117,-12],[63,22],[-104,24],[63,22],[-23,25],[-39,33],[-1,35],[40,-36],[26,-36],[68,13],[8,11],[7,-23],[31,-15],[16,-23],[39,-38],[47,-25]],[[3091,7160],[28,-28],[52,-42],[69,-29],[54,-37],[21,-10],[85,-28],[8,-19],[12,-3],[42,10],[23,-2],[-11,-31],[29,-5],[16,15],[103,-16],[-6,-24]],[[3616,6911],[8,-17],[-12,-37],[-12,-15],[81,-9],[42,22],[62,1],[11,-10],[24,2],[-12,-20],[13,-15],[23,-3],[31,-25],[6,-24],[-18,-11]],[[3863,6750],[-10,5]],[[3853,6755],[-27,14],[-52,11],[-43,-3],[-50,-19]],[[3681,6758],[-31,5],[-43,16],[-51,8],[-30,0],[-19,11],[-42,-2],[-43,-17],[-41,8],[-32,15],[-39,10],[-50,54],[-18,36],[-53,19],[-45,47],[-31,18],[-51,-39],[-26,-1],[-29,12],[-6,30],[18,24],[7,23],[-14,37],[53,58],[-9,11],[-25,9],[-29,27],[-7,21],[-18,10]],[[2977,7208],[23,5],[30,-13],[11,-22],[14,6],[9,-14],[19,8],[8,-18]],[[5725,7407],[10,-12],[32,-15],[0,-29],[20,-6],[39,22],[7,-1],[-2,-31],[44,-12],[65,-60]],[[5819,7135],[-79,48],[-26,-30],[-20,11],[-1,19],[-21,-1],[-20,11],[-6,85]],[[5646,7278],[8,21],[18,17],[6,26],[-10,22],[-23,16],[-2,25],[7,24],[-2,16],[-31,33]],[[5617,7478],[53,-24],[20,0],[23,-10],[-3,-22],[15,-15]],[[4085,7064],[-79,6],[-15,-66],[-22,-2],[-17,6],[18,-24],[-20,4],[10,-14],[-2,-17]],[[3958,6957],[-39,1],[-3,10],[-59,1],[-27,-3],[-18,5]],[[3812,6971],[-25,5],[2,7],[36,-3],[5,10],[20,-1],[-6,22],[30,3],[-27,6],[-32,14],[-9,17],[1,33],[-12,9]],[[3795,7093],[-19,19],[-2,12],[51,-8],[11,-9],[22,1],[24,-28],[33,42],[-8,23],[37,12],[12,18],[24,-16],[20,-27],[20,1],[19,-15],[24,-29],[12,-4],[10,-21]],[[3958,6957],[166,-21],[55,0]],[[4180,6913],[-16,-3],[-14,-64],[-32,15],[-41,-58],[-30,-9],[3,-12]],[[4050,6782],[-53,-20],[-65,-3],[-31,-14],[-24,0]],[[3877,6745],[-14,5]],[[3616,6911],[41,-8],[24,4],[56,19],[58,17]],[[3795,6943],[17,28]],[[4085,7064],[65,-14]],[[4150,7050],[0,-7],[37,-3]],[[4525,6757],[-13,-39],[-12,-20],[-44,-18],[-30,2],[-16,30],[-43,26],[-25,-2],[-38,8],[-30,2],[-57,-4],[-39,-19],[-34,7],[-9,12],[-9,37],[-29,13],[-26,-1],[-21,-9]],[[4424,6941],[7,-41],[43,-61],[15,1],[21,31],[26,10],[92,-15],[16,7],[23,31],[38,16],[56,42],[21,4],[46,-8]],[[4828,6958],[-48,-14],[-17,-8],[-63,-52],[-16,-29],[-10,-6],[-80,-16],[-35,-27],[-19,-4],[-17,-19],[2,-26]],[[4981,6977],[-21,-11],[-59,6],[-38,-3],[-35,-11]],[[4458,7051],[15,-4],[14,-15],[28,9],[16,-8],[-1,-18],[40,13],[5,-13],[41,8],[4,-12],[70,1],[34,12],[83,21],[37,3],[28,-9],[-40,-25],[2,-6],[25,7],[32,-22],[25,2],[38,-6],[27,-12]],[[5056,7009],[-75,-32]],[[4430,7107],[27,61],[32,9],[16,30],[87,-16],[9,9],[28,4],[6,26],[52,10],[16,-4]],[[4703,7236],[22,1],[53,18],[38,5],[25,-4],[43,-22],[20,-14],[-18,-16],[-19,10],[14,-29],[5,-42],[7,-7],[29,-5],[46,-18],[44,-3],[6,-10],[-5,-56],[43,-35]],[[4954,7221],[-14,-9],[10,-30],[55,-42],[24,-32],[-5,-30],[8,-18],[43,-43],[-19,-8]],[[4703,7236],[11,57]],[[4714,7293],[33,-11],[27,14],[40,13],[59,-20],[53,9],[15,10],[0,-14],[32,7],[13,-10],[-2,-25],[-14,-4],[-2,-32],[-14,-9]],[[5242,6724],[-19,-6],[-55,-3],[-24,-7],[-4,-15],[36,-12],[6,-17],[-12,-16],[-7,-35],[-17,-9],[-45,-6]],[[5101,6598],[-43,15],[-19,46],[-52,14],[-19,-9],[-59,-44],[-14,-5]],[[4895,6615],[-15,39],[-62,-18],[-87,-20]],[[4731,6616],[-31,42],[-6,15],[12,25],[-12,7],[-33,-1],[-19,12]],[[4642,6716],[20,6],[23,17],[89,5],[14,17],[-12,14],[7,11],[-5,17],[96,38],[98,37],[59,9],[16,11]],[[5047,6898],[58,-41],[6,-32],[8,-7],[65,-27],[56,-15]],[[5240,6776],[15,-21],[0,-15],[-13,-16]],[[5261,6835],[-1,-54],[-20,-5]],[[5047,6898],[-25,20]],[[5022,6918],[57,61],[26,6],[17,-7],[12,-20],[29,-66],[10,-52],[22,-16],[25,-1],[41,12]],[[5284,7304],[26,-15],[29,0],[57,-31],[-8,-12],[12,-4],[8,-22],[-7,-36]],[[5401,7184],[-29,-5],[-29,-24],[14,-8],[9,-20],[55,2],[6,-7],[-33,-23],[-37,-34],[-10,-17],[9,-15],[-8,-15],[14,2],[26,25],[23,3],[15,-10],[6,-51],[-18,-37],[6,-34],[14,-30],[-24,-1],[-53,-15],[7,-26]],[[5364,6844],[-55,-9],[-48,0]],[[5022,6918],[-17,12]],[[5005,6930],[36,25],[38,43],[-23,11]],[[4954,7221],[1,-4],[67,-68],[6,-1],[34,-33],[12,-41],[34,-17],[31,-21],[3,28],[-6,39],[-19,17],[35,17],[11,-2],[21,-22],[29,6],[-2,12],[-22,20],[10,25],[27,36],[23,10],[26,26],[-12,10],[-5,27],[26,19]],[[5697,7008],[-61,-25],[-23,-13],[-41,-31],[-41,-43],[-17,-24],[-33,-13],[24,-17],[-15,-15]],[[5490,6827],[-62,31],[-17,1],[-47,-15]],[[5401,7184],[21,-2],[24,-13],[10,-14],[39,-10],[45,54],[20,20],[26,48],[7,38],[13,-4],[18,-18],[22,-5]],[[6170,7662],[-178,92],[-15,-18],[-1,-30],[-25,-14],[-21,-50],[0,-31],[-16,-12]],[[5914,7599],[-19,-9],[-3,-19],[-22,15]],[[5870,7586],[26,27],[12,58],[11,-1],[11,36],[23,4],[17,45],[20,9],[-6,8],[23,20],[5,13],[-6,16]],[[6006,7821],[20,1],[-9,33],[4,20],[-9,26],[4,9],[23,-4],[48,-44],[33,-13],[86,-10],[21,4],[38,28],[14,-1]],[[5284,7304],[4,6],[26,-12],[53,6],[35,0],[31,-17],[8,-11],[16,4],[-18,30],[-2,18],[7,29],[-9,33],[37,15],[24,45],[19,28],[18,12],[43,7],[25,-7],[16,-12]],[[5926,6965],[-124,-43]],[[5802,6922],[-53,-22],[-81,-48],[-40,-19]],[[5628,6833],[-56,-12],[-60,-1],[-22,7]],[[5914,7430],[7,-4],[3,-65],[16,-19],[0,-15],[26,-18],[51,-11]],[[6017,7298],[21,-26]],[[5725,7407],[30,6],[39,22],[-9,28],[23,12],[21,19],[-5,35],[30,22],[16,35]],[[5914,7599],[-1,-23]],[[5913,7576],[-10,-18],[-39,-14],[-11,-26],[9,-24],[-8,-33],[23,-11],[6,-10],[31,-10]],[[6530,7342],[-51,-1],[-48,9],[-27,-5],[-18,-15],[-18,-28],[-28,-26],[-49,-22],[-36,-20]],[[6255,7234],[-52,-67],[-23,-14],[-46,-8],[-34,1]],[[6017,7298],[11,16],[20,54],[15,49]],[[6063,7417],[52,-16],[100,-55]],[[6215,7346],[93,-51],[18,9],[41,39],[40,18],[33,4],[87,-9],[3,-14]],[[6064,7509],[-1,-92]],[[5914,7430],[4,23],[-6,9],[10,21],[0,26],[142,0]],[[6562,7341],[-32,1]],[[6215,7346],[82,102],[-5,22],[-18,4],[-6,23]],[[6466,7631],[16,-11]],[[6482,7620],[-5,-13],[4,-29],[53,-138],[24,-59],[14,-12],[-18,-4],[8,-24]],[[6716,7507],[-21,-41],[-44,-36],[-3,-33],[-30,-32],[-27,-15],[-29,-9]],[[6482,7620],[107,-48],[101,-39],[39,114]],[[6729,7647],[50,-32]],[[6779,7615],[-25,-46],[-38,-62]],[[6420,7766],[113,-13],[21,14],[11,-2]],[[6565,7765],[11,-13],[-3,-11],[25,-13],[131,-81]],[[6436,7972],[107,-30],[115,-57]],[[6658,7885],[-46,-57],[-47,-63]],[[7102,7995],[-30,-29],[-20,-27]],[[7052,7939],[-20,-25],[-39,-30]],[[6993,7884],[-13,13],[-70,48],[-47,61],[-22,19],[-53,26]],[[6788,8051],[-103,52]],[[6685,8103],[66,89]],[[6751,8192],[107,-52]],[[6858,8140],[-32,-40],[72,-38],[128,-63]],[[7026,7999],[31,-14],[45,10]],[[6685,8103],[-36,14],[-129,35]],[[6589,8308],[99,-30],[68,-34],[-31,-39],[26,-13]],[[6006,7821],[-49,9],[1,46],[-7,10],[-29,9],[1,31],[13,12],[-3,18],[10,24],[-20,56],[27,39],[27,81],[43,3],[12,6],[79,62]],[[6111,8227],[11,2]],[[6122,8229],[41,-17],[4,-12],[-20,-25],[106,-26],[68,-6],[18,-5]],[[6122,8229],[2,22]],[[6124,8251],[14,12],[18,3],[33,-7],[102,-45],[64,-24],[8,2]],[[6124,8251],[-22,21]],[[6102,8272],[52,9],[30,13],[56,-3],[81,0]],[[6180,8492],[46,-11],[93,-1]],[[6102,8272],[-20,0],[-72,52],[-9,4],[13,110],[9,4],[-8,23]],[[6015,8465],[-1,6],[-30,7],[-26,40],[5,16],[26,-39],[10,-8],[104,-23],[27,7],[50,21]],[[6858,8140],[43,55]],[[6901,8195],[96,-48],[-13,-18],[37,-19],[13,19],[76,-39],[-84,-91]],[[7309,7424],[77,17]],[[7056,8385],[1,-8],[-61,-73],[-8,1]],[[6988,8305],[-134,64],[-194,96]],[[6660,8465],[30,66]],[[6690,8531],[63,-18],[59,-30],[155,-1],[113,1],[38,-20]],[[7324,8258],[-40,-10],[-23,-10],[-31,-22],[-16,-19]],[[7214,8197],[-9,6],[-217,102]],[[5708,6600],[-7,-44]],[[5701,6556],[-49,-1],[-115,-13],[-196,27]],[[5341,6569],[7,72]],[[5348,6641],[27,-1],[1,-13],[73,-2],[60,-14]],[[5241,6487],[-14,-45],[-27,21],[-72,25]],[[5128,6488],[12,19],[42,-10],[59,-10]],[[5335,6520],[-5,-28]],[[5330,6492],[-45,4],[-44,-9]],[[5128,6488],[-63,20]],[[5065,6508],[2,9],[-19,20],[1,9],[31,8],[108,-17],[33,11],[35,-14],[18,0],[61,-14]],[[5341,6569],[-6,-49]],[[5065,6508],[-21,-11]],[[5044,6497],[-19,20],[-12,33],[3,24],[15,12],[70,12]],[[5242,6724],[21,-9],[16,2],[45,18]],[[5324,6735],[7,-30],[62,12],[28,-2],[47,-24],[22,-23],[0,-20],[-102,10],[-32,-1],[-8,-16]],[[5628,6833],[21,-43]],[[5511,6755],[-32,-5],[-70,12],[-85,-27]],[[5701,6556],[0,-84]],[[5701,6472],[-48,-1],[2,9],[-103,11]],[[5552,6491],[-27,2],[0,-7],[-103,-15],[-18,2],[-74,19]],[[5701,6472],[-12,-67],[-8,-19],[-28,-50],[-23,-34]],[[5630,6302],[-103,63],[-18,7]],[[5509,6372],[7,45],[36,74]],[[6091,6473],[-66,-3]],[[6025,6470],[-69,-8],[2,-3],[-57,-15],[-1,3],[-67,-27]],[[5833,6420],[4,89],[6,42],[52,-2],[-6,39]],[[5889,6588],[53,2],[73,7]],[[5889,6588],[-85,-1],[0,10],[-96,3]],[[5697,6674],[47,3],[-4,27],[39,11],[-2,7],[86,16]],[[5863,6738],[98,18]],[[5802,6922],[21,-65],[14,-33],[26,-86]],[[6255,7234],[43,-66]],[[6562,7341],[27,-60]],[[6589,7281],[-17,-7]],[[6611,7289],[-22,-8]],[[6716,7507],[13,-6],[-17,-29],[-24,-32],[22,6],[33,-12],[51,-55]],[[6840,7513],[10,-14]],[[6850,7499],[-24,-15],[-1,-36],[-20,-20],[25,-27]],[[6779,7615],[38,-25],[10,-24],[13,-53]],[[6850,7499],[58,-54]],[[7002,7668],[29,-37],[46,-39]],[[7077,7592],[-48,-52]],[[7029,7540],[-66,-65],[-55,-30]],[[6840,7513],[15,16],[38,8],[38,27],[-63,58],[19,13],[-55,44],[27,30]],[[6859,7709],[25,-1],[30,14],[32,8],[30,22]],[[6976,7752],[13,-12],[-48,-27],[26,-20],[22,-11],[13,-14]],[[7106,7887],[-54,52]],[[7102,7995],[47,55]],[[7149,8050],[29,-28]],[[7178,8022],[-21,-19],[-10,-23],[-21,-17],[35,-32]],[[7161,7931],[-55,-44]],[[7002,7668],[70,39],[66,44]],[[7138,7751],[46,-50]],[[7184,7701],[-11,-18],[-46,-46],[-3,2],[-47,-47]],[[6976,7752],[9,6]],[[6985,7758],[42,28],[-26,24],[42,29]],[[7043,7839],[95,-88]],[[7837,8183],[-87,43]],[[7750,8226],[60,152]],[[7810,8378],[17,45],[-26,6],[20,9],[6,15]],[[7827,8453],[194,-48],[2,-4]],[[8023,8401],[-57,-83]],[[7966,8318],[-23,-34],[-47,-48],[-3,2],[-55,-50],[-1,-5]],[[7195,7399],[-36,-14],[-11,27]],[[7148,7412],[-42,85],[-19,19],[-58,24]],[[7184,7701],[41,-40]],[[7148,7412],[-106,-47],[14,-19],[-24,-5]],[[7184,7701],[77,65],[111,82]],[[7372,7848],[81,63],[57,46]],[[7510,7957],[32,-45],[56,-150]],[[7214,7883],[-21,-19],[57,-53],[36,26],[38,40]],[[7324,7877],[48,-29]],[[7043,7839],[63,48]],[[7161,7931],[53,-48]],[[7214,7883],[42,36]],[[7256,7919],[68,-42]],[[7256,7919],[86,79],[67,64]],[[7409,8062],[49,-43],[52,-62]],[[7178,8022],[139,108]],[[7317,8130],[92,-68]],[[7409,8062],[243,216]],[[7652,8278],[98,-52]],[[7837,8183],[-21,-16],[-81,-49]],[[7659,8073],[-47,-28],[-40,-32],[-62,-56]],[[7788,8463],[39,-10]],[[7810,8378],[-240,59]],[[7570,8437],[1,46],[63,-13],[1,3],[-63,29]],[[7572,8502],[9,4]],[[7581,8506],[7,5]],[[7588,8511],[38,-9]],[[8617,7483],[-193,-46],[-572,-142],[-97,-25]],[[7925,7416],[89,21],[0,67],[39,10]],[[8053,7514],[27,-61],[89,21]],[[8169,7474],[114,27]],[[8283,7501],[299,71]],[[8582,7572],[35,-89]],[[8169,7474],[-24,64]],[[8145,7538],[113,27]],[[8258,7565],[25,-64]],[[8097,7594],[7,-18],[-12,-4],[13,-45]],[[8105,7527],[-52,-13]],[[8120,7600],[114,27]],[[8234,7627],[24,-62]],[[8145,7538],[-40,-11]],[[8258,7565],[158,39]],[[8416,7604],[139,34]],[[8555,7638],[27,-66]],[[8234,7627],[157,40]],[[8391,7667],[25,-63]],[[8190,7741],[1,-2]],[[8191,7739],[29,-74]],[[8220,7665],[14,-38]],[[8391,7667],[41,11]],[[8432,7678],[97,23]],[[8529,7701],[26,-63]],[[8191,7739],[83,21]],[[8274,7760],[100,24]],[[8374,7784],[15,4],[24,-61]],[[8413,7727],[-97,-24],[6,-14],[-102,-24]],[[8165,7808],[-33,88]],[[8132,7896],[66,16]],[[8198,7912],[9,-22],[20,4],[1,-15],[46,-119]],[[8338,7874],[36,-90]],[[8198,7912],[3,1]],[[8201,7913],[112,28]],[[8432,7678],[-19,49]],[[8116,7938],[16,-42]],[[7986,7920],[76,19]],[[8062,7939],[22,5],[11,-11],[21,5]],[[7903,7992],[83,20],[6,-17],[25,5],[30,-28],[15,-33]],[[8104,7965],[12,-27]],[[7837,8183],[37,-26]],[[7874,8157],[84,-55]],[[7958,8102],[55,-36],[35,-28],[34,-39],[22,-34]],[[7874,8157],[91,77],[113,-83]],[[8078,8151],[-120,-49]],[[8148,8183],[-70,-32]],[[7966,8318],[155,-115],[27,-20]],[[8148,8183],[1,-1]],[[8149,8182],[42,-30]],[[8191,8152],[-20,-15],[-40,-132],[-6,-35],[-21,-5]],[[8191,8152],[51,-39]],[[8242,8113],[-32,-114],[14,-2],[-23,-84]],[[8242,8113],[47,-35]],[[8289,8078],[-30,-112],[11,-6],[43,-8],[0,-11]],[[8398,8029],[19,-50],[6,-6]],[[8289,8078],[77,-57],[32,8]],[[8149,8182],[85,36],[80,36]],[[8314,8254],[52,-135],[9,-29]],[[8375,8090],[23,-61]],[[8023,8401],[99,-30],[67,-13],[46,-16],[30,-15]],[[8265,8327],[-7,-4],[40,-41],[16,-28]],[[8897,7553],[-131,-36]],[[8766,7517],[-36,93],[-7,-1]],[[8723,7609],[-28,67],[11,3],[-20,59]],[[8829,7721],[68,-168]],[[8582,7572],[141,37]],[[8766,7517],[-96,-24],[-53,-10]],[[9074,7846],[6,-13]],[[9080,7833],[-171,-42],[-8,21],[-97,-25]],[[8787,7830],[88,21],[148,37],[32,-39],[19,-3]],[[8770,7872],[213,54],[-22,19]],[[8961,7945],[10,8]],[[8971,7953],[45,-40],[47,-47],[11,-20]],[[8961,7945],[-18,17],[-92,-23]],[[8851,7939],[-49,123]],[[8802,8062],[78,19],[15,8],[24,-19]],[[8919,8070],[6,-60],[14,-25],[32,-32]],[[8802,8062],[-29,74]],[[8773,8136],[86,21],[-68,53],[-30,34],[-14,32]],[[8747,8276],[15,3]],[[8762,8279],[6,-21],[23,-32],[17,-16],[82,-64],[15,-14],[9,-24],[5,-38]],[[8706,8037],[-39,106]],[[8667,8143],[93,23]],[[8760,8166],[13,-30]],[[8802,8062],[-96,-25]],[[8760,8166],[-13,33],[-27,-7],[-28,67]],[[8692,8259],[55,17]],[[8667,8143],[-29,91]],[[8638,8234],[-3,10]],[[8635,8244],[57,15]],[[8375,8090],[19,14],[18,-10],[125,31]],[[8537,8125],[44,-119]],[[8345,8268],[10,-22],[121,30],[38,-94]],[[8514,8182],[23,-57]],[[8265,8327],[8,5]],[[8273,8332],[39,-32],[27,-35],[6,3]],[[8638,8234],[-52,-13],[-11,30],[-18,-5],[19,-49],[-62,-15]],[[8345,8268],[111,48],[81,21]],[[8537,8337],[63,16]],[[8600,8353],[4,-13]],[[8604,8340],[31,-96]],[[8273,8332],[20,12]],[[8293,8344],[14,10],[68,32]],[[8375,8386],[122,54]],[[8497,8440],[40,-103]],[[8238,8400],[55,-56]],[[8023,8401],[43,59]],[[8066,8460],[27,29],[21,3],[14,17]],[[8128,8509],[110,-109]],[[8238,8400],[9,10],[84,37]],[[8331,8447],[44,-61]],[[8128,8509],[21,26],[26,23],[55,35]],[[8230,8593],[45,-69]],[[8275,8524],[54,-73]],[[8329,8451],[2,-4]],[[8329,8451],[98,44],[42,17]],[[8469,8512],[28,-72]],[[8469,8512],[-25,53],[-13,18]],[[8431,8583],[-10,13],[129,33]],[[8550,8629],[8,-10],[-19,-33],[-4,-25],[8,-28],[26,-81]],[[8569,8452],[31,-99]],[[8275,8524],[102,44],[54,15]],[[8230,8593],[28,10],[10,14],[-12,15],[64,12]],[[8320,8644],[43,5],[11,15],[21,-1],[10,-9],[93,12]],[[8498,8666],[0,-11],[36,-10],[16,-16]],[[8228,8821],[44,68]],[[8400,8823],[-61,-19],[-24,-32]],[[9164,7624],[-54,-14]],[[9110,7610],[-33,45],[-8,34],[13,110],[-2,34]],[[8762,8279],[-33,91],[-11,-3]],[[8718,8367],[-38,107],[-27,-3],[-84,-19]],[[8498,8666],[46,8],[44,12]],[[8588,8686],[56,11]],[[8644,8697],[54,6]],[[8698,8703],[5,-17],[11,-81],[9,-40],[11,-32],[26,-36],[18,-32],[20,-55],[-4,-68],[5,-35],[31,-47],[25,-28],[62,-25],[33,-25],[15,-47],[4,-77],[11,-33],[28,-31],[93,-86],[24,-39],[2,-73],[-2,-48],[3,-43],[14,-43],[22,-38]],[[8718,8367],[-114,-27]],[[8588,8686],[-12,8],[-44,-5],[-14,73],[-47,-6]],[[8471,8756],[-15,75],[24,11],[16,16]],[[8496,8858],[8,9],[26,-14],[54,-53],[31,-36],[30,-61],[-1,-6]],[[8320,8644],[21,21],[-7,42],[0,33],[137,16]],[[8109,8564],[-170,71]],[[7939,8635],[75,86]],[[8014,8721],[47,-21],[-22,-33],[69,-28]],[[8108,8639],[53,-21]],[[8161,8618],[-52,-54]],[[8108,8639],[67,102]],[[8266,8705],[-33,-31],[-42,-28],[-4,3],[-26,-31]],[[8014,8721],[47,66]],[[8014,8721],[-160,72]],[[7854,8793],[49,67]],[[7903,8860],[50,-23],[8,11],[53,-24]],[[7903,8860],[19,25],[-1,7],[43,59]],[[7964,8951],[107,-48],[-8,-12]],[[8036,8468],[-23,-36],[20,7],[20,25],[13,-4]],[[7855,8541],[41,-22],[27,32]],[[8171,8945],[-55,-78]],[[7964,8951],[40,59]],[[8004,9010],[10,6],[157,-71]],[[8171,8945],[27,39]],[[8198,8984],[4,-5],[100,-43]],[[8004,9010],[19,35],[50,49],[3,-10],[24,19],[31,2],[20,-9],[13,-22],[6,-47],[6,-17],[22,-26]],[[7463,6948],[-124,14]],[[7339,6962],[-116,14]],[[7223,6976],[-15,58],[-31,91]],[[7383,7175],[80,-227]],[[8692,7261],[1,-19],[-12,-54]],[[8681,7188],[-50,4],[-15,74],[-97,-23]],[[8519,7243],[-38,94]],[[8481,7337],[99,26],[77,19]],[[8657,7382],[27,-79],[8,-42]],[[8319,7191],[-26,94],[69,18]],[[8362,7303],[16,-67],[9,-27]],[[8387,7209],[-68,-18]],[[8458,7227],[-71,-18]],[[8362,7303],[59,15]],[[8421,7318],[13,-29],[7,2],[13,-34],[-7,-2],[11,-28]],[[8681,7188],[-38,-63]],[[8574,7129],[-23,69]],[[8551,7198],[-9,28],[-15,-3],[-8,20]],[[8532,7049],[-10,-15],[-44,3],[-4,-42],[-58,5],[-3,-25],[-88,6]],[[8325,6981],[11,93],[27,-1]],[[8363,7073],[118,-10]],[[8605,7057],[-16,-35],[5,-1]],[[8594,7021],[-78,-122]],[[8516,6899],[-108,7]],[[8408,6906],[-92,11]],[[8316,6917],[9,64]],[[8680,6723],[-68,13],[2,5],[-115,48],[-11,-18],[-44,18]],[[8444,6789],[33,51],[-11,38],[-15,15],[-33,5],[-10,8]],[[8516,6899],[58,-5],[147,-29]],[[8721,6865],[0,0]],[[8721,6865],[-8,-27]],[[8713,6838],[-33,-115]],[[8680,6723],[-6,-18]],[[8674,6705],[-44,3],[-9,-33],[-72,-18],[-165,-45],[-24,9],[-21,25],[-26,-3]],[[8313,6643],[47,50],[22,29]],[[8382,6722],[36,44]],[[8418,6766],[26,23]],[[8649,6545],[-133,-37],[3,-11],[26,-15]],[[8545,6482],[-16,0],[-36,21],[-97,33]],[[8396,6536],[-47,15],[-49,-16]],[[8300,6535],[-34,-10]],[[8266,6525],[18,71],[13,21]],[[8297,6617],[16,26]],[[8674,6705],[-9,-48],[-16,-112]],[[8933,7340],[-18,-10]],[[8915,7330],[-59,10]],[[8856,7340],[-54,-11],[-81,-22],[8,-37],[-15,-16],[-22,7]],[[8657,7382],[114,29],[113,29]],[[8884,7440],[23,0],[27,-65],[-1,-35]],[[9146,6697],[-20,30],[-21,16],[-30,13],[-15,13]],[[9060,6769],[-17,8],[-9,39]],[[9034,6816],[79,2]],[[9113,6818],[10,-25],[30,-22],[28,-32],[8,-33]],[[9189,6706],[-43,-9]],[[8594,7021],[7,-3],[39,43],[42,61],[105,-8]],[[8787,7114],[-26,-89],[-39,-140],[-1,-20]],[[8840,6837],[-119,28]],[[8787,7114],[81,-5]],[[8868,7109],[-7,-80],[-21,-192]],[[9032,7000],[1,-15],[-10,-66],[5,-57]],[[9028,6862],[-35,20],[-5,16],[-36,205]],[[8952,7103],[20,-4],[36,4],[6,-5],[18,-98]],[[8856,7340],[-69,-226]],[[8952,7103],[-84,6]],[[8915,7330],[-2,-8],[12,-60],[27,-159]],[[8657,7382],[-40,101]],[[8897,7553],[7,-41],[-20,-72]],[[7876,6599],[-82,7]],[[7794,6606],[-167,15]],[[7627,6621],[13,87]],[[6679,6161],[16,116]],[[6695,6277],[14,100]],[[6709,6377],[99,-3]],[[6808,6374],[-6,-44]],[[6802,6330],[-5,-38],[23,-12],[-39,-43],[0,-7],[65,-35],[19,-14]],[[6865,6181],[-186,-20]],[[7029,6203],[-50,-6]],[[6979,6197],[-7,23],[-21,20],[-143,92],[-6,-2]],[[6808,6374],[17,-1],[44,21]],[[6869,6394],[22,-33],[62,-75],[25,-27]],[[6979,6197],[-114,-16]],[[6709,6377],[3,20]],[[6712,6397],[16,129]],[[6728,6526],[61,-26],[40,-48],[40,-58]],[[6728,6526],[6,50]],[[6734,6576],[68,18],[25,2]],[[6827,6596],[-2,-51],[30,-15],[41,-14]],[[6896,6516],[-16,-47],[89,-152],[33,-30]],[[6896,6516],[100,-19]],[[6996,6497],[-10,-40],[122,-43]],[[6842,6751],[-14,-84],[-1,-71]],[[6734,6576],[-25,-7]],[[6709,6569],[25,156],[-2,21],[-16,67],[41,7]],[[6757,6820],[4,-42],[-1,-34],[82,7]],[[6757,6820],[-8,54],[-10,39],[0,21]],[[6739,6934],[188,33]],[[6927,6967],[32,-121],[17,-72]],[[6976,6774],[-89,-17],[-45,-6]],[[7202,6527],[225,-13]],[[7427,6514],[163,-9]],[[7590,6505],[-179,-49]],[[7429,6641],[-2,-127]],[[7172,6635],[108,27]],[[7280,6662],[10,-25],[22,5],[72,-7],[0,10],[45,-4]],[[7261,6722],[5,-27],[14,-33]],[[7172,6635],[-14,50],[0,39]],[[7158,6724],[103,-2]],[[7261,6722],[-36,246],[-2,8]],[[7339,6962],[7,-94],[11,-73],[15,-47]],[[7372,6748],[-111,-26]],[[7463,6948],[50,-1]],[[7513,6947],[-17,-73],[-9,-1],[27,-83]],[[7514,6790],[2,-5]],[[7516,6785],[-144,-37]],[[7650,6777],[-136,13]],[[7513,6947],[159,-22]],[[7627,6621],[-60,5]],[[7567,6626],[-31,98]],[[7536,6724],[-20,61]],[[7536,6724],[-67,-15],[-189,-47]],[[7567,6626],[-75,6],[-63,9]],[[7607,6503],[-17,2]],[[7567,6626],[40,-123]],[[8418,6766],[-194,25],[3,-62],[155,-7]],[[8297,6617],[-106,11],[-40,-124],[2,-7]],[[8153,6497],[-18,-5]],[[8135,6492],[-20,8],[-49,5]],[[8161,6921],[83,4],[72,-8]],[[8266,6525],[-3,-5],[-43,-6],[-67,-17]],[[5796,6104],[-89,67],[-39,27]],[[5668,6198],[28,38],[6,16],[73,-18]],[[5775,6234],[103,-26]],[[5878,6208],[-12,-31]],[[5866,6177],[-37,-98]],[[5909,6291],[-31,-83]],[[5775,6234],[42,113]],[[5817,6347],[13,-56],[79,0]],[[6041,6332],[-118,-9],[-14,-32]],[[5817,6347],[12,31],[4,42]],[[6025,6470],[16,-138]],[[5866,6177],[144,-36],[13,29]],[[6023,6170],[17,-34],[28,-77],[12,-45]],[[6298,6322],[-139,4]],[[6159,6326],[-7,110],[-8,38]],[[6300,6469],[-3,-86],[1,-61]],[[6294,6177],[-121,-3]],[[6173,6174],[-9,119],[-5,33]],[[6298,6322],[-4,-145]],[[5966,5314],[-23,-58]],[[5943,5256],[-16,-42]],[[5892,5132],[-114,33]],[[5778,5165],[23,56]],[[5801,5221],[51,122]],[[5852,5343],[114,-29]],[[6246,6013],[-34,-18]],[[6212,5995],[-30,8],[-96,-2]],[[6023,6170],[150,4]],[[6173,6174],[6,-83],[64,-2],[3,-76]],[[6396,6177],[2,-79]],[[6398,6098],[-64,-35]],[[6334,6063],[-88,-50]],[[6294,6177],[102,0]],[[6588,6259],[-11,-109]],[[6577,6150],[-72,-9],[-49,-15],[-58,-28]],[[6396,6177],[-16,91],[-7,36]],[[6373,6304],[35,-27],[71,-61],[46,-14],[23,67],[40,-10]],[[6679,6161],[-102,-11]],[[6588,6259],[6,49]],[[6594,6308],[41,-10],[60,-21]],[[6373,6304],[-6,42],[0,63],[3,4]],[[6370,6413],[16,-26],[58,-29]],[[6444,6358],[18,0],[48,-15],[54,-27],[30,-8]],[[6444,6358],[6,4],[92,25]],[[6542,6387],[75,19],[95,-9]],[[6446,6500],[-125,-32]],[[6321,6468],[-21,1]],[[6241,6636],[137,36]],[[6378,6672],[68,-172]],[[6314,6841],[64,-169]],[[6684,6561],[-42,160]],[[6642,6721],[-31,117],[-22,70]],[[6589,6908],[121,22],[29,4]],[[6709,6569],[-25,-8]],[[6329,5867],[-34,-21],[-4,-19]],[[6291,5827],[-95,-3]],[[6196,5824],[-3,30],[-7,-9],[-34,-76],[-114,29]],[[6038,5798],[-64,16],[157,89],[-26,31],[107,61]],[[6212,5995],[46,-48],[71,-80]],[[6196,5824],[15,-217]],[[6211,5607],[3,-39]],[[6214,5568],[-127,45]],[[6087,5613],[-108,25]],[[5979,5638],[-90,23]],[[5889,5661],[24,55],[83,-22],[42,104]],[[6173,5240],[-13,-41]],[[6160,5199],[-217,57]],[[5966,5314],[18,42]],[[5984,5356],[148,-39],[63,-15]],[[6195,5302],[-6,-15]],[[6189,5287],[-16,-47]],[[6160,5199],[-2,-4]],[[6383,5009],[-4,-25],[-30,3]],[[6349,4987],[-149,38]],[[6240,5139],[124,-30],[30,-5]],[[6394,5104],[-11,-95]],[[6563,5216],[-5,-87]],[[6558,5129],[-1,-17]],[[6557,5112],[-8,-12],[-19,-9],[-18,1],[-13,-102],[-34,3],[1,9],[-83,7]],[[6394,5104],[14,-1],[28,80]],[[6436,5183],[22,59],[0,20]],[[6458,5262],[77,-6],[24,173]],[[6559,5429],[7,1]],[[6566,5430],[15,2]],[[6581,5432],[-11,-77],[-1,-30]],[[6569,5325],[-6,-109]],[[6173,5240],[96,-25],[124,-21],[43,-11]],[[6387,5298],[9,-38],[37,4],[25,-2]],[[6189,5287],[51,-11],[147,22]],[[6195,5302],[27,80]],[[6222,5382],[3,0]],[[6225,5382],[16,1],[123,18]],[[6364,5401],[1,0]],[[6365,5401],[22,-103]],[[6365,5401],[138,19]],[[6503,5420],[56,9]],[[6291,5827],[9,-115],[45,2]],[[6345,5714],[4,-66],[18,1],[3,-37],[-19,-1]],[[6351,5611],[-140,-4]],[[6225,5382],[-12,167],[1,19]],[[6351,5611],[2,-38]],[[6353,5573],[4,-35],[7,-137]],[[6493,5690],[0,-111]],[[6493,5579],[-140,-6]],[[6345,5714],[100,5],[1,-30],[47,1]],[[6329,5867],[19,-22],[40,5],[113,5]],[[6501,5855],[-8,-165]],[[6334,6063],[72,-84]],[[6504,5880],[-3,-25]],[[6639,5873],[-1,-5]],[[6625,5786],[-7,-73],[-13,1],[-8,-59]],[[6597,5655],[-45,2],[4,27],[-63,6]],[[6542,4843],[0,15],[-13,14],[-1,26],[15,118]],[[6543,5016],[187,-15]],[[6730,5001],[-164,-124],[-24,-34]],[[6751,5126],[-14,-120]],[[6737,5006],[0,0]],[[6737,5006],[-7,-5]],[[6543,5016],[14,96]],[[6558,5129],[83,2],[1,5],[109,-10]],[[6563,5216],[94,3]],[[6657,5219],[107,1]],[[6764,5220],[-13,-94]],[[6672,5329],[-5,-41],[28,1],[-2,-21],[-29,-1],[-7,-48]],[[6569,5325],[103,4]],[[6581,5432],[129,6]],[[6745,5439],[-5,-84]],[[6740,5355],[-2,-23],[-66,-3]],[[6740,5355],[40,1]],[[6780,5356],[-16,-136]],[[6780,5356],[69,3]],[[6849,5359],[20,1],[19,-22]],[[6888,5338],[-9,0],[-12,-115]],[[6867,5223],[-103,-3]],[[6888,5338],[56,-113]],[[6944,5225],[-77,-2]],[[6852,5380],[-3,-21]],[[6858,5445],[-6,-65]],[[7196,5355],[-27,23],[-19,-14],[-28,22],[-17,4],[-253,-10]],[[6859,5445],[206,9]],[[7065,5454],[65,3]],[[7130,5457],[52,1]],[[7182,5458],[91,4]],[[7273,5462],[37,-22]],[[7307,5439],[-111,-84]],[[7161,5670],[48,-4]],[[7209,5666],[-18,-142]],[[7191,5524],[-9,-66]],[[7130,5457],[28,213]],[[7276,5533],[48,-5]],[[7324,5528],[-39,-61],[-12,-5]],[[7191,5524],[35,-3],[2,15],[48,-3]],[[7292,5659],[-16,-126]],[[7209,5666],[83,-7]],[[7396,5638],[-72,-110]],[[7292,5659],[66,-6],[38,-15]],[[7490,5579],[-46,-33]],[[7444,5546],[-54,-42]],[[7396,5638],[45,-20],[49,-39]],[[7552,5627],[-62,-48]],[[7396,5638],[30,46]],[[7426,5684],[59,-27],[39,29],[49,-44]],[[7603,5665],[-17,-13]],[[7426,5684],[32,51]],[[7458,5735],[21,33]],[[7479,5768],[33,-23],[47,-44]],[[7559,5701],[40,-27],[4,-9]],[[7292,5659],[12,71]],[[7304,5730],[100,-9],[16,26],[38,-12]],[[7304,5730],[13,38],[11,9]],[[7328,5777],[14,13],[81,27]],[[7423,5817],[56,-49]],[[7174,5768],[69,-4],[-3,-28],[64,-6]],[[7181,5825],[93,-8],[16,-11]],[[7290,5806],[38,-29]],[[7101,5831],[5,10],[68,102]],[[7174,5943],[68,-43],[33,-29],[43,-43],[-28,-22]],[[7099,6040],[64,-33],[44,-13],[-33,-51]],[[6944,5844],[11,127],[6,20]],[[6961,5991],[35,-5],[21,-14],[35,-11],[9,33],[-2,39],[7,26]],[[7066,6059],[33,-19]],[[6820,5854],[13,100]],[[6833,5954],[1,10]],[[6834,5964],[72,1],[0,24],[55,2]],[[6651,5970],[182,-16]],[[7066,6059],[-52,37],[-66,37]],[[6948,6133],[-83,48]],[[7147,6087],[-48,-47]],[[6834,5964],[14,105]],[[6848,6069],[1,6],[49,-7],[50,65]],[[7147,6087],[57,-43],[22,-21]],[[7226,6023],[48,-44],[62,-62]],[[7336,5917],[45,-44],[26,-31],[16,-25]],[[7312,6175],[8,-21]],[[7320,6154],[35,-104]],[[7355,6050],[-129,-27]],[[7476,6306],[39,-102]],[[7515,6204],[-79,-20],[-35,-13],[-81,-17]],[[7563,6088],[-14,1],[-66,-13]],[[7483,6076],[-128,-26]],[[7515,6204],[12,-24]],[[7527,6180],[36,-85],[0,-7]],[[7661,6048],[-29,11]],[[7632,6059],[-69,29]],[[7527,6180],[59,17]],[[7586,6197],[60,19]],[[7646,6216],[22,-50],[56,-21]],[[7724,6145],[-13,-20]],[[7711,6125],[-36,-56]],[[7675,6069],[-14,-21]],[[7646,6216],[80,24]],[[7726,6240],[22,-50]],[[7748,6190],[0,-9],[-24,-36]],[[7632,6059],[-69,-55]],[[7563,6004],[-22,18],[-28,-23],[-30,77]],[[7563,6004],[-67,-52]],[[7496,5952],[-51,-26],[-42,-5],[-46,4],[-21,-8]],[[7606,5667],[29,-21],[13,2],[44,-7],[55,-36],[92,-21],[38,-23]],[[7877,5561],[-69,-53]],[[7808,5508],[-21,-16]],[[7603,5665],[3,2]],[[7578,5924],[-99,-156]],[[7496,5952],[82,-28]],[[7578,5924],[100,-42]],[[7678,5882],[-116,-177],[-3,-4]],[[7828,5825],[-47,-37]],[[7781,5788],[-81,-61],[-16,6],[-23,-25],[-39,-28]],[[7622,5680],[-16,-13]],[[7678,5882],[134,-53],[16,-4]],[[7883,5890],[-20,-30]],[[7863,5860],[-35,-35]],[[7661,6048],[-27,-37],[40,-18],[181,-72],[5,-27],[23,-4]],[[7675,6069],[218,-86],[-10,-16],[28,-34]],[[7911,5933],[-28,-43]],[[7977,6039],[-52,-88]],[[7925,5951],[-14,-18]],[[7711,6125],[219,-87]],[[7930,6038],[8,-3],[17,16],[22,-12]],[[7748,6190],[36,-18],[185,-73],[-39,-61]],[[8105,6232],[-55,-83],[-56,-82]],[[7994,6067],[-17,-28]],[[7748,6190],[14,-1],[129,36]],[[7891,6225],[64,17],[-6,-26],[76,-29],[39,55],[21,-13],[20,3]],[[8167,6329],[-26,-42]],[[8141,6287],[-36,-55]],[[7891,6225],[-34,78]],[[7857,6303],[-11,23],[52,14]],[[7898,6340],[122,34]],[[8020,6374],[44,-102],[25,7],[29,27],[22,34],[16,0],[11,-11]],[[8020,6374],[-19,42],[149,42],[-15,34]],[[8300,6535],[-1,-6],[-94,-140],[-38,-60]],[[7799,5369],[-81,70]],[[7808,5508],[18,-16],[-14,-11],[63,-53]],[[7875,5428],[-76,-59]],[[7586,6197],[-22,50],[-15,25],[-21,48]],[[7528,6320],[142,41]],[[7670,6361],[56,-121]],[[7476,6306],[52,14]],[[7588,5340],[23,18]],[[7611,5358],[29,-28],[58,-65]],[[7698,5265],[3,-3]],[[7701,5262],[-59,-33],[-6,7],[-49,-30]],[[7611,5358],[32,26]],[[7663,5400],[100,-80]],[[7763,5320],[-4,-4]],[[7759,5316],[-44,-38]],[[7715,5278],[-17,-13]],[[7799,5369],[-10,-7],[13,-13],[-39,-29]],[[7444,5546],[160,-128]],[[7863,5313],[-64,56]],[[7875,5428],[67,-55]],[[7942,5373],[-79,-60]],[[7993,5464],[32,-27]],[[8025,5437],[-83,-64]],[[7875,5428],[83,64]],[[7958,5492],[35,-28]],[[7955,5494],[3,-2]],[[8233,5386],[-21,-8],[-38,-25],[-13,-12]],[[8161,5341],[-15,-15],[-19,-10],[-50,2]],[[8077,5318],[4,22],[21,32],[-36,31]],[[8066,5403],[67,53],[62,-43],[-70,-75],[15,-4],[67,71],[26,-19]],[[8293,5401],[-21,-5]],[[8272,5396],[-39,-10]],[[8066,5403],[-41,34]],[[7993,5464],[46,29],[16,-16],[40,19],[-7,8]],[[8088,5504],[81,39]],[[8169,5543],[-36,-32],[93,-64],[-8,-8],[13,-9],[8,8],[54,-37]],[[8343,5423],[-50,-22]],[[8169,5543],[88,-62],[31,31],[7,-10],[-26,-29],[74,-50]],[[8426,5441],[-41,1],[-42,-19]],[[8169,5543],[53,29]],[[8222,5572],[34,-21],[-4,-3],[47,-32],[4,3],[49,-37],[74,-41]],[[8488,5494],[-20,-37],[-13,-15],[-29,-1]],[[8222,5572],[69,22],[12,-9]],[[8303,5585],[28,-24],[-26,-28],[13,-6],[25,26],[39,-26],[24,21],[72,-49],[10,-5]],[[8192,5592],[30,-20]],[[8088,5504],[-40,47],[8,38]],[[8056,5589],[23,-1],[40,8]],[[8119,5596],[30,26]],[[8149,5622],[43,-30]],[[7979,5598],[77,-9]],[[7944,5602],[56,52]],[[8000,5654],[60,-37],[11,12],[48,-33]],[[7746,5651],[59,-16],[73,-5],[66,-28]],[[7622,5680],[32,-16],[33,-2],[59,-11]],[[7852,5745],[-67,-51],[9,-5],[-48,-38]],[[7781,5788],[71,-43]],[[7929,5784],[76,-59],[-41,-43]],[[7964,5682],[-112,63]],[[7828,5825],[30,2],[48,-25],[23,-18]],[[8000,5654],[4,4]],[[8004,5658],[44,38],[21,-14],[105,99]],[[8174,5781],[29,-20]],[[8203,5761],[-52,-50],[55,-38],[-57,-51]],[[8203,5761],[26,-18]],[[8259,5723],[-14,-12],[43,-30],[-96,-89]],[[8371,5646],[-11,-15],[-57,-46]],[[8515,5875],[-45,-70]],[[8470,5805],[-22,-31],[-65,-103]],[[7920,5835],[-57,25]],[[7925,5951],[46,-6]],[[7971,5945],[-46,-71],[16,-6],[-21,-33]],[[7971,5945],[60,-8]],[[8031,5937],[-77,-117],[-34,15]],[[7994,6067],[5,2]],[[7999,6069],[65,-101]],[[8064,5968],[-15,-6],[-18,-25]],[[8177,6013],[-47,-20]],[[8130,5993],[-66,-25]],[[7999,6069],[47,16],[37,16]],[[8083,6101],[41,-7],[53,-81]],[[8277,6061],[-94,-43],[-6,-5]],[[8083,6101],[74,32],[43,37]],[[8200,6170],[77,-109]],[[8727,5457],[25,-10],[80,-61]],[[8832,5386],[-58,-48]],[[8774,5338],[-28,22],[-51,-41],[-17,-10]],[[8678,5309],[6,28],[-8,25],[-60,45],[-15,8]],[[8601,5415],[34,29]],[[8635,5444],[51,44]],[[8686,5488],[41,-31]],[[8223,6281],[27,-16]],[[8250,6265],[-22,-27]],[[8228,6238],[-15,-51],[-13,-17]],[[8141,6287],[82,-6]],[[8396,6536],[-70,-108],[-88,-133],[-15,-14]],[[8921,5238],[-11,-52],[-14,-4]],[[8896,5182],[-12,4],[-47,38],[-46,16],[-43,5],[-28,-3]],[[8720,5242],[-1,19],[-12,16],[-38,22],[9,10]],[[8774,5338],[85,-63],[48,-33],[14,-4]],[[9103,5309],[-73,32]],[[9030,5341],[16,20],[35,21],[51,58],[-13,6]],[[9119,5446],[41,47]],[[9160,5493],[14,19]],[[9174,5512],[11,-3]],[[9185,5509],[-7,-12],[48,-22],[-20,-27]],[[9206,5448],[-47,-64]],[[9159,5384],[-56,-75]],[[8601,5415],[-34,10],[-40,1],[-4,-45]],[[8523,5381],[-54,29],[-14,13]],[[8455,5423],[-29,18]],[[8488,5494],[22,42]],[[8510,5536],[125,-92]],[[8510,5536],[29,54]],[[8539,5590],[40,76]],[[8579,5666],[96,-71]],[[8675,5595],[-63,-52],[74,-55]],[[8837,5571],[31,-37]],[[8868,5534],[-52,-44],[-26,19],[-63,-52]],[[8675,5595],[31,-23],[71,60]],[[8777,5632],[60,-61]],[[9092,5162],[-45,-57],[-156,0]],[[8891,5105],[12,63],[-7,14]],[[8921,5238],[77,-33]],[[8998,5205],[94,-43]],[[8976,4894],[-28,12],[-3,11]],[[8945,4917],[55,33],[45,5],[46,27]],[[9091,4982],[53,-23],[-48,-70],[-12,-6],[-44,2],[-29,16],[-28,7],[-7,-14]],[[9161,5733],[-53,54],[-27,30],[76,46],[-60,62]],[[9097,5925],[94,58]],[[9191,5983],[31,-31]],[[9222,5952],[83,-82]],[[9305,5870],[-96,-59],[30,-32]],[[9239,5779],[-78,-46]],[[9097,4815],[-5,10],[-44,32],[-74,33]],[[8974,4890],[2,4]],[[9091,4982],[74,46],[2,-1]],[[9167,5027],[75,-29]],[[9242,4998],[2,-12]],[[9244,4986],[-114,-158],[-30,-5],[-3,-8]],[[9355,5381],[-149,67]],[[9185,5509],[35,51]],[[9220,5560],[118,-55]],[[9338,5505],[73,-33]],[[9411,5472],[-45,-63],[6,-3],[-17,-25]],[[9422,5619],[-84,-114]],[[9220,5560],[-24,11],[75,103]],[[9271,5674],[23,4],[128,-59]],[[9278,5683],[-7,-9]],[[9174,5512],[0,20],[-44,41]],[[9130,5573],[-34,33],[-48,62],[-29,1]],[[9019,5669],[11,43]],[[9030,5712],[10,-4],[24,-34],[230,42]],[[9294,5716],[-16,-33]],[[9471,5689],[-49,-70]],[[9278,5683],[63,14],[72,18],[-4,10],[29,9]],[[9438,5734],[33,-45]],[[9030,5341],[-50,22],[-26,21]],[[8954,5384],[10,40]],[[8964,5424],[3,19],[147,1],[5,2]],[[9160,5493],[-155,-1]],[[9005,5492],[-1,63],[-11,1],[4,16]],[[8997,5572],[133,1]],[[8997,5572],[18,81]],[[9015,5653],[4,16]],[[9278,5739],[16,-23]],[[9030,5712],[4,21]],[[9034,5733],[127,0]],[[9239,5779],[39,-40]],[[9278,5739],[100,60]],[[9378,5799],[44,-45],[16,-20]],[[9588,5557],[-107,145]],[[9481,5702],[51,71],[14,10]],[[9546,5783],[82,-85],[13,-44],[-7,-30],[-46,-67]],[[9034,5733],[14,56],[2,25],[-31,66]],[[9019,5880],[78,45]],[[8997,5930],[-56,128]],[[8941,6058],[-9,21],[24,30]],[[8956,6109],[133,-70]],[[9089,6039],[-92,-109]],[[9030,5712],[-18,16],[-4,21]],[[9008,5749],[-4,4],[-2,77]],[[9002,5830],[-3,45],[-16,35]],[[8983,5910],[-31,33],[4,3],[-51,28]],[[8905,5974],[-19,10]],[[8886,5984],[29,34],[-13,7],[29,38]],[[8931,6063],[10,-5]],[[8997,5930],[22,-50]],[[8931,6063],[-99,51]],[[8832,6114],[55,68]],[[8887,6182],[42,-22]],[[8929,6160],[48,-25]],[[8977,6135],[-21,-26]],[[8727,5698],[-1,81]],[[8726,5779],[136,1]],[[8862,5780],[1,-32]],[[8863,5748],[1,-48]],[[8864,5700],[-137,-2]],[[8862,5780],[0,49]],[[8862,5829],[140,1]],[[9008,5749],[-145,-1]],[[8862,5829],[0,48]],[[8862,5877],[0,32],[121,1]],[[8816,5876],[0,80]],[[8816,5956],[-1,17],[90,1]],[[8862,5877],[-46,-1]],[[7345,4646],[-97,-71]],[[7248,4575],[-29,24],[-45,-31],[-66,58]],[[7108,4626],[45,32]],[[7153,4658],[69,51]],[[7222,4709],[68,-59],[111,81]],[[7401,4731],[28,-24]],[[7222,4709],[61,43]],[[7283,4752],[51,36]],[[7334,4788],[67,-57]],[[7334,4788],[38,30],[126,90],[40,23]],[[7538,4931],[92,-78]],[[7630,4853],[-201,-146]],[[7683,4806],[102,-89]],[[7785,4717],[-6,-4],[-31,10],[-22,17],[-19,-4],[-37,32],[-171,-123]],[[7630,4853],[53,-47]],[[7817,4903],[-134,-97]],[[7630,4853],[68,49]],[[7698,4902],[27,-24],[64,47]],[[7789,4925],[28,-22]],[[7801,4704],[-16,13]],[[7817,4903],[33,-29]],[[7850,4874],[22,-18]],[[7872,4856],[-66,-51],[64,-52]],[[7870,4753],[-69,-49]],[[7872,4856],[64,-57],[-66,-46]],[[8109,4826],[-2,-1]],[[8107,4825],[-49,-1],[-74,-34],[-69,-44],[-97,-71],[-44,-61],[-42,-69],[-51,-76],[-52,-83],[-6,-4],[-55,-84],[-5,4]],[[7669,4497],[109,164]],[[7778,4661],[23,43]],[[7850,4874],[71,53],[30,-26]],[[7951,4901],[66,-58],[60,33],[15,-14],[-15,-19],[32,-17]],[[8162,4873],[-53,-47]],[[7951,4901],[53,41],[19,18]],[[8023,4960],[12,11]],[[8035,4971],[95,-78],[32,-20]],[[7788,4926],[-59,48]],[[7729,4974],[91,69]],[[7820,5043],[56,-49]],[[7876,4994],[-88,-68]],[[7789,4925],[-1,1]],[[7876,4994],[40,30],[-29,25],[15,11]],[[7902,5060],[63,-52],[-27,-21],[47,-38],[38,11]],[[7982,5104],[53,-44]],[[8035,5060],[57,-47]],[[8092,5013],[-57,-42]],[[7902,5060],[14,10]],[[7916,5070],[10,-9],[56,43]],[[8164,4875],[-2,-2]],[[8092,5013],[46,37]],[[8138,5050],[102,-87]],[[8240,4963],[-40,-52],[-36,-36]],[[8035,5060],[48,37],[-14,11]],[[8069,5108],[94,73],[70,-58]],[[8233,5123],[-95,-73]],[[8041,5314],[50,-11],[150,-126]],[[8241,5177],[30,-25]],[[8271,5152],[-38,-29]],[[8069,5108],[-39,32]],[[8030,5140],[47,37],[-53,43],[48,37],[-53,45]],[[8019,5302],[22,12]],[[8292,5258],[-33,-26],[26,-21],[-44,-34]],[[8041,5314],[36,4]],[[8161,5341],[28,-36],[-9,-7],[14,-11],[47,38],[6,-17],[15,11],[52,-43],[-22,-18]],[[8288,4829],[-45,25],[-17,-18],[-31,9],[-20,0],[5,22],[-16,8]],[[8240,4963],[20,-19],[44,-29],[37,-19]],[[8341,4896],[-27,-29],[5,-4],[-31,-34]],[[8288,4829],[-25,-21],[-45,6],[-16,-8],[-10,11],[-50,8],[-1,-6],[-34,6]],[[8523,5381],[-10,-34],[-14,-20],[-37,-30]],[[8462,5297],[-36,-28]],[[8426,5269],[-57,48]],[[8369,5317],[35,26],[-25,22],[76,58]],[[8367,5123],[47,36]],[[8414,5159],[112,85]],[[8526,5244],[40,-33]],[[8566,5211],[-112,-85],[10,-10],[-55,-28],[-42,35]],[[8526,5244],[-13,11],[-35,-28],[-12,11],[35,27],[-39,32]],[[8523,5381],[43,-30],[39,-34],[39,-46]],[[8644,5271],[-78,-60]],[[8414,5159],[-65,52]],[[8349,5211],[77,58]],[[8367,5123],[-6,5]],[[8361,5128],[-58,48],[-32,-24]],[[8292,5258],[57,-47]],[[8291,5075],[-58,48]],[[8361,5128],[-70,-53]],[[8558,5045],[-13,1],[-112,-35],[-52,-35],[-24,-19],[9,-25],[13,-4],[27,7],[19,20],[-8,19],[15,6],[20,-6],[14,20],[25,-5],[0,-18],[23,-22]],[[8514,4949],[-173,-53]],[[8240,4963],[6,15],[48,28]],[[8294,5006],[75,34],[137,70],[18,6],[34,-71]],[[8720,5242],[-60,12],[-16,17]],[[6747,4515],[104,-70]],[[6851,4445],[-148,-110],[-39,33],[-27,2]],[[6637,4370],[1,33],[-31,2],[7,42],[5,50],[-167,-33]],[[6452,4464],[5,49]],[[6457,4513],[228,45]],[[6685,4558],[19,-14]],[[6704,4544],[43,-29]],[[6631,4328],[-195,16]],[[6436,4344],[16,120]],[[6637,4370],[-6,-42]],[[7778,4661],[-49,43],[-163,-118]],[[6685,4558],[-13,11],[-57,62]],[[6615,4631],[25,14],[-51,56],[65,49]],[[6654,4750],[113,-99]],[[6767,4651],[37,-30]],[[6804,4621],[-100,-77]],[[6654,4750],[88,68]],[[6742,4818],[76,-63]],[[6818,4755],[40,-34]],[[6858,4721],[-91,-70]],[[7006,4598],[-74,-55],[-7,6],[-19,-14]],[[6906,4535],[-102,86]],[[6858,4721],[75,-61]],[[6933,4660],[73,-62]],[[7035,4572],[-29,26]],[[6933,4660],[112,87]],[[7045,4747],[108,-89]],[[7108,4626],[-73,-54]],[[6818,4755],[114,87]],[[6932,4842],[75,-64]],[[7007,4778],[38,-31]],[[6742,4818],[37,29],[-57,46],[78,59]],[[6800,4952],[57,-47]],[[6857,4905],[75,-63]],[[6615,4631],[-38,41]],[[6577,4672],[-60,62]],[[6517,4734],[16,55],[9,54]],[[6737,5006],[63,-54]],[[7007,4778],[81,60]],[[7088,4838],[116,-97],[50,36],[29,-25]],[[7088,4838],[-37,31]],[[7051,4869],[98,74]],[[7186,4912],[75,-63]],[[7261,4849],[73,-61]],[[6857,4905],[79,60]],[[6936,4965],[115,-96]],[[6936,4965],[-19,16],[55,42]],[[6972,5023],[42,32]],[[6800,4952],[135,102],[37,-31]],[[7530,4938],[8,-7]],[[7261,4849],[197,150]],[[7458,4999],[72,-61]],[[6457,4513],[4,25]],[[6461,4538],[2,7],[15,108],[99,19]],[[6359,1681],[-11,-168],[-12,-242],[-11,-198],[-4,-102],[-7,-42],[-13,-52],[-32,-76]],[[6269,801],[-3,1],[-81,-192],[-21,-43],[-12,-36],[-140,-314],[-37,-85],[-54,-121],[-9,-11],[-43,15],[-34,26],[-77,25],[-24,-12],[-22,1],[-3,12],[4,39],[9,23],[11,57],[-34,27],[-21,9],[-54,8],[13,24],[5,25],[-68,38],[-26,17],[-16,1],[-4,33],[-16,17],[-34,14]],[[5478,399],[13,39],[62,140],[44,95],[59,133],[91,195],[103,239],[58,125],[15,174],[4,63]],[[5927,1602],[92,35],[108,47],[38,8],[58,-6],[47,-13],[50,-2],[39,10]],[[6359,1681],[54,20]],[[6413,1701],[7,-22]],[[6420,1679],[53,-166],[4,-17],[31,-159],[5,-42],[-5,-89],[-35,-376],[0,-18]],[[6473,812],[-1,-29],[-203,18]],[[6420,1679],[249,12]],[[6669,1691],[30,-97],[29,-122],[26,-168],[14,-76],[-63,-44],[7,-27],[31,0],[235,15],[55,3],[5,-59],[0,-126],[6,-50],[-35,-1],[-138,-10],[4,-169],[-79,-4],[-1,71],[-322,-15]],[[5996,1839],[-69,-237]],[[5927,1602],[-149,-6],[-311,-17],[-25,202]],[[5442,1781],[39,2]],[[5658,2029],[12,155],[108,15]],[[5778,2199],[-10,-133],[-1,-30]],[[5778,2199],[11,177]],[[5789,2376],[11,10],[62,39],[45,13],[31,13],[9,10]],[[5947,2461],[61,-13],[52,-23]],[[6060,2425],[-5,-49]],[[6055,2376],[-25,-276],[-8,-54]],[[7042,2243],[9,-15],[40,-79],[20,-45],[-124,-5],[-215,-11],[-60,-15]],[[6712,2073],[-24,54],[66,18],[-10,25],[68,18],[-28,48],[74,14]],[[6858,2250],[27,1],[112,12],[45,-20]],[[6379,3826],[-2,-50]],[[6377,3776],[-2,-124]],[[6375,3652],[-238,13]],[[6137,3665],[12,148]],[[6149,3813],[1,25]],[[6150,3838],[111,-3],[108,0],[10,-9]],[[6014,3029],[-13,-16]],[[6001,3013],[-51,25],[-51,-61],[2,-22],[12,-50],[0,-30],[-18,-47],[-47,-57],[-23,-18],[-46,-21]],[[5779,2732],[-21,-6],[-66,4],[-30,10],[-38,32],[-19,26],[-2,16],[11,32],[24,29],[45,11],[32,24],[16,24],[15,65],[-82,11],[6,140]],[[5670,3150],[32,9],[43,-3],[31,3],[11,-28],[49,-11],[45,-22],[39,-8],[32,-27],[62,-34]],[[5947,2461],[-26,19],[-14,22],[-13,47],[-49,74],[-2,-45],[-21,-9],[-26,16],[-32,27]],[[5764,2612],[44,71],[8,42],[-37,7]],[[6001,3013],[21,-12],[12,-18],[27,-56],[32,6],[54,-11],[-2,-16],[-127,-61],[24,-55],[9,-110],[1,-57],[9,-159],[-1,-39]],[[5764,2612],[-32,-29],[-19,-32],[-19,-7],[-83,-13],[-24,13]],[[5587,2544],[-9,11],[-39,5],[-40,-15],[-77,-9],[-49,17],[-22,28],[-14,32],[61,28],[6,27],[-123,7],[-23,-17],[-21,11],[5,25],[-11,18],[5,15],[20,5],[2,14],[16,0],[14,27],[19,13],[15,1],[1,24],[22,38],[22,15],[20,31],[27,5],[12,15],[10,39],[-3,11],[-32,41]],[[5401,3006],[31,22],[-6,17],[11,37],[-4,35],[47,18],[28,2],[43,-13],[17,6],[25,-6],[64,24],[13,2]],[[5789,2376],[-44,28],[-41,20],[-107,16],[-1,31],[-31,22],[-8,16],[27,25],[3,10]],[[5466,3717],[-23,-72],[-12,-30],[-25,-18],[-50,-10]],[[5311,3715],[-2,4]],[[5309,3719],[157,-2]],[[5675,3287],[-225,101],[-30,25],[-23,35]],[[5397,3448],[64,17],[24,4],[-22,37],[31,13],[-12,16],[0,53],[7,34]],[[5489,3622],[163,4]],[[5652,3626],[8,-36],[4,-121],[7,-132],[4,-50]],[[5489,3622],[28,35],[0,26],[7,6],[10,32],[16,30],[29,15],[1,5],[42,16]],[[5622,3787],[19,-96]],[[5641,3691],[11,-65]],[[5605,3873],[17,-86]],[[5397,3448],[-13,35]],[[5384,3483],[-14,54]],[[5466,3717],[28,47],[44,46],[-8,80],[38,8],[4,-29],[33,4]],[[5900,3678],[-224,12],[-35,1]],[[5622,3787],[74,36],[143,68],[54,14]],[[5893,3905],[3,-80]],[[5896,3825],[4,-147]],[[6621,3806],[-2,-35]],[[6619,3771],[-242,5]],[[6379,3826],[0,29]],[[6621,3852],[0,-46]],[[6370,3475],[5,177]],[[6619,3771],[-3,-122]],[[6616,3649],[4,-5],[-2,-59],[12,-12],[-2,-88],[-26,4],[-14,-14],[-218,0]],[[6840,3771],[0,-70]],[[6840,3701],[-1,-52],[-223,0]],[[6621,3806],[45,-1],[0,-16],[110,0],[0,-18],[64,0]],[[6840,3851],[0,-80]],[[6639,4057],[41,8],[160,-2]],[[6840,4063],[0,-212]],[[6174,4156],[-9,-117],[-159,-12],[-72,1]],[[5934,4028],[3,130]],[[5937,4158],[237,-2]],[[5317,4375],[25,64],[125,-1]],[[5466,4383],[-149,-8]],[[5280,5314],[-27,-40],[-47,-51]],[[5206,5223],[-3,-3]],[[5055,5268],[-3,165]],[[5052,5433],[2,31]],[[6436,4344],[-2,-16]],[[6434,4328],[-13,9],[-15,-5],[-9,-57],[-40,-35],[-254,15],[-165,10]],[[5938,4265],[4,142]],[[5942,4407],[2,80]],[[5944,4487],[2,59]],[[5946,4546],[77,3],[181,-15]],[[6204,4534],[-5,-71],[99,-8]],[[6429,4549],[20,3],[12,-14]],[[6402,4081],[-22,-5],[-4,15],[7,56],[-209,9]],[[5937,4158],[0,49]],[[5937,4207],[1,58]],[[6434,4328],[-20,-163],[-12,-84]],[[5942,4407],[-150,-8]],[[5792,4399],[-115,-5]],[[5677,4394],[-56,-3]],[[5630,4491],[314,-4]],[[5937,4207],[-164,10]],[[5773,4217],[3,61],[7,63],[9,58]],[[6386,2934],[-17,45],[-24,27],[-34,25],[-94,41],[-46,28],[-70,26],[-9,-5]],[[6092,3121],[7,108],[11,108],[24,298],[3,30]],[[6370,3475],[-3,-98]],[[6367,3377],[-6,-234],[0,-48],[8,-47],[14,-53],[7,-40],[-4,-21]],[[5246,3954],[-125,-13],[-69,1]],[[4873,4133],[-5,38],[-13,13]],[[4855,4184],[344,38]],[[5199,4222],[9,-57]],[[5208,4165],[9,-38]],[[5217,4127],[8,-62],[21,-111]],[[4740,4142],[-2,34]],[[4738,4176],[1,67]],[[4739,4243],[49,6],[40,-44],[27,-21]],[[5138,5663],[59,126],[28,38]],[[5225,5827],[26,40]],[[5251,5867],[37,-22],[32,-37],[27,16],[92,-97]],[[7515,3300],[-122,15],[-2,-14],[-22,-49],[-23,-84],[-7,-9],[-53,-41],[-33,35],[-45,-31]],[[7208,3122],[-14,15]],[[7194,3137],[40,23],[13,30],[-8,12],[2,36],[25,37],[2,18]],[[7268,3293],[3,30],[8,13],[35,29],[5,16],[43,16],[-15,11],[2,32],[20,40],[-7,12],[44,12],[18,19]],[[7424,3523],[18,-27],[73,-196]],[[5012,3420],[-3,-11],[6,-60],[-15,-24],[-69,-15],[-48,-15],[-29,6],[-4,11],[-27,22],[3,12],[-39,7]],[[4787,3353],[-26,21]],[[4761,3374],[21,8],[50,-4],[0,10],[49,8],[44,24],[27,12],[36,-12],[24,0]],[[4761,3374],[-22,-13],[-31,8],[9,9],[25,2],[31,19],[10,25],[18,6],[-8,36],[-34,-13],[-15,5],[-55,3],[-23,6],[15,23]],[[4681,3490],[34,14],[11,47],[13,34],[13,2],[207,-30]],[[4959,3557],[-25,-58],[-1,-17],[47,-44],[32,-18]],[[5118,3547],[-143,35],[-16,-25]],[[4681,3490],[-18,6],[-19,-27],[-14,12],[-23,4],[-5,-14],[-10,21],[-35,34]],[[4557,3526],[-1,7]],[[4556,3533],[16,34],[4,55],[-22,1],[-34,40],[-32,25],[-24,26]],[[4464,3714],[-18,32]],[[4446,3746],[9,8],[-6,52]],[[4449,3806],[34,5],[23,19],[15,3],[23,17],[38,2]],[[4582,3852],[156,-4],[39,18],[14,18],[29,57],[23,10],[109,-6]],[[5246,3954],[5,-3]],[[5251,3951],[27,-129],[31,-103]],[[5108,3452],[1,-24],[-85,-5],[-12,-3]],[[4739,4243],[2,36]],[[4741,4279],[56,6]],[[4797,4285],[156,16]],[[4953,4301],[216,25],[10,6]],[[5179,4332],[20,-110]],[[4797,4285],[-14,84]],[[4783,4369],[156,16]],[[4939,4385],[14,-84]],[[5162,4408],[17,-76]],[[4939,4385],[31,3],[-3,16]],[[4967,4404],[55,5],[2,-15],[138,14]],[[4738,4176],[-100,-8]],[[4638,4168],[-90,-7],[-1,-25]],[[4547,4136],[-26,2]],[[4521,4138],[-1,1]],[[4520,4139],[-30,35],[0,21],[11,15]],[[4501,4210],[23,30]],[[4524,4240],[186,36],[31,3]],[[4670,3988],[0,83],[-16,0],[1,32],[-17,65]],[[4740,4139],[1,-150],[-71,-1]],[[4670,3988],[-51,1]],[[4619,3989],[-11,19],[-19,68],[-10,60],[-32,0]],[[4582,3852],[26,62],[-31,6],[14,34],[13,17]],[[4604,3971],[15,18]],[[4449,3806],[-80,13],[-17,17]],[[4352,3836],[43,30]],[[4395,3866],[45,12],[29,20],[43,36]],[[4512,3934],[15,0],[11,15],[12,35],[27,-3],[27,-10]],[[4395,3866],[8,34],[-7,14],[2,30],[-26,28],[5,21],[-23,19],[-50,-5]],[[4304,4007],[-11,36],[-24,7],[35,33],[11,-2],[13,-19],[26,15],[-3,9],[26,25],[39,-22],[33,27],[13,17],[9,-12],[49,18]],[[4521,4138],[-9,-16],[-30,-28],[-31,-21],[2,-22],[21,-44],[0,-28],[-11,-14],[25,-27],[24,-4]],[[4557,3526],[-12,-11],[-26,-5],[-1,6],[-26,-8],[-28,18],[-17,6],[-37,-7]],[[4410,3525],[-24,42],[-28,24],[-34,9],[-10,12],[-6,49],[14,20]],[[4322,3681],[34,8],[25,-15],[36,-6],[10,9],[-10,8],[-4,21],[-15,16],[15,12],[33,12]],[[4464,3714],[2,-24],[13,-38],[-15,6],[-17,-24],[10,-8],[-29,-19],[36,-67],[22,6],[8,-15],[62,2]],[[4304,4007],[-15,-11],[-45,19]],[[4244,4015],[-37,15],[-41,27],[-20,19]],[[4146,4076],[15,9],[15,-10],[56,-19],[0,17],[30,6],[-24,16],[21,18],[33,5],[-18,43],[-33,11]],[[4241,4172],[22,19],[16,32],[-1,19],[-14,13],[18,8],[36,-19],[10,-27],[74,-12],[32,30],[67,-25]],[[4033,4070],[41,-4],[42,29],[30,-19]],[[4244,4015],[-75,26],[-26,1],[-39,-13],[-27,-4],[-72,-42],[-42,-17],[2,-17]],[[3965,3949],[-37,-14],[-34,19],[-12,16],[1,19],[-12,9],[-33,11],[-18,15],[3,12],[44,-7],[-33,23],[-16,16],[10,8],[17,-12],[21,9],[1,11],[28,23],[22,-7],[8,-11],[22,-7],[-22,-19],[72,-8],[11,-4],[25,19]],[[4033,4070],[31,46],[4,26],[25,19],[-3,19],[10,16],[17,4],[30,30]],[[4147,4230],[14,-3],[43,13],[12,16],[17,-10],[3,-24],[13,-17],[-14,2],[-19,-9],[-16,-19],[11,-15],[30,8]],[[4244,4015],[-24,-3],[15,-25],[8,-43],[24,-10],[-14,-16],[17,-9],[15,7],[17,-4],[-4,-17],[-15,-10],[6,-12],[-40,-19],[-11,8],[-5,21],[-8,0],[-4,22],[-19,-29],[-22,-14],[-7,-18],[-36,-2],[-43,27],[-22,-30]],[[4072,3839],[-20,22],[-6,29],[-12,19],[-46,33],[-23,7]],[[4322,3681],[-6,7],[-45,6],[-19,24],[6,31],[-15,30]],[[4243,3779],[73,27],[36,30]],[[4783,4369],[-262,-26]],[[4521,4343],[14,26],[23,16],[51,10],[54,22],[0,11],[53,4],[-1,34],[58,-1],[1,31]],[[4774,4496],[188,-2]],[[4962,4494],[-2,-51],[7,-39]],[[4796,4651],[-214,15],[7,37]],[[4589,4703],[9,43],[25,56],[7,115]],[[4630,4917],[201,-17]],[[4814,4785],[-18,-134]],[[5145,4674],[5,-42]],[[5150,4632],[-30,0],[-289,21],[-1,-5],[-34,3]],[[5684,5276],[-8,-21]],[[5676,5255],[-50,-123]],[[5626,5132],[-160,57],[42,108]],[[5508,5297],[7,20]],[[5515,5317],[169,-41]],[[5776,5498],[-19,-50],[-20,-42],[-53,-130]],[[5251,5867],[62,93],[-5,2],[39,53],[18,16]],[[5365,6031],[48,-31],[50,-53],[86,-93],[14,-23]],[[5563,5831],[-34,-62]],[[4634,5104],[19,0],[34,-12],[57,-6]],[[4744,5086],[15,-18],[38,-16],[45,-10],[74,-4],[59,-7],[-5,-40],[7,-5],[111,-12],[16,-4]],[[4968,4947],[1,39],[-108,12],[-207,15],[-20,-15]],[[4634,4998],[-23,11],[0,15],[-41,46],[-43,24],[-39,13]],[[4488,5107],[-26,7]],[[4462,5114],[20,41],[11,6]],[[4493,5161],[38,0],[24,-22],[16,-4],[4,-20],[27,7],[32,-18]],[[4630,4917],[4,81]],[[4634,5104],[4,53],[44,118],[19,12]],[[4701,5287],[65,-17]],[[4766,5270],[-17,-171],[-5,-13]],[[5100,4992],[4,-22]],[[4766,5270],[79,-20],[149,-40],[62,-14]],[[5077,5094],[23,-102]],[[4701,5287],[-10,21],[9,35]],[[4700,5343],[18,36]],[[4718,5379],[47,84],[10,46]],[[4775,5509],[143,-36],[-3,-7],[137,-33]],[[4775,5509],[6,40]],[[4781,5549],[14,89]],[[4795,5638],[53,-12],[100,-26],[144,-36]],[[4795,5638],[14,26]],[[4809,5664],[16,42]],[[4825,5706],[302,-43],[11,0]],[[4825,5706],[12,23],[30,21],[10,13]],[[4877,5763],[13,21],[-7,43]],[[4883,5827],[42,-10],[61,10],[34,18],[28,22],[62,-10],[20,15]],[[5130,5872],[41,7],[26,-20],[10,-22],[18,-10]],[[5117,6149],[8,-24],[-42,-34],[23,-23],[-16,-17],[21,-22],[2,-9],[-29,-56],[9,-17],[46,-11]],[[5139,5936],[-14,-58],[5,-6]],[[4883,5827],[4,25],[-48,13],[34,72],[2,17]],[[4875,5954],[8,33],[28,66],[46,27],[20,26],[15,-2],[8,14]],[[5000,6118],[29,-7],[20,47]],[[5049,6158],[33,-9],[35,0]],[[5889,5661],[-42,12]],[[5573,5989],[9,153],[5,62],[-3,32],[4,15]],[[5588,6251],[5,5]],[[5593,6256],[75,-58]],[[5365,6031],[59,62],[-4,5],[67,66],[20,11]],[[5507,6175],[46,48],[35,28]],[[5365,6031],[-68,37]],[[5297,6068],[-73,78],[-47,14],[-7,13],[-48,-6]],[[5122,6167],[5,15],[49,34],[12,21],[4,22]],[[5192,6259],[57,-64],[15,-11],[77,16],[75,63]],[[5416,6263],[91,-88]],[[5139,5936],[10,31],[31,26],[117,75]],[[5117,6149],[5,18]],[[5049,6158],[34,54],[21,85],[45,0],[-3,32]],[[5146,6329],[28,-17],[18,-53]],[[5068,6407],[12,-18],[38,-41],[28,-19]],[[5000,6118],[-21,13],[-28,-6],[-21,30],[32,26],[23,-4],[10,27],[-2,22],[17,38],[5,42],[-6,48],[-19,23]],[[4990,6377],[35,23],[10,25],[21,-13],[6,15]],[[5062,6427],[6,-20]],[[5203,6422],[-18,-9],[-64,9],[-53,-15]],[[5062,6427],[-18,58]],[[5044,6485],[73,-14],[23,-9],[53,-28],[10,-12]],[[4895,6615],[-105,-28],[-13,-10],[7,-39],[-4,-14],[-13,-9],[-37,-1],[-45,-11],[-12,-12]],[[4673,6491],[-23,14],[-17,0],[-27,-20],[-17,4]],[[4589,6489],[-10,22],[32,18]],[[4611,6529],[33,8],[21,22],[15,2],[-7,23],[23,15],[-9,13],[44,4]],[[4611,6529],[-10,21],[-4,30],[-20,22],[-33,-7],[-7,19],[-16,0],[-6,12],[-41,4],[-7,40],[-14,0]],[[4453,6670],[93,18],[32,15]],[[4578,6703],[18,-7],[46,20]],[[9677,6191],[-43,19],[-8,-14],[-20,9],[7,14],[-96,42],[49,73]],[[9566,6334],[138,-117],[18,-13],[-45,-13]],[[4445,5488],[-2,26],[-9,4],[-18,-19],[-21,7],[-24,-5],[-19,12]],[[4352,5513],[-16,5]],[[4336,5518],[26,59],[5,19],[16,29]],[[4383,5625],[16,5],[24,18]],[[4423,5648],[9,-50],[16,-36]],[[4448,5562],[13,-12],[12,-24]],[[4473,5526],[-4,-13],[-24,-25]],[[4493,5161],[13,28],[24,91]],[[4530,5280],[82,29],[88,34]],[[4242,5313],[-20,-9],[34,-24],[30,-29]],[[4286,5251],[-26,-1],[-34,-10]],[[4226,5240],[-71,8],[-39,8],[-37,1],[-58,32],[-16,19]],[[4005,5308],[-15,28],[8,21],[-7,18],[4,15],[35,23]],[[4030,5413],[11,-12],[41,-19],[71,-18],[7,-22],[44,-14],[16,4],[22,-19]],[[9587,5044],[-143,9]],[[9444,5053],[2,29],[38,53]],[[9484,5135],[26,37]],[[9510,5172],[101,-47]],[[9611,5125],[-23,-43],[-5,-19],[4,-19]],[[4422,5261],[-5,-5]],[[4417,5256],[-39,-16],[-47,-6],[-6,7],[-39,10]],[[4242,5313],[6,10],[32,7],[27,-4],[35,5],[4,6],[-56,25],[-33,10]],[[4257,5372],[24,30]],[[4281,5402],[59,-24],[0,-14],[24,-22],[0,-18],[13,-23],[33,-18],[12,-22]],[[4148,5408],[-51,14],[-17,-4],[-35,4]],[[4045,5422],[-6,28],[44,25],[12,-3],[34,5]],[[4129,5477],[17,-38],[2,-31]],[[4482,5267],[-1,22]],[[4481,5289],[6,1],[52,80],[29,46]],[[4568,5416],[2,3],[46,-24]],[[4616,5395],[88,-11],[14,-5]],[[4530,5280],[-48,-13]],[[4405,5683],[4,-20],[14,-15]],[[4383,5625],[-28,13],[-21,-2],[-10,8],[-22,-17],[-15,-31],[22,-10],[-4,-10]],[[4305,5576],[-30,3],[-31,-24],[-4,14],[-16,-2],[-15,-33],[5,-23]],[[4214,5511],[-32,-2],[-17,-6],[-19,5]],[[4146,5508],[-22,25],[25,14],[-29,40]],[[4120,5587],[41,-1],[-1,23],[13,-3],[29,8],[12,21],[-8,16],[18,11],[-66,3],[23,21],[16,3],[-48,14],[-6,6]],[[4143,5709],[52,24],[20,-4],[37,24],[56,0],[36,-39],[2,-18],[18,-16],[25,-7],[16,10]],[[4616,5395],[8,27],[21,32],[17,15],[0,20]],[[4662,5489],[18,31],[17,43]],[[4697,5563],[84,-14]],[[9753,5373],[-188,59]],[[9565,5432],[40,61]],[[9605,5493],[120,-9]],[[9759,5481],[-6,-108]],[[4120,5587],[-28,11],[-26,2],[-25,-7],[0,-14],[-20,9],[-33,24],[-34,-2],[-16,7],[-20,-11],[-28,23]],[[3890,5629],[23,17],[19,-4],[30,9],[16,-24],[9,5],[18,-9],[28,16],[-8,8],[29,21],[28,7],[9,-12],[25,9],[13,27],[-4,10],[18,0]],[[4350,5489],[8,-60],[-28,4],[-7,12],[-35,-10],[2,-23]],[[4290,5412],[-9,-10]],[[4281,5402],[-41,25],[-24,9],[-16,16],[-3,32]],[[4197,5484],[32,-17],[22,30],[36,-9],[63,1]],[[4352,5513],[-2,-24]],[[4197,5484],[17,27]],[[4305,5576],[-14,-41],[14,-10],[31,-7]],[[4407,5381],[11,-7]],[[4418,5374],[0,-11],[17,-33],[46,-41]],[[4482,5267],[-60,-6]],[[4290,5412],[86,-16],[5,9],[26,-24]],[[4445,5488],[-32,-60],[5,-20],[-11,-27]],[[4418,5374],[13,29],[39,-4],[4,18]],[[4474,5417],[18,2],[0,-12],[15,3],[40,24],[21,-18]],[[4473,5526],[28,19],[33,-3],[14,-8],[-5,-30]],[[4543,5504],[-30,-32],[-28,-16],[-11,-39]],[[4543,5504],[40,22],[1,-11],[15,-12],[-1,-12],[14,-4],[24,18],[9,-16],[17,0]],[[4697,5563],[0,16]],[[4697,5579],[-2,14]],[[4695,5593],[-15,29],[13,17],[-2,52],[-6,13]],[[4685,5704],[-21,18],[-3,25],[-8,5]],[[4653,5752],[13,-1],[9,-25],[55,-12],[3,-15],[22,-25],[54,-10]],[[4448,5562],[23,2],[35,22],[56,-21],[-2,16],[26,-12],[62,-5],[5,10],[24,-2],[20,7]],[[4560,5609],[20,-8],[38,-5],[77,-3]],[[4423,5648],[29,-1],[40,-20],[18,2],[50,-20]],[[4560,5609],[-7,10],[10,26],[20,-4],[31,23],[-11,4],[10,19],[-8,25],[9,11],[-16,1],[-21,17],[21,22],[20,-17]],[[4618,5746],[26,-5],[21,-26],[20,-11]],[[9362,6049],[-43,43]],[[9319,6092],[98,29],[24,4],[132,36]],[[9573,6161],[5,-2]],[[9578,6159],[-35,-60]],[[9543,6099],[-181,-50]],[[9543,6099],[-24,-77]],[[9519,6022],[-108,-17],[-49,44]],[[4653,5752],[-6,12],[18,-1],[10,-10],[28,17],[26,5],[8,9],[26,-5],[37,2],[24,10],[53,-28]],[[9601,6150],[46,-17],[26,-17]],[[9673,6116],[33,-66]],[[9706,6050],[-56,-9],[4,-19],[-54,-9]],[[9600,6013],[-8,19],[-47,-7],[-23,-73]],[[9522,5952],[-21,16],[18,54]],[[9578,6159],[4,-14],[19,5]],[[9664,5930],[3,21],[-4,34],[-58,-9],[-5,37]],[[4875,5954],[-41,-9],[-20,29],[27,24],[7,17],[-10,21],[-25,9],[1,21],[-50,17],[-26,0],[-19,-17],[-64,-117],[-6,-50],[-12,-5],[-38,3]],[[4599,5897],[-5,50],[-13,2],[-11,45],[-17,1],[-6,25],[-45,36],[-26,5],[-32,30],[32,6],[41,-13],[18,-15],[23,-2],[15,15],[-18,23],[-13,38],[-16,16],[1,10]],[[4527,6169],[21,13],[69,20],[19,14],[52,50],[32,19],[46,4],[11,9],[2,30],[15,17]],[[4794,6345],[18,-9],[17,3],[23,42],[16,1],[114,-7],[8,2]],[[8861,6414],[167,-95],[65,-30],[104,-69],[82,-84]],[[9279,6136],[40,-44]],[[9522,5952],[35,-22]],[[9646,5838],[-39,-24]],[[9607,5814],[-45,-27],[-16,-4]],[[9546,5783],[-112,117]],[[9434,5900],[-29,30]],[[9405,5930],[-81,85]],[[9324,6015],[-87,87]],[[9237,6102],[-49,49]],[[9188,6151],[-76,78]],[[9112,6229],[-22,25],[-56,34]],[[9034,6288],[-46,22],[-79,41],[-81,40]],[[8828,6391],[-53,21]],[[8775,6412],[-22,9]],[[8753,6421],[27,51],[18,-21],[40,-23],[0,-14],[23,0]],[[9673,6116],[29,51],[26,-12],[103,-32],[18,-52]],[[9753,5373],[0,-9],[25,-1],[-8,-11],[49,-2],[-25,-28],[-40,-19]],[[9754,5303],[-112,51]],[[9642,5354],[-92,41],[-20,-2],[4,13]],[[9534,5406],[15,3],[16,23]],[[9642,5354],[-60,-85]],[[9582,5269],[-101,46],[-89,-123],[-18,-6]],[[9374,5186],[-40,17]],[[9334,5203],[53,76]],[[9387,5279],[48,65]],[[9435,5344],[65,88]],[[9500,5432],[34,-26]],[[9664,5231],[-82,38]],[[9754,5303],[-52,-28],[-38,-44]],[[9484,5135],[-92,42],[-18,-6],[0,15]],[[9582,5269],[-72,-97]],[[9664,5231],[-14,-23],[-39,-83]],[[9444,5053],[-44,3],[8,16],[-96,10],[-53,-75],[-17,-9]],[[9167,5027],[75,46],[70,99]],[[9312,5172],[22,31]],[[9770,5914],[10,-20]],[[9752,5799],[-96,-58],[-49,73]],[[9735,5584],[-53,23],[-26,-35],[-51,-79]],[[9500,5432],[81,115]],[[9581,5547],[7,10]],[[9382,4653],[-9,-11],[-32,-6],[-37,26],[-28,-5]],[[9276,4657],[-4,40]],[[9272,4697],[13,8],[56,77]],[[9341,4782],[14,-22],[14,-36],[23,-46],[-10,-25]],[[9103,4645],[90,43],[43,37]],[[9236,4725],[36,-28]],[[9276,4657],[0,-12],[-55,0],[-85,-41],[-33,41]],[[9197,4753],[39,-28]],[[9103,4645],[-27,38]],[[9076,4683],[27,11],[8,19],[60,41],[-16,11],[5,8],[32,-23],[5,3]],[[9197,4753],[-4,13],[125,59],[23,-43]],[[9379,4833],[-38,-51]],[[9076,4683],[-28,30]],[[9048,4713],[7,28],[35,46],[7,28]],[[9244,4986],[17,7],[52,-23],[21,-48],[45,-89]],[[9587,5044],[3,-18],[17,-34]],[[9607,4992],[-54,-18],[-11,23],[-20,6],[-79,6],[-5,-95]],[[9438,4914],[-59,-81]],[[9677,6191],[-64,-18],[-12,-23]],[[9573,6161],[-160,59]],[[9413,6220],[-11,4],[34,58],[-34,15]],[[9402,6297],[7,10],[75,-32],[55,82]],[[9539,6357],[27,-23]],[[9279,6136],[48,31],[9,15]],[[9336,6182],[45,-16],[32,54]],[[9402,6297],[-102,43],[-20,12]],[[9280,6352],[172,23],[45,0],[42,-18]],[[9336,6182],[29,56],[-111,41],[6,15],[-99,37],[-26,25]],[[9135,6356],[56,38]],[[9191,6394],[32,-21],[57,-21]],[[8861,6414],[1,14],[37,58],[167,-9],[5,-6],[-54,-58],[118,-57]],[[1927,8276],[21,-28],[12,-38],[-5,-29],[-15,-42],[-2,-35],[-23,0],[-13,-22],[2,-12],[21,-43],[-9,-6],[-17,15],[-18,49],[11,29],[-4,23],[17,65],[0,29],[-27,34],[-30,-36],[-17,-5],[-27,-28],[-24,3],[-12,-11],[-29,4],[-94,43],[23,63],[16,-6],[26,-27],[19,-9],[28,-21],[29,39],[31,-9],[-2,-12],[18,14],[13,48],[33,31],[41,-17],[0,-27],[7,-26]],[[7183,1330],[-23,-10],[-16,71],[-27,103],[78,3],[62,6],[4,4],[30,-20],[-76,-66],[40,-27],[-72,-64]],[[8603,778],[-24,-25],[55,-37],[5,9],[19,-6],[20,22],[28,-8],[-3,-11],[73,-13],[22,-6],[19,-16],[21,-7],[131,14],[44,17],[46,45],[9,-7],[37,14],[16,-65],[-1,-20],[7,-51],[28,-71],[26,-37],[28,-48],[-45,-14],[-2,-20],[-33,-2],[5,12],[-15,-1],[-11,23],[-117,113],[18,5],[-16,35],[-16,48],[-25,-4],[-3,-12],[20,-37],[-23,-1],[-22,20],[-20,-1],[-4,25],[-10,-1],[7,-33],[11,2],[7,-33],[-30,-10],[-13,6],[-14,25],[-13,-19],[-21,-5],[5,22],[-18,20],[25,13],[-16,25],[-12,-4],[-24,10],[-23,-11],[-54,24],[-33,10],[-16,-14],[-41,32],[-50,27],[7,8],[-42,15],[7,10],[32,-5],[11,14],[21,-10]],[[145,1505],[30,-25],[63,-12],[1,-11],[26,-1],[45,-29],[35,-5],[21,-11],[-33,-26],[-7,-10],[29,-16],[22,-1],[25,-12],[24,7],[24,-3],[8,-13],[-8,-48],[-15,-3],[-18,24],[-18,9],[-67,-16],[-24,28],[-39,16],[5,8],[-43,14],[-34,-2],[-4,-6],[-37,8],[0,4],[-74,9],[18,19],[-5,17],[70,2],[0,31],[-20,-2],[-44,15],[-17,-3],[10,20],[27,-2],[19,29]],[[140,1508],[5,-3]],[[5266,8469],[-8,-1],[-39,-30],[-13,-18],[-4,-30],[19,-29],[2,-16],[-11,-40]],[[5212,8305],[-6,-22],[5,-18],[-30,7],[1,9],[-32,4],[-41,-1],[0,11],[-50,10]],[[5059,8305],[-40,36],[-60,-37],[-7,20],[19,30],[-12,34],[7,15]],[[4966,8403],[31,29],[42,10],[28,20],[36,-5],[59,14],[30,35],[53,31]],[[5245,8537],[8,5],[26,-32],[-7,-9],[-6,-32]],[[7552,818],[0,-6],[-58,-2],[0,40],[82,3],[2,-34],[-26,-1]],[[3889,4481],[43,-48],[35,-32],[4,-19],[-8,-23],[4,-22],[-5,-15],[-15,0],[-8,-21],[-22,-1],[-11,19],[-4,-16],[-39,9],[-24,-6],[3,-12],[-16,0],[-6,-11],[-70,-22],[5,29],[-8,26],[-10,0],[-7,67],[-33,27],[29,16],[62,50],[33,9]],[[3821,4485],[55,13],[13,-17]],[[140,1508],[-26,16],[-35,29],[20,13],[14,22],[-2,49],[17,30],[29,-6],[-11,-52],[12,-1],[-11,-59],[11,-20],[-13,-24]],[[8613,516],[6,-18],[55,-35],[-14,-33],[26,-23],[40,-24],[29,-38],[-45,-5],[-14,32],[-17,-8],[-15,9],[11,23],[-29,24],[-18,-14],[-17,1],[-8,26],[23,18],[-38,25],[11,6],[-44,17],[38,40],[20,-23]],[[3080,4277],[-6,-29],[-39,-9],[-17,-21],[-37,-1],[-2,23],[-30,16],[3,10],[-16,9],[-21,38],[0,35],[6,22],[28,5],[13,11],[38,-25],[-8,-6],[186,-33],[-1,-6],[23,-19],[-1,-7],[-59,-18],[-11,9],[-31,0],[-11,-15],[-7,11]],[[3691,3888],[-2,-42],[-8,-24],[39,-9]],[[3720,3813],[-29,-3]],[[3691,3810],[-47,-4],[-36,-11],[-7,-20],[-30,3],[-13,15],[-21,9]],[[3537,3802],[-37,0],[-62,22]],[[3438,3824],[9,13],[43,3],[15,8],[23,1],[-8,24],[17,3],[-4,9],[30,-2],[9,-31],[37,19],[29,-1],[30,-14],[-6,27],[-58,5],[-1,9],[37,-2],[31,23],[15,1],[5,-31]],[[5592,3991],[-1,68],[6,71]],[[5763,4133],[94,-5],[-11,-110]],[[5846,4018],[-147,-16],[-107,-11]],[[5362,4909],[1,8],[61,158]],[[5424,5075],[63,-18]],[[5487,5057],[-28,-74],[-38,-88]],[[5585,5031],[-68,-161]],[[5487,5057],[98,-26]],[[6151,4885],[-96,24]],[[6055,4909],[-76,20]],[[5979,4929],[40,104]],[[6200,5025],[-49,-140]],[[6331,4837],[-180,48]],[[6349,4987],[-14,-75],[-4,-75]],[[5979,4929],[-155,40]],[[5824,4969],[43,105]],[[7148,4153],[-133,139]],[[7015,4292],[46,33],[98,72]],[[7308,4268],[-160,-115]],[[6137,3665],[-237,13]],[[5896,3825],[253,-12]],[[5893,3905],[154,44],[111,-3]],[[6158,3946],[-8,-108]],[[6958,3701],[-118,0]],[[6840,3851],[129,0]],[[6969,3851],[-5,-49],[-6,-101]],[[6906,4535],[-16,-13],[-28,22],[-115,-29]],[[6840,4063],[109,-2],[66,-19]],[[7015,4042],[-41,-88],[-5,-103]],[[7149,8050],[10,15],[47,49],[44,63]],[[7250,8177],[35,-21],[32,-26]],[[7167,6791],[-74,1],[-63,-7],[-54,-11]],[[6927,6967],[120,20],[43,-1]],[[7090,6986],[4,-7],[73,-188]],[[5424,5075],[-35,22]],[[5389,5097],[-14,9]],[[5375,5106],[-61,42]],[[5314,5148],[46,54],[55,26],[93,69]],[[5626,5132],[-41,-101]],[[8663,5955],[-74,31]],[[8481,6024],[-5,8]],[[8660,6084],[2,-63]],[[8662,6021],[1,-66]],[[6959,5101],[-46,39]],[[6913,5140],[70,52]],[[6983,5192],[128,98]],[[7111,5290],[46,-39]],[[7157,5251],[73,-62]],[[7655,5149],[78,-65]],[[7733,5084],[-73,-52]],[[7660,5032],[-38,-28]],[[7622,5004],[-92,-66]],[[7157,5251],[92,71],[9,-12],[63,-53]],[[9918,5474],[-88,1]],[[9923,5746],[36,0],[28,-6]],[[9987,5740],[-18,-48],[-42,-99],[-9,-38],[-4,-50],[4,-31]],[[7223,6976],[-66,7],[-67,3]],[[6739,6934],[0,30]],[[7607,6503],[63,-142]],[[7158,6724],[2,62],[7,5]],[[7781,6486],[-77,8]],[[7704,6494],[-97,9]],[[7794,6606],[-13,-120]],[[7859,6478],[-78,8]],[[7865,6522],[-6,-44]],[[7100,3323],[0,-44],[-140,1],[0,54]],[[6960,3334],[0,302],[-2,65]],[[6969,3851],[49,27],[74,16]],[[7092,3894],[-13,-237],[-5,-34]],[[7074,3623],[6,-43],[1,-136],[12,-2],[2,-114],[5,-5]],[[5314,5148],[-108,75]],[[5152,4590],[3,-98]],[[5155,4492],[-1,-41],[8,-43]],[[4962,4494],[2,119]],[[4964,4613],[122,-9],[66,-14]],[[4774,4496],[44,40],[83,80],[63,-3]],[[8958,6195],[-29,-35]],[[8887,6182],[-117,61],[-5,12]],[[8765,6255],[3,7]],[[8768,6262],[11,26]],[[8779,6288],[79,-40],[9,-22],[9,12],[82,-43]],[[8958,6195],[30,38]],[[8988,6233],[46,55]],[[9112,6229],[-1,-13],[-37,-46],[4,15],[-40,22],[-61,-72]],[[8779,6288],[5,20],[10,87],[-19,17]],[[8828,6391],[-14,-20],[1,-26],[12,-28],[161,-84]],[[9015,5653],[-151,-2]],[[8864,5651],[0,49]],[[8727,5698],[-38,1]],[[8689,5699],[-46,35],[-22,9]],[[8621,5743],[38,72]],[[8659,5815],[6,19],[1,41]],[[8666,5875],[60,0]],[[8726,5875],[0,-96]],[[8726,5875],[90,1]],[[8666,5875],[-3,80]],[[8663,5955],[153,1]],[[8775,6021],[82,-22],[29,-15]],[[8662,6021],[113,0]],[[8659,6116],[-1,48]],[[8658,6164],[90,1]],[[8748,6165],[0,-7]],[[8748,6158],[-6,-27],[-15,-41],[13,-37],[35,-32]],[[8768,6262],[-112,-2]],[[8656,6260],[-5,118]],[[8651,6378],[12,-11],[18,4],[55,34],[17,16]],[[6924,4387],[-31,29],[-42,29]],[[7035,4572],[-36,-26],[66,-59],[-113,-82],[-28,-18]],[[5592,3991],[-171,-21]],[[5421,3970],[-16,79],[-24,33],[-8,36]],[[5373,4118],[6,12],[20,9],[22,-6]],[[7248,4575],[-140,-102]],[[7108,4473],[-109,-79],[-50,-33]],[[6949,4361],[-25,26]],[[7179,4411],[-71,62]],[[7248,4575],[72,-61]],[[7015,4292],[-66,69]],[[7622,5004],[38,-33],[-12,-8],[33,-29],[-11,-8],[28,-24]],[[7660,5032],[69,-58]],[[7494,4223],[10,-6],[60,-63],[-38,-30],[-80,-56],[-62,71],[-65,-50],[-47,-21],[-72,-15]],[[7200,4053],[-14,37],[-20,39],[-18,24]],[[7733,5084],[20,16]],[[7753,5100],[67,-57]],[[7820,5043],[68,51]],[[7888,5094],[28,-24]],[[7753,5100],[28,21]],[[7781,5121],[39,31]],[[7820,5152],[68,-58]],[[7820,5152],[23,17]],[[7843,5169],[34,26]],[[7877,5195],[14,-15],[91,-76]],[[7877,5195],[15,11]],[[7892,5206],[32,24]],[[7924,5230],[106,-90]],[[7924,5230],[17,14]],[[7941,5244],[78,58]],[[7111,5290],[85,65]],[[8291,5075],[-41,-31],[44,-38]],[[7898,6340],[-15,34],[6,38],[-15,18],[-16,38],[1,10]],[[5593,6256],[44,42]],[[5637,6298],[4,-3],[88,81],[104,44]],[[6041,6332],[8,-91],[-26,-71]],[[6321,6468],[34,-28],[15,-27]],[[6446,6500],[46,12]],[[6492,6512],[50,-125]],[[7075,5561],[-10,-107]],[[6492,6512],[70,19]],[[6562,6531],[44,8],[78,22]],[[6459,6881],[2,-38],[11,-41],[42,-107]],[[6514,6695],[-106,-26],[-30,3]],[[6514,6695],[24,-65],[4,-48],[20,-51]],[[5824,4969],[-114,31]],[[5710,5000],[68,165]],[[9334,5203],[-231,106]],[[9159,5384],[149,-68],[8,12],[33,-14],[-9,-12],[47,-23]],[[9355,5381],[80,-37]],[[9191,5983],[-30,32],[-14,4],[51,59],[39,24]],[[9324,6015],[-102,-63]],[[8765,6255],[-9,1],[-15,-37],[1,-38],[6,-16]],[[8658,6164],[-1,28]],[[8657,6192],[-1,68]],[[6514,6695],[32,8],[96,18]],[[5801,5221],[-125,34]],[[5776,5498],[125,-32]],[[5901,5466],[-49,-123]],[[5710,5000],[-65,15],[-60,16]],[[8581,8006],[125,31]],[[8706,8037],[48,-123]],[[8754,7914],[3,-8]],[[5908,5464],[-7,2]],[[5979,5638],[-9,-22],[7,-2],[-16,-42],[96,-25],[-18,-42],[-102,27],[-29,-68]],[[6016,5436],[-108,28]],[[6087,5613],[-49,-120],[-22,-57]],[[6222,5382],[-206,54]],[[6016,5436],[0,0]],[[5984,5356],[32,80]],[[7809,6291],[48,12]],[[7670,6361],[28,8],[18,-42],[25,7],[25,-56],[43,13]],[[7701,5262],[11,-12],[24,9],[-22,-17],[30,-24],[-26,-19],[43,-41],[-14,-7],[34,-30]],[[7715,5278],[70,-55],[58,-54]],[[7817,8743],[37,50]],[[7939,8635],[-31,-38],[-8,3]],[[7759,5316],[133,-110]],[[7863,5313],[78,-69]],[[8109,8564],[-33,-32]],[[6688,7001],[-5,3],[-38,111],[-26,-5],[-24,63]],[[8434,5642],[42,-29],[12,11],[51,-34]],[[8377,5661],[45,-30],[12,11]],[[7964,5682],[40,-24]],[[8551,7198],[-176,-47],[-29,-4],[-8,28],[-16,5]],[[8322,7180],[-3,11]],[[8458,7227],[61,16]],[[7929,5784],[28,-1],[22,8],[58,34],[37,28]],[[8074,5853],[100,-72]],[[8613,5729],[-34,-63]],[[8434,5642],[79,74],[8,-5],[13,14],[12,-6],[18,29],[49,-19]],[[8621,5743],[-8,-14]],[[8470,5805],[151,-62]],[[8515,5875],[144,-60]],[[7041,6631],[-66,11]],[[6975,6642],[10,51],[2,35],[-11,46]],[[6827,6596],[79,-5],[9,60],[60,-9]],[[9305,5870],[56,36],[44,24]],[[9434,5900],[-97,-61],[41,-40]],[[9481,5702],[-10,-13]],[[9089,6039],[1,-1],[98,113]],[[6158,3946],[159,-7],[13,2],[-9,28],[2,35],[36,8],[31,-4]],[[5251,3951],[170,19]],[[5592,3991],[6,-72],[7,-46]],[[5217,4127],[156,-9]],[[5208,4165],[6,31],[32,33],[8,-1],[9,22]],[[5263,4250],[139,-10]],[[5773,4217],[-3,1]],[[5263,4250],[22,52]],[[5285,4302],[382,-21],[10,113]],[[5285,4302],[32,73]],[[5155,4492],[209,1]],[[5364,4493],[143,-2]],[[5702,4668],[-26,-65]],[[5364,4493],[50,122]],[[5414,4615],[23,54]],[[5437,4669],[113,-29],[18,45],[82,-20],[5,2],[18,41]],[[5673,4708],[41,-10]],[[5714,4698],[-12,-30]],[[8748,6158],[84,-44]],[[5152,4590],[129,13],[111,13],[22,-1]],[[5990,4717],[-36,-110],[-8,-61]],[[5702,4668],[172,37],[8,17],[27,-8],[32,16],[49,-13]],[[4578,6703],[25,19]],[[4603,6722],[16,41],[16,23],[23,23],[52,5],[48,21],[66,38],[64,23],[37,7],[80,27]],[[3496,7110],[40,-11],[21,-14],[-22,-17],[29,-18],[14,-17],[-1,-13],[26,-1],[59,26],[18,24]],[[3680,7069],[27,4],[32,21],[14,-1],[-3,-28],[12,-6],[33,34]],[[3795,6943],[-21,6],[-49,-6],[-27,1],[-125,18],[2,17],[-71,21],[-66,17],[-19,-1],[22,41],[-8,43],[-17,-11],[-1,11],[35,17],[37,-13],[9,6]],[[4150,7050],[14,2],[19,13],[3,23],[24,33],[9,20],[24,21],[32,17],[17,25],[36,23],[11,12],[6,23],[-48,19],[14,34],[23,-2],[8,28],[-16,36],[11,21],[103,0],[5,-10],[22,-9],[51,22],[18,3],[14,-10],[56,8],[9,-40],[-7,-10],[47,-23],[16,-17],[28,4],[13,-5],[2,-18]],[[6901,8195],[35,45]],[[6936,8240],[52,65]],[[7214,8197],[36,-20]],[[3384,7208],[3,-22],[12,-9],[13,7],[27,-7],[16,10],[-22,14],[-20,2],[7,17],[51,11],[30,17],[23,-12],[-9,-18],[12,-21]],[[3527,7197],[-18,5],[-19,21],[5,-52],[-10,-14],[-7,-29],[18,-18]],[[3091,7160],[7,4]],[[3098,7164],[19,0],[140,118]],[[3257,7282],[18,-20],[1,-12],[17,-9],[29,13],[40,-19],[22,-27]],[[2977,7208],[-23,39],[-23,22],[-45,13],[-15,11],[-29,9],[-12,-3],[-41,9],[-14,-8],[-47,8],[37,32],[-4,8],[15,19],[-3,20]],[[2811,7463],[14,6],[13,-30],[39,-33],[29,-8],[-12,-13],[15,-10],[35,-43],[21,-40],[14,-11],[58,-22],[28,-23],[27,12],[14,-6],[1,-13],[-20,-26],[11,-39]],[[3527,7197],[17,-21],[5,-16]],[[3549,7160],[13,-8],[70,18],[38,-2],[-11,-33],[2,-17],[17,-9],[6,-13],[-4,-27]],[[6690,8531],[79,177]],[[6769,8708],[231,-57],[96,-25],[45,-16],[53,-9]],[[7194,8601],[-4,-9]],[[7190,8592],[-31,-69]],[[4525,6757],[52,-26],[26,-9]],[[4453,6670],[-21,2],[-40,14],[-43,2],[-115,18],[-70,-26],[-43,-46],[4,-13],[-28,14],[-7,-22],[-31,10],[-1,27],[-88,38],[-105,25],[-22,9]],[[3843,6722],[34,23]],[[6064,7509],[3,35],[19,24]],[[6086,7568],[34,43]],[[5913,7576],[80,11],[58,0],[35,-19]],[[6879,7837],[53,-29]],[[6932,7808],[-86,-92]],[[6846,7716],[-26,-32],[-41,-69]],[[6658,7885],[4,5],[35,-16],[-16,-19],[151,-75],[47,57]],[[6462,8028],[77,-23],[154,-77]],[[6693,7928],[186,-91]],[[6788,8051],[-95,-123]],[[6993,7884],[-13,-12],[-31,-46]],[[6949,7826],[-17,-18]],[[6619,8376],[110,-34],[207,-102]],[[6111,8227],[-38,-8],[-51,2],[-23,-25],[-16,10],[20,18],[-27,5],[-17,15],[-5,22],[-51,42],[-32,59],[-60,10],[-25,17],[14,22],[3,21],[-17,29],[-51,2],[-20,7],[-20,21],[-26,5],[-13,15],[-42,30],[-7,25]],[[5607,8571],[13,-5]],[[5620,8566],[9,-11],[39,-21],[54,-4],[11,15],[27,-10],[19,-23],[24,-10],[33,-5],[-4,-9],[10,-22],[10,2],[9,-36],[95,14],[59,19]],[[6132,8551],[47,-52],[1,-7]],[[5620,8566],[40,-5],[21,25],[29,10],[27,-12],[11,4],[-8,15],[39,22],[28,7],[-7,9]],[[5800,8641],[55,7],[24,0],[-8,22],[-27,33]],[[5844,8703],[37,-16],[161,-18],[17,-20],[13,-5],[-2,-79],[7,-4],[-7,-22],[6,-9],[26,3],[22,20],[8,-2]],[[5800,8641],[-66,40],[11,10],[-25,33],[-14,5]],[[5706,8729],[35,19],[26,-8],[89,-2],[-39,-18],[16,-16],[11,-1]],[[5607,8571],[-5,12],[33,19],[4,19],[23,12],[33,8],[-12,39],[1,24],[22,25]],[[6474,8803],[-21,-31],[6,-18],[-17,-26],[-14,-85],[-9,-34],[-49,-68]],[[6132,8551],[19,21],[10,4],[10,18],[2,34],[-3,120],[1,91],[-3,67],[6,11],[45,-1],[49,-18],[30,0],[30,9],[45,-20],[20,-32],[45,-25],[36,-27]],[[6474,8803],[23,-22],[22,-11],[250,-62]],[[7190,8592],[29,-7],[73,-8],[40,-7],[212,-53]],[[7544,8517],[37,-11]],[[7572,8502],[-27,-14],[-6,-58],[5,-13],[-8,-55],[5,-24],[-10,-38],[-115,-49],[-74,-18],[-69,-35],[-23,-21]],[[7194,8601],[61,142],[26,-6]],[[7281,8737],[180,-44],[65,-14],[86,-73]],[[7612,8606],[-68,-89]],[[7281,8737],[69,24],[69,20],[242,83]],[[7661,8864],[9,-21],[-44,-91],[-43,-33],[71,-57],[-42,-56]],[[7913,8949],[-2,-11],[-27,-33],[-42,-73],[-47,-55],[-35,-51],[-29,-37],[-17,-14],[-30,-40],[-57,-46],[-39,-78]],[[7661,8864],[130,44],[-1,1],[114,39],[9,1]],[[5509,6372],[-45,19],[0,42],[-15,-1],[-123,-16],[-28,-24]],[[5298,6392],[-25,12],[-70,18]],[[5044,6485],[0,12]],[[5637,6298],[-7,4]],[[6846,7716],[13,-7]],[[6949,7826],[32,-31],[4,-37]],[[7570,8437],[-5,-113],[87,-46]],[[8754,7914],[97,25]],[[8483,8863],[13,-5]],[[9110,7610],[-213,-57]],[[8481,7337],[-61,-14],[1,-5]],[[8322,7180],[15,-54],[16,-5],[10,-48]],[[8651,6378],[-5,148],[3,19]],[[8674,6705],[74,-4],[45,-15],[0,-10],[70,-6],[9,5]],[[8872,6675],[105,36],[49,25],[34,33]],[[9146,6697],[-3,-27],[-26,-69],[-2,-55],[2,-18],[18,-43],[47,-55],[21,-17],[-14,-8],[2,-11]],[[8713,6838],[76,-19],[10,-12],[35,-60],[38,-72]],[[8840,6837],[111,-25],[83,4]],[[9028,6862],[6,-46]],[[9032,7000],[26,4],[-7,18],[45,3]],[[9096,7025],[19,-38],[11,-50],[-11,-53],[-6,-51],[4,-15]],[[8933,7340],[1,-12],[61,15],[24,29],[25,17],[61,50],[22,26],[11,36]],[[9138,7501],[7,41],[-8,25],[-27,43]],[[9164,7624],[38,-49],[12,-28],[1,-26],[-28,-51],[-59,-61],[-57,-45],[-30,-37],[-10,-49],[5,-23],[33,-57],[7,-64],[5,-72],[15,-37]],[[8884,7440],[207,52],[47,9]],[[6517,4734],[-11,25],[-5,33],[-18,18],[2,15],[-43,4],[-1,-7]],[[6441,4822],[-62,5],[-48,10]],[[6493,5579],[10,-159]],[[6597,5655],[-11,-84]],[[6586,5571],[-20,-141]],[[6679,6161],[-7,-50]],[[6672,6111],[-13,-93]],[[6944,5225],[39,-33]],[[6913,5140],[-176,-134]],[[6586,5571],[109,-7]],[[6848,6069],[-65,7],[-22,9],[-14,-12],[-15,1],[-34,31],[-26,6]],[[7809,6291],[-77,177],[-19,-6],[-9,32]],[[8074,5853],[42,27],[51,16],[56,-8],[31,0],[24,19],[17,43],[20,13],[4,11],[-19,-7],[-58,4],[-5,-28],[-12,-10],[-59,0],[-36,60]],[[8277,6061],[26,12],[40,7],[83,40],[53,22],[66,19],[112,31]],[[8520,6300],[20,32],[51,40]],[[8591,6372],[22,-55],[-46,-49],[-27,13],[-20,19]],[[8520,6300],[-28,23],[-35,61]],[[8457,6384],[49,41],[21,22],[29,8]],[[8556,6455],[20,-24],[15,-59]],[[8556,6455],[-11,27]],[[8651,6378],[-50,-2],[-10,-4]],[[8228,6238],[26,-7],[45,-65],[54,38],[13,4]],[[8366,6208],[82,29]],[[8448,6237],[37,12],[24,20],[11,31]],[[8250,6265],[37,32],[20,3]],[[8307,6300],[5,-14],[54,-78]],[[8307,6300],[21,4],[25,13],[13,21]],[[8366,6338],[17,-9],[65,-92]],[[8366,6338],[12,20],[29,16],[50,10]],[[5990,4717],[10,27]],[[6000,4744],[215,-56]],[[6215,4688],[-11,-154]],[[8832,5386],[32,-24],[57,48],[33,-26]],[[8954,5384],[-33,-146]],[[8884,5487],[31,-31],[49,-32]],[[8868,5534],[16,-47]],[[8864,5651],[1,-80]],[[8865,5571],[-28,0]],[[8777,5632],[-88,67]],[[9312,5172],[-88,40],[-22,-31],[-73,33],[-37,-52]],[[8998,5205],[42,56],[22,-10],[41,58]],[[9411,5472],[45,62],[10,-4],[38,52],[77,-35]],[[8884,5487],[27,4],[94,1]],[[8865,5571],[132,1]],[[8891,5105],[-15,6],[-171,94],[-13,-11],[-8,-20],[-63,-27],[47,-96],[-52,-12]],[[8616,5039],[-50,-12],[-8,18]],[[8272,5396],[97,-79]],[[8616,5039],[23,-52],[-125,-38]],[[7015,4292],[-137,-97],[-17,-20],[-12,-37]],[[6849,4138],[-182,27],[-9,3],[17,130],[12,22],[-56,8]],[[6849,4138],[-6,-40]],[[6843,4098],[-14,9],[-43,6],[-30,12],[-14,-1],[-24,17],[-28,-2],[-15,-12],[-42,10],[-28,21],[-33,-3],[-37,-15],[-14,1],[-63,-29],[-2,-15],[7,-20],[-43,-14],[-3,-9],[31,-26]],[[6390,4008],[12,73]],[[7200,4053],[-27,6],[-56,-14],[-24,9],[-23,0],[-38,23]],[[7032,4077],[-40,16],[-17,11],[-39,9],[-15,-4],[-7,-18],[-19,-6],[-36,5],[-16,8]],[[6451,4673],[7,79],[-16,39],[-1,31]],[[5478,399],[-21,12],[-21,48],[-28,34],[-24,43],[-30,21],[-36,15],[-25,49],[8,28],[22,15],[3,11],[-29,37],[7,62],[-11,21],[-17,11],[-65,19],[-16,30],[-31,16],[-7,33],[-25,25],[-17,29],[-6,28],[-31,32],[-41,11],[-23,11],[-22,32],[-51,26],[-62,9],[-5,28],[14,27],[2,25],[-7,51],[-15,17],[3,32],[12,32],[-9,23],[8,32],[46,37],[18,33],[-5,23],[15,43],[-25,30],[-9,17],[-38,35],[-6,30],[27,60],[17,23]],[[4922,1705],[33,-8],[21,18],[10,25],[16,8],[140,11],[175,12],[125,10]],[[6022,2046],[334,18],[46,4]],[[6402,2068],[-9,-48],[-12,-195],[1,-20],[31,-104]],[[5252,2011],[127,6]],[[4922,1705],[16,15],[4,14],[4,60],[-8,56],[-25,46],[-5,21],[-11,13],[-50,35],[-18,27],[39,35],[50,109],[6,23]],[[4924,2159],[24,-21],[32,-17],[17,-19],[44,-73],[27,-26],[184,8]],[[6055,2376],[181,11],[107,3],[99,7]],[[6442,2397],[-8,-48],[-30,-138],[-3,-68],[1,-75]],[[6442,2397],[200,5],[131,2]],[[6773,2404],[41,-1],[44,-153]],[[6712,2073],[6,-16],[20,-134],[-21,-47],[-11,-9],[-69,45],[-2,-3],[8,-72],[5,-18],[8,-80],[13,-48]],[[4924,2159],[-36,21],[-109,42],[-91,26]],[[4688,2248],[69,107],[26,19],[26,-2],[44,9],[31,2],[43,-15],[10,-8],[45,-1],[25,22],[-8,67],[29,11],[15,-1],[32,17],[7,10],[4,36],[37,7],[0,26],[34,14],[28,-45],[-72,-43],[-45,-46],[-21,-25],[2,-32],[55,-109],[30,-56],[118,-201]],[[6386,2887],[10,0]],[[6396,2887],[12,-65],[0,-13],[36,-268],[2,-36],[-4,-108]],[[6014,3029],[25,-14],[22,-37],[17,-17],[55,-16],[22,2],[20,-15],[72,2],[45,-13],[31,-33],[28,-7],[35,6]],[[6898,2911],[-28,-17],[-8,-18],[-12,-7],[6,-98],[0,-40],[-15,1],[1,-84],[-4,-112],[-13,0],[4,-24],[-59,-22],[3,-86]],[[6396,2887],[43,30],[16,22],[17,7],[43,6],[36,14],[30,5],[27,-12],[19,-17],[32,-1],[8,-15],[65,21],[20,42],[10,-1],[22,-22],[-4,-18],[47,4],[-9,32],[22,-2],[32,-28],[6,-26],[20,-17]],[[5675,3287],[-3,-104],[-2,-33]],[[5401,3006],[-42,-21],[-43,-7],[-32,15],[-22,0],[-12,-17],[3,-33],[-5,-9],[-27,-10],[-97,-3],[-24,-6],[-64,-40],[-25,-1],[-36,7],[-57,-4],[-18,-9],[-1,-17],[-13,-5],[-29,14],[-32,29],[-26,7],[-16,-4],[-19,-33],[-15,-2],[-39,18],[-13,44],[-19,1],[-18,-24],[-19,-1],[-27,9],[-59,7],[-14,9],[-30,-1],[3,-24],[-12,-12],[-19,2],[-22,19]],[[4461,2904],[17,26],[52,22],[-57,23],[-4,21],[14,29],[4,44],[-17,15]],[[4470,3084],[-7,35],[-30,28],[-4,11]],[[4429,3158],[76,-35],[22,-2],[26,8],[40,3],[31,-5],[15,3],[31,22],[18,-7]],[[4688,3145],[43,-27],[73,-14],[37,-10],[39,-16],[24,2],[18,35],[49,35],[18,31],[25,54],[-8,27],[4,15],[14,1],[22,-18],[32,-8],[7,6],[-21,30],[36,4],[7,-17],[29,-9],[55,9],[79,28],[-6,16],[-34,14],[-9,13],[0,29],[8,30],[34,6],[9,35],[19,11],[55,-6],[15,21],[23,11]],[[6386,2934],[0,-47]],[[5675,3287],[4,4],[107,-42],[137,-55],[127,-53],[42,-20]],[[6215,4688],[98,-26]],[[4688,2248],[-116,28],[-190,35],[-121,17],[-30,-6],[-62,35],[16,13],[35,14],[29,22],[56,26],[35,11],[28,21],[34,10],[34,36],[6,12],[2,45],[-8,90],[-12,63],[-23,94],[8,29],[31,31],[17,23]],[[4457,2897],[4,7]],[[7032,4077],[-17,-35]],[[5846,4018],[88,10]],[[6000,4744],[0,1]],[[6000,4745],[55,164]],[[5714,4698],[44,109]],[[5758,4807],[242,-62]],[[5758,4807],[-1,0]],[[5757,4807],[67,162]],[[5437,4669],[24,59]],[[5461,4728],[14,32]],[[5475,4760],[198,-52]],[[5475,4760],[27,71]],[[5517,4870],[52,-14],[188,-49]],[[6960,3334],[-133,0],[1,84],[-202,0],[-6,-126],[-35,-6],[3,89],[-221,2]],[[7100,3323],[168,-30]],[[7194,3137],[-27,-6],[-8,-24],[11,-10],[-14,-27],[5,-19],[-7,-19],[9,-18],[-126,-46],[-41,-3],[4,-23],[-15,-30],[-17,1],[-17,19],[-38,-5],[-15,-16]],[[7200,4053],[37,-89],[13,-28]],[[7250,3936],[-136,-32],[0,-12],[-22,2]],[[7422,3564],[-76,14],[-1,-4],[-271,49]],[[7250,3936],[18,-30],[67,-54],[151,-127],[30,-28],[-22,-7],[-17,-18],[-24,-43],[-15,-4],[0,-29],[-13,-11],[-3,-21]],[[7422,3564],[-3,-30],[5,-11]],[[5375,5106],[-19,-9],[-91,-80],[-54,-29],[-33,-9],[-48,13],[-30,0]],[[4787,3353],[-1,-4],[-83,6],[-5,-17],[-54,3],[-18,-4],[-3,-11],[-34,-12],[-5,-21],[-24,11],[-22,-15],[8,-22],[29,-30],[6,-19],[30,-26],[72,-34],[5,-13]],[[4429,3158],[-4,50],[-7,13],[-23,4],[-21,-10],[-16,6],[-36,39],[-33,16],[3,38]],[[4292,3314],[13,21],[16,3],[64,-36],[10,16],[-10,25],[21,33],[47,23],[8,19],[18,4],[-11,20],[-16,12],[-31,33],[-11,38]],[[4524,4240],[-15,3],[-11,40],[-31,55],[-46,-7],[-2,32],[-5,11]],[[4414,4374],[36,-4],[43,-25],[28,-2]],[[4147,4230],[48,19],[14,37],[30,46],[27,19],[30,-4],[31,2],[0,11],[-19,6]],[[4308,4366],[30,2],[28,-9],[26,12],[22,3]],[[4243,3779],[-32,29],[-39,14],[34,-40],[-31,1]],[[4175,3783],[-13,7],[-28,-22],[-20,-6],[-19,11]],[[4095,3773],[-2,15],[52,31],[-35,-7],[-17,6],[-21,21]],[[4292,3314],[-16,48],[10,25],[19,13],[6,17],[-2,55],[-8,24]],[[4301,3496],[6,3],[-40,28],[-8,43],[-17,27],[-40,16],[-9,16],[18,39],[-47,35],[6,12],[29,14],[-1,20],[-18,15],[-5,19]],[[5389,5097],[-66,-57],[-46,-108]],[[4095,3773],[-31,30]],[[4064,3803],[-13,14]],[[4051,3817],[-27,39],[-4,19],[-21,28],[-28,18],[-12,-7],[6,35]],[[5150,4632],[2,-42]],[[4308,4366],[23,18],[34,-2],[29,28],[30,23],[21,-5],[21,8],[19,21],[20,7],[13,92],[-45,30],[-6,16],[24,17],[36,14],[20,27]],[[4547,4660],[24,13],[6,19],[12,11]],[[4547,4660],[-13,23],[-21,25],[-3,-15],[-26,6],[-6,-21],[14,-22],[-41,-19],[-16,-19],[-56,6],[32,16],[16,43],[-3,48],[9,19],[2,23],[12,19],[-13,25],[40,-5],[16,4],[22,14],[34,6],[30,13],[-1,28],[-32,-6],[-49,-1],[8,27],[5,47],[8,46],[-5,21],[-39,2],[-9,33],[-18,6],[2,17]],[[4446,5069],[42,38]],[[5288,4713],[146,22],[27,-7]],[[4446,5069],[-19,-20],[-10,-38],[-12,-2],[-23,-42],[-3,-38],[-42,-20],[6,-24],[-4,-21],[-19,-15],[-4,-21],[-14,-4],[-1,25],[-11,10],[-55,22],[-16,-2],[-20,8],[-72,16],[4,-8],[36,-16],[-16,-19],[13,-1],[-1,-25],[-10,-23],[2,-16],[-18,4],[-15,-29],[10,-12],[-8,-8],[-14,7],[-26,-3],[-42,2],[-7,-17],[-27,-6],[-43,26],[-21,-17],[-30,-5],[-3,10],[10,29],[12,15],[19,-6],[20,18],[-12,30],[8,26],[19,34],[16,14],[9,26],[26,35],[49,12],[17,27],[-22,7],[-31,-5],[-24,-21],[-27,-16],[-81,-41],[-85,11],[-68,6],[-17,20],[5,26],[-10,16]],[[3744,5010],[-3,8]],[[3741,5018],[52,16],[14,-5],[-9,-24],[8,-20],[24,-4],[43,-16],[16,8],[1,13],[-14,12],[-12,-6],[-11,18],[-2,17],[12,21],[17,13],[16,1],[36,-14],[-11,-39],[15,-17],[15,-2],[48,6],[-10,31],[12,9],[23,2],[40,13],[68,3],[34,18]],[[4166,5072],[24,-16],[50,-45],[97,55],[77,46],[16,6],[32,-4]],[[4166,5072],[18,6]],[[4184,5078],[28,5],[35,16],[13,14],[15,3],[39,44],[30,4],[26,18],[44,-3],[29,13]],[[4443,5192],[18,-1],[32,-30]],[[5416,6263],[-30,13],[-33,-5],[-15,25],[12,28],[-2,26],[-9,11],[-41,31]],[[4794,6345],[8,18],[-37,55],[-89,44],[-8,14],[5,15]],[[4226,5240],[-6,-40],[15,-24],[-7,-4],[15,-26],[-51,-18],[7,-20],[-14,-7],[-1,-23]],[[3741,5018],[-6,9]],[[3735,5027],[49,18],[86,23],[22,2],[43,-13],[19,1],[47,16],[30,23],[8,21],[-24,5],[-62,135],[1,17],[33,-1],[-12,35],[1,16],[10,0],[19,-17]],[[4543,5861],[39,-8],[31,-17],[-3,-57],[8,-33]],[[4405,5683],[-5,16],[20,1],[8,-10],[44,6],[38,42],[-34,22],[11,52],[-11,22],[9,28],[58,-1]],[[3943,5442],[14,-13],[77,-13]],[[4034,5416],[-4,-3]],[[3735,5027],[0,1]],[[3735,5028],[-9,18]],[[3726,5046],[8,9],[-13,15],[-28,13],[-17,31],[13,38],[27,24],[8,26],[-2,39],[20,19],[20,44],[-22,24],[-18,43],[-4,39],[4,32],[47,5],[34,-9],[23,-46],[17,-17],[32,-16],[19,-4],[19,19],[-4,26],[3,26],[31,16]],[[4417,5256],[7,-31],[19,-33]],[[4148,5408],[-3,-9],[27,-16],[29,25],[42,-33],[14,-3]],[[4034,5416],[11,6]],[[4129,5477],[12,15],[-15,1],[20,15]],[[3943,5442],[7,17],[-5,21],[-44,35],[-20,21],[-11,0],[4,16],[-30,52],[-22,10],[68,15]],[[9607,4992],[48,-93],[1,-26],[-7,-20],[-23,-23]],[[9626,4830],[-188,84]],[[4543,5861],[-1,14],[20,12],[21,-3],[8,18],[8,-5]],[[4527,6169],[-35,25],[6,11],[28,-1],[45,19],[-14,23],[-3,24],[-30,34],[-34,17],[-4,9],[6,22],[-29,17],[-49,12],[-15,8],[-9,19],[-1,26],[-13,21],[-19,6],[0,25],[26,25],[31,-25],[22,1],[16,18],[-1,20],[48,15],[28,-5],[39,-29],[7,-15],[16,-2]],[[9938,6059],[-17,-11],[-10,-32],[8,-8],[-6,-26],[-23,-10],[-15,7]],[[9189,6706],[-14,-56],[-15,-28],[-12,-51],[-2,-26],[11,-43],[15,-24],[31,-34],[29,-26],[57,-21],[35,3],[33,23],[14,24],[63,-28],[57,-3],[43,-11],[29,-12],[33,-31],[49,5],[32,7],[24,-29],[31,-22],[114,-51],[36,-24],[15,-16],[26,-40],[10,-24],[7,-39],[-2,-70]],[[9938,6059],[18,-134],[21,-28],[13,-32],[9,-68],[-5,-40],[-7,-17]],[[9918,5474],[9,-46],[29,-90],[2,-44],[-10,-25],[-37,-34],[-113,-37],[-24,-16],[-39,-48],[-20,-34],[-27,-64],[-2,-43],[11,-31],[43,-45],[16,-40],[-14,-39],[-18,-22],[-26,-21],[-44,-22],[-38,-41],[-3,-56],[10,-40],[15,-34],[65,-88]],[[9703,4514],[-54,-27]],[[9649,4487],[-69,104]],[[9580,4591],[-45,91]],[[9535,4682],[-7,19],[7,42],[8,16],[83,71]],[[9382,4653],[79,-3],[39,8],[35,24]],[[9580,4591],[-26,0],[-37,12],[-75,0],[-153,14],[-29,-9],[-43,-56],[-28,-8],[-30,9],[-31,44],[-49,56],[-31,60]],[[7913,8949],[-4,72],[13,20],[48,20],[-3,10],[-22,17],[-8,18],[13,7],[30,-8],[30,1],[41,28],[-13,5],[-33,0],[2,13],[17,9],[34,43],[12,-4],[-1,-29],[19,4],[9,21],[-2,16],[-19,29],[-4,20],[21,10],[70,-1],[88,26],[-19,-94],[11,-91],[4,-55],[9,-20],[17,-19],[101,-42],[85,-31],[94,-32],[61,-41],[31,-33],[26,-43],[16,-43],[11,-49]],[[3402,7238],[-5,-23],[-13,-7]],[[3257,7282],[-29,18],[33,19],[39,-13],[11,-21],[47,-4],[28,-9],[16,-19],[0,-15]],[[282,7759],[15,-11],[47,25],[47,-11],[18,-32],[-2,-17],[10,-22],[26,13],[98,-7],[80,-41],[0,-6],[37,-24],[34,-47],[-1,-30],[-50,-25],[-1,-16],[-18,-6],[-20,31],[-58,32],[-42,-19],[9,-20],[-7,-22],[12,-7],[-1,-18],[28,-21],[27,-32],[-11,-1],[-32,37],[-62,-6],[0,38],[-15,21],[7,23],[-42,30],[-20,-11],[18,-28],[-7,-23],[-41,10],[-35,-14],[-19,1],[-15,-9],[-6,16],[-13,-1],[-6,18],[11,5],[-12,75],[9,34],[-23,-5],[-83,-6],[22,19],[0,17],[39,33],[20,-1],[2,9],[-19,8],[-12,31],[22,29],[15,1],[20,-17]],[[9714,3922],[55,-28]],[[9769,3894],[-38,-45],[-44,-41],[-21,-36],[-1,-43],[6,-62],[-10,-22],[-22,-6],[-47,9],[-38,20],[-31,10],[-27,-1],[-31,-7],[-56,-26],[-46,-46],[-27,-8],[-38,-5],[0,16],[17,18],[14,54],[-34,26],[-8,-4],[-15,14],[-2,13],[67,28],[34,-37],[37,24],[59,21],[75,-6],[30,5],[-11,20],[5,12],[18,-3],[5,9],[-26,4],[3,8],[52,-8],[20,28],[-71,36],[22,28],[20,0],[62,-25],[43,56]],[[4905,8974],[27,1],[15,31],[-9,5],[19,14],[25,8]],[[4982,9033],[42,19],[11,-8]],[[5035,9044],[6,-22],[-8,-23],[7,-15]],[[5040,8984],[-16,-23],[8,-46],[20,2],[0,-9],[-33,-3],[-7,-16],[11,-25],[-10,-6],[-37,34],[-43,-1],[-9,-27],[-37,-4],[-24,10],[-15,-3],[-23,12],[6,33],[43,31],[-2,5],[-68,-35],[-21,-22],[-4,15],[18,24],[36,15],[6,25],[24,21],[42,-17]],[[5063,9140],[-18,-36],[3,-33],[-13,-27]],[[4982,9033],[34,26],[-17,14],[2,12],[27,29],[-19,9],[-19,24],[9,3]],[[4999,9150],[24,4],[2,8],[29,1],[-5,-18],[14,-5]],[[4457,2897],[-37,11],[-30,-9],[-23,2],[-17,-17],[-15,4],[-40,-1],[-14,-9],[-24,11],[-25,-13],[0,23],[-10,1],[-38,32],[-28,9],[28,33],[-27,2],[4,56],[-12,3],[-11,42]],[[4138,3077],[7,23],[33,29],[19,3],[19,22]],[[4216,3154],[33,37]],[[4249,3191],[21,-24],[37,-22],[23,-24],[26,-17],[24,-57],[33,-14],[17,0],[7,29],[16,21],[17,1]],[[3428,8998],[16,-4],[0,-15],[-22,-26],[4,-20],[24,-5],[-4,-18],[14,-19],[-15,-24],[2,-13],[47,-61],[19,-12],[4,-16],[17,-26],[-19,-10],[2,-29],[-41,-17],[-9,-45],[12,-36],[-1,-28],[-8,-18],[-19,4],[-18,20],[6,16],[0,30],[-11,6],[-10,41],[10,16],[24,-3],[15,8],[0,11],[-22,22],[6,26],[-13,57],[-34,15],[-22,32],[37,6],[-2,46],[-12,8],[8,12],[-21,44],[22,29],[14,-4]],[[1792,9997],[-3,-11],[26,-21],[-18,-24],[29,-28],[-5,-23],[15,-23],[10,-28],[25,-6],[16,-23],[24,-1],[11,-14],[7,-68],[-36,-40],[-17,-3],[-2,31],[-32,38],[3,35],[-32,28],[-10,15],[-36,-23],[-40,4],[-21,25],[-6,67],[26,0],[1,8],[-35,1],[-14,21],[-38,0],[1,6],[56,29],[41,-5],[4,14],[28,19],[22,0]],[[3869,3823],[-38,-23],[-3,-28],[-7,2]],[[3821,3774],[-29,4],[-72,35]],[[3691,3888],[13,-8],[19,1],[18,-12],[18,24],[-11,27],[17,7],[32,-6],[11,16],[61,-11],[-11,-41],[25,2],[28,-22],[-42,-42]],[[174,7110],[32,-10],[9,-21],[-52,-59],[38,-4],[7,-13],[35,-32],[13,-4],[-2,-17],[-22,-10],[-40,6],[6,10],[-17,22],[-70,6],[-7,-31],[-77,5],[10,23],[-37,1],[3,42],[19,20],[4,14],[32,28],[41,-4],[13,27],[55,-2],[7,3]],[[7890,939],[-4,-17],[46,-2],[2,-24],[-32,-6],[1,-23],[-69,-2],[-137,-8],[4,-30],[-38,-2],[2,-20],[-54,9],[-4,40],[37,1],[4,33],[23,-9],[32,2],[44,21],[-8,16],[33,17],[99,0],[19,4]],[[3887,9933],[8,-7],[24,5],[0,12],[65,3],[-7,-32],[43,-36],[-6,-19],[14,-4],[12,-20],[-7,-35],[-15,2],[-11,-18],[9,-16],[-8,-6],[3,-28],[-25,-10],[-11,-12],[-27,34],[9,25],[-10,1],[-16,31],[28,12],[2,10],[-22,32],[-19,19],[-91,0],[18,-18],[8,-33],[-32,-21],[-7,16],[-29,31],[-45,-2],[-40,-13],[-14,-28],[-37,7],[-4,-22],[-43,10],[5,15],[-14,52],[-21,19],[12,13],[27,2],[12,-12],[33,-2],[34,17],[34,-1],[7,-11],[44,16],[32,0],[-33,10],[1,10],[36,-2],[8,18],[47,5],[19,-19]],[[3055,5062],[27,-4],[18,39],[16,5],[11,-19],[-15,1],[-11,-18],[20,-5],[-12,-39],[-13,-11],[-26,18],[-26,-1],[-13,11],[-25,8],[-45,39],[-27,20],[17,18],[22,-11],[-4,-5],[30,-24],[56,-22]],[[9714,3922],[31,41],[1,26],[-37,4],[4,27],[31,-3],[-29,34],[-58,2],[2,52],[16,0],[-9,35],[15,69],[-100,-2],[5,34],[51,-2],[3,18],[-130,-4],[-1,15],[-30,-2],[3,44],[107,29],[35,40],[13,20],[64,12],[-52,76]],[[9703,4514],[41,-45],[24,-35],[13,-45],[-2,-41],[-9,-38],[-13,-33],[-18,-86],[5,-40],[45,-74],[19,-27],[8,-42],[-6,-40],[-16,-35],[-25,-39]],[[1051,6376],[16,9],[35,-2],[15,-6],[63,-9],[64,-21],[6,10],[-17,29],[41,14],[12,-21],[22,-2],[-1,-35],[15,-31],[1,-15],[38,9],[21,-11],[45,-13],[-8,-24],[51,13],[29,-25],[24,-11],[-8,-44],[-15,-12],[-24,-5],[-10,-13],[-8,8],[-34,-7],[-59,4],[-86,-2],[-20,41],[7,3],[-21,30],[-50,2],[-36,-18],[-15,25],[-1,26],[8,4],[-4,18],[-28,23],[-4,10],[-44,24],[-55,14],[-2,38],[15,1],[13,16],[12,-3],[-7,-21],[4,-20]],[[5059,8305],[11,-24],[-1,-18],[-11,-6],[15,-63],[-35,-15],[-73,7],[-38,-4],[-31,14],[-18,-1]],[[4878,8195],[2,33],[-32,-6],[-55,5],[-11,-5],[-17,-24],[-20,-8]],[[4745,8190],[6,21],[-9,18],[1,27]],[[4743,8256],[17,23],[-51,26],[-2,15],[12,39],[36,26]],[[4755,8385],[24,-5],[-18,-11],[11,-10],[-11,-13],[41,9],[78,-5],[-3,27],[57,6],[32,20]],[[4905,8974],[-28,32],[20,21],[-17,5],[4,21],[-20,16],[-11,28],[29,29],[44,-6],[26,45],[14,11],[33,-26]],[[4755,8385],[26,26],[-9,21],[-42,18],[-4,16],[-22,41],[14,39],[16,2],[11,-33],[19,-9],[30,1],[0,-33],[45,68],[7,24],[15,20],[9,1],[24,21],[35,23],[11,-17],[42,-24],[51,9],[9,-24],[14,-11],[51,-10],[83,-12],[55,-5]],[[1290,3653],[12,-6],[-16,-17],[-8,9],[-28,-10],[-17,-18],[-36,-17],[-8,14],[10,15],[22,17],[69,13]],[[5266,8469],[17,-21],[-38,-30],[-9,-20],[12,-26],[11,-45],[-7,-31],[-23,3],[-11,-8],[-6,14]],[[4865,7897],[-26,-23],[-20,-29],[27,2],[26,-23],[37,-2],[-21,-53],[-18,-11],[-9,-28],[18,-4],[-27,-41],[17,-10],[3,-12],[-21,-11],[12,-20],[-19,-14],[-22,20],[-32,18],[-21,6],[-54,-19],[5,-13],[-59,18],[6,15],[-40,10],[10,-46],[-33,-9],[-8,-16],[-48,13],[-74,-14],[-12,9],[-17,-15],[-11,8],[11,13],[-22,-7],[-22,12],[23,19],[10,-6],[6,18],[13,-4],[8,29],[24,27],[-13,3],[9,45],[8,21]],[[4489,7773],[26,11],[22,23],[4,12],[14,-7],[15,22],[12,33],[27,28]],[[4609,7895],[59,-23],[58,5],[-7,14],[26,20],[10,32],[16,7],[39,4],[15,-28],[23,-4],[17,-25]],[[7142,949],[-7,-31],[33,-10],[73,-34],[67,-8],[71,-12],[58,-4],[-7,-43],[-6,-7],[-52,7],[-52,1],[-49,16],[-77,32],[-32,17],[-19,-23],[-23,-36],[-20,6],[-20,-27],[-43,29],[24,115],[12,11],[27,1],[26,14],[16,-14]],[[3512,4776],[-13,-32],[-26,-39],[-52,-61],[0,-40],[14,1]],[[3435,4605],[5,-14],[17,1],[21,-67],[13,-2],[-10,-35],[-23,-32],[39,-6],[28,-15],[-4,-40],[-26,5],[9,-39],[5,-42],[-23,8],[-81,-6],[-5,27],[-23,-3],[-32,24],[-10,-5],[-22,9],[-3,33],[-8,12],[2,34],[-7,15],[-17,-1],[-2,37],[20,18],[-16,18],[10,5],[-26,70],[-4,37],[20,7],[14,14],[22,35],[-7,4],[36,48],[46,19],[-13,19],[-22,5],[-5,16],[15,11],[20,-1]],[[3388,4828],[22,7],[13,12],[35,12]],[[3458,4859],[40,-64],[14,-19]],[[5063,9140],[3,20],[11,-14],[-11,-19],[2,-48],[-9,-48],[7,-17],[16,-14],[18,-35],[20,4],[21,-40],[-19,-7],[9,-16],[-32,-13],[-23,56],[-36,35]],[[4249,3191],[-14,14],[-1,25],[-32,40],[-41,26],[-4,29],[-15,42]],[[4142,3367],[15,43]],[[4157,3410],[65,29]],[[4222,3439],[34,28],[45,29]],[[2761,2139],[-26,-11],[-26,10],[-57,-59],[21,-32],[-40,-21],[-43,-15],[-38,-22],[-25,-21],[-32,-41],[-40,-19],[-21,25],[29,13],[23,26],[-27,14],[20,30],[18,14],[74,43],[49,7],[18,19],[11,39],[18,17],[80,26],[14,-42]],[[2716,2185],[-12,-2],[6,21],[29,8],[3,-24],[-26,-3]],[[4216,3154],[-47,38],[-57,40],[-58,18],[-11,-18]],[[4043,3232],[-7,3],[11,24],[-6,5],[14,23],[-3,10],[14,23],[14,-5],[10,13],[-10,5],[16,25],[18,16],[28,-7]],[[4138,3077],[-19,8],[-53,42],[-71,46],[13,16],[10,-5],[10,20],[-6,8],[21,20]],[[3402,7238],[21,-5],[44,0],[-6,15],[16,10],[29,4],[37,-21],[8,4],[14,-14],[-17,-16],[13,-28],[17,-8],[-29,-19]],[[8384,789],[35,25],[68,-19],[1,-24],[10,-4],[-26,-16],[-18,2],[-26,-26],[-119,102],[-28,21],[9,1],[48,-27],[46,-35]],[[3388,4828],[-5,9],[-57,-10],[26,15],[18,33],[20,8],[7,14],[34,24],[12,23],[-19,28],[46,1],[12,9],[35,-19],[22,19],[21,-2],[10,35],[15,13],[56,-15],[27,15],[16,3],[10,15],[29,6],[3,-6]],[[3735,5028],[-60,-28],[-76,-7],[-34,-38],[-26,-46],[-15,-1],[-8,-21],[-16,0],[-42,-28]],[[3537,3802],[-9,-5],[3,-21],[-11,-44],[-14,-18],[15,-28],[17,0],[47,27],[-4,-10],[-25,-15],[5,-12],[-14,-14],[-17,-5],[-38,-21],[-36,12],[-47,-14],[-39,3],[-16,5],[-30,-13],[-2,26],[20,25],[-19,28],[15,21],[-39,41],[-28,-34],[-7,10],[-38,11],[16,28],[13,-2],[7,23],[46,-19],[-8,25],[6,8],[69,10],[9,-10],[17,9],[-6,14],[38,-5],[5,-14]],[[3189,3861],[25,-1],[-1,-10],[29,-25],[-11,-23],[-14,-8],[-9,24],[0,17],[-15,13],[-38,4],[-10,-5],[28,-24],[-28,-12],[-31,25],[12,14],[29,14],[34,-3]],[[1060,1280],[-50,-20],[-55,-12],[-43,-26],[-37,28],[41,32],[17,6],[28,-8],[19,3],[53,27],[76,14],[29,18],[22,26],[27,46],[20,13],[31,42],[20,-16],[31,-17],[-28,-40],[-6,-22],[-29,-25],[-54,-38],[-42,-15],[-70,-16]],[[8193,904],[10,-7],[18,9],[51,1],[-24,-40],[-4,-38],[-11,-20],[-36,10],[1,51],[-30,-3],[-9,-32],[10,-7],[-7,-12],[-31,7],[-12,9],[7,17],[-33,-3],[-19,4],[-14,-40],[-25,4],[22,57],[-6,4],[3,64],[33,5],[7,24],[99,-64]],[[8793,2899],[-11,-59],[-33,-30],[-17,9],[-12,-15],[21,-12],[-46,-45],[6,-5],[-54,-47],[-42,36],[37,58],[29,26],[9,18],[16,52],[-96,-9],[4,33],[99,2],[7,20],[-7,1],[10,21],[45,-18],[-2,-5],[42,-18],[-5,-13]],[[3821,4485],[-7,17],[5,16],[-28,57],[-2,17],[15,6],[2,23],[64,39],[-27,21],[18,9],[62,21],[23,27],[22,-8],[-11,-24],[8,-4],[-21,-28],[-23,14],[-10,-12],[17,-40],[23,-1],[2,-72],[-24,-31],[-30,-28],[5,-13],[-15,-10]],[[3606,4759],[-24,8],[-5,16],[-34,22],[-31,-29]],[[3744,5010],[-31,-7],[-29,-18],[-36,-54],[4,-21],[-16,-7],[9,-17],[7,-38],[-1,-31],[-24,-7],[-5,-28],[-16,-23]],[[3606,4759],[-17,-30],[-10,14],[-32,-20],[6,-4],[-2,-26],[18,-15],[-9,-26],[0,-37],[-57,5],[-6,-10],[-62,-5]],[[3179,4199],[-14,-10],[7,-18],[-19,-32],[-31,-29],[-4,-15],[6,-36],[-3,-25],[14,-20],[15,-39],[-60,-42],[-40,-9],[-12,2],[-31,22],[-51,19],[-39,31],[-41,12],[-31,18],[8,15],[1,24],[12,27],[21,7],[-19,20],[-11,24],[-33,14],[-24,16],[17,7],[38,-8],[32,14],[26,-6],[17,3],[8,26],[25,-2],[50,-15],[24,10],[24,1],[39,27],[15,3],[29,28],[55,-43],[-18,-9],[-2,-12]],[[4745,8190],[-19,-17],[-16,-41],[12,-43],[2,-32],[-3,-23],[-24,-41],[-41,-12],[-12,-25],[-35,-24],[-5,-31],[5,-6]],[[4489,7773],[-51,72],[10,-2],[37,49],[-6,22],[53,75],[1,45],[-6,22],[-44,22],[36,38],[21,33],[28,-25],[28,-8],[-6,23],[-27,24],[17,12],[21,-14],[23,24],[13,24],[4,22],[-12,27],[24,-11],[12,-24],[31,-5],[17,14],[0,19],[30,5]],[[4415,7704],[-21,-15],[-12,6],[-11,-9],[-21,15],[17,27],[48,-24]],[[2680,2293],[10,-63],[-1,-25],[7,-23],[-46,0],[-9,-16],[-35,-37],[-45,-43],[-70,-48],[-60,-65],[-70,-16],[-38,31],[-17,2],[-30,-12],[-18,-16],[-20,-10],[-37,32],[56,48],[-7,41],[16,22],[18,3],[16,13],[-4,9],[62,51],[27,33],[63,85],[4,27],[30,13],[21,-8],[12,-19],[35,-12],[12,16],[51,20],[29,3],[21,-11],[17,-25]],[[4878,8195],[-8,-15],[31,-20],[9,-26],[13,-9],[-26,-18],[-9,12],[-34,9],[-17,-1],[-18,-24],[-35,25],[14,-16],[2,-15],[-10,-24],[15,-29],[-1,-28],[23,-11],[-26,-27],[7,-10],[28,2],[25,-9],[22,-19],[13,-21],[-12,-6],[-11,-21],[-8,3]],[[3764,3707],[-20,-23],[-26,-8],[-16,26],[-24,-7],[-28,17],[14,18],[-4,18],[-25,18],[12,19],[46,19],[-2,6]],[[3821,3774],[-12,-32],[-16,-5],[-6,-16],[-23,-14]],[[3980,3530],[-21,-35],[18,-12],[-16,-35],[-7,-1],[-14,-27],[-15,-17],[-7,13],[-30,7],[-6,16],[9,21],[5,33],[18,9],[-17,4],[-4,22],[3,34],[23,-1],[8,13],[30,-4]],[[3957,3570],[7,-27],[16,-13]],[[3843,6722],[-23,-21],[13,-11],[-15,-23],[-18,-17],[-12,8],[4,-60],[-26,-18],[-25,-45],[-14,-7],[-38,-6],[15,13],[-18,15],[18,-2],[10,13],[-19,11],[7,24],[-14,3],[21,26],[10,-3],[13,22],[12,-4],[58,45],[-57,9]],[[3745,6694],[22,33],[14,-20],[16,21],[56,27]],[[4064,3803],[-23,-19],[-9,11],[-36,-16],[6,-11],[-12,-15],[6,-6],[72,-15],[-1,-20],[-11,-11],[-48,-10],[28,-55],[46,-46],[45,-55],[31,-23],[26,-35],[38,-38]],[[4157,3410],[-2,9],[-28,57],[-12,-5],[-34,4],[-3,23],[-35,6],[-9,35],[-54,-9]],[[3957,3570],[-12,28],[-30,0],[-49,20],[0,-17],[-16,0],[-8,37],[-30,24],[-35,-7],[-13,16],[30,9],[8,11],[-5,14],[-33,2]],[[3869,3823],[27,-5],[22,17],[32,-12],[49,-34],[16,2],[16,21],[20,5]],[[3745,6694],[-17,-12],[-64,-28],[-10,-11],[-68,-5],[-29,-8],[-17,-12],[-6,25],[2,54],[15,-2],[-7,-48],[68,12],[20,12],[10,60],[20,-12],[6,30],[13,9]],[[4209,9462],[4,-13],[-20,-18],[-29,0],[-14,-7],[21,-12]],[[4171,9412],[-6,-23],[-26,-13],[-2,-20],[44,-8],[7,-10],[-24,2],[-10,-8],[-32,1],[-4,47],[-43,-7],[-34,-9],[9,24],[-18,-1],[-2,32],[-16,6],[6,-15],[-8,-14],[-19,-7],[-6,21],[-25,23],[1,29],[85,2],[6,10],[77,-26],[14,8],[37,-7],[27,13]],[[4209,9462],[36,-4],[15,15],[-2,21],[16,24],[33,-28],[3,30],[10,27],[23,4],[4,-10],[-21,-26],[7,-52],[16,1],[31,14],[14,17],[24,-12],[-27,-21],[-15,-25],[-2,-30],[-14,-9],[-36,0],[2,-28],[26,-35],[-10,0],[-9,22],[-30,17],[5,29],[-12,7],[-31,-5],[-46,8],[-48,-1]],[[8945,4917],[-11,3],[-17,29],[-4,43],[65,13],[18,16],[33,-2],[7,23],[-64,1],[-69,-12],[-5,10]],[[8898,5041],[-10,48],[3,16]],[[7662,2377],[0,-51],[-174,-42],[-24,78],[-54,-14],[-13,23],[118,49],[14,14],[-23,48],[-53,100],[143,28],[126,21],[13,-152],[-29,-5],[0,-43],[-44,-15],[0,-39]],[[8974,4890],[-38,-12],[-53,49],[-44,89],[59,25]],[[7510,3143],[-213,-125]],[[7297,3018],[-5,12],[-84,92]],[[7515,3300],[31,-88],[-18,-15],[-17,-35],[-10,-11],[9,-8]],[[7510,3143],[5,-4],[59,4],[14,-7],[27,-70],[41,-98],[40,-98],[7,-43],[-135,-64],[-152,-67],[-12,-16]],[[7404,2680],[-244,33],[-15,43],[-28,46],[-12,31],[-2,42],[13,25],[49,30],[137,81],[-5,7]],[[7404,2680],[-99,-48],[-101,-45],[65,-126],[73,-134],[-124,-36],[-176,-48]]]}
